CLIENT_HANDSHAKE_TRAFFIC_SECRET 0ce1e65f1e968249677e7a25264a31264f6d1fd5b7a968773582f5b289832581 445bf16480ec7c0d485912163318bf1e50865654b04396e3311e082603880e3c
SERVER_HANDSHAKE_TRAFFIC_SECRET 0ce1e65f1e968249677e7a25264a31264f6d1fd5b7a968773582f5b289832581 802466fa18a21ebe5ad0d2ab87a2745e02c8d8ecb4d37e71dbb3f38e293304a8
CLIENT_TRAFFIC_SECRET_0 0ce1e65f1e968249677e7a25264a31264f6d1fd5b7a968773582f5b289832581 9766a20559a11369690bfddd7ccddae44500129beeaab5e434749662a133e922
SERVER_TRAFFIC_SECRET_0 0ce1e65f1e968249677e7a25264a31264f6d1fd5b7a968773582f5b289832581 e5d89adbd73d5f0a5fdd97c6b4d5227fbe17d97ebcfd0e405eef72ba31cc0e08
CLIENT_HANDSHAKE_TRAFFIC_SECRET 0bed3dc63c4a121739043418aa6852a6a5a659d4d707857f46496f107578a8d4 742f38016466ec9c36cce349b5a9e0850b3b477ad9aa11af666cd04345b031a2
SERVER_HANDSHAKE_TRAFFIC_SECRET 0bed3dc63c4a121739043418aa6852a6a5a659d4d707857f46496f107578a8d4 e5c1165d288ea735b438e17e3541a50335b5b4d6ebae7a92e8b5b40232939308
CLIENT_TRAFFIC_SECRET_0 0bed3dc63c4a121739043418aa6852a6a5a659d4d707857f46496f107578a8d4 164ebad6b0dfc0fe932b78bb527b36bc032831212ccd7103d41e82c51f42ed66
SERVER_TRAFFIC_SECRET_0 0bed3dc63c4a121739043418aa6852a6a5a659d4d707857f46496f107578a8d4 b648496bf59d261a05ff412a8f780b982d762005f7ba3bd3cac39e428125669c
CLIENT_HANDSHAKE_TRAFFIC_SECRET b3df06430a6b98b16006c9f7b85d948f439017fa167d026848f9e4dfb8536ff5 75d175965cc2a420f289f0a11f84a334c664197df251f8dd7cc8e07a7a13a015
SERVER_HANDSHAKE_TRAFFIC_SECRET b3df06430a6b98b16006c9f7b85d948f439017fa167d026848f9e4dfb8536ff5 0caa756f54d1e204861df4b04ea6352defe2ed5de9a8281b031881d48dc7a180
CLIENT_TRAFFIC_SECRET_0 b3df06430a6b98b16006c9f7b85d948f439017fa167d026848f9e4dfb8536ff5 40c7e1ebc17faf0a1d3f76846d45c0f84d3f02b73e451a0d476bbb46de716647
SERVER_TRAFFIC_SECRET_0 b3df06430a6b98b16006c9f7b85d948f439017fa167d026848f9e4dfb8536ff5 eee2c9cf1e4d6fdf144155c7e374b4245b1293d945cf2e98a36988dd36266a29
CLIENT_HANDSHAKE_TRAFFIC_SECRET ba2b9a1c275071014633335b0b4259e1e64fa6860abe21dab116bc9bf6d8b79b 5f1de71e972b6ceb3532e644e77a3d4b8ab347e321c6050cbaa526ce701ab8b1
SERVER_HANDSHAKE_TRAFFIC_SECRET ba2b9a1c275071014633335b0b4259e1e64fa6860abe21dab116bc9bf6d8b79b b0d2103680712e79e5546fd2079cfe04156c6e82373d242a340c204416bf5715
CLIENT_TRAFFIC_SECRET_0 ba2b9a1c275071014633335b0b4259e1e64fa6860abe21dab116bc9bf6d8b79b 1c0e83d32a691d1c6c6e90a6fb19d286dc9773fef85d29af706f7da22037af88
SERVER_TRAFFIC_SECRET_0 ba2b9a1c275071014633335b0b4259e1e64fa6860abe21dab116bc9bf6d8b79b e7e8ae9ccca8bf7ae45ad3303c0585555e155d6af7305a678fa13b221f4c7a9b
CLIENT_HANDSHAKE_TRAFFIC_SECRET 52605df00937910fe3810bb639637479bee85e9b2ab596f836c795dee5aaa6a0 bffaa72ef33854e67a72a3663e6102a17eec663c902e95bb0ff5ff26ff868795
SERVER_HANDSHAKE_TRAFFIC_SECRET 52605df00937910fe3810bb639637479bee85e9b2ab596f836c795dee5aaa6a0 7076df9750c257939e86548a053b33bef259c34734a19060a3c1d5f0ef1508dc
CLIENT_TRAFFIC_SECRET_0 52605df00937910fe3810bb639637479bee85e9b2ab596f836c795dee5aaa6a0 ae5b4796f241f27277d33a0a3c8a48edb4f67ac2a575b3558ccbbb6277f4e56a
SERVER_TRAFFIC_SECRET_0 52605df00937910fe3810bb639637479bee85e9b2ab596f836c795dee5aaa6a0 765470e9035df96bc0d80ac8d8894cf9dc0b7751b12f013d8fd1a6af847c52ef
CLIENT_HANDSHAKE_TRAFFIC_SECRET 4071a976981b9778560b6573fd37f00040941e6aa15812ed01502304e62e21b0 c58676932351a412c44ca62545c2986d582d9d95d8e6810b6b25a215711d4c9b
SERVER_HANDSHAKE_TRAFFIC_SECRET 4071a976981b9778560b6573fd37f00040941e6aa15812ed01502304e62e21b0 3b92c73cb082e27c9b2fdf29f9c4b14819d8dd5043e0986d51a421dbb87e295d
CLIENT_TRAFFIC_SECRET_0 4071a976981b9778560b6573fd37f00040941e6aa15812ed01502304e62e21b0 a8adc1ab7f3305e195ae8eec6d4e4f4b1f869c4f733bf111cdb65a87aa4ec928
SERVER_TRAFFIC_SECRET_0 4071a976981b9778560b6573fd37f00040941e6aa15812ed01502304e62e21b0 2e5f95683b5b55336c8220938a6afc8fcb521b788f506b7661d47c753c61bf3a
CLIENT_HANDSHAKE_TRAFFIC_SECRET 2ab9f843535f0949b7625c9ab74f082555188144ac921aeebbff0df9bb75a78c 296ce2764f3bc7f4b597a6f98cc29a1de9711eda46bf8dff699e875704a7e889
SERVER_HANDSHAKE_TRAFFIC_SECRET 2ab9f843535f0949b7625c9ab74f082555188144ac921aeebbff0df9bb75a78c fa6515f540018a137e9df02d11dc362444f61dc72a3ed1e16232d4f8b1522c1d
CLIENT_TRAFFIC_SECRET_0 2ab9f843535f0949b7625c9ab74f082555188144ac921aeebbff0df9bb75a78c 5973ef4ae085cb4f77a73f67f4bec4126654bb5cca8f21d9e9887f92b51ba882
SERVER_TRAFFIC_SECRET_0 2ab9f843535f0949b7625c9ab74f082555188144ac921aeebbff0df9bb75a78c 5d3e094d198b87791a7c405e40d618b67bf0ed1d6fbace76943c4e50d36b6c14
CLIENT_HANDSHAKE_TRAFFIC_SECRET a4d5ef83f113467c25879165355c85a71632ab33bef73235a99e22caa3848b98 0b6ed7707cdc7f2d7fc95c2b71335499caf8b75925a5f28269901e068a932fd0
SERVER_HANDSHAKE_TRAFFIC_SECRET a4d5ef83f113467c25879165355c85a71632ab33bef73235a99e22caa3848b98 b22c9c9cdb8fd709468e08d2af0afcf0f85a50e33b0ea493ab7772ceb2badc54
CLIENT_TRAFFIC_SECRET_0 a4d5ef83f113467c25879165355c85a71632ab33bef73235a99e22caa3848b98 77c0174d2d0731dd9dc7fbd3548ae48ecb1ecab8c1f2ed3fc9946dc770e53176
SERVER_TRAFFIC_SECRET_0 a4d5ef83f113467c25879165355c85a71632ab33bef73235a99e22caa3848b98 682d85872fe1acb610fab6409748c32f5bd67bd1a15e70509035daf0e5cbb568
CLIENT_HANDSHAKE_TRAFFIC_SECRET 9bbe6980264b864ebe120386511a083d6a93fd47e642489b5e8d7424e413eb25 5dceb75593555d098564d06c3b55883dd9f85c98fcd398ab8061155acff3bc85
SERVER_HANDSHAKE_TRAFFIC_SECRET 9bbe6980264b864ebe120386511a083d6a93fd47e642489b5e8d7424e413eb25 4bb2c39adbda884e30c68512ad64e74958d19ab841662dbdf95648f6c528c2ac
CLIENT_TRAFFIC_SECRET_0 9bbe6980264b864ebe120386511a083d6a93fd47e642489b5e8d7424e413eb25 dd8afbc53e176a1e8090d8fa451381fff75bafb6d6e670116a74366c2af10651
SERVER_TRAFFIC_SECRET_0 9bbe6980264b864ebe120386511a083d6a93fd47e642489b5e8d7424e413eb25 4f9c23c2b9e8329501178a66942fa15e1c63f021676706350d2939b4b5728a08
CLIENT_HANDSHAKE_TRAFFIC_SECRET a7a42fb8db78f6a04f01b6806aeb623bfd01f2838d1d19b670328e16c1efba4a f3df259543f7c9e4ebe85d71376f1cdd7282557bed732d6d79b0592278e9ca2b
SERVER_HANDSHAKE_TRAFFIC_SECRET a7a42fb8db78f6a04f01b6806aeb623bfd01f2838d1d19b670328e16c1efba4a 6bcef5a68433c8c5ddcabd7786558391414f729e17568415a0efb646269ac943
CLIENT_TRAFFIC_SECRET_0 a7a42fb8db78f6a04f01b6806aeb623bfd01f2838d1d19b670328e16c1efba4a f51b772dc95a06eb8c1ff06c82004f98d1b8e8f49b8a954ead56533415af7120
SERVER_TRAFFIC_SECRET_0 a7a42fb8db78f6a04f01b6806aeb623bfd01f2838d1d19b670328e16c1efba4a 5c01f9d13c7b7518f8b90fc4adb3ab38bcb5a5cd79f2445edf1785304ab3e869
CLIENT_HANDSHAKE_TRAFFIC_SECRET c919047a3a19df96b676a65c980d02239631b78fa7aa66400493ca6a511c3ddd 52d2d1e6d7fd824125ba001ca845511f16ff1b464bae52174939f99a096fb315
SERVER_HANDSHAKE_TRAFFIC_SECRET c919047a3a19df96b676a65c980d02239631b78fa7aa66400493ca6a511c3ddd 95538ccdd4a449055a9939c088b567856079c9d9eca79461d865640eafe40b22
CLIENT_TRAFFIC_SECRET_0 c919047a3a19df96b676a65c980d02239631b78fa7aa66400493ca6a511c3ddd a79e33f5863e8a2cbffe2f970afd5b0fc1b0a78ef919086ce35e81197a58aeb5
SERVER_TRAFFIC_SECRET_0 c919047a3a19df96b676a65c980d02239631b78fa7aa66400493ca6a511c3ddd 04e0576738903103771ab9ad1ff9c8434c42d7b03b915ccb44f827d75a2a8449
CLIENT_HANDSHAKE_TRAFFIC_SECRET ad6f35bb9f97da1da6400623f27ae1942fdefe06b8ade2c280962fd735c6baac 7a633976fe8a19b84be9e6b2e330e388deee6f3a890c073634636821183d4d30
SERVER_HANDSHAKE_TRAFFIC_SECRET ad6f35bb9f97da1da6400623f27ae1942fdefe06b8ade2c280962fd735c6baac 4c7ba9a7ca1485045628c54208c4b637b7c8f4991f92edbd84677f6d53d3f7ad
CLIENT_TRAFFIC_SECRET_0 ad6f35bb9f97da1da6400623f27ae1942fdefe06b8ade2c280962fd735c6baac 3466495f9b27ec7f8b399878cf141157f0730a4255cda1527ef299dba688045b
SERVER_TRAFFIC_SECRET_0 ad6f35bb9f97da1da6400623f27ae1942fdefe06b8ade2c280962fd735c6baac e4b3ba47a93ecacca1854d897ef0cbd5d94a5818967597b72c1431fab335fe79
CLIENT_HANDSHAKE_TRAFFIC_SECRET 66d2d7a7d4d3640be9a364083be081137d4afb6c553b4fd10fa1e6a6a4dda048 82992fc98637f34988aff8dc94f36cf2129ffe5acdbce75de05c8fdaace0b15a
SERVER_HANDSHAKE_TRAFFIC_SECRET 66d2d7a7d4d3640be9a364083be081137d4afb6c553b4fd10fa1e6a6a4dda048 16d79207595d4354bfb300ce6ec60fb47154c71f3e573fce933be22f02dc7a0e
CLIENT_TRAFFIC_SECRET_0 66d2d7a7d4d3640be9a364083be081137d4afb6c553b4fd10fa1e6a6a4dda048 f8f5e97d5c1297a0dfd51cb640c9ad767a6009295ec43aacb73925693ae14fc4
SERVER_TRAFFIC_SECRET_0 66d2d7a7d4d3640be9a364083be081137d4afb6c553b4fd10fa1e6a6a4dda048 4e78068022e81eb48bbbb1c13b9c5697f3b0cffeac5b5de749cb0ea07c2da40e
CLIENT_HANDSHAKE_TRAFFIC_SECRET 8b94c2efc0e18229377ac40900787ab400f144fb186b961a10a098d84b642780 5c49e9c8b90217914681ab61585905f306727835ad7cbc10d52e1a165cce30ef
SERVER_HANDSHAKE_TRAFFIC_SECRET 8b94c2efc0e18229377ac40900787ab400f144fb186b961a10a098d84b642780 fd9c48e36234747dd58f9c6572264c14ed2210b1e2a0348a7715ad38e050e40b
CLIENT_TRAFFIC_SECRET_0 8b94c2efc0e18229377ac40900787ab400f144fb186b961a10a098d84b642780 254c7bcacd3b16bd2aa5d89361301104bf2c0305f6dbf1eda55dcf08beefeb18
SERVER_TRAFFIC_SECRET_0 8b94c2efc0e18229377ac40900787ab400f144fb186b961a10a098d84b642780 01ab3198dc4fd824a4486f794baf378c6b633f2ae6a68a1b87efcb5a6b0b40e3
CLIENT_HANDSHAKE_TRAFFIC_SECRET a08ffc80b565d5af94e40ae3f62752895ad895c26c4141d46b42c12f93110928 52a99d4957a58912c605718411b7284c99ac9594bbc5099463788171e82881e4
SERVER_HANDSHAKE_TRAFFIC_SECRET a08ffc80b565d5af94e40ae3f62752895ad895c26c4141d46b42c12f93110928 1cc5555051117bffcdf87feadf21fde1daef77b62226139f53b511ec7cb81823
CLIENT_TRAFFIC_SECRET_0 a08ffc80b565d5af94e40ae3f62752895ad895c26c4141d46b42c12f93110928 524a7a6dcf2e6406fb1c5ba7ef60da25aa566476d580a68581ae19aaa82808bd
SERVER_TRAFFIC_SECRET_0 a08ffc80b565d5af94e40ae3f62752895ad895c26c4141d46b42c12f93110928 84115d946f07814060009dc132c6c46b78c2635eb765fc69333a889927557107
CLIENT_HANDSHAKE_TRAFFIC_SECRET 00f2483b63b5bde20c4e4767bfb0fa206e31e3262e384b1d70f5eea0a7c8910f 8f7872533255449b769a45a2799b4ba5aa53b6b012004a7a02024b75a2f81789
SERVER_HANDSHAKE_TRAFFIC_SECRET 00f2483b63b5bde20c4e4767bfb0fa206e31e3262e384b1d70f5eea0a7c8910f ec465c929ca991627565f5c1bc8d95fe921478344d4d00b2d2d617affbcf3dc0
CLIENT_TRAFFIC_SECRET_0 00f2483b63b5bde20c4e4767bfb0fa206e31e3262e384b1d70f5eea0a7c8910f d4eef24df84099fcc3ab8b000f66ddb227942e586a3f709aff5f21e166d74e9e
SERVER_TRAFFIC_SECRET_0 00f2483b63b5bde20c4e4767bfb0fa206e31e3262e384b1d70f5eea0a7c8910f 2dc71ea42e1ea2e4f10c69568f36981cb8d3533b59f755111c081030df96ee48
CLIENT_HANDSHAKE_TRAFFIC_SECRET ba2b3dc4a57059fb11d66fecb996a1459d8a33cff54ecfb10dbf86717d858f3b 6c176e50c9861aacd9f9e0663eee28518a7bf2b5d532655cdda91255113196f0
SERVER_HANDSHAKE_TRAFFIC_SECRET ba2b3dc4a57059fb11d66fecb996a1459d8a33cff54ecfb10dbf86717d858f3b f375234df5f07b4927e327efd2f21629eaf85acbccfee72724f59ede4fcbc653
CLIENT_TRAFFIC_SECRET_0 ba2b3dc4a57059fb11d66fecb996a1459d8a33cff54ecfb10dbf86717d858f3b 07db8e8ba7fd024c40f0678018aaec17447ae9e8cea6925bf6ca0341ea0da198
SERVER_TRAFFIC_SECRET_0 ba2b3dc4a57059fb11d66fecb996a1459d8a33cff54ecfb10dbf86717d858f3b 09c22605d2a1592d81a44365ea38bd9dc21bb80b0527dd3d839ec5f4649aee9d
CLIENT_HANDSHAKE_TRAFFIC_SECRET 73a242119217833a9acac2e40943c18901fcfee4647a81801ef7068a5912aa5b 85203cbc83f13efafe69e5c64ffabdac5ebbb57b3454e6af5f7c42554967e3fc
SERVER_HANDSHAKE_TRAFFIC_SECRET 73a242119217833a9acac2e40943c18901fcfee4647a81801ef7068a5912aa5b 041b9178e99b5a1df0d445bbefdb2b87e44ea4f0120465cf15a4e47561c65b51
CLIENT_TRAFFIC_SECRET_0 73a242119217833a9acac2e40943c18901fcfee4647a81801ef7068a5912aa5b 51f4ef07ad1aaea4c3ab358704d3985a7e1e716d1b6f4b72b19541c834e60e56
SERVER_TRAFFIC_SECRET_0 73a242119217833a9acac2e40943c18901fcfee4647a81801ef7068a5912aa5b ed2abc01094c7c93adff733fec287e876494ec9c5b5fce5d58633dd506256eb2
CLIENT_HANDSHAKE_TRAFFIC_SECRET 8e01c577ed22fa99dd20f1763c363ae422631592f79fed6ad29317e884c9e02c 16daa7ce7c225f8c679cee6f446e764ed9982fe58ee1f1042c6a6a44fcb0c1e0
SERVER_HANDSHAKE_TRAFFIC_SECRET 8e01c577ed22fa99dd20f1763c363ae422631592f79fed6ad29317e884c9e02c 13e2f63a6df9715fdff80c9ef5dbd964c9a8974990a31768085f71dd48981860
CLIENT_TRAFFIC_SECRET_0 8e01c577ed22fa99dd20f1763c363ae422631592f79fed6ad29317e884c9e02c 3fd63236320c031acf430ace99b77ce4f4f19cd1cda049f9850363d466c9b632
SERVER_TRAFFIC_SECRET_0 8e01c577ed22fa99dd20f1763c363ae422631592f79fed6ad29317e884c9e02c 0ca36b3cbb5df241244ccbf8e62a986a9c09492b959394544fd47d5c2ce0062b
CLIENT_HANDSHAKE_TRAFFIC_SECRET 4dc823a5a02f56a173a142484026484f1a13505fdbb1c0933ca7801a9e0b8c2c 281eb340b09d11c7765cb78657835f01271583afa7f3d3997550ef9e975273ea
SERVER_HANDSHAKE_TRAFFIC_SECRET 4dc823a5a02f56a173a142484026484f1a13505fdbb1c0933ca7801a9e0b8c2c af6038be1ca0b87405030234c7f0917dce3319ba41993dd8c82cf229b6208a86
CLIENT_TRAFFIC_SECRET_0 4dc823a5a02f56a173a142484026484f1a13505fdbb1c0933ca7801a9e0b8c2c 403e630fad07ed68f6a3f372a70ffcd864869077ab5b176e8778e2c3c8bcc620
SERVER_TRAFFIC_SECRET_0 4dc823a5a02f56a173a142484026484f1a13505fdbb1c0933ca7801a9e0b8c2c 5b26f56d1d5cc620e45ba455637cfc0b879d86184ed023c2f4dd28b293d8e3ef
CLIENT_HANDSHAKE_TRAFFIC_SECRET e074c46094cd56ef6e857bf28512ed71ab349c9afebc9992d0da2828f2e19acf c0d1e1721d60ebdee369d8dfb341e1c3332269b5b793f3d9badf6485c313cb64
SERVER_HANDSHAKE_TRAFFIC_SECRET e074c46094cd56ef6e857bf28512ed71ab349c9afebc9992d0da2828f2e19acf 5b3e207b7926dd9c01aff0a540cdfc483594c9e82cd33926a6ad1e2f3d662273
CLIENT_TRAFFIC_SECRET_0 e074c46094cd56ef6e857bf28512ed71ab349c9afebc9992d0da2828f2e19acf b30be1a78794a47d9ac7a9f6ebd946fff90a335cc8c0f29a29f4d5c805335b16
SERVER_TRAFFIC_SECRET_0 e074c46094cd56ef6e857bf28512ed71ab349c9afebc9992d0da2828f2e19acf ac7f62b64402df5c693fe602108707edee5f6c7efc06dee17323ff86d9c3d6a0
CLIENT_HANDSHAKE_TRAFFIC_SECRET 5d44aba596ff5a7c9da4c74cd53b4915df244308fee0453249eb8e1cfc1c8f69 fa4b2a2b5fe667871802023ae59891436f528cb25eeb426a3d4bce732fb71c62
SERVER_HANDSHAKE_TRAFFIC_SECRET 5d44aba596ff5a7c9da4c74cd53b4915df244308fee0453249eb8e1cfc1c8f69 6d1a6dfc26c7f10d884d64507d3715b556a68392f45ab2188906d1e39836c8dc
CLIENT_TRAFFIC_SECRET_0 5d44aba596ff5a7c9da4c74cd53b4915df244308fee0453249eb8e1cfc1c8f69 e05801f4997e67cd68d4ebfee2679259e6cd4c03bbcaa212b58cb7fc907822cc
SERVER_TRAFFIC_SECRET_0 5d44aba596ff5a7c9da4c74cd53b4915df244308fee0453249eb8e1cfc1c8f69 8ea5f7b584543bf059ec1f00f4e8642e84f8b7e41f098793d0169dcd19515e31
CLIENT_HANDSHAKE_TRAFFIC_SECRET ec663b6ba251abd575df0c7d31fdb3ab5231974f72869980771e7937e9018730 c78d5ff0773bd3add7ad405843c63c9e3019cae4741833e186c2e18f88f175ab
SERVER_HANDSHAKE_TRAFFIC_SECRET ec663b6ba251abd575df0c7d31fdb3ab5231974f72869980771e7937e9018730 8a4e428ce6b041d84c3248500e7e502e33bc229e57fd79fdb769657c9b54f25e
CLIENT_TRAFFIC_SECRET_0 ec663b6ba251abd575df0c7d31fdb3ab5231974f72869980771e7937e9018730 31bf3879c34d8a05e2ac3a1712d612ecfc5f49db4db105d4bd17365959e5491c
SERVER_TRAFFIC_SECRET_0 ec663b6ba251abd575df0c7d31fdb3ab5231974f72869980771e7937e9018730 aa66ab22c1e8574f5df79bee3bc2bf2b021939d394ab1142463aa2ac0f566f00
CLIENT_HANDSHAKE_TRAFFIC_SECRET e82ecead85b25b9f6153d8f97ba74aeae2f1d4a983999a402a499d964ed7c5a6 3b268c9341c48184052672f774d042998d8f2f3a6d9ab7f605b517eb7ba9bea4
SERVER_HANDSHAKE_TRAFFIC_SECRET e82ecead85b25b9f6153d8f97ba74aeae2f1d4a983999a402a499d964ed7c5a6 225f6caa3b19ab9646bb7ba8aed023023057d0af1be5f78f055185bd358e9c5b
CLIENT_TRAFFIC_SECRET_0 e82ecead85b25b9f6153d8f97ba74aeae2f1d4a983999a402a499d964ed7c5a6 bd607de0f03e2829e28ef731497353e432bd866aae180a54dfccc31383c66499
SERVER_TRAFFIC_SECRET_0 e82ecead85b25b9f6153d8f97ba74aeae2f1d4a983999a402a499d964ed7c5a6 4dbb34061838e68a6d47916577d45528145dab5af26999e0a76c2d62056877a5
CLIENT_HANDSHAKE_TRAFFIC_SECRET 92673bf54be10d04ee3532e3d31b448a8db8393a0f7e0f53289a9365ef252e56 28e9f7e4a9564579448db0965e03ca0ef1d85e6ca0e5dc5d8e2a6139c1446e25
SERVER_HANDSHAKE_TRAFFIC_SECRET 92673bf54be10d04ee3532e3d31b448a8db8393a0f7e0f53289a9365ef252e56 518614bc9b1a7775a258d04f44f3b685984dbe9674e5db62b4637ca8047fc786
CLIENT_TRAFFIC_SECRET_0 92673bf54be10d04ee3532e3d31b448a8db8393a0f7e0f53289a9365ef252e56 fcd4dd222cba59917a03928e6b6102240e073356731848e7e0d37454c8ddbe6a
SERVER_TRAFFIC_SECRET_0 92673bf54be10d04ee3532e3d31b448a8db8393a0f7e0f53289a9365ef252e56 82b79a7791afe4825cc0d99ee5127ac3e643f64274e0215f62e389478d352ac8
CLIENT_HANDSHAKE_TRAFFIC_SECRET b11a07e989debeb711fc020f1dc8545498e78a1f19359fe294f500891b5d7415 f45a21568611f5760f75e1ea473aaab695ab2a72c870e9f696b93946c5e8d9eb
SERVER_HANDSHAKE_TRAFFIC_SECRET b11a07e989debeb711fc020f1dc8545498e78a1f19359fe294f500891b5d7415 f39c3bb1fe40cea35b5d285f497a93159d491e0e58003b327adbf9991756b9b5
CLIENT_TRAFFIC_SECRET_0 b11a07e989debeb711fc020f1dc8545498e78a1f19359fe294f500891b5d7415 04dd075bc48eb7e5ec5fd90a37f427aa73dfc303b5c1adbf8489c5ee600bb96f
SERVER_TRAFFIC_SECRET_0 b11a07e989debeb711fc020f1dc8545498e78a1f19359fe294f500891b5d7415 7a584f513ba08226f2a008c000025effaa3957946eace0bf6eb0474a8c13dbd8
CLIENT_HANDSHAKE_TRAFFIC_SECRET 52c16921a96f903f19f20b71cab252eb23e53c62949211e73f236b5de2910af3 ef40f8ce5efad30828752bdc504e0fb1d86c4596be11ee904aa041e9dd0566f3
SERVER_HANDSHAKE_TRAFFIC_SECRET 52c16921a96f903f19f20b71cab252eb23e53c62949211e73f236b5de2910af3 31291c1b876f66f72e1733fe51ed6f030fbeec944402aaa48e2b915d048f7b41
CLIENT_TRAFFIC_SECRET_0 52c16921a96f903f19f20b71cab252eb23e53c62949211e73f236b5de2910af3 a2cc9db0b44399d59661a0aadbc87e181f7b0175065a11ba953e7076d26ae34d
SERVER_TRAFFIC_SECRET_0 52c16921a96f903f19f20b71cab252eb23e53c62949211e73f236b5de2910af3 5850caac78a0d1f7ae4209c28b24f85aeeab7a9b5f16b2497c3a661e522b9e9f
CLIENT_HANDSHAKE_TRAFFIC_SECRET 27ad201a9aa3d0a5aa00b66f3d93d9e443340e2046a8bd9a1aed7719d7ef09f7 73eee2438daec6cb3d7476a4648e574778d2250a92108f926a8cb6e34e851e0e
SERVER_HANDSHAKE_TRAFFIC_SECRET 27ad201a9aa3d0a5aa00b66f3d93d9e443340e2046a8bd9a1aed7719d7ef09f7 2855461ac8561e0346421e6ec770af02255147c0ddeea55f499e82b6ecf64ba5
CLIENT_TRAFFIC_SECRET_0 27ad201a9aa3d0a5aa00b66f3d93d9e443340e2046a8bd9a1aed7719d7ef09f7 38cd03e4484bb0052b3005fdc1237e7f367ae240cd0448bd2aaa186b3f2a9714
SERVER_TRAFFIC_SECRET_0 27ad201a9aa3d0a5aa00b66f3d93d9e443340e2046a8bd9a1aed7719d7ef09f7 9b70ba0c509660201b7fbf50f638326a930f79c53c628e99477827f8565c5d8a
CLIENT_HANDSHAKE_TRAFFIC_SECRET 14590d3b7b8ccf5d4afe36f88c47916c678a1b9bbccf2a54b0fdb313acca7d4f 04774eb0e8cf3db2c1175f9161c1d3ad603972013db9586853df784ff43eb28b
SERVER_HANDSHAKE_TRAFFIC_SECRET 14590d3b7b8ccf5d4afe36f88c47916c678a1b9bbccf2a54b0fdb313acca7d4f 1d3b5475068bc40a5772362a813bc6ac0d37a1085571f153cfdef82c7b184ec3
CLIENT_TRAFFIC_SECRET_0 14590d3b7b8ccf5d4afe36f88c47916c678a1b9bbccf2a54b0fdb313acca7d4f 7ca1e808df98b054a252b6f70e5c742ed6e93da78e2ec498d8d8a90f1fbf0825
SERVER_TRAFFIC_SECRET_0 14590d3b7b8ccf5d4afe36f88c47916c678a1b9bbccf2a54b0fdb313acca7d4f ed2cf658479cb8605dc0ee02910622b030f52707c7adbf53a605e9f50f7fd0b1
CLIENT_HANDSHAKE_TRAFFIC_SECRET 2469f95e7a78228f222c8c512d4365b990f169f1a8479144353f9d1ee81960cc 646efd81fe885206b62c9f95ba0d4dfbcb4c4c04820f410519f8bb0e82749289
SERVER_HANDSHAKE_TRAFFIC_SECRET 2469f95e7a78228f222c8c512d4365b990f169f1a8479144353f9d1ee81960cc 4bb3d79c5a84931e03a3625951009b75488f143436dc31e52bf30cca96f882d4
CLIENT_TRAFFIC_SECRET_0 2469f95e7a78228f222c8c512d4365b990f169f1a8479144353f9d1ee81960cc d337d4bb50ecda08a3479677bc73cfe903418287feeb7ac4b2c208861b0e0100
SERVER_TRAFFIC_SECRET_0 2469f95e7a78228f222c8c512d4365b990f169f1a8479144353f9d1ee81960cc 21d34ef8a8e1e28957edc1de3a2cf3ba022089ba6473aa1e14993650e3a83c1e
CLIENT_HANDSHAKE_TRAFFIC_SECRET 9683fec02f24154df86706f9f7e191b100d3f09c57ccc913911c80a719124f3e e057bf0a1f67aa0be9216cec2ee2d813381314ca61d9ce70eb0cffb9c18f1381
SERVER_HANDSHAKE_TRAFFIC_SECRET 9683fec02f24154df86706f9f7e191b100d3f09c57ccc913911c80a719124f3e 9be936c88fc17d17c67c6259c84f88893454b76f5a5e0c3b32a994ef23f0dd24
CLIENT_TRAFFIC_SECRET_0 9683fec02f24154df86706f9f7e191b100d3f09c57ccc913911c80a719124f3e 45c4ddc1d83f38f711fe62f0db50788823a166b7247dc8083fd3f7f6edd74e11
SERVER_TRAFFIC_SECRET_0 9683fec02f24154df86706f9f7e191b100d3f09c57ccc913911c80a719124f3e 9d6ce9f74101759836b489ebc5a69f182337ebe4c477b6549a1415ab72067cfe
CLIENT_HANDSHAKE_TRAFFIC_SECRET f065ad31a955925bb8e726e3e0cc6d8ffa51f0c2e12e5f7f9b4ede82d2849055 1909276a3c4eba9f84d0e2a18e5e9d01f5a230efe058a81e185b18dc3f0b0329
SERVER_HANDSHAKE_TRAFFIC_SECRET f065ad31a955925bb8e726e3e0cc6d8ffa51f0c2e12e5f7f9b4ede82d2849055 081e7fe8fa746b41bfe56e034bf2196b297f15e7399ed54d945e96c2f859095b
CLIENT_TRAFFIC_SECRET_0 f065ad31a955925bb8e726e3e0cc6d8ffa51f0c2e12e5f7f9b4ede82d2849055 eb84051108c9848251c3bb336a44ef70959499174899e4019f0b13b4121042c6
SERVER_TRAFFIC_SECRET_0 f065ad31a955925bb8e726e3e0cc6d8ffa51f0c2e12e5f7f9b4ede82d2849055 23979cdc724557c8377f1a3ac8394b05f8876a8b932aea61c2a1e367a1b8472e
CLIENT_HANDSHAKE_TRAFFIC_SECRET f2d51b27dd545598faab833c6e1a85e05b5e656ef2c7d2e892d02fb959301167 084d44af0388c4f21e42c05542cf596c3b9c5688695f8bc15d0c70674ffee84d
SERVER_HANDSHAKE_TRAFFIC_SECRET f2d51b27dd545598faab833c6e1a85e05b5e656ef2c7d2e892d02fb959301167 807908c936626efb30eec831cce0f88a68b8bdadbafc94c0ffba0d57cd802f94
CLIENT_TRAFFIC_SECRET_0 f2d51b27dd545598faab833c6e1a85e05b5e656ef2c7d2e892d02fb959301167 cd5fe2aed08c912c21ffcb752425ef43c2cd1c7b5c13c364efdbc867b086502c
SERVER_TRAFFIC_SECRET_0 f2d51b27dd545598faab833c6e1a85e05b5e656ef2c7d2e892d02fb959301167 b53cfb2af57c24313775ac18ce082f179e3159c0e4b4c49d962298251db7faf5
CLIENT_HANDSHAKE_TRAFFIC_SECRET f031d3d8f66fbb2ca6d3669818a535defd3502b657b4e42b62dc2b6a56d1c605 6f118fc93a7231ff0a2636ca69b6136b5a2413e708ba68995fc9691d9e7e8c25
SERVER_HANDSHAKE_TRAFFIC_SECRET f031d3d8f66fbb2ca6d3669818a535defd3502b657b4e42b62dc2b6a56d1c605 4de041f9c7905e14f42786cd258e15982bf3377a7bda46866867de1ae5fdd865
CLIENT_TRAFFIC_SECRET_0 f031d3d8f66fbb2ca6d3669818a535defd3502b657b4e42b62dc2b6a56d1c605 eb1fcd2fa464af3053fa66abb172f0baf7c0d422cffbee86c8439cbdbab3021d
SERVER_TRAFFIC_SECRET_0 f031d3d8f66fbb2ca6d3669818a535defd3502b657b4e42b62dc2b6a56d1c605 cd454fecd6b4faed99aa08c19304bf63f98a389fc6aa2167e34ae8db008f9d9b
CLIENT_HANDSHAKE_TRAFFIC_SECRET 381be2453859d7b961f453c62a8cc0489137ed145f494450c0952f34fb9e21f2 46db2171a18814253e12b844080d048cf310a05ddd4866260f470a1b137a913d
SERVER_HANDSHAKE_TRAFFIC_SECRET 381be2453859d7b961f453c62a8cc0489137ed145f494450c0952f34fb9e21f2 d4c314c345a3343d250aaeb6105132ecb75e8933994756ae9af5d563c5b547c8
CLIENT_TRAFFIC_SECRET_0 381be2453859d7b961f453c62a8cc0489137ed145f494450c0952f34fb9e21f2 a1c0d4b79d3b22b0c01c806dc7c3f54779ee07a373a6dea258d60f639f5097fc
SERVER_TRAFFIC_SECRET_0 381be2453859d7b961f453c62a8cc0489137ed145f494450c0952f34fb9e21f2 ea2d71ae3670a61d6a6e97b6204f09655b01208b7b8653096f097014fc99c175
CLIENT_HANDSHAKE_TRAFFIC_SECRET 511562dad62982031c43d59f72b5f01efe404abcac7370d9ca3658de612fa5a0 afd2bcaef52f0e73825d1836f0db149c3e58f5cfb7a893c8ce9c9c579fac2703
SERVER_HANDSHAKE_TRAFFIC_SECRET 511562dad62982031c43d59f72b5f01efe404abcac7370d9ca3658de612fa5a0 a53bfdd7addfa8c8911ff8b2d4df3109396c01d6f9b49bcda156c4d9b6614f3f
CLIENT_TRAFFIC_SECRET_0 511562dad62982031c43d59f72b5f01efe404abcac7370d9ca3658de612fa5a0 4638e5358e3445770064cc9b282ba181b212abaa152a0a6d8d688cf4e4bf77ea
SERVER_TRAFFIC_SECRET_0 511562dad62982031c43d59f72b5f01efe404abcac7370d9ca3658de612fa5a0 1417564eb7881365e8140b720b3ef90fb246e95bcf9529543f7872cda00b3757
CLIENT_HANDSHAKE_TRAFFIC_SECRET b15cc3849f717dc47605c5da62363feb81117236dbeacecedd2848498e51a538 4bbe72601063aeb0ddf3251eb28e13fb88a176cea7af3028a152a5fc46ab929e
SERVER_HANDSHAKE_TRAFFIC_SECRET b15cc3849f717dc47605c5da62363feb81117236dbeacecedd2848498e51a538 ca9e3579a9a46ca026c709bb91a0813df4b5d5af13a7806f8726887b69662674
CLIENT_TRAFFIC_SECRET_0 b15cc3849f717dc47605c5da62363feb81117236dbeacecedd2848498e51a538 39715b32400a3407f970c409c9186431de8dbc658f8e217bb3c13350dff08913
SERVER_TRAFFIC_SECRET_0 b15cc3849f717dc47605c5da62363feb81117236dbeacecedd2848498e51a538 6b8107c2a1af009038bfa2dc92ebb1949879ea9746efa31f1a289e777a40498e
CLIENT_HANDSHAKE_TRAFFIC_SECRET 900db09bf91842b2496f0dbce390027af5812e5e46cc8c52dd3ff19fbbc2436a 764015730cc0f2638d342a3a59d61b34c8f0e010ed02850021696f24d42c4bb5
SERVER_HANDSHAKE_TRAFFIC_SECRET 900db09bf91842b2496f0dbce390027af5812e5e46cc8c52dd3ff19fbbc2436a b7ad65ab0d1735b21d520df381a4548aa57ab2bebdf29e6e3c9c9481fd825792
CLIENT_TRAFFIC_SECRET_0 900db09bf91842b2496f0dbce390027af5812e5e46cc8c52dd3ff19fbbc2436a a3eae931f96f59221eb8fd75a40f71fbfad1044431d2aab2dc7a025938636fee
SERVER_TRAFFIC_SECRET_0 900db09bf91842b2496f0dbce390027af5812e5e46cc8c52dd3ff19fbbc2436a 43185605ea63ff15b49cec66f75a6f1beea2648ce8b3627df504160e930c98bc
CLIENT_HANDSHAKE_TRAFFIC_SECRET 67fc5bd7db8e9ae5f170ee7259d83a42f4f1eb390fc40875722914961821e021 4840e8380cc8fb58447aa943897fdcde600e34dd3a51a18cef7ea9f88e05ed16
SERVER_HANDSHAKE_TRAFFIC_SECRET 67fc5bd7db8e9ae5f170ee7259d83a42f4f1eb390fc40875722914961821e021 13422473fb519f1f6c9345fbdd6547da0dd1951b7a8c365ea4911da9c47c198c
CLIENT_TRAFFIC_SECRET_0 67fc5bd7db8e9ae5f170ee7259d83a42f4f1eb390fc40875722914961821e021 5a07e67b6f237e42dd2c29d780ddf42abcb6d0d0d4f9fdfd35445d8799f3cbfb
SERVER_TRAFFIC_SECRET_0 67fc5bd7db8e9ae5f170ee7259d83a42f4f1eb390fc40875722914961821e021 cf3d03aaff893dab6731e27edccc6e9a40e5a93abcdce7a18bda86ba5351a880
CLIENT_HANDSHAKE_TRAFFIC_SECRET fbe3fbe1b9ee1888d2d37708936e6726feb3a415e03d97d7c1ec91298f3e38fc d0edc1a1381a9fe60dcf157cc5d8efff3c458a88b032409e4d04f321113ecb6b
SERVER_HANDSHAKE_TRAFFIC_SECRET fbe3fbe1b9ee1888d2d37708936e6726feb3a415e03d97d7c1ec91298f3e38fc 4b449bde66a9d35370e29faa3157ac7b35de972d932a4568789e24c4c55c6ecf
CLIENT_TRAFFIC_SECRET_0 fbe3fbe1b9ee1888d2d37708936e6726feb3a415e03d97d7c1ec91298f3e38fc 23eadb235c9abad3662c777b22ab63e8d64cf7206a2f57936e1a78baa90706c2
SERVER_TRAFFIC_SECRET_0 fbe3fbe1b9ee1888d2d37708936e6726feb3a415e03d97d7c1ec91298f3e38fc bd178a31e9fc4292c095c7f29e4e127f24e6adf9ebbaa021d60ccd86f495c750
CLIENT_HANDSHAKE_TRAFFIC_SECRET 52a6dd91342a08a458be553d781ff81ba604e587199b5afa2d1532ec56db3309 b0e555b1ec52e91354cf089c28adf6416a20dfad1c1d42d21262538d3f90919c
SERVER_HANDSHAKE_TRAFFIC_SECRET 52a6dd91342a08a458be553d781ff81ba604e587199b5afa2d1532ec56db3309 d4fb976228da3477809d6559e356068d2fbf206ff5e779a4d8685b0e46ebbe88
CLIENT_TRAFFIC_SECRET_0 52a6dd91342a08a458be553d781ff81ba604e587199b5afa2d1532ec56db3309 52d40a52320da0e2c5151d7f3d5c44063fe455996898f73ee281ae1a7ef43336
SERVER_TRAFFIC_SECRET_0 52a6dd91342a08a458be553d781ff81ba604e587199b5afa2d1532ec56db3309 16bc896b90e1ee4a31021e863401d55d83be6260c574468a34a7e91ef9c2011a
CLIENT_HANDSHAKE_TRAFFIC_SECRET a1fcaa9b0c5fe67eb2c4e3bd962d091df8bde65d382f59a25c29a0e70fcb8a3c d93edf4b58e5ea0ca6ae9fd8b278650f10fdcacebf9bb48c49c92267a7e48d9a
SERVER_HANDSHAKE_TRAFFIC_SECRET a1fcaa9b0c5fe67eb2c4e3bd962d091df8bde65d382f59a25c29a0e70fcb8a3c 9e97a60faf70289388f3d21d36bad18745340d22f5ea2e0bc48d853ab9d0f926
CLIENT_TRAFFIC_SECRET_0 a1fcaa9b0c5fe67eb2c4e3bd962d091df8bde65d382f59a25c29a0e70fcb8a3c e7d3882f7bf10f421684f6479df1877dacc8ac4b3d2b1164119cf45ba066c79d
SERVER_TRAFFIC_SECRET_0 a1fcaa9b0c5fe67eb2c4e3bd962d091df8bde65d382f59a25c29a0e70fcb8a3c d5287917bfbafaa143146ebde8873f8affcc2daeb60ab7f748cc1ded353d1121
CLIENT_HANDSHAKE_TRAFFIC_SECRET c2830721a0fb18c05e4834dd26bfda21819d3353584d39fd8c5f5ca58e682ecc 8bce563d814fa481f1c2fd296f0d727f1e566df0b605e75d3e6768574ac9ec90
SERVER_HANDSHAKE_TRAFFIC_SECRET c2830721a0fb18c05e4834dd26bfda21819d3353584d39fd8c5f5ca58e682ecc c7aa8f1408bd7fe5c6e83a52f700a7925d0a9ea390be0335a61377e6d1f452c9
CLIENT_TRAFFIC_SECRET_0 c2830721a0fb18c05e4834dd26bfda21819d3353584d39fd8c5f5ca58e682ecc 7cc511db604e085b53405658001f4cff0a534034b226dcd94c7ab68c2c0f617a
SERVER_TRAFFIC_SECRET_0 c2830721a0fb18c05e4834dd26bfda21819d3353584d39fd8c5f5ca58e682ecc 2eece51399dd61ed11f9d3d74c3f2a6e58bd923deedfd2697f07455d2cdbc0e3
CLIENT_HANDSHAKE_TRAFFIC_SECRET ee8c63f89c5880da13ccfcea2d835dc6784ba76d5671b3fde34614166c2ce06a 372359d60a3ab039c0d0856600bc209a5367f46a9b4e137a444f912baff87919
SERVER_HANDSHAKE_TRAFFIC_SECRET ee8c63f89c5880da13ccfcea2d835dc6784ba76d5671b3fde34614166c2ce06a 7e1e7b00b785b5d2cd26094fe61c411c691567ce58ae7e20092010473dbd6494
CLIENT_TRAFFIC_SECRET_0 ee8c63f89c5880da13ccfcea2d835dc6784ba76d5671b3fde34614166c2ce06a 10807d4fdb337caf73393f65ce9254accec49cb970ecb87f4a2af50a2c26c3f5
SERVER_TRAFFIC_SECRET_0 ee8c63f89c5880da13ccfcea2d835dc6784ba76d5671b3fde34614166c2ce06a 83803ecc12d6acd90769c26e9daae99110621a66f070c9adecca50c28ca00877
CLIENT_HANDSHAKE_TRAFFIC_SECRET 420edd9ae5636a9b2d2aeb2aa69d1f5a11bcd5257c2207ddd035e60e394feb03 8879cd1e9da0b1dc648c709dab43992aa92adfd9431dd437950c1805c561a655
SERVER_HANDSHAKE_TRAFFIC_SECRET 420edd9ae5636a9b2d2aeb2aa69d1f5a11bcd5257c2207ddd035e60e394feb03 14ac4a82766cfc3b616c885358c43eb43b6e437b6ad2e4bb61c23934ccc0d36b
CLIENT_TRAFFIC_SECRET_0 420edd9ae5636a9b2d2aeb2aa69d1f5a11bcd5257c2207ddd035e60e394feb03 eb0429b42e248e6014891709a15a39ebfed182222ee634ed7183d37220e5a6e0
SERVER_TRAFFIC_SECRET_0 420edd9ae5636a9b2d2aeb2aa69d1f5a11bcd5257c2207ddd035e60e394feb03 0cb8676a9ac129246647b6aac7c7d50da4225fcf6775752573485f861900d242
CLIENT_HANDSHAKE_TRAFFIC_SECRET e82548c650868fb6c3fd9a0368715157e3e7a9d0f005394e815cc376cc451dbd ec2a4a21dd6fc48b4382e5db6fe7b1ce5baa55fb8eb4f2ddc50d0d08817b9dc8
SERVER_HANDSHAKE_TRAFFIC_SECRET e82548c650868fb6c3fd9a0368715157e3e7a9d0f005394e815cc376cc451dbd 0eebaf68120f9f8e0309f49fdcf06f4028025df3294be6e31f6bc4d9a16e772e
CLIENT_TRAFFIC_SECRET_0 e82548c650868fb6c3fd9a0368715157e3e7a9d0f005394e815cc376cc451dbd a19a30295345ed95b462e7c9823a3aacd45658a5b5e5a56f2ec85ea3e04a9173
SERVER_TRAFFIC_SECRET_0 e82548c650868fb6c3fd9a0368715157e3e7a9d0f005394e815cc376cc451dbd 2b1e015354664485f1479e9b4017e120124f0cca99e0314e81afb42c12080d6b
CLIENT_HANDSHAKE_TRAFFIC_SECRET bcc38dd1d54290c2d711b13b5f747db78ea21fa06977f05bc9bbb57b5b3acef2 f33f903a4c734965820cfec0f77074c7a45d94444e0bf6b9972d1936e2099d53
SERVER_HANDSHAKE_TRAFFIC_SECRET bcc38dd1d54290c2d711b13b5f747db78ea21fa06977f05bc9bbb57b5b3acef2 36fbc338d7d7aaf93f92a8925f71b81f62df4f9f6f199aab17e9e3143b3d4906
CLIENT_TRAFFIC_SECRET_0 bcc38dd1d54290c2d711b13b5f747db78ea21fa06977f05bc9bbb57b5b3acef2 9d2c73c257aded9919b749ead81927884204457107a50d87de84eb990c1caa1a
SERVER_TRAFFIC_SECRET_0 bcc38dd1d54290c2d711b13b5f747db78ea21fa06977f05bc9bbb57b5b3acef2 ac0842fb2973ae7e49f801acf4044fcf405fc17a9d0fd9ed3b4f03df80917188
CLIENT_HANDSHAKE_TRAFFIC_SECRET 316d8249a18bbaf1528c5ee3b429b1be90f139460cd8558200b342a1b8436b15 f68ecb53b883ba8b914ebca6779a6a7d14795a8ec355cac5fdfceb76e6d38780
SERVER_HANDSHAKE_TRAFFIC_SECRET 316d8249a18bbaf1528c5ee3b429b1be90f139460cd8558200b342a1b8436b15 e7d387949c866678203e4d38b1bae3dfd7cd99ae8310730c0c8851f43912f035
CLIENT_TRAFFIC_SECRET_0 316d8249a18bbaf1528c5ee3b429b1be90f139460cd8558200b342a1b8436b15 a64f793f4a45c7c06cc821b550e38a868e753bb95b1216bd2605f66e02ab2ca3
SERVER_TRAFFIC_SECRET_0 316d8249a18bbaf1528c5ee3b429b1be90f139460cd8558200b342a1b8436b15 ec40ed07dc7247c9e7690315380e8632f3787becf244a308f921a753aadc15e8
CLIENT_HANDSHAKE_TRAFFIC_SECRET a2ef51ee1c30dbfc2e6fdd664c9b1d7b298636fb69f71b415ee70ae1aa454e42 062054440d17e8fd5bfb4e50a2f17c0b3891f07c183cdd6e4b4fadfa04d6d666
SERVER_HANDSHAKE_TRAFFIC_SECRET a2ef51ee1c30dbfc2e6fdd664c9b1d7b298636fb69f71b415ee70ae1aa454e42 9b6a9af2bbc3f3172975d9cdcf670eaf3a3e537bad352e368f801ce38091371e
CLIENT_TRAFFIC_SECRET_0 a2ef51ee1c30dbfc2e6fdd664c9b1d7b298636fb69f71b415ee70ae1aa454e42 d249912a1b34a1e576481063ce5259948326e0606e2849703f6549ad0edaeca0
SERVER_TRAFFIC_SECRET_0 a2ef51ee1c30dbfc2e6fdd664c9b1d7b298636fb69f71b415ee70ae1aa454e42 135155521f09d0705800487ec83cc22736d7fa02e2a42d5a4b304d985690c9aa
CLIENT_HANDSHAKE_TRAFFIC_SECRET 54696b2cf7569cc7b128ff0b5fad2460517ba42ffc7abb4153bb481f3ab0124f c773946c6797919c3abc853d7311e5dd4522150b459b54a04ea5cecc1422433d
SERVER_HANDSHAKE_TRAFFIC_SECRET 54696b2cf7569cc7b128ff0b5fad2460517ba42ffc7abb4153bb481f3ab0124f 8ae7071423d211259cb5cdce5ab4b106a7d3a781b5f131e1507b93dff2ede31d
CLIENT_TRAFFIC_SECRET_0 54696b2cf7569cc7b128ff0b5fad2460517ba42ffc7abb4153bb481f3ab0124f 4a3b8887e6c065c776f75cc35e3d04edd7463e27bcee20bdbb09a5586d9cbae6
SERVER_TRAFFIC_SECRET_0 54696b2cf7569cc7b128ff0b5fad2460517ba42ffc7abb4153bb481f3ab0124f 267f31ff7d98e5ff928f729a1c09772fef2ef92f4da54aa78f1c8108c622f7cb
CLIENT_HANDSHAKE_TRAFFIC_SECRET ce016931d2f382fec1a7e434218d7c38001b34d71cf19ff9383493762edc20df 47d58ed0c78e9769894043dada0bdf6334750abc7b4fcb64618bea8c951122ad
SERVER_HANDSHAKE_TRAFFIC_SECRET ce016931d2f382fec1a7e434218d7c38001b34d71cf19ff9383493762edc20df a39e9580d4168097b8208d2644cbffc374d4b0454fdbe6508bbff1800a43abf2
CLIENT_TRAFFIC_SECRET_0 ce016931d2f382fec1a7e434218d7c38001b34d71cf19ff9383493762edc20df 85cd058c894777a8bcb9ad58fed3a426c050f99a18f56a1224c95fc0c9bfa7ba
SERVER_TRAFFIC_SECRET_0 ce016931d2f382fec1a7e434218d7c38001b34d71cf19ff9383493762edc20df 694b70176238b6264dd8de97e16bdc35d20a95cc6208887c5bd922d049ef8435
CLIENT_HANDSHAKE_TRAFFIC_SECRET db9a52a628793eed12b059c6d462697060cdf35f3ef61a77dd62545aaea830d8 7f8df60b9667454b8e4d44d78e014b98112c9f3de16ad39ce8a2ebae43ad206e
SERVER_HANDSHAKE_TRAFFIC_SECRET db9a52a628793eed12b059c6d462697060cdf35f3ef61a77dd62545aaea830d8 7e290b640d86366fd2d36ecb79e7fc3332e11d0d06596aebae58317e33d5dd0b
CLIENT_TRAFFIC_SECRET_0 db9a52a628793eed12b059c6d462697060cdf35f3ef61a77dd62545aaea830d8 d940ecf5b9879da72102ce987a75d4fdb7eb1b5da937f4d648071bfb085c54e4
SERVER_TRAFFIC_SECRET_0 db9a52a628793eed12b059c6d462697060cdf35f3ef61a77dd62545aaea830d8 a2f602d67acfc54d7460d4bb4ba284c0aa17dd76d7452dd9005fe3296b871706
CLIENT_HANDSHAKE_TRAFFIC_SECRET 5c53a752890c9f2c702f278263ee2c04e87dac526f79bca7d28a4006494d6747 3a14221ba0ee041e1a6fd6ba26a5bd01d26127bad901cac8c2a7a95e309db1db
SERVER_HANDSHAKE_TRAFFIC_SECRET 5c53a752890c9f2c702f278263ee2c04e87dac526f79bca7d28a4006494d6747 71a8873ea409e0f349a090cc5e17901c5cfc291b288a501af9105daff2af2f46
CLIENT_TRAFFIC_SECRET_0 5c53a752890c9f2c702f278263ee2c04e87dac526f79bca7d28a4006494d6747 f6c12c3bc28bb9d0753894ac9b0c748bab6ca233cff4f5ee9507465722eb8a0d
SERVER_TRAFFIC_SECRET_0 5c53a752890c9f2c702f278263ee2c04e87dac526f79bca7d28a4006494d6747 00bfccd5934a833afcea052ca95edff761fe7f3e3350a73eefdfc7511216ce39
CLIENT_HANDSHAKE_TRAFFIC_SECRET f489dbc98116c30b430b294cb19faf75de06dcc677e3ff321c10c203e4a03726 43286e15ca231fa2e43e19d9632109eab616c5736b15abcb1a1d9907e857901c
SERVER_HANDSHAKE_TRAFFIC_SECRET f489dbc98116c30b430b294cb19faf75de06dcc677e3ff321c10c203e4a03726 b2c627bf33c1930e1501684103ca0b5f2775a5781213006aabe55f383f9fee40
CLIENT_TRAFFIC_SECRET_0 f489dbc98116c30b430b294cb19faf75de06dcc677e3ff321c10c203e4a03726 cae0eefdd8bad717dd85fdd270261f030ea1872a4d5576aee63ce71a8e080059
SERVER_TRAFFIC_SECRET_0 f489dbc98116c30b430b294cb19faf75de06dcc677e3ff321c10c203e4a03726 d1450f84ae90f43868cb76371852f7a95364075ae73636baf25b1639b56e0c8d
CLIENT_HANDSHAKE_TRAFFIC_SECRET d84a1fc516f0ff039fbe3d016c5b418601168122a230dd3424c15d49bca2f91b a976b961ae043f7abc822b1d1ae354c419e56cd808b9d154501655b938e4a11f
SERVER_HANDSHAKE_TRAFFIC_SECRET d84a1fc516f0ff039fbe3d016c5b418601168122a230dd3424c15d49bca2f91b 87c7cea82c33d9607574946cece18632a5163fde0333ee73b0da746591995c1d
CLIENT_TRAFFIC_SECRET_0 d84a1fc516f0ff039fbe3d016c5b418601168122a230dd3424c15d49bca2f91b a8b921b9053bff63fcf0998502b6eae294957e2173adf7f64404e0427b69b593
SERVER_TRAFFIC_SECRET_0 d84a1fc516f0ff039fbe3d016c5b418601168122a230dd3424c15d49bca2f91b 764800a260789faf6eb2f329371b40973b2d775924595323d817238cfe511408
CLIENT_HANDSHAKE_TRAFFIC_SECRET 3b4a5928378065b595e427e45cfdc43e6b319627decd2b30b397f3ddbdbeb770 6d4a9d6bd937bdf2893db0758da7b581c9e6ab78d038538d771e5d442b7ae8e4
SERVER_HANDSHAKE_TRAFFIC_SECRET 3b4a5928378065b595e427e45cfdc43e6b319627decd2b30b397f3ddbdbeb770 245e2214d446ef1bd2f56229de6225c8ffb57db8e24304545218997c603b4885
CLIENT_TRAFFIC_SECRET_0 3b4a5928378065b595e427e45cfdc43e6b319627decd2b30b397f3ddbdbeb770 575da26bae9c808bf1344f128298dbc866b245d65ea9298b84deb8aa64dca9e3
SERVER_TRAFFIC_SECRET_0 3b4a5928378065b595e427e45cfdc43e6b319627decd2b30b397f3ddbdbeb770 7475799d4ac2ee6b6fbf0ca10f56f472efd6fc8ecc62d70ce1e5ca9a6aae252c
CLIENT_HANDSHAKE_TRAFFIC_SECRET 7e3a6e08b30e56c9bd860376974522c0c79710f6e89aa5ac409209f1e2a06a92 051eb21b845ba21875bfc6082f893633e39ac1ee8c81e656bd71711150bc2ea3
SERVER_HANDSHAKE_TRAFFIC_SECRET 7e3a6e08b30e56c9bd860376974522c0c79710f6e89aa5ac409209f1e2a06a92 15d8d5a9c161453df4cc6fe945216e91f34f4bb1dc18096d1a0cf6a179d126ec
CLIENT_TRAFFIC_SECRET_0 7e3a6e08b30e56c9bd860376974522c0c79710f6e89aa5ac409209f1e2a06a92 df71d13d659435c60da50a030d5c90798a2bd248b1ba64b6e35883b9542d7f37
SERVER_TRAFFIC_SECRET_0 7e3a6e08b30e56c9bd860376974522c0c79710f6e89aa5ac409209f1e2a06a92 9b48cd48b8dbe5d7b5cc05da6a80c7c7b54b328f524ebd404946c37fe68dbd9a
CLIENT_HANDSHAKE_TRAFFIC_SECRET c84634fdee0c22434ba73a2e6c6507242f1152da1e1ef56b515b38fea5faa3ca b464e428a48e58b2027ff43a9651852567c6ea5a9e5991b4fa3068d4d94e7187
SERVER_HANDSHAKE_TRAFFIC_SECRET c84634fdee0c22434ba73a2e6c6507242f1152da1e1ef56b515b38fea5faa3ca 43bbbd316204610c7f8c7551473ded2fa2f59920b75ebd00a3184f19f6fc2a1f
CLIENT_TRAFFIC_SECRET_0 c84634fdee0c22434ba73a2e6c6507242f1152da1e1ef56b515b38fea5faa3ca e8ec63e82c8386d17d83b8b5018282453ba71b3e62e2bf6cff883e93bf25ff73
SERVER_TRAFFIC_SECRET_0 c84634fdee0c22434ba73a2e6c6507242f1152da1e1ef56b515b38fea5faa3ca bb1db38007d9d0a7e72c2961398b23884acf752fc6a1b37f39376082e17ee972
CLIENT_HANDSHAKE_TRAFFIC_SECRET 20f21f80ce442c09d807d3dea027b085ca61d32dadb5f10a323ad659086c607c fd3509a2d1568aa110199d3514026620f6b75a1e9a63d49ecf8432e817a1de0d
SERVER_HANDSHAKE_TRAFFIC_SECRET 20f21f80ce442c09d807d3dea027b085ca61d32dadb5f10a323ad659086c607c da7e58059873142c5f05456a82c453f18234aa950d328018a1e16fe4200e3712
CLIENT_TRAFFIC_SECRET_0 20f21f80ce442c09d807d3dea027b085ca61d32dadb5f10a323ad659086c607c 7b879f2ca5112acdbc4416d53513d3307b72cc8ce16a4366d3d779cefe623c3d
SERVER_TRAFFIC_SECRET_0 20f21f80ce442c09d807d3dea027b085ca61d32dadb5f10a323ad659086c607c 5dd89a02fe4e674c3b5e79095472c658d3d78c09ef867bceccb826efae8f8dca
CLIENT_HANDSHAKE_TRAFFIC_SECRET a2c718d3b0cebec12fe53b5970fb147e58fc2f4df54808ba0da2ff5b4b0c0abe f0927e6dc7ae9f918136adede1cfad3e4227a3e8010ee1fe9b10cd3827b06a6b
SERVER_HANDSHAKE_TRAFFIC_SECRET a2c718d3b0cebec12fe53b5970fb147e58fc2f4df54808ba0da2ff5b4b0c0abe c3e097cfba1e59df75b12b9e3ef2ee6b05dc9bf909d98b8ef80c7fce0b582335
CLIENT_TRAFFIC_SECRET_0 a2c718d3b0cebec12fe53b5970fb147e58fc2f4df54808ba0da2ff5b4b0c0abe 148061ff8da3b9cd05e93c47d951533a087159bccfdc11a71e5a111825486e66
SERVER_TRAFFIC_SECRET_0 a2c718d3b0cebec12fe53b5970fb147e58fc2f4df54808ba0da2ff5b4b0c0abe 39d5b6b9de326585b9793aa57b0a553ae299c8107391b57181d46cc251a8f59e
CLIENT_HANDSHAKE_TRAFFIC_SECRET c3b0c2623beeab47ba784d15a918a3fd222e3854e2615ec3c227c9bfd703d9f3 82386b80fce169a57652663e46957ea1ddf6f46533fd6eaa9f73a44046b91565
SERVER_HANDSHAKE_TRAFFIC_SECRET c3b0c2623beeab47ba784d15a918a3fd222e3854e2615ec3c227c9bfd703d9f3 cf9aabed99641079579057ffdffa5e6f612c59d0a99d5c447c2b32c42b936adc
CLIENT_TRAFFIC_SECRET_0 c3b0c2623beeab47ba784d15a918a3fd222e3854e2615ec3c227c9bfd703d9f3 bd7a8a97eba1de9c99249a1e483fed6dd129d46849593d3838a9e8b8aaa1bbbb
SERVER_TRAFFIC_SECRET_0 c3b0c2623beeab47ba784d15a918a3fd222e3854e2615ec3c227c9bfd703d9f3 593e026f6847ed9fa7cd3917f35c568419ca8b41abc22fc0b1bb6c84c0489be8
CLIENT_HANDSHAKE_TRAFFIC_SECRET 5c42d7cc2060ed053869fbe31a1e100f00134cb4dd5a6fe40b645743dcd6231a 3a186480ec7a159b588499dff9dc36c048d06d809c3d5251cca199a777889625
SERVER_HANDSHAKE_TRAFFIC_SECRET 5c42d7cc2060ed053869fbe31a1e100f00134cb4dd5a6fe40b645743dcd6231a 6f3e34e89d86976390115820a0268cda373978b992ae1b32e7757076a963937e
CLIENT_TRAFFIC_SECRET_0 5c42d7cc2060ed053869fbe31a1e100f00134cb4dd5a6fe40b645743dcd6231a bbbfed431d7445f86eea52b7cde7500b6a14bb97c8553a381179bd752db9560c
SERVER_TRAFFIC_SECRET_0 5c42d7cc2060ed053869fbe31a1e100f00134cb4dd5a6fe40b645743dcd6231a 2c460380089643642d5b7fd7f68d38d7f41e3e41a85363682759db238c4abead
CLIENT_HANDSHAKE_TRAFFIC_SECRET 1d5cf05a67a7b8c44656f7028d31bc03972f870d89945cd88fa3fc28bc42d985 680c1070612a6148114ad14dd6c0b2a32c7b26a9b7eb800dd6335a10294646ca
SERVER_HANDSHAKE_TRAFFIC_SECRET 1d5cf05a67a7b8c44656f7028d31bc03972f870d89945cd88fa3fc28bc42d985 301948690602f773b7e9bf9ea2c5da65b5d25abae6d5643e7780f309129f0699
CLIENT_TRAFFIC_SECRET_0 1d5cf05a67a7b8c44656f7028d31bc03972f870d89945cd88fa3fc28bc42d985 6f6dbc1657e46944dc3ab4a70e656e792b91802b43e87a3b07047b45c5825585
SERVER_TRAFFIC_SECRET_0 1d5cf05a67a7b8c44656f7028d31bc03972f870d89945cd88fa3fc28bc42d985 12c1404e578f030d311077593b01c9305c47c659d7918c6774171e0037700d5c
CLIENT_HANDSHAKE_TRAFFIC_SECRET 699305c849afd3f4d0899d18c1b43ee398ee6803d33042950b36e7b0be8b6f3d 2c167b6feececdfa88a880b0cd007847ebdd15a5b56977cca17dd39c544b6e42
SERVER_HANDSHAKE_TRAFFIC_SECRET 699305c849afd3f4d0899d18c1b43ee398ee6803d33042950b36e7b0be8b6f3d 5d99cfc9e2313aa528a4244c48d7c04fa42f652ba5717065181880f036bd3314
CLIENT_TRAFFIC_SECRET_0 699305c849afd3f4d0899d18c1b43ee398ee6803d33042950b36e7b0be8b6f3d 25811db42dc90a651f2d140c326b32d9a7e97c5b9e01ff4762dfb70a15a1b90f
SERVER_TRAFFIC_SECRET_0 699305c849afd3f4d0899d18c1b43ee398ee6803d33042950b36e7b0be8b6f3d 58f62460ad42f34fa547616895ca04fc4ffa6f5be3c39da61f58b42d3d8f2d6b
CLIENT_HANDSHAKE_TRAFFIC_SECRET 4d666fe664bc2e1d83eb969f99044ce0c2b1446609cb103a19962aa4d511feea f158a97980a8a81d25c3a752b85780d0cf1419d8a30fd52e3843033deb566044
SERVER_HANDSHAKE_TRAFFIC_SECRET 4d666fe664bc2e1d83eb969f99044ce0c2b1446609cb103a19962aa4d511feea 5d8ec06829d1a682cee7db5d48afd3e5a9c87721b388be03597eb2faa9545b79
CLIENT_TRAFFIC_SECRET_0 4d666fe664bc2e1d83eb969f99044ce0c2b1446609cb103a19962aa4d511feea 69937cf244f546309fd61e55f9573b9fc5b508df54eee96d7b639766bf3ca4f3
SERVER_TRAFFIC_SECRET_0 4d666fe664bc2e1d83eb969f99044ce0c2b1446609cb103a19962aa4d511feea a6142a4f4a02ecc943f037b215ba074013075be9c43ef4dc13e190a8670568be
CLIENT_HANDSHAKE_TRAFFIC_SECRET caefc7e18740f65446fac5ee7d6d7fa0220dd80000785e8485e378eddb5ff2d6 eadac9dd6a241caba76551e99fd5d7eb020f422d727eceda4f92dcab4768147f
SERVER_HANDSHAKE_TRAFFIC_SECRET caefc7e18740f65446fac5ee7d6d7fa0220dd80000785e8485e378eddb5ff2d6 def1d84d1d07e43cf6444420ef7a29b51aea5a0e5f347da67b5a603740920ddd
CLIENT_TRAFFIC_SECRET_0 caefc7e18740f65446fac5ee7d6d7fa0220dd80000785e8485e378eddb5ff2d6 048aaaa769a7049e15a2169ecbdb7c1efa5a8becb80986ccba702e05805a7fdb
SERVER_TRAFFIC_SECRET_0 caefc7e18740f65446fac5ee7d6d7fa0220dd80000785e8485e378eddb5ff2d6 a1ba5997f63daface0c8ade891576e28a8ecd78e0d8e634c1c099f54b32df5f2
CLIENT_HANDSHAKE_TRAFFIC_SECRET 342e4c604e99746db68047bee4936db9fb905f2a820554fe1b9f5739e40642f1 635bf432d7b0037fca41df8d49161841047fb78baa99208c71734c2b7322e18c
SERVER_HANDSHAKE_TRAFFIC_SECRET 342e4c604e99746db68047bee4936db9fb905f2a820554fe1b9f5739e40642f1 ddd183077d49a6c8c5ef158ace632dab6ffbdef5e68924744327e2e90d411a8b
CLIENT_TRAFFIC_SECRET_0 342e4c604e99746db68047bee4936db9fb905f2a820554fe1b9f5739e40642f1 03e0ce939da4536986158bfb894415534ecf7a02c994aaddf2cbb8c66b51b4cf
SERVER_TRAFFIC_SECRET_0 342e4c604e99746db68047bee4936db9fb905f2a820554fe1b9f5739e40642f1 f526a8227f0e767a8918544648858a746177cf781e1dbe07249064fad2500158
CLIENT_HANDSHAKE_TRAFFIC_SECRET 1ffff714149cf4e5aa81ef1fe549940011cde90a00ee26563be5f214c7c1641e 4368dbc2301523d04e7bc067fc6d2741e55143a93797c00bc1dc321207d90589
SERVER_HANDSHAKE_TRAFFIC_SECRET 1ffff714149cf4e5aa81ef1fe549940011cde90a00ee26563be5f214c7c1641e 6cdf267289cfbe1dab576fd388416a23404856dff7b53fd3297fa0a1da789f19
CLIENT_TRAFFIC_SECRET_0 1ffff714149cf4e5aa81ef1fe549940011cde90a00ee26563be5f214c7c1641e 22bff63eccf75881de60616075ea26e32d15f612eba57b244dc785b349bf1e99
SERVER_TRAFFIC_SECRET_0 1ffff714149cf4e5aa81ef1fe549940011cde90a00ee26563be5f214c7c1641e 9a2889d5a2c15cb157820c4b95e6ae643e32d2aa27cbda5be9e31eeff896cf15
CLIENT_HANDSHAKE_TRAFFIC_SECRET 9d164fce17ba06ee6fb3b85e9567bd489dcc48b0e52f739a0b7435b6bc6001e4 ece098b51177766b5dd550d4ad3c5ca3c38c529bb21ae39fc2f6455dd359317a
SERVER_HANDSHAKE_TRAFFIC_SECRET 9d164fce17ba06ee6fb3b85e9567bd489dcc48b0e52f739a0b7435b6bc6001e4 76c40ace4e34500bd02862c4d5fcc4ffa958864998c2f08b1497ca7832e53275
CLIENT_TRAFFIC_SECRET_0 9d164fce17ba06ee6fb3b85e9567bd489dcc48b0e52f739a0b7435b6bc6001e4 100a8cfc5a7306ddc4c30376ba60f19c3b630cd902cb4ca8bd7b4b0b730f07da
SERVER_TRAFFIC_SECRET_0 9d164fce17ba06ee6fb3b85e9567bd489dcc48b0e52f739a0b7435b6bc6001e4 2e9ca3f637e98744dd7586086db7f4554093628cc2c45ee87529d61f053a4abd
CLIENT_HANDSHAKE_TRAFFIC_SECRET 6a1f7d7c83d38480c7ae54e44ab6af95d4150412a37c0d8a5600abe63791f7c3 98f44780f0b3845f9ff49ef64279d9fba64690277ea843d2217b3aa8d871e789
SERVER_HANDSHAKE_TRAFFIC_SECRET 6a1f7d7c83d38480c7ae54e44ab6af95d4150412a37c0d8a5600abe63791f7c3 a972629c31c06245c9287a0d146ee9fdbfdf69a1609e92c9ae8b51df96c58198
CLIENT_TRAFFIC_SECRET_0 6a1f7d7c83d38480c7ae54e44ab6af95d4150412a37c0d8a5600abe63791f7c3 ab32eb69f3c7e74c9c75e45d87289cf94781449e16c9d962d0ec7a6ae70291fd
SERVER_TRAFFIC_SECRET_0 6a1f7d7c83d38480c7ae54e44ab6af95d4150412a37c0d8a5600abe63791f7c3 0d50efe4ff69e883e88406c65bec8a10488a91e52021b41938b1c701ea79fd91
CLIENT_HANDSHAKE_TRAFFIC_SECRET 7c6be302b658470d7d645aeb8f864b7385bbfbae3fc2decd38c99ba1a457a035 f2345a84066e1efd02a7a3b8836bb2b06f2b14da495e0b6387f1f6e949c45aa9
SERVER_HANDSHAKE_TRAFFIC_SECRET 7c6be302b658470d7d645aeb8f864b7385bbfbae3fc2decd38c99ba1a457a035 0e602c9ace4e88f691a7ffce6454431d3cb57c9a788ac13ef35e8eb3bfb5cc58
CLIENT_TRAFFIC_SECRET_0 7c6be302b658470d7d645aeb8f864b7385bbfbae3fc2decd38c99ba1a457a035 af6228188a9a33be84a3ce7765fe9291f4de48f0e36969e4756fa883d0d5bab8
SERVER_TRAFFIC_SECRET_0 7c6be302b658470d7d645aeb8f864b7385bbfbae3fc2decd38c99ba1a457a035 4c9c8d4ae5baab9c3a668f1dee7b3a828eb0ea972757953c0b3a62828a30b3de
CLIENT_HANDSHAKE_TRAFFIC_SECRET 0f803d1a21eb1824835b89409a08df770df5a732cb72f38143503569f29e9915 485107da1cc2130da3cb909687c0960831c9ed8999def859ad388c95f16a2aba
SERVER_HANDSHAKE_TRAFFIC_SECRET 0f803d1a21eb1824835b89409a08df770df5a732cb72f38143503569f29e9915 67aa6d51f104ea8222ff11583343423078ea8a9b9b495b85bd5f1c5575d43f65
CLIENT_TRAFFIC_SECRET_0 0f803d1a21eb1824835b89409a08df770df5a732cb72f38143503569f29e9915 e361113263b9b94ecaaf4f8e32b7a7e60af54196552c1837c877a0f818beb3f6
SERVER_TRAFFIC_SECRET_0 0f803d1a21eb1824835b89409a08df770df5a732cb72f38143503569f29e9915 7ac5ef173f55ae98c6a047da6a65520eaa80d740fd45c202e126fecbd37efbe7
CLIENT_HANDSHAKE_TRAFFIC_SECRET 01b6279f5f2b08a36199a4851ffb6f810623a000ef5172915cc8eee66f67e164 59dfd28aba1967e9e2ab71c1e2103403bb7135481eabc0d73ec0fc61b4ff4ae8
SERVER_HANDSHAKE_TRAFFIC_SECRET 01b6279f5f2b08a36199a4851ffb6f810623a000ef5172915cc8eee66f67e164 c59196e07d8a2c3efb8c0168eddbfab614c8285e53d21c649b568883da333b56
CLIENT_TRAFFIC_SECRET_0 01b6279f5f2b08a36199a4851ffb6f810623a000ef5172915cc8eee66f67e164 8cb64cf316f6b43055baa941c8184b23e9358d53871d4896ffef1dcaba399b28
SERVER_TRAFFIC_SECRET_0 01b6279f5f2b08a36199a4851ffb6f810623a000ef5172915cc8eee66f67e164 55244bdea7ea844b8436cc61f7d1804f1e5d2c96ad16076b50fa244e8025ecaf
CLIENT_HANDSHAKE_TRAFFIC_SECRET 86ef50f009980011189a3ead2987c651c9459b8fd57679ac92737ccba80b3894 19867eef8d0ea7d3744d3bdfda1bc1b049d72e382b1fc1a9cd21d5d2c956926d
SERVER_HANDSHAKE_TRAFFIC_SECRET 86ef50f009980011189a3ead2987c651c9459b8fd57679ac92737ccba80b3894 b6638d6464ac89af79085efee9eab1a630c4a70b1717917e81e0178f297d8a14
CLIENT_TRAFFIC_SECRET_0 86ef50f009980011189a3ead2987c651c9459b8fd57679ac92737ccba80b3894 bdccd90d19842f45b4bf551eacdd785f035ae609bd278e6556b65cbb9e589414
SERVER_TRAFFIC_SECRET_0 86ef50f009980011189a3ead2987c651c9459b8fd57679ac92737ccba80b3894 af99a374c6a065f90fb3a7df6da710270cc74b109ea005d283055c34cad38f6e
CLIENT_HANDSHAKE_TRAFFIC_SECRET bac3f6436b0758c230118be267b5c25a0610beee4f2e671dcf77b3b495a92a3c 508ecf85b814f0447b4f557eeee9fa0287b88d661a4160bfa67cde6a782fbbe9
SERVER_HANDSHAKE_TRAFFIC_SECRET bac3f6436b0758c230118be267b5c25a0610beee4f2e671dcf77b3b495a92a3c f6a9b66bc1e47119606d0b8c1b707008b09851bc4ea7909480195b198faf0069
CLIENT_TRAFFIC_SECRET_0 bac3f6436b0758c230118be267b5c25a0610beee4f2e671dcf77b3b495a92a3c 89880b852266dcecd4ba4e7158fad61332f6c6e60b171e2a1263d1393a8d8e71
SERVER_TRAFFIC_SECRET_0 bac3f6436b0758c230118be267b5c25a0610beee4f2e671dcf77b3b495a92a3c 3c74afb1508ad98acf994fc9e84f58d17ffa4226a36a253507b9c7a0f6256d16
CLIENT_HANDSHAKE_TRAFFIC_SECRET fdb9d950e514ceb7a01a0ac6283aa7ddcbc38846a20a5a013f8f16ecc07090a6 264208070ef22d9ee653711ee97e12ad986a1976aa092ef7c1a661d2ad717f97
SERVER_HANDSHAKE_TRAFFIC_SECRET fdb9d950e514ceb7a01a0ac6283aa7ddcbc38846a20a5a013f8f16ecc07090a6 66a2ce3356b2368113b3883d3bfa07bf8c2c6f4f2a753343f7bd0f138c5bcc4d
CLIENT_TRAFFIC_SECRET_0 fdb9d950e514ceb7a01a0ac6283aa7ddcbc38846a20a5a013f8f16ecc07090a6 1ea9bbf69e2b38228dfc823aed6a10fddf91e2431abb3dad89a3a2aba384ea6a
SERVER_TRAFFIC_SECRET_0 fdb9d950e514ceb7a01a0ac6283aa7ddcbc38846a20a5a013f8f16ecc07090a6 23d26da4169602a35c316a92e1654dfeadd1f10ecea9a65077ae34efa8f4938b
CLIENT_HANDSHAKE_TRAFFIC_SECRET 37a3d49b76875c4e7ea8ecf5c6744d11677546d162f16bdc06a88841841dfd29 7ac7af0d990dabb1aec88cb974c5ef7aa3e7d87e88fcc62b59c5bab8d77d8bfd
SERVER_HANDSHAKE_TRAFFIC_SECRET 37a3d49b76875c4e7ea8ecf5c6744d11677546d162f16bdc06a88841841dfd29 3c552e73813562a4b35e879a5d36db6d2050c5609b92465000fc60e8de71d116
CLIENT_TRAFFIC_SECRET_0 37a3d49b76875c4e7ea8ecf5c6744d11677546d162f16bdc06a88841841dfd29 0091399cb192f329e9becab5d470134302ed942ffd9d4e7bb96d14d0d63b4f11
SERVER_TRAFFIC_SECRET_0 37a3d49b76875c4e7ea8ecf5c6744d11677546d162f16bdc06a88841841dfd29 8cc6535059e1b2ad0bc7cd15c4c1c06398881ed740be1c8abb81e35f7168d8cc
CLIENT_HANDSHAKE_TRAFFIC_SECRET e95f1392bd91c012a6ef1e993ab3eea64aad7b2734a7be644fb140ec67306f3b 00ec9e7ebd6ea187bb258c8ebde7a0d0faaee671ede5f37ef3e6047f72bb7759
SERVER_HANDSHAKE_TRAFFIC_SECRET e95f1392bd91c012a6ef1e993ab3eea64aad7b2734a7be644fb140ec67306f3b d58421f24e402db303098157033577cac07e505041e0a33ca50f9261b76667c6
CLIENT_TRAFFIC_SECRET_0 e95f1392bd91c012a6ef1e993ab3eea64aad7b2734a7be644fb140ec67306f3b 37ac85f37b8119ec13874b80f7792878450a1ad09d79ff86605dcea35d59487c
SERVER_TRAFFIC_SECRET_0 e95f1392bd91c012a6ef1e993ab3eea64aad7b2734a7be644fb140ec67306f3b 4d3b49b238d31ac07a5983a4236a3a92bbb9a0b11138cc98663deb0e1e3282f4
CLIENT_HANDSHAKE_TRAFFIC_SECRET ed38e61c03c669391d7d709fe5a149571de65fad22e9cc5c22faefd0fda30893 0fae21dc7c0c5c95640f67f2e8c7cf8c57d72a0b1d18274b6018fedbb42fd267
SERVER_HANDSHAKE_TRAFFIC_SECRET ed38e61c03c669391d7d709fe5a149571de65fad22e9cc5c22faefd0fda30893 7ed503cee49d43459165f65b3e0def7b5b49a94994da1a729bad989c21fc6ef2
CLIENT_TRAFFIC_SECRET_0 ed38e61c03c669391d7d709fe5a149571de65fad22e9cc5c22faefd0fda30893 4056505e38534548788be5c8eaf59f025bca11d0e0d27757791b48b03ca51164
SERVER_TRAFFIC_SECRET_0 ed38e61c03c669391d7d709fe5a149571de65fad22e9cc5c22faefd0fda30893 c423a515899f8b1ac8e9b1a198b92fee5e789fe1db57ba74cf6cf165089e7b25
CLIENT_HANDSHAKE_TRAFFIC_SECRET a2a7bf1a5e308297fe4a29c640f1dd7712df6ff71e5297bffddfb220d3b11cbe a70dfc6e6e89d895b86ca6baa1d5430fbcd9ed7544ec60e0f538d47800146fd3
SERVER_HANDSHAKE_TRAFFIC_SECRET a2a7bf1a5e308297fe4a29c640f1dd7712df6ff71e5297bffddfb220d3b11cbe b66f5099c0f8d5f12f55afdee0178cc2e31113622e724fb1f5d2257eaf446c70
CLIENT_TRAFFIC_SECRET_0 a2a7bf1a5e308297fe4a29c640f1dd7712df6ff71e5297bffddfb220d3b11cbe cd5ffc468a5f8cb11b08b7de2e8435d46960e8fc16dce563c923312b24016631
SERVER_TRAFFIC_SECRET_0 a2a7bf1a5e308297fe4a29c640f1dd7712df6ff71e5297bffddfb220d3b11cbe da9403719a3a32aa7d5c0df0de92e4de72ffbca82dd63e04a3e56c1458114f30
CLIENT_HANDSHAKE_TRAFFIC_SECRET b3f6acc6ed8226d4c5e8e16a73c595adde094941d9ae336d3f108a404ae9f01e ef583a9880c70beaf823be7f73ff523ea773dc31b59e9c67c51aeb9a8de8d6cf
SERVER_HANDSHAKE_TRAFFIC_SECRET b3f6acc6ed8226d4c5e8e16a73c595adde094941d9ae336d3f108a404ae9f01e bf0a9109fd8d48699d6adddb088cd067410017ff1d74e155b51443d185a716a5
CLIENT_TRAFFIC_SECRET_0 b3f6acc6ed8226d4c5e8e16a73c595adde094941d9ae336d3f108a404ae9f01e 86c3e8c1143f540acd6576028d432bd5eb433526b719bb12d6081f34594e6295
SERVER_TRAFFIC_SECRET_0 b3f6acc6ed8226d4c5e8e16a73c595adde094941d9ae336d3f108a404ae9f01e d7a6b1802c9910b8f6f44c4b3f2687f1c8edd3aad2f799c53de7754bfcfb7df9
CLIENT_HANDSHAKE_TRAFFIC_SECRET 2e65dce8c8fd9c1f56da2ede53e2a7d74012bd5207fc9b5db660027256dfe717 94db9be364cc78e05e2dcef2567287e725c5ef64c68c785ea20cf7a6ad5110a4
SERVER_HANDSHAKE_TRAFFIC_SECRET 2e65dce8c8fd9c1f56da2ede53e2a7d74012bd5207fc9b5db660027256dfe717 52fa3dacc3929508b3aeb87c3c9d77bf98a52761a15aa128823c6b34a9542f6f
CLIENT_TRAFFIC_SECRET_0 2e65dce8c8fd9c1f56da2ede53e2a7d74012bd5207fc9b5db660027256dfe717 076948b0115461aa74a20621491da67927cd2ae415e479858b984c329f8f5437
SERVER_TRAFFIC_SECRET_0 2e65dce8c8fd9c1f56da2ede53e2a7d74012bd5207fc9b5db660027256dfe717 75dc1efe8802ce91d519504be3aa10de178df6123025006a6ca03571ea1bef25
CLIENT_HANDSHAKE_TRAFFIC_SECRET 144d57b425b0d9cede9f5cce7921bb34f522f095089f14c49f89fe993d64aca4 a62dd61da8d1282d87963bfb8942e8e3b5f06b697782293136c0e33b8311bdcd
SERVER_HANDSHAKE_TRAFFIC_SECRET 144d57b425b0d9cede9f5cce7921bb34f522f095089f14c49f89fe993d64aca4 113fc328f21926689ead940d2e0cbcf33ee31ed527536dec95ac2f774c3e875e
CLIENT_TRAFFIC_SECRET_0 144d57b425b0d9cede9f5cce7921bb34f522f095089f14c49f89fe993d64aca4 c70cdd484257dbbc4e8844042633dd8ecf391733e6d811aee06ae4d8ea983b57
SERVER_TRAFFIC_SECRET_0 144d57b425b0d9cede9f5cce7921bb34f522f095089f14c49f89fe993d64aca4 2343db169377f7d82f76c55c7cacc5b408a007ded820999b66edde93dc8c731a
CLIENT_HANDSHAKE_TRAFFIC_SECRET a857251787e21b82424611076b17d72ef4673908cf004146312d912ca0927ec3 7a993704975daae38fc11ce01b20891c9e8fa03c0964c63ee018195cdcd9817b
SERVER_HANDSHAKE_TRAFFIC_SECRET a857251787e21b82424611076b17d72ef4673908cf004146312d912ca0927ec3 9bf594f6bb941d223c6b637400e1e0e9ebb21fba5438ce41798006aa05d40825
CLIENT_TRAFFIC_SECRET_0 a857251787e21b82424611076b17d72ef4673908cf004146312d912ca0927ec3 7f87ffee9281d8b4dbef13e19ca4f4efbe0d263fb0545d538e94475eb3c5c1c9
SERVER_TRAFFIC_SECRET_0 a857251787e21b82424611076b17d72ef4673908cf004146312d912ca0927ec3 5bef3a21a7951cecdfa7cf88b3e3938e8dff4740d84286564fe03355af47b773
CLIENT_HANDSHAKE_TRAFFIC_SECRET 0c70d58d22fa9c5072a44b8e7b419636bce70e23fe681c3863ac4b82e3f5df33 8fd94601ac0aafd60cdfb1702988f144d852e8ee080012361937c93000e1d815
SERVER_HANDSHAKE_TRAFFIC_SECRET 0c70d58d22fa9c5072a44b8e7b419636bce70e23fe681c3863ac4b82e3f5df33 5ceac4328f38e4a18fd7c36fc181833e85ad4d5cb93dd36016677c714b1264fb
CLIENT_TRAFFIC_SECRET_0 0c70d58d22fa9c5072a44b8e7b419636bce70e23fe681c3863ac4b82e3f5df33 0e2571f9060efb941a61682810edf78950a4ae1590dd7e0f75b6033544fe54f7
SERVER_TRAFFIC_SECRET_0 0c70d58d22fa9c5072a44b8e7b419636bce70e23fe681c3863ac4b82e3f5df33 c2e163ab37f2e2e2a286bbe384ef2d357c65dc67fae39e015fe52b54ea3f7ebd
CLIENT_HANDSHAKE_TRAFFIC_SECRET 64cbac019f0c53d760669ddb95d2a191c24df1008a37f7c86a8873e0c7f6bead bb99767ce16af029552dac8e70796569797aa5c48452024a63e35e7e38402b67
SERVER_HANDSHAKE_TRAFFIC_SECRET 64cbac019f0c53d760669ddb95d2a191c24df1008a37f7c86a8873e0c7f6bead ee2ae9f6600dd130ac1574cef388ce60a0eb7629774f41bd490f11935ebbf68a
CLIENT_TRAFFIC_SECRET_0 64cbac019f0c53d760669ddb95d2a191c24df1008a37f7c86a8873e0c7f6bead d3c0dfd56b201f425198a8611a488f08b5d84aaf1743efb9ce2b0224a17addc5
SERVER_TRAFFIC_SECRET_0 64cbac019f0c53d760669ddb95d2a191c24df1008a37f7c86a8873e0c7f6bead 2425249b0bb526014f1f4f3807dbc71c69f5626b8f4ea2a6d8392317ca46319a
CLIENT_HANDSHAKE_TRAFFIC_SECRET c25dd7a0f3bb614ee115ef47d32ff1ec8c2b202580e2ee18f6dfaa8d71d6e836 69e17d2aa115e592ce024bdff9e465f06f5ac7db5469d1919f5470afbc834c62
SERVER_HANDSHAKE_TRAFFIC_SECRET c25dd7a0f3bb614ee115ef47d32ff1ec8c2b202580e2ee18f6dfaa8d71d6e836 5e22e8cb27f8344ca91e58db1487762f0ba212f396adec31e833dc0004aa9976
CLIENT_TRAFFIC_SECRET_0 c25dd7a0f3bb614ee115ef47d32ff1ec8c2b202580e2ee18f6dfaa8d71d6e836 5f3ccec74694a09e89d29e0d2aebbbac82b60a00b6c82d8fd8016ddd4bcfe1a1
SERVER_TRAFFIC_SECRET_0 c25dd7a0f3bb614ee115ef47d32ff1ec8c2b202580e2ee18f6dfaa8d71d6e836 d6fe562e64894a38379f964a95cdd4bec0b491c1ab342ba5468d20f73e905b20
CLIENT_HANDSHAKE_TRAFFIC_SECRET f800180f754b25beb132e8df38ff8fea71ae5825214db127edb2e3517eb3a0ee d1a2b8aa5f10d7383c2be71ff47010b81cbc6d6bdd4f8db4450ef64613b3227e
SERVER_HANDSHAKE_TRAFFIC_SECRET f800180f754b25beb132e8df38ff8fea71ae5825214db127edb2e3517eb3a0ee 60fe92fb15ace0527a629cfdedc8532a5281126a61fd420e5a6b9c65bc3a82f2
CLIENT_TRAFFIC_SECRET_0 f800180f754b25beb132e8df38ff8fea71ae5825214db127edb2e3517eb3a0ee 5463b4123395bd097c1b31634ad2c40c0674316d1e2cadd70c0f3a4317cd8ec2
SERVER_TRAFFIC_SECRET_0 f800180f754b25beb132e8df38ff8fea71ae5825214db127edb2e3517eb3a0ee 2656678df77d3b5985351bcd8a67c0868bf4b4e617591cc9a738805ee5b1851a
CLIENT_HANDSHAKE_TRAFFIC_SECRET f2207c15514a0794dff04c826e0ca511331e8cd24348c2d54b515827ef4f6c18 9ecac79e748e76d0fc0467cb3a12c38e60fc5683978d0dd5128962879889496a
SERVER_HANDSHAKE_TRAFFIC_SECRET f2207c15514a0794dff04c826e0ca511331e8cd24348c2d54b515827ef4f6c18 a47a13ad7229958d29b29c9937f69b2c5c0865e18df0d68c22a203a81c0039d5
CLIENT_TRAFFIC_SECRET_0 f2207c15514a0794dff04c826e0ca511331e8cd24348c2d54b515827ef4f6c18 7690d6461e5691fc85fab375e489b219f65c40ea40972957d79ee58c42b56419
SERVER_TRAFFIC_SECRET_0 f2207c15514a0794dff04c826e0ca511331e8cd24348c2d54b515827ef4f6c18 3813df0708a2990ebe48b5e8c484160b922d3e959981844f7c1d28f90b3941e0
CLIENT_HANDSHAKE_TRAFFIC_SECRET 59250e3397bf6a23592e4d8e305d12f73cdabdc5e4b67fd677cf20e7c22eb5e7 54ab8d77527930cfa44d6ac39ed9ebeb4539e0a26c840553b8df60036635dc92
SERVER_HANDSHAKE_TRAFFIC_SECRET 59250e3397bf6a23592e4d8e305d12f73cdabdc5e4b67fd677cf20e7c22eb5e7 6de8ab3b87db0a7060a7180411761b70cc7cd05fb65fb4f2b0e81ca73ff46ebf
CLIENT_TRAFFIC_SECRET_0 59250e3397bf6a23592e4d8e305d12f73cdabdc5e4b67fd677cf20e7c22eb5e7 9128c78d67a6adf8fe2cb48d7d2927bbfb7cff36385f597eed08bcedf95ad74c
SERVER_TRAFFIC_SECRET_0 59250e3397bf6a23592e4d8e305d12f73cdabdc5e4b67fd677cf20e7c22eb5e7 bc1c468af5ce6026e19d35f698120aff91b748b371d4838d70d120fa47a4aa81
CLIENT_HANDSHAKE_TRAFFIC_SECRET b3813317c5a1f439266f9e9ed1d7e4955cb38e49fdf32428e90910b1ace69686 acac9ae2d8f460a46c9e4495c45e57c86b87d6ea69247f74df62e5cad02cd297
SERVER_HANDSHAKE_TRAFFIC_SECRET b3813317c5a1f439266f9e9ed1d7e4955cb38e49fdf32428e90910b1ace69686 98fdb23621753234dd3c410367620821b3b4bda932234b9bfcd6c431d6ff027f
CLIENT_TRAFFIC_SECRET_0 b3813317c5a1f439266f9e9ed1d7e4955cb38e49fdf32428e90910b1ace69686 54fc5f2fa265e6c71637c9c5620a2d70b343b30ab7df05b0dc63cc08c9f3245d
SERVER_TRAFFIC_SECRET_0 b3813317c5a1f439266f9e9ed1d7e4955cb38e49fdf32428e90910b1ace69686 2c4b4307f7de9703efd5f4528808e2d576765c099f57cc41468033be197a88ae
CLIENT_HANDSHAKE_TRAFFIC_SECRET c3d9bfa42ddf0f4f0ee598d63a78363ff49b5271d42f1fad8e6ea0d41e1b2b88 fee0a7478c291fb14c111e3f6e4fe00f8a85023a73181bc54a04f5b558537219
SERVER_HANDSHAKE_TRAFFIC_SECRET c3d9bfa42ddf0f4f0ee598d63a78363ff49b5271d42f1fad8e6ea0d41e1b2b88 e18ec37ac388d22d4474aa3a50e8bae357c1eaaea53416cb2d5fdc73d4171e59
CLIENT_TRAFFIC_SECRET_0 c3d9bfa42ddf0f4f0ee598d63a78363ff49b5271d42f1fad8e6ea0d41e1b2b88 0203318bebbed0986178b265b22793e48bc291588b1f935b6d472986349137e7
SERVER_TRAFFIC_SECRET_0 c3d9bfa42ddf0f4f0ee598d63a78363ff49b5271d42f1fad8e6ea0d41e1b2b88 f94525b80eaee5f7cf9ba78d69be1f1e8a423d37f5a83b80cd070b8cb698afb9
CLIENT_HANDSHAKE_TRAFFIC_SECRET 30f3ed182301ddb480db32c3555f599a2579f46f8f4fd974b2d82530489772f3 d97fb359c43f15102a1665c5dc4f217a70bc5f58067afc6e3b75376aae771a46
SERVER_HANDSHAKE_TRAFFIC_SECRET 30f3ed182301ddb480db32c3555f599a2579f46f8f4fd974b2d82530489772f3 85bb6c57a8b438c20ec0e0c550c0a85feedb71cb4c6439aa18a512bbc9dad024
CLIENT_TRAFFIC_SECRET_0 30f3ed182301ddb480db32c3555f599a2579f46f8f4fd974b2d82530489772f3 2710ff98fbf8dd245b5bf453c7d34f6966dffa4209e2e8ebbf5e27249871d814
SERVER_TRAFFIC_SECRET_0 30f3ed182301ddb480db32c3555f599a2579f46f8f4fd974b2d82530489772f3 226439c60cc8dc62fa6f8edcebdbc2c9571ea380adc089f26f2ddacac0360cea
CLIENT_HANDSHAKE_TRAFFIC_SECRET d2438118238e93829887c73ab889afe9d201361ab9fe2205c9fd86aafd11fe6b 11b23fd87ca4dd451ab26000e5dd8cc0b2bec861e28569f6e3e74a4369fe6530
SERVER_HANDSHAKE_TRAFFIC_SECRET d2438118238e93829887c73ab889afe9d201361ab9fe2205c9fd86aafd11fe6b 9c95a63c4ba73f9567fd4f8f1e759fb54ccaa8930cf1f9967749928f0dedee82
CLIENT_TRAFFIC_SECRET_0 d2438118238e93829887c73ab889afe9d201361ab9fe2205c9fd86aafd11fe6b e1607f12803ed9ecb39d28f2e12f36b95067909d284dd5052e57673af4ce4be0
SERVER_TRAFFIC_SECRET_0 d2438118238e93829887c73ab889afe9d201361ab9fe2205c9fd86aafd11fe6b df2c8723d8681517a2b53971a9c3f1122f5d91ae4b20d1676db7b6c1e6d3c9c7
CLIENT_HANDSHAKE_TRAFFIC_SECRET 670d654f333e3f1a3a0c19e223ad4d6ec9fc8e2c314ecb685635dd43c11d4199 e7418542e6f2c25b9815f1bf3928e07eb010147b0bf0fd33733a85ca545b96fb
SERVER_HANDSHAKE_TRAFFIC_SECRET 670d654f333e3f1a3a0c19e223ad4d6ec9fc8e2c314ecb685635dd43c11d4199 abb068d6bb2eb13f666f7142c2c43816d472481677659081f754aa64a304346e
CLIENT_TRAFFIC_SECRET_0 670d654f333e3f1a3a0c19e223ad4d6ec9fc8e2c314ecb685635dd43c11d4199 ff409dd430e5626b16919afa2d99a4391622a48882a0a242ce5c4387b326d29b
SERVER_TRAFFIC_SECRET_0 670d654f333e3f1a3a0c19e223ad4d6ec9fc8e2c314ecb685635dd43c11d4199 673bf3e110fc1875e19e5e451df4e66514ceb655593df63aff65722b54d32876
CLIENT_HANDSHAKE_TRAFFIC_SECRET be6d1719232a67b54b59ff09d7c7e7e4b9632d4d0aca017eb3e2403972666a58 0837f617dc76e6095769aca3ac14a51594319b41c00df6d0f2ecd1d1089c9452
SERVER_HANDSHAKE_TRAFFIC_SECRET be6d1719232a67b54b59ff09d7c7e7e4b9632d4d0aca017eb3e2403972666a58 2ef9ea2304506440263cf712d0104e483d4c4ee73c808a7f337c988ffdfea617
CLIENT_TRAFFIC_SECRET_0 be6d1719232a67b54b59ff09d7c7e7e4b9632d4d0aca017eb3e2403972666a58 1eb7fb7dbdeff2ca215da7a128c05c21f605493fafd466af695b9aebce96d36b
SERVER_TRAFFIC_SECRET_0 be6d1719232a67b54b59ff09d7c7e7e4b9632d4d0aca017eb3e2403972666a58 f9335c674d23758bd9294db0962a3e62892ce7347741503ae0415bd986c1fa28
CLIENT_HANDSHAKE_TRAFFIC_SECRET 5e83ea0fd8f5bfd4c441e7bc9dc6b65669e6e903941972f41e7afd15c1a4198e abe3a4a975a6fad688c27edb96d7a5d34d218ab8b5c2558ab7899d4e97613575
SERVER_HANDSHAKE_TRAFFIC_SECRET 5e83ea0fd8f5bfd4c441e7bc9dc6b65669e6e903941972f41e7afd15c1a4198e 3583b8512775420c5f738c7cbe905dee5e0447d4ff52e88855eb9daab1465ae4
CLIENT_TRAFFIC_SECRET_0 5e83ea0fd8f5bfd4c441e7bc9dc6b65669e6e903941972f41e7afd15c1a4198e 319f9087f6e74094d45dae8cdd108e34fcab0f366351e0c9f8ef0af272b85484
SERVER_TRAFFIC_SECRET_0 5e83ea0fd8f5bfd4c441e7bc9dc6b65669e6e903941972f41e7afd15c1a4198e 9a6ea751d2435cec5652a4937b45b9c409bb8f88747d5ed339342affe07fdc7f
CLIENT_HANDSHAKE_TRAFFIC_SECRET 43a5beb32a7bb6f08b86be9a36725c042af39950d0d88445ad49e968bd7750af 7b395485f97e6aca7b01df8c34ff2f941f76867391ec9eba9fc6008641b580c5
SERVER_HANDSHAKE_TRAFFIC_SECRET 43a5beb32a7bb6f08b86be9a36725c042af39950d0d88445ad49e968bd7750af d82213ea7113b5a6c5c04ed2d25cfce79c09fd5661dc5b0feae0220152c36f81
CLIENT_TRAFFIC_SECRET_0 43a5beb32a7bb6f08b86be9a36725c042af39950d0d88445ad49e968bd7750af 2e7e344c67b782e077b3d8909cf6c50cfcffe35cc8c31f0631d7dfabc1d4b551
SERVER_TRAFFIC_SECRET_0 43a5beb32a7bb6f08b86be9a36725c042af39950d0d88445ad49e968bd7750af 09bb2ecbab305c0e64f18c8ef3e579fd811922cf13a7c9dbf7c1246b605083ad
CLIENT_HANDSHAKE_TRAFFIC_SECRET 8388e0c3dff56bdd61be039738ea15464336210ecf2c8ca1488382d8551ce241 16dd775325f53789c110746eb8cd0a9f997906799438b1b19b494e39d2496184
SERVER_HANDSHAKE_TRAFFIC_SECRET 8388e0c3dff56bdd61be039738ea15464336210ecf2c8ca1488382d8551ce241 9fdd5aaa444d9d4bae1103ae2caf992434fd5b59b8ff6939c0b8a7ed494ca377
CLIENT_TRAFFIC_SECRET_0 8388e0c3dff56bdd61be039738ea15464336210ecf2c8ca1488382d8551ce241 2543c42aa51c3e494d62bb952d5d8f2454e35ea277d1d74aa107f1c0b729a62d
SERVER_TRAFFIC_SECRET_0 8388e0c3dff56bdd61be039738ea15464336210ecf2c8ca1488382d8551ce241 66bce040febe5023a6b7c360cd2c4db80bfe3738293ff9f77a0aaabfedfb4528
CLIENT_HANDSHAKE_TRAFFIC_SECRET ce9eb5e34af8c8bd47209e48ff7df1ec3c0d34ca21010252ec6cb2517619f448 acc89dde5dd4cedf0dd2205941df5383a8166579ea6d130a9563270e48ffde08
SERVER_HANDSHAKE_TRAFFIC_SECRET ce9eb5e34af8c8bd47209e48ff7df1ec3c0d34ca21010252ec6cb2517619f448 2e25f54b94d0c0c3141ea416b82c56dadf7fcfe2f3556fd6b7d18d734fa4da1e
CLIENT_TRAFFIC_SECRET_0 ce9eb5e34af8c8bd47209e48ff7df1ec3c0d34ca21010252ec6cb2517619f448 ccf3cb20a90b59503211e90656d77e789346e3d54803809c0239c6958d150046
SERVER_TRAFFIC_SECRET_0 ce9eb5e34af8c8bd47209e48ff7df1ec3c0d34ca21010252ec6cb2517619f448 e66fd672712e6d83ef987aa771c5dc6602a2eb362b0634b84d17a7984f4f668a
CLIENT_HANDSHAKE_TRAFFIC_SECRET edb0aba5e2c20743c66f8d85fe068efbb0275fa71851c0671d985d96b4a0d55c 346e7aa4d3b750443431a8cd5464d907fa1042f910ba2263fef8b654bf6f5a59
SERVER_HANDSHAKE_TRAFFIC_SECRET edb0aba5e2c20743c66f8d85fe068efbb0275fa71851c0671d985d96b4a0d55c d35419a0ef28440dcd6276e3c3f8fa917bf6522466fabdb9957a876de67ac18c
CLIENT_TRAFFIC_SECRET_0 edb0aba5e2c20743c66f8d85fe068efbb0275fa71851c0671d985d96b4a0d55c 84ce655089131684615732db0dba7f6b298a05fb1def27c9c7b72ce7569221b4
SERVER_TRAFFIC_SECRET_0 edb0aba5e2c20743c66f8d85fe068efbb0275fa71851c0671d985d96b4a0d55c 0f80b7516d0147125a51682697b5c1093d689219e3c98c0fd24a711ff4fad74d
CLIENT_HANDSHAKE_TRAFFIC_SECRET b51e54079b623f124c023ae577e07ac6cbe025b951cbac5cb3127c1ffacc0917 cffd06acb9a23adc93ba370ca8d800c83adb0fe6cba6d90c9b68b7d74b06ad9f
SERVER_HANDSHAKE_TRAFFIC_SECRET b51e54079b623f124c023ae577e07ac6cbe025b951cbac5cb3127c1ffacc0917 1662376f19757aa2d84dcff72de932f948a77066286b08e263730b3e6b21b22d
CLIENT_TRAFFIC_SECRET_0 b51e54079b623f124c023ae577e07ac6cbe025b951cbac5cb3127c1ffacc0917 40bf05357f49ad45751769868e42940743ccfc12e2801149972ef2f4fddb8fdd
SERVER_TRAFFIC_SECRET_0 b51e54079b623f124c023ae577e07ac6cbe025b951cbac5cb3127c1ffacc0917 05915b9deb91de8ef64517521e4f7083c535bd6441f423abb5724ffe42929fa0
CLIENT_HANDSHAKE_TRAFFIC_SECRET 36324040c986f8c97db5a6e8b943d21d6d9e92e2698f02d8412c1e000dda2972 17f2d5d476dc25afe7474d66029f6f335a9af2d017f18e30663be1c584ea24ea
SERVER_HANDSHAKE_TRAFFIC_SECRET 36324040c986f8c97db5a6e8b943d21d6d9e92e2698f02d8412c1e000dda2972 dd47bd31cb21d9cfbccff7b5b874406535f08c13873d7a48177ce04aa62bbdbc
CLIENT_TRAFFIC_SECRET_0 36324040c986f8c97db5a6e8b943d21d6d9e92e2698f02d8412c1e000dda2972 1933c2d08963261af4529c7770886dc8ff9bbe792f1bfc2f6320fa1f0fdc31b1
SERVER_TRAFFIC_SECRET_0 36324040c986f8c97db5a6e8b943d21d6d9e92e2698f02d8412c1e000dda2972 8b925292114ffcf2b4533ecb470a8782c5da23cf48d4a9e1c26ea0301d8b2221
CLIENT_HANDSHAKE_TRAFFIC_SECRET 322771ff407133c965c2fbbbd3f176777d7f94f7e931c68e35d4fc4730c019ec 2d9f867a90661a4da5b25580b15e532a0a4d34f7a0d5d07028c4024713a5e603
SERVER_HANDSHAKE_TRAFFIC_SECRET 322771ff407133c965c2fbbbd3f176777d7f94f7e931c68e35d4fc4730c019ec 8876032e83145b6eb3b4f59d488090cd330fa8b85cb20b0dcc04397678073fb4
CLIENT_TRAFFIC_SECRET_0 322771ff407133c965c2fbbbd3f176777d7f94f7e931c68e35d4fc4730c019ec 0ace056f609866d971206a06042da2592409b00999faf26fa75d79027cec5f20
SERVER_TRAFFIC_SECRET_0 322771ff407133c965c2fbbbd3f176777d7f94f7e931c68e35d4fc4730c019ec 52f14372c22c2fb649df27fcd7fb85ff0bfe7ab7d498b5723ecf480a90df19a6
CLIENT_HANDSHAKE_TRAFFIC_SECRET 05de95d819bb8ff0df48a1d9c10239ac50bcbd39fb90377a6a002df0a3ec898b 11b651af3778ca070a4712f5df7fa8a4e0a6df86570985a308ee659f2653d7b6
SERVER_HANDSHAKE_TRAFFIC_SECRET 05de95d819bb8ff0df48a1d9c10239ac50bcbd39fb90377a6a002df0a3ec898b 3297aa0ef4d9fe950a54bcf3e3c713326b559f26f743d601940ae2ccdc2a1596
CLIENT_TRAFFIC_SECRET_0 05de95d819bb8ff0df48a1d9c10239ac50bcbd39fb90377a6a002df0a3ec898b 17cf6f274dd611060cce21b34d2d73da2a9da7fd2be845dcda6bbd41ced4c413
SERVER_TRAFFIC_SECRET_0 05de95d819bb8ff0df48a1d9c10239ac50bcbd39fb90377a6a002df0a3ec898b 45ce8305f1c9097c7e658315d1645937ca89893d484c8c05c7f041b2446b8660
CLIENT_HANDSHAKE_TRAFFIC_SECRET a4594c31f81cd21f35532f271cfb896cb82066e3ad605d0b7d19c937c836b353 e3089ea28f8b7f31a30ef4b205fc8159690ae3e701d4248e11ef7a11f1fe2a11
SERVER_HANDSHAKE_TRAFFIC_SECRET a4594c31f81cd21f35532f271cfb896cb82066e3ad605d0b7d19c937c836b353 b33ac8a73922ab7021e542d6e92a74baa0ed5f4d6e82866ea43f535a5cc65a84
CLIENT_TRAFFIC_SECRET_0 a4594c31f81cd21f35532f271cfb896cb82066e3ad605d0b7d19c937c836b353 3e8402f5a2e316d125921ee3697a6306a016b68037b8cafc7a431d35464556c2
SERVER_TRAFFIC_SECRET_0 a4594c31f81cd21f35532f271cfb896cb82066e3ad605d0b7d19c937c836b353 62d5538008891276190193d7a9edc3cff68fe8af058dd609a7cd62f7f1b9aa84
CLIENT_HANDSHAKE_TRAFFIC_SECRET 69e1f36604b134da67dd479b155ef3ce875d8c82beb7cc24cffd752a2a2768aa 8dcc4f5f6fa1c48b1cf5591bdb2e9eee05bac78fcf79104f99f6a78eb19f51eb
SERVER_HANDSHAKE_TRAFFIC_SECRET 69e1f36604b134da67dd479b155ef3ce875d8c82beb7cc24cffd752a2a2768aa ba921d36b475ab81cf9d4ed53bbf2bc03c5146ddb94207fccbbaf4e30d3d6fe9
CLIENT_TRAFFIC_SECRET_0 69e1f36604b134da67dd479b155ef3ce875d8c82beb7cc24cffd752a2a2768aa cf0ecdc995d93fe59ba12e27ea36ef0d4388908d5aeb2ad52a34994746093c14
SERVER_TRAFFIC_SECRET_0 69e1f36604b134da67dd479b155ef3ce875d8c82beb7cc24cffd752a2a2768aa f9d19dcaefcc79a045820210cf859c7993e21cd8a14390eaaac72c0f879e0dec
CLIENT_HANDSHAKE_TRAFFIC_SECRET cd104645cbdbf6fd95d688de8c688101865761fa1839ca6924748693928fb8b4 6be6054de9deda5867ee11e0a748adf1efcb346c8c3801e1aea70c24db3157db
SERVER_HANDSHAKE_TRAFFIC_SECRET cd104645cbdbf6fd95d688de8c688101865761fa1839ca6924748693928fb8b4 44066ee5c7a324780b488bfc995157ae16fb99bb8c738e1b3ad10fa0bbe53cc2
CLIENT_TRAFFIC_SECRET_0 cd104645cbdbf6fd95d688de8c688101865761fa1839ca6924748693928fb8b4 e87b9bef95420e4d424756f3065a585ff77d7e9505439deebeb69c2bfb951c86
SERVER_TRAFFIC_SECRET_0 cd104645cbdbf6fd95d688de8c688101865761fa1839ca6924748693928fb8b4 7291763aac8033cfd3ba5a8486a827615f1b79a1f4d3e92aa9ed5c687034c585
CLIENT_HANDSHAKE_TRAFFIC_SECRET 599aa45c1c301660e4793200f296299ab2ed9380958c041bbc94f304c67b07cb ead364a35bf62ed59781a6d56db527b2956c927ce69c7c63195f623d8b01b726
SERVER_HANDSHAKE_TRAFFIC_SECRET 599aa45c1c301660e4793200f296299ab2ed9380958c041bbc94f304c67b07cb b3763dcf19b8cfb708b68c2a35525668a3ea24e2d348db4d386de0f56d6a8853
CLIENT_TRAFFIC_SECRET_0 599aa45c1c301660e4793200f296299ab2ed9380958c041bbc94f304c67b07cb d2a91d04f56a89aa2c8e964beb01e4f35b2611dcfa7c84e7888250c9be64f3b9
SERVER_TRAFFIC_SECRET_0 599aa45c1c301660e4793200f296299ab2ed9380958c041bbc94f304c67b07cb 4110f4e6655c4b9c30964cf0ad7be5859c21b97824be08a342db0b4fe768af7f
CLIENT_HANDSHAKE_TRAFFIC_SECRET e7ab2cad5d0fce69a6c0cf623f39e2e401f0d8f5a00fa62ce83f4c2aa64cfd3d d02f43753682823604cd6e491ce9b53a9ff9dd949a8137ff80107052f561cfb7
SERVER_HANDSHAKE_TRAFFIC_SECRET e7ab2cad5d0fce69a6c0cf623f39e2e401f0d8f5a00fa62ce83f4c2aa64cfd3d a02bddec553f08a4f3aa7999e136299404fe0a2a40e07b67106d9f0e1380b6f2
CLIENT_TRAFFIC_SECRET_0 e7ab2cad5d0fce69a6c0cf623f39e2e401f0d8f5a00fa62ce83f4c2aa64cfd3d c18d300aba0b97612931bf1f7d5c7382417e0efd25855637938df1fc5918378e
SERVER_TRAFFIC_SECRET_0 e7ab2cad5d0fce69a6c0cf623f39e2e401f0d8f5a00fa62ce83f4c2aa64cfd3d 0141071e16b6841072dba678a8c449ef676de538c6084f9caf54f6ad56309d27
CLIENT_HANDSHAKE_TRAFFIC_SECRET 3148fd77d97efcc5a76a91c79c2da70383d7415a44ca1c3afb9e1c3ac831c067 af193711faa040ea9bcbed7d215606c6ff64903e02e728a1bc83a20cd04301be
SERVER_HANDSHAKE_TRAFFIC_SECRET 3148fd77d97efcc5a76a91c79c2da70383d7415a44ca1c3afb9e1c3ac831c067 6650b59ceca93febab0abdcbb497d717a0d31d293c5d4f5149478dea669961fd
CLIENT_TRAFFIC_SECRET_0 3148fd77d97efcc5a76a91c79c2da70383d7415a44ca1c3afb9e1c3ac831c067 eec544a7bb6d2b83de7a751e60a09d6e2045305d5447912b3cdab266530779f8
SERVER_TRAFFIC_SECRET_0 3148fd77d97efcc5a76a91c79c2da70383d7415a44ca1c3afb9e1c3ac831c067 61c272b49cb9069077ae92c31e5f96ac2d30b80504219b0baded453f2c1db3be
CLIENT_HANDSHAKE_TRAFFIC_SECRET 40a60775ea220baf67cdfcedb35ed03a921032c407e6e7044f1de316d18dd0d8 03d19230bd69c5b5e7b9f8211cad35e6288c1bb66ee4734dbd8aaf2274c1af1a
SERVER_HANDSHAKE_TRAFFIC_SECRET 40a60775ea220baf67cdfcedb35ed03a921032c407e6e7044f1de316d18dd0d8 976338bcd0dd38ba1f73af971e74ec17ce1615aabd932e4f9fea2f6bc8da03ed
CLIENT_TRAFFIC_SECRET_0 40a60775ea220baf67cdfcedb35ed03a921032c407e6e7044f1de316d18dd0d8 2f78ede991848453700653b8832144e83f3097da285932ef8c1e5cbff24992a5
SERVER_TRAFFIC_SECRET_0 40a60775ea220baf67cdfcedb35ed03a921032c407e6e7044f1de316d18dd0d8 31e12592dea7d25199ae71a6ab80ea738965466853462e1d0811272bf2bd49a0
CLIENT_HANDSHAKE_TRAFFIC_SECRET 5466a77efe4a36d42bd94819bc699f9f48d82fa3fdbaed14187fcf4b53a1a1bd 9e7cb8fe33a9c3e74f283a4589d9fac1c3f94431901d3546caecf52655091eb8
SERVER_HANDSHAKE_TRAFFIC_SECRET 5466a77efe4a36d42bd94819bc699f9f48d82fa3fdbaed14187fcf4b53a1a1bd 3c138d61104f1991dd92a070990c6e7d6190097f9124184e4746c6fc826f9d2f
CLIENT_TRAFFIC_SECRET_0 5466a77efe4a36d42bd94819bc699f9f48d82fa3fdbaed14187fcf4b53a1a1bd b2af23c2b7ab5f11e4eb391e414f83609a0a9c61d769ab11e2803557956a295a
SERVER_TRAFFIC_SECRET_0 5466a77efe4a36d42bd94819bc699f9f48d82fa3fdbaed14187fcf4b53a1a1bd 61fbcc49d52dec1e98a20e8c9afad014b3b1b7cac14a430b95956160efcd29dd
CLIENT_HANDSHAKE_TRAFFIC_SECRET 08456b844cdc73833478fa2f6ac0e561894c04a69ede91dda3d839cf6dbc7836 03126546562793916eb676ab79c48046a3e90048b9abad2bccb719c50e9b1f98
SERVER_HANDSHAKE_TRAFFIC_SECRET 08456b844cdc73833478fa2f6ac0e561894c04a69ede91dda3d839cf6dbc7836 257aa46c7b94dd62bfaf1b70235afcc93980974ea4ae5f60cc86a28fa815bb73
CLIENT_TRAFFIC_SECRET_0 08456b844cdc73833478fa2f6ac0e561894c04a69ede91dda3d839cf6dbc7836 f5d5fe3674b80e4f8a30b34e64089272aff5b8ae6d628987c7ff040b6e3e0b86
SERVER_TRAFFIC_SECRET_0 08456b844cdc73833478fa2f6ac0e561894c04a69ede91dda3d839cf6dbc7836 90fc4c1b213ea68069a7e9585cfc66a2767319faf403bd3e35c81db1a2652ae5
CLIENT_HANDSHAKE_TRAFFIC_SECRET c210200b583447d9aec8c83c01456f7ba40ae17d4ea8984d06b2757c7f1c8c5a 696c7f55484110034959549a134e3fff43f8ad2a8ddfa4a1e32cb4470776e6aa
SERVER_HANDSHAKE_TRAFFIC_SECRET c210200b583447d9aec8c83c01456f7ba40ae17d4ea8984d06b2757c7f1c8c5a 813ea8966982b8497b3fd88c7ee6af5a8eb4210a044bb855009df884193dfcb4
CLIENT_TRAFFIC_SECRET_0 c210200b583447d9aec8c83c01456f7ba40ae17d4ea8984d06b2757c7f1c8c5a faa9c1e1b1fa57ce1cfe776919d83199c5cad81f3056e5a6de980d69dbb2afd9
SERVER_TRAFFIC_SECRET_0 c210200b583447d9aec8c83c01456f7ba40ae17d4ea8984d06b2757c7f1c8c5a 13f6f4c3594bc416faaba554ec65efbbd43de6aeda178213ffb5c155f8093f76
CLIENT_HANDSHAKE_TRAFFIC_SECRET 663de199e67b985350e38640386f85eafc8584dd6c0e03da82a06308e216dd10 a4fef2d77b9de2cb8de453a8f5f251103c2120e0030443f2f63bb99ddf0a2130
SERVER_HANDSHAKE_TRAFFIC_SECRET 663de199e67b985350e38640386f85eafc8584dd6c0e03da82a06308e216dd10 0c283eb820c183eff40573c4335f14ab32f8dfd6b409504d4b2ff8bf646440ea
CLIENT_TRAFFIC_SECRET_0 663de199e67b985350e38640386f85eafc8584dd6c0e03da82a06308e216dd10 0c13634a6a41df4f6b49867d2ba401a41f912dddb1261201cc7238162170d1ed
SERVER_TRAFFIC_SECRET_0 663de199e67b985350e38640386f85eafc8584dd6c0e03da82a06308e216dd10 41f54e77a70fdf0d981bb07e771bc301677c5a42e0a9d6bd226f30cd6141255d
CLIENT_HANDSHAKE_TRAFFIC_SECRET 6d1a5c2240aa2d54ebc0a8b3ebf8a54eea3ab4d5bad660c95076b4b9e90b5712 2f048681d600ca42079c5a8b70e6d22d70f563df972edcecaee13809e7ddc0a0
SERVER_HANDSHAKE_TRAFFIC_SECRET 6d1a5c2240aa2d54ebc0a8b3ebf8a54eea3ab4d5bad660c95076b4b9e90b5712 596bdf557e29ab6dbf562468bf53591a00b509d7f6a6f10dd12dc45c83a2de58
CLIENT_TRAFFIC_SECRET_0 6d1a5c2240aa2d54ebc0a8b3ebf8a54eea3ab4d5bad660c95076b4b9e90b5712 98f2c21fe7e33fab5ac3a6117999949fd378b97dff2428c2d51386891be1d7af
SERVER_TRAFFIC_SECRET_0 6d1a5c2240aa2d54ebc0a8b3ebf8a54eea3ab4d5bad660c95076b4b9e90b5712 52ae535e2a7d121a8a2ed4d6a2f7f2740a6fd5d4d5df99c74486d4b25d1da59b
CLIENT_HANDSHAKE_TRAFFIC_SECRET 6d7edfbe6b31059f02e44bfbef3d6b08dca7e8121cd5a3560b181bfd5918ae79 74ebe8505bc851c0fdef161e2eed2123e83d315a232b6e823f0184307fd4ac33
SERVER_HANDSHAKE_TRAFFIC_SECRET 6d7edfbe6b31059f02e44bfbef3d6b08dca7e8121cd5a3560b181bfd5918ae79 1daf87282227fc5eb8fec5abad32f439733682ac135c69b559ede9ccd2ac28d0
CLIENT_TRAFFIC_SECRET_0 6d7edfbe6b31059f02e44bfbef3d6b08dca7e8121cd5a3560b181bfd5918ae79 c894e1a2140242a178caff757c2745965eb847a79ed84a3654a6791f5b360d80
SERVER_TRAFFIC_SECRET_0 6d7edfbe6b31059f02e44bfbef3d6b08dca7e8121cd5a3560b181bfd5918ae79 611bd7a36226cc1aeaedaf3c2f0e71c43a82d9cfcf6d23de1a3a716bfa055ac8
CLIENT_HANDSHAKE_TRAFFIC_SECRET e73864800f4153d543ae7a0ad0095ab44d6e8f1aec6fd472e1070f31aae05e32 88805bcc1ad04b47f143a3ebadc1e27362cfea5c64985c0925fe16318f03c9d5
SERVER_HANDSHAKE_TRAFFIC_SECRET e73864800f4153d543ae7a0ad0095ab44d6e8f1aec6fd472e1070f31aae05e32 bc89486c58ea64790bf5c1deba9cd6bf09d1493992def787edde00baa50f52eb
CLIENT_TRAFFIC_SECRET_0 e73864800f4153d543ae7a0ad0095ab44d6e8f1aec6fd472e1070f31aae05e32 356c0b2f7ddd8679bd3fa7eab99ed41db913e79dd873090edab74499236742af
SERVER_TRAFFIC_SECRET_0 e73864800f4153d543ae7a0ad0095ab44d6e8f1aec6fd472e1070f31aae05e32 aa915abad41c6bc1b416fee63af32387f3352292696d5f8454c557a64c47be2d
CLIENT_HANDSHAKE_TRAFFIC_SECRET 509418a9b298430789aed931674719e859542c7cfa634ef1d44deb06b00b42db a8057fb18a243c76bdb0f6ab7e14aa0b16ba60b13dbee14b8b27d4c2cae4faf0
SERVER_HANDSHAKE_TRAFFIC_SECRET 509418a9b298430789aed931674719e859542c7cfa634ef1d44deb06b00b42db 92746d4ca374da14244f173f6bc5c47040f0e268053084e8de5d845e3dd7135c
CLIENT_TRAFFIC_SECRET_0 509418a9b298430789aed931674719e859542c7cfa634ef1d44deb06b00b42db 461d8600c3259c38edf9bb387eb3d4c5b599ce8a8c5028d37a12726030883ced
SERVER_TRAFFIC_SECRET_0 509418a9b298430789aed931674719e859542c7cfa634ef1d44deb06b00b42db 89ce1690929f3f6425a62e185db6647ea264950251f20b6cce763408f2c14e25
CLIENT_HANDSHAKE_TRAFFIC_SECRET 02f9c6e52801c493ccb133aff3a48ad7b5b639416faa5202fee5f7b8d702fb31 2109ecd845b14a5f90e35440a3940a16d91d4b7060c7bb4bf424b43a5446fffa
SERVER_HANDSHAKE_TRAFFIC_SECRET 02f9c6e52801c493ccb133aff3a48ad7b5b639416faa5202fee5f7b8d702fb31 113dccc83f0f7520dcb3ed8dc6fc846bf88025520c43ff014a224cd871247378
CLIENT_TRAFFIC_SECRET_0 02f9c6e52801c493ccb133aff3a48ad7b5b639416faa5202fee5f7b8d702fb31 30484efdcf630bfc6f7a51b7f671587a6d3f6ddc572b1722c620e38583217d3e
SERVER_TRAFFIC_SECRET_0 02f9c6e52801c493ccb133aff3a48ad7b5b639416faa5202fee5f7b8d702fb31 17444898e9dbea9c44b36f2a3be1305adf8d9343cdbe10e57f6a50ca66ae772e
CLIENT_HANDSHAKE_TRAFFIC_SECRET 9b45a527359a84ea4b1d376dd32241ebe56ed5f17e167ae87f462905f14537d6 85338d76e94abb79cd0049babbf955b425b7ea4302a229b858f36d8e5e941fc4
SERVER_HANDSHAKE_TRAFFIC_SECRET 9b45a527359a84ea4b1d376dd32241ebe56ed5f17e167ae87f462905f14537d6 4422f42082602df4efad12fc7da30830218b2f5eae46555f5163501dbac72997
CLIENT_TRAFFIC_SECRET_0 9b45a527359a84ea4b1d376dd32241ebe56ed5f17e167ae87f462905f14537d6 a974b3d58885b9cc12eb4d2a16e51650828a3a8ab3b63eeae88f85cbffc34b71
SERVER_TRAFFIC_SECRET_0 9b45a527359a84ea4b1d376dd32241ebe56ed5f17e167ae87f462905f14537d6 7f32220c5177ae88c0766b2b428024863d9a60188ab9e0403acb691574596f49
CLIENT_HANDSHAKE_TRAFFIC_SECRET 39357b0ec78ade2ad69d417e1b36eead9df5584df70ae1270c5b406c5342d7e0 647713be90d8186140378b95c7627145b2ce2dc8ff1f0b840d03ca7009978424
SERVER_HANDSHAKE_TRAFFIC_SECRET 39357b0ec78ade2ad69d417e1b36eead9df5584df70ae1270c5b406c5342d7e0 14ebf796247787e7755de0fe182de940e889e5149b6f92533f823cb5cd59cbec
CLIENT_TRAFFIC_SECRET_0 39357b0ec78ade2ad69d417e1b36eead9df5584df70ae1270c5b406c5342d7e0 bc4f5f371fd1d3a3b833b41174ad0f428aa546ff28321f1f11e272ebe30dde04
SERVER_TRAFFIC_SECRET_0 39357b0ec78ade2ad69d417e1b36eead9df5584df70ae1270c5b406c5342d7e0 48bfa623224057d5c13ef6dcd51fac2674bf25b65c784f25389a67bb51ec2e5f
CLIENT_HANDSHAKE_TRAFFIC_SECRET cbb0912461d7a16a6fbfe8198a3a3e312c903f409a92a6adc7738b8bd0c59ad0 06290713a1a6e3ac5e7edeec8ea044e52a5ad455704a442077577aa5f5fc8df0
SERVER_HANDSHAKE_TRAFFIC_SECRET cbb0912461d7a16a6fbfe8198a3a3e312c903f409a92a6adc7738b8bd0c59ad0 1e586f87b900c4cca187c89a8f9c5ee4377e390f74472a2f8479232d7b5e6c90
CLIENT_TRAFFIC_SECRET_0 cbb0912461d7a16a6fbfe8198a3a3e312c903f409a92a6adc7738b8bd0c59ad0 e867a75c96cf702ffb104f562aa777c2d8de898c7c838275b70b02b388a82caa
SERVER_TRAFFIC_SECRET_0 cbb0912461d7a16a6fbfe8198a3a3e312c903f409a92a6adc7738b8bd0c59ad0 86777cb2da26abdcb44b785f65b00574e2445f35582fa42525c2f5a76dd65b65
CLIENT_HANDSHAKE_TRAFFIC_SECRET 95ecc2d54a5b78f7be962e4c8ff090c948650cff6000d09095b8ab6ed6af5fe5 f34fc9710b8e81afeb06fc1b94eef4172027d03a3fe2c294c84189a8cd0bb87b
SERVER_HANDSHAKE_TRAFFIC_SECRET 95ecc2d54a5b78f7be962e4c8ff090c948650cff6000d09095b8ab6ed6af5fe5 e1393a4f0452841800d21c8b8656cceb9029f8de0a76f34ee803a766a5492cce
CLIENT_TRAFFIC_SECRET_0 95ecc2d54a5b78f7be962e4c8ff090c948650cff6000d09095b8ab6ed6af5fe5 2c103845b5bcf1a12e4d917f6fb5d28ca8999d4afc2f23e292baf9c9dc7b93a1
SERVER_TRAFFIC_SECRET_0 95ecc2d54a5b78f7be962e4c8ff090c948650cff6000d09095b8ab6ed6af5fe5 536166d84fa358b07407af5a5a2fec34ca4fd41542b009ce2db059a6f1329256
CLIENT_HANDSHAKE_TRAFFIC_SECRET d794a1ab13bb6461567739f93d6ac7255f0956541a41685dbaa9ead862884bb9 d33056aefd89b92e9d411f09be3893ee212115f36466baeefb4e2d58109b213c
SERVER_HANDSHAKE_TRAFFIC_SECRET d794a1ab13bb6461567739f93d6ac7255f0956541a41685dbaa9ead862884bb9 a9e685baecd09218cb1ce44048d7ef3cf9bf89a0933664e0480b7a20893ccb78
CLIENT_TRAFFIC_SECRET_0 d794a1ab13bb6461567739f93d6ac7255f0956541a41685dbaa9ead862884bb9 d5e77a1fabe277669424158ef5f55caeea196ffe3da09ce2c1912055986d02c1
SERVER_TRAFFIC_SECRET_0 d794a1ab13bb6461567739f93d6ac7255f0956541a41685dbaa9ead862884bb9 5adc036a864e82fede9e1763a7abfba06e7ac5f1f3b8a43b38678f50c514d773
CLIENT_HANDSHAKE_TRAFFIC_SECRET 574b54f8dacf5072d5baee9fe87a0d5b28ad958e2850058dfb94170469ac9e01 18c698f725ba96a3cc1be4eaf00c43fa18c05a9f1985bf4f1624b627b0eb5b5c
SERVER_HANDSHAKE_TRAFFIC_SECRET 574b54f8dacf5072d5baee9fe87a0d5b28ad958e2850058dfb94170469ac9e01 0f00c94f65964773944f9039366a4dda70152cbead937a624277363a28398951
CLIENT_TRAFFIC_SECRET_0 574b54f8dacf5072d5baee9fe87a0d5b28ad958e2850058dfb94170469ac9e01 20d9c37628dd907cbf23c5b4fb4acbf96acf4526c40cff66ecd931ca144b1b8d
SERVER_TRAFFIC_SECRET_0 574b54f8dacf5072d5baee9fe87a0d5b28ad958e2850058dfb94170469ac9e01 7e08a486fb3cfddc095062695a3533d8ae6f7acf894447a1a29dd8ea758b1dfa
CLIENT_HANDSHAKE_TRAFFIC_SECRET 2869a5a5f2a6cddcc7963b4ad8fae8231f064b1ee1bd8fefe231373f19712a50 afd7557616fbddfd258c8c12de7f64caf835013d8e5524354a773da6b36bf511
SERVER_HANDSHAKE_TRAFFIC_SECRET 2869a5a5f2a6cddcc7963b4ad8fae8231f064b1ee1bd8fefe231373f19712a50 fc7001dd4d8ba1bb9feaa1c5dd8abb3f47f6483ba9ffc260984db5bad5909bcd
CLIENT_TRAFFIC_SECRET_0 2869a5a5f2a6cddcc7963b4ad8fae8231f064b1ee1bd8fefe231373f19712a50 5dd235e9625a0ac9eb3bf4807d9dac3090f0081bdad13c1edc8d1a81bd60e8ce
SERVER_TRAFFIC_SECRET_0 2869a5a5f2a6cddcc7963b4ad8fae8231f064b1ee1bd8fefe231373f19712a50 efdccce34628db7dfe0b98de28892a699610069ed033927ca3d9920259a3b87e
CLIENT_HANDSHAKE_TRAFFIC_SECRET 881f54dc7ef0f347f9e6e7b734a92f59fe8472b15ab9a19f35e6d1160895c3d7 23be749869c69b776beb28e6acead26254ddd80020f847b83c8fa9c130a8e8c9
SERVER_HANDSHAKE_TRAFFIC_SECRET 881f54dc7ef0f347f9e6e7b734a92f59fe8472b15ab9a19f35e6d1160895c3d7 5f047e41e43be2731f42fac7f8f1bbd66941cb2c5352e832dc3adf918e7341a0
CLIENT_TRAFFIC_SECRET_0 881f54dc7ef0f347f9e6e7b734a92f59fe8472b15ab9a19f35e6d1160895c3d7 d8f20541edc982ddad903e0e337110ce3372c56e1e18d45b19bce01b9331307a
SERVER_TRAFFIC_SECRET_0 881f54dc7ef0f347f9e6e7b734a92f59fe8472b15ab9a19f35e6d1160895c3d7 1834f76b53dc031d89295665f5004523211c383108fe8c3384eed163be710975
CLIENT_HANDSHAKE_TRAFFIC_SECRET de172ae7bdf185afaf29c6e8d1f21d39be7f6162c1154ef5db9b53ef3922469d f547f437a7aaa07e0d66c2d022a9e0c0cc29a937cdf40f6ca847105d9fbb275f
SERVER_HANDSHAKE_TRAFFIC_SECRET de172ae7bdf185afaf29c6e8d1f21d39be7f6162c1154ef5db9b53ef3922469d c303f60a91f131d24d1cf225bfb30b57c10aba05be9edede3ae065aa51763b84
CLIENT_TRAFFIC_SECRET_0 de172ae7bdf185afaf29c6e8d1f21d39be7f6162c1154ef5db9b53ef3922469d 6160b2a169f616238ae425848707a2391ade2292ab35929aa8fea49e7fc5b917
SERVER_TRAFFIC_SECRET_0 de172ae7bdf185afaf29c6e8d1f21d39be7f6162c1154ef5db9b53ef3922469d 7469f70bd7533084ae4b0054868552b014ba13264fe8b997b0613497300aca0d
CLIENT_HANDSHAKE_TRAFFIC_SECRET 09d1c509ec16125313cbdc769b945d2d6206be08ec63f2aef08122735dc1569e 870bdfabc69b0714b994d3358a6463fe8ddfd5fd77692a7554a4b5790f94a571
SERVER_HANDSHAKE_TRAFFIC_SECRET 09d1c509ec16125313cbdc769b945d2d6206be08ec63f2aef08122735dc1569e 682c30c3da5548efa45c57dc934a1c207cc8cf33485615eb61a8c55bf87feaac
CLIENT_TRAFFIC_SECRET_0 09d1c509ec16125313cbdc769b945d2d6206be08ec63f2aef08122735dc1569e effae23915796405d750fedcd61453406d41ace3fa17556304885916d7f2c7ce
SERVER_TRAFFIC_SECRET_0 09d1c509ec16125313cbdc769b945d2d6206be08ec63f2aef08122735dc1569e 47e27a849bc32a09acb27ffae80ad8d179dfd95dcd890beb98ca68d3b68528ff
CLIENT_HANDSHAKE_TRAFFIC_SECRET 26adf1f4c50eea670d601986ebc2ffe9b9ec07f04a2700049317021fef76d459 50565fa48fc55ab636a78a5417cbf67d28b8a8df0b0d4cbb5de17539e1398dc4
SERVER_HANDSHAKE_TRAFFIC_SECRET 26adf1f4c50eea670d601986ebc2ffe9b9ec07f04a2700049317021fef76d459 9e631db7a0b968c90a85790b9d87b74435f7a4aac5f5e1b4ba35c94fa41183e9
CLIENT_TRAFFIC_SECRET_0 26adf1f4c50eea670d601986ebc2ffe9b9ec07f04a2700049317021fef76d459 db73eda1b800f657e78a13e97726a2938db776868e36d7b4d8543bb92ddc992f
SERVER_TRAFFIC_SECRET_0 26adf1f4c50eea670d601986ebc2ffe9b9ec07f04a2700049317021fef76d459 986a3b5c6cfd4aec25deee44682650a83ee4788d6259c75a879c2f22188f0c74
CLIENT_HANDSHAKE_TRAFFIC_SECRET 7abb0ea57d2ce8070877cbf191b9129c5e1555bba622911fd2f791642fe7be74 78b5d7324aaa03ea6c9bc720275367101d5b161b4177ba30c4f8dbd6907210e6
SERVER_HANDSHAKE_TRAFFIC_SECRET 7abb0ea57d2ce8070877cbf191b9129c5e1555bba622911fd2f791642fe7be74 d2a5ee37c4f538e0c3ca7fdb4c4bf9bbd5a9d78a72f14e0964b1f2ae7ac46b79
CLIENT_TRAFFIC_SECRET_0 7abb0ea57d2ce8070877cbf191b9129c5e1555bba622911fd2f791642fe7be74 58b5e013c000bc88293964878c989dbfd7f9eac67b072588c92a674b6a05148b
SERVER_TRAFFIC_SECRET_0 7abb0ea57d2ce8070877cbf191b9129c5e1555bba622911fd2f791642fe7be74 cfd372b3995382de974670a40332376cf980154a1e71078a9d0399dede105574
CLIENT_HANDSHAKE_TRAFFIC_SECRET f19a49926d2e7fef143f9373601b76a55dafb95682e18d7dd2e3c0aa7592bd85 eeabc0d921f0691bf4c86f4d6a130bcbb80b0416c13b5c62dc6cc3f2e841da49
SERVER_HANDSHAKE_TRAFFIC_SECRET f19a49926d2e7fef143f9373601b76a55dafb95682e18d7dd2e3c0aa7592bd85 ce4c1322ba80c9f3bfc2ea563b06504c60dc7a3e4209106533b1a30e96ed58d3
CLIENT_TRAFFIC_SECRET_0 f19a49926d2e7fef143f9373601b76a55dafb95682e18d7dd2e3c0aa7592bd85 254f923a056f37620e0280ec83372c6a74615b403c970cde8c38d893e534df2c
SERVER_TRAFFIC_SECRET_0 f19a49926d2e7fef143f9373601b76a55dafb95682e18d7dd2e3c0aa7592bd85 b90630c06f2023de28947ab1fa85873c92c108ea95aa8c3821a7ea361eac7087
CLIENT_HANDSHAKE_TRAFFIC_SECRET b81721ebecf5c1790a4f601c2867ddf48d6811d9d7c4c7a1c933016c429997ce c246215c0952a460fbc33e23d32207b0a875df38e9c4c70a683e5a7ea7dfac70
SERVER_HANDSHAKE_TRAFFIC_SECRET b81721ebecf5c1790a4f601c2867ddf48d6811d9d7c4c7a1c933016c429997ce ae7cf3e9989b6ee94705f08ec614050f3729cc245abcc8a5e5c20ea4a4ad1b50
CLIENT_TRAFFIC_SECRET_0 b81721ebecf5c1790a4f601c2867ddf48d6811d9d7c4c7a1c933016c429997ce ce086588c8609d713cd6390cfc70d8fa7d140bd5da401a6532adfc01d4a0c8be
SERVER_TRAFFIC_SECRET_0 b81721ebecf5c1790a4f601c2867ddf48d6811d9d7c4c7a1c933016c429997ce b40e4cdf4e95c93c720079e6c608f5c4d6d2a49af8a5a8857461e614a13dd70c
CLIENT_HANDSHAKE_TRAFFIC_SECRET d148a19a71efeaf0d2e732ce8c46a4565eb1c86e5cc878fa1f45f35665a82994 884044d34ecdf2b34ece749c3fcddac5181ed736806c84217026a999cb750195
SERVER_HANDSHAKE_TRAFFIC_SECRET d148a19a71efeaf0d2e732ce8c46a4565eb1c86e5cc878fa1f45f35665a82994 0ec69a2e061ab744d1a2f93f1a74b679eb1bc03a842e80acac8b97114548a919
CLIENT_TRAFFIC_SECRET_0 d148a19a71efeaf0d2e732ce8c46a4565eb1c86e5cc878fa1f45f35665a82994 1d3d46a89dd0b49afab0f9a9c48db4520d0dea25732c71e895f27fda969ffc8f
SERVER_TRAFFIC_SECRET_0 d148a19a71efeaf0d2e732ce8c46a4565eb1c86e5cc878fa1f45f35665a82994 04842fbb3ed28bf7e15d21e4197a2351dab5e952826d57f5f8f0045cce928ed2
CLIENT_HANDSHAKE_TRAFFIC_SECRET 9966dd4199c827a00c0b710532310335bf7025c852b64771e00c6da01e364971 50eb041c4f903a6465038595f6684639a4de080af129750d1e9be4fae6e723f9
SERVER_HANDSHAKE_TRAFFIC_SECRET 9966dd4199c827a00c0b710532310335bf7025c852b64771e00c6da01e364971 9ac6d20974cb637ac3764dcacd679fd03950ead692f8d05f5c58daf40663683a
CLIENT_TRAFFIC_SECRET_0 9966dd4199c827a00c0b710532310335bf7025c852b64771e00c6da01e364971 aff084476424c9f0bf64084c60dbcc9ba3aae15803661892ee9bd2efbfdf9c69
SERVER_TRAFFIC_SECRET_0 9966dd4199c827a00c0b710532310335bf7025c852b64771e00c6da01e364971 732c1db0209554c3635160be67c09bb2ca2a800883726ff12bebbba6a8dda5cd
CLIENT_HANDSHAKE_TRAFFIC_SECRET f391f63901ae15c89aa17b8bd0b96c865a96e8d705d8707b00f39ac4905b62db a9a41155b8cc31157e4f37e1a179cf061a1829690a1085b93a4a275748e91ab1
SERVER_HANDSHAKE_TRAFFIC_SECRET f391f63901ae15c89aa17b8bd0b96c865a96e8d705d8707b00f39ac4905b62db fb724e0c2cbde34686b40f8965e80c3577704223f76758eafa13ebd02f692d3d
CLIENT_TRAFFIC_SECRET_0 f391f63901ae15c89aa17b8bd0b96c865a96e8d705d8707b00f39ac4905b62db 718dd1679c7fda34fb635f86450e669b50d7bd29145f8594a6609126a34ddf77
SERVER_TRAFFIC_SECRET_0 f391f63901ae15c89aa17b8bd0b96c865a96e8d705d8707b00f39ac4905b62db 1911cfa9d809ba8c31128c3d8cb7f21403b54e7f6eae70b2badc247d24e847b9
CLIENT_HANDSHAKE_TRAFFIC_SECRET 7e5b7fec37312596c7f4f309073bd8e54be3cdb3cce4b10bea19166747ffdb30 741ed897c70fb2d83a5bac9648612ad3d12b9ce66857c63127cb8882957e4c8d
SERVER_HANDSHAKE_TRAFFIC_SECRET 7e5b7fec37312596c7f4f309073bd8e54be3cdb3cce4b10bea19166747ffdb30 31631ef9de5e9c78d5b6827c300aca129af010dbdb53910c3b4ac486d7af3cfe
CLIENT_TRAFFIC_SECRET_0 7e5b7fec37312596c7f4f309073bd8e54be3cdb3cce4b10bea19166747ffdb30 049a814f61db49417fb285569f8d11f674539a6840dab290c8b4f5e8d594e7e6
SERVER_TRAFFIC_SECRET_0 7e5b7fec37312596c7f4f309073bd8e54be3cdb3cce4b10bea19166747ffdb30 42855582de2392f6d0a32c998a6b19e8acc0221a892358ffb52e1887c528e355
CLIENT_HANDSHAKE_TRAFFIC_SECRET 817f6d6ddae62b1ede450547cc06240ab3c1e6b2f6e0b6903115db751640393f e214666323bfb9316a005b091f651aefc8867c168b102168526b2fec89419978
SERVER_HANDSHAKE_TRAFFIC_SECRET 817f6d6ddae62b1ede450547cc06240ab3c1e6b2f6e0b6903115db751640393f e6d2ea6ab1888e7da0df78e7612756702353dee8dc4cc1c97568a4b5aea71633
CLIENT_TRAFFIC_SECRET_0 817f6d6ddae62b1ede450547cc06240ab3c1e6b2f6e0b6903115db751640393f ef301cb7ceb335894e733021cee0205992139e5dad8254ca1d6a48e048b32c0b
SERVER_TRAFFIC_SECRET_0 817f6d6ddae62b1ede450547cc06240ab3c1e6b2f6e0b6903115db751640393f df034d6710beacba1fc9e24b543bf1ce3bf1830e7834ee2f9bd662f2920847db
CLIENT_HANDSHAKE_TRAFFIC_SECRET 9aae82ff30baaeceba9e63ac059e4a9da7151ffa3d5ab206a29e1017ca795b81 228f4ff19e229e5397102a405f66b4abea0ba54d5b333528c164f0c8d9cc449e
SERVER_HANDSHAKE_TRAFFIC_SECRET 9aae82ff30baaeceba9e63ac059e4a9da7151ffa3d5ab206a29e1017ca795b81 408aa0ecacc721c33d589652095a1925842a51c904a2cfaff0672f66c9719e14
CLIENT_TRAFFIC_SECRET_0 9aae82ff30baaeceba9e63ac059e4a9da7151ffa3d5ab206a29e1017ca795b81 a94436e892a2dffa38d26493abb88b6f7a7b57c572a7c75aa8a50de24b173ec5
SERVER_TRAFFIC_SECRET_0 9aae82ff30baaeceba9e63ac059e4a9da7151ffa3d5ab206a29e1017ca795b81 a62990072dfc3dee2076a2fdad02d474e7f1d840e0d3823966f180a7ef0abfcc
CLIENT_HANDSHAKE_TRAFFIC_SECRET 8d2cf28f853bbc6d639f72f64c3913b6000382901af300092f6cd1e6550a2b1b e032dc3dc36f82fda045c3103d720b72e021a935139190676a005e9b58a62911
SERVER_HANDSHAKE_TRAFFIC_SECRET 8d2cf28f853bbc6d639f72f64c3913b6000382901af300092f6cd1e6550a2b1b bfb4d344b6e3af4ad96d5c6f70692a5af74ff88cd5407a6fb90b8cceebe63a93
CLIENT_TRAFFIC_SECRET_0 8d2cf28f853bbc6d639f72f64c3913b6000382901af300092f6cd1e6550a2b1b 4db6d591632966607bf5bd0cf3113ce0b259d7834b1e8866db0ac3d82192a224
SERVER_TRAFFIC_SECRET_0 8d2cf28f853bbc6d639f72f64c3913b6000382901af300092f6cd1e6550a2b1b 75ac73978ac8dc68c047cfa22c0694ef31be227810800ff3a67b6d21c92b77d8
CLIENT_HANDSHAKE_TRAFFIC_SECRET ab3f1125700332edf85c806e360b57269683567a055f8414fb632a9964cdc883 afdbc8e356b44fdbca58976f1eb6fd2ce8f1548c8b17f3684ebbfb44a161c568
SERVER_HANDSHAKE_TRAFFIC_SECRET ab3f1125700332edf85c806e360b57269683567a055f8414fb632a9964cdc883 a2a31bf8c6ced1c4b9aeccfbfde76c079ffa4edab93907dacd242a477ddeb671
CLIENT_TRAFFIC_SECRET_0 ab3f1125700332edf85c806e360b57269683567a055f8414fb632a9964cdc883 4694d4f7018624674db4a70aefa20bae323055ea4392e53248e62c2b163bafc0
SERVER_TRAFFIC_SECRET_0 ab3f1125700332edf85c806e360b57269683567a055f8414fb632a9964cdc883 667e6fbadcdcc2b93190cebf694de0a9d2d76310238948a7bce2d11d480efce1
CLIENT_HANDSHAKE_TRAFFIC_SECRET 4dd85c035727de51de08babe0804b2934e434df3fc5428f51e748a28e18c2e59 087d975dc7c9c6633f089d015830dfeaef05c8dcbe86db58e8595f902827c89f
SERVER_HANDSHAKE_TRAFFIC_SECRET 4dd85c035727de51de08babe0804b2934e434df3fc5428f51e748a28e18c2e59 bcf31bda3c9a63adf3db0a65d6e76a974cc6e93f962f0a9032a2fcbc2e5db4ce
CLIENT_TRAFFIC_SECRET_0 4dd85c035727de51de08babe0804b2934e434df3fc5428f51e748a28e18c2e59 0a995e7cfc39c09de2642dc34d1edc261aba8539873a6558cd7cf215aee9c6bf
SERVER_TRAFFIC_SECRET_0 4dd85c035727de51de08babe0804b2934e434df3fc5428f51e748a28e18c2e59 9e9fd0412ba7d0704c2396ec0636f00abfade0d4886b2909661dedf2f46df3c2
CLIENT_HANDSHAKE_TRAFFIC_SECRET c620e7e3d790618e56d69da9ac6b8ab1135df782ed76b4022ff9a5f98c5f2016 290665ee00b0dc9db2f882bb1481c8fd396cd3ad4b482ef0dfce3c7f8b45f48f
SERVER_HANDSHAKE_TRAFFIC_SECRET c620e7e3d790618e56d69da9ac6b8ab1135df782ed76b4022ff9a5f98c5f2016 176762e94bc93b4b4008e72b2f254c0477d6b620dd392e681481524bbe3b9782
CLIENT_TRAFFIC_SECRET_0 c620e7e3d790618e56d69da9ac6b8ab1135df782ed76b4022ff9a5f98c5f2016 a1865aa0194fc889a5c1252f4cd49f616fdba65fe307f2549b26c2977cd1cde7
SERVER_TRAFFIC_SECRET_0 c620e7e3d790618e56d69da9ac6b8ab1135df782ed76b4022ff9a5f98c5f2016 fd8d4329ac8a447f613b4130985fd859c81689a584d8146754bfbcd38ffc35fc
CLIENT_HANDSHAKE_TRAFFIC_SECRET d5d7945f9eed08f0c11a6c5f92ed80c39e2eb364500b483f246254b30e4ba79d 3997339f77a55d10a801d720cfcef691aecaddb98cbbee33487b67a9526dba78
SERVER_HANDSHAKE_TRAFFIC_SECRET d5d7945f9eed08f0c11a6c5f92ed80c39e2eb364500b483f246254b30e4ba79d 8f10e9737fa3a5952456a9eb41bbd7edde9538c2547c8baaed626281517778c9
CLIENT_TRAFFIC_SECRET_0 d5d7945f9eed08f0c11a6c5f92ed80c39e2eb364500b483f246254b30e4ba79d 7e7dc54c4c84931a176bf9157bcdc45dfc4b87f711f2bba67c19bb2904f95117
SERVER_TRAFFIC_SECRET_0 d5d7945f9eed08f0c11a6c5f92ed80c39e2eb364500b483f246254b30e4ba79d 0a8db268ae1e459333cf30370bc024bdb0020fc0c60a152209e0a5990b708349
CLIENT_HANDSHAKE_TRAFFIC_SECRET e0de672ed134a4ca16a926ccfc71310a972639bff88a6b383d40389141182eda e3e19e29567d64ca30a97da2598b80e0ace55515596ec391c7266f6cba5bd5a7
SERVER_HANDSHAKE_TRAFFIC_SECRET e0de672ed134a4ca16a926ccfc71310a972639bff88a6b383d40389141182eda 89d6c412a34b39888fad26e1f743a2dadfb5e950745fb69892323a00cb330e66
CLIENT_TRAFFIC_SECRET_0 e0de672ed134a4ca16a926ccfc71310a972639bff88a6b383d40389141182eda 8601495e84b526267ea920e918df0c205c28fccc6418d9d8a0569f0a9d2e53de
SERVER_TRAFFIC_SECRET_0 e0de672ed134a4ca16a926ccfc71310a972639bff88a6b383d40389141182eda 896a6828b8be163269b697586f9cd213c63bf5a94e2111d333b19a148ba1d33d
CLIENT_HANDSHAKE_TRAFFIC_SECRET a25ad49b41091bfa77e48d1025b3925f35525528b0ca0787e1e78a431d10a456 3fe16ccaeab438292302085f99c8542fe4b1d862d66156c0815025e0b7f349dd
SERVER_HANDSHAKE_TRAFFIC_SECRET a25ad49b41091bfa77e48d1025b3925f35525528b0ca0787e1e78a431d10a456 82bdea4afaefe291d1c6b9d0f08e62f56ddceb990d5b95b81276cde1e7c2475e
CLIENT_TRAFFIC_SECRET_0 a25ad49b41091bfa77e48d1025b3925f35525528b0ca0787e1e78a431d10a456 758a5c08000869c50596aadd414438ae4873c6f75e7b8e24d103bb22054201e9
SERVER_TRAFFIC_SECRET_0 a25ad49b41091bfa77e48d1025b3925f35525528b0ca0787e1e78a431d10a456 38ce6c373c6f6a02d168b4f5cd0e66ad9703ed4a9de7c199fb71278b85ec4695
CLIENT_HANDSHAKE_TRAFFIC_SECRET 606844207c1f1bccfc4d4256b4233e8b8164f11a6b4c08ce8e4d1d12140187e0 1a257cd2b4be568c84d02888d04796b60221a21883944f138ef0b531dceae69e
SERVER_HANDSHAKE_TRAFFIC_SECRET 606844207c1f1bccfc4d4256b4233e8b8164f11a6b4c08ce8e4d1d12140187e0 3bd7c7de2916f11669fc5d59c973f649e7553d4af96202b26717aa8030f6b6be
CLIENT_TRAFFIC_SECRET_0 606844207c1f1bccfc4d4256b4233e8b8164f11a6b4c08ce8e4d1d12140187e0 f7b5fb98bcbf536c1239aef9965c8b6efdf9205ea7d141cbae0fd978ebc18ece
SERVER_TRAFFIC_SECRET_0 606844207c1f1bccfc4d4256b4233e8b8164f11a6b4c08ce8e4d1d12140187e0 73b6738cdf1fa7960949a2782653a90e1c909a57ea6e7d588cfeef6aceeff06d
CLIENT_HANDSHAKE_TRAFFIC_SECRET b2fa17e7915367ce035e8744129389d4c34381d771efda5288a1555314573f76 10d8abfa7bb7ad5c21ced7541558fcb069df9d8211752d2f3face5eaed63334c
SERVER_HANDSHAKE_TRAFFIC_SECRET b2fa17e7915367ce035e8744129389d4c34381d771efda5288a1555314573f76 b23e9c34a54b67119f892f55e0fc30eee769bec04d5d7c6b4224cc9b0255190e
CLIENT_TRAFFIC_SECRET_0 b2fa17e7915367ce035e8744129389d4c34381d771efda5288a1555314573f76 564636770b070686f3b84396daee5bcfbc2bffa2fdaa5ef315ecb8243c4d1544
SERVER_TRAFFIC_SECRET_0 b2fa17e7915367ce035e8744129389d4c34381d771efda5288a1555314573f76 8c4782d342a2e6f6ad72354f89bf40609413eb8316139af97d5304db49acc1df
CLIENT_HANDSHAKE_TRAFFIC_SECRET 629926965c75d45ffc4606d656fca6cb3194d382c56c4eb4e8f43ca7b2dc0802 ea753cc543331dc39083dee8b875c40dfb117a6b4dc8ba7f710af70f0ae09f7b
SERVER_HANDSHAKE_TRAFFIC_SECRET 629926965c75d45ffc4606d656fca6cb3194d382c56c4eb4e8f43ca7b2dc0802 5fccd0990b155f86e586aa9e75d570fc41a51554df345513992faa661170ad25
CLIENT_TRAFFIC_SECRET_0 629926965c75d45ffc4606d656fca6cb3194d382c56c4eb4e8f43ca7b2dc0802 6a8f1364710acfe05502a130b941d7a16f0f9f9a14da488a9e67ee3fcc0d1dd6
SERVER_TRAFFIC_SECRET_0 629926965c75d45ffc4606d656fca6cb3194d382c56c4eb4e8f43ca7b2dc0802 9e23ecd8102fbd364e6ac3f7e420ff30f56444e97d5c5e03f8d50415fe6d9d8b
CLIENT_HANDSHAKE_TRAFFIC_SECRET 0b039e318218cd7fafe86d80b4b52e2e907095e24b9ff10adc3fa82237a01f6b 198119c8adf4ff68fb6b0577eeb6342e5d45b3e22183da3672fa079f891aee14
SERVER_HANDSHAKE_TRAFFIC_SECRET 0b039e318218cd7fafe86d80b4b52e2e907095e24b9ff10adc3fa82237a01f6b 55ed8d95ba6068f618a06e6c8744bf0e03ee4be3d31cf6421ea49d2b5c270eef
CLIENT_TRAFFIC_SECRET_0 0b039e318218cd7fafe86d80b4b52e2e907095e24b9ff10adc3fa82237a01f6b 34a59fdf8350158dcaad1e730bc1d5a0cfce69d73dccfcc269f570b876582799
SERVER_TRAFFIC_SECRET_0 0b039e318218cd7fafe86d80b4b52e2e907095e24b9ff10adc3fa82237a01f6b ec8fa84097c551f9ac929d4a1f3cd78444aa21e31ff5fe34f5142241105acf57
CLIENT_HANDSHAKE_TRAFFIC_SECRET 4cc6ace8ee535cb75d744ed2eca9c358da140b3140a57584a1a7473179b22f02 d1d9bda6f930cce9f1c376186ebf6f208e3e709c602fff0db28f4a6389273fa1
SERVER_HANDSHAKE_TRAFFIC_SECRET 4cc6ace8ee535cb75d744ed2eca9c358da140b3140a57584a1a7473179b22f02 ca1fef85ddf0695e59f0ac380687fb0104019db1deeed93e0d1005d0c4105d6e
CLIENT_TRAFFIC_SECRET_0 4cc6ace8ee535cb75d744ed2eca9c358da140b3140a57584a1a7473179b22f02 ef9ee59747b344a30c4ccc821810fc05839ed5ca8e7f7e93d6376b4a4d567b97
SERVER_TRAFFIC_SECRET_0 4cc6ace8ee535cb75d744ed2eca9c358da140b3140a57584a1a7473179b22f02 a50937ec0bb72a958f0593497d59baba9930691548998c614c43a940b1c3fc2a
CLIENT_HANDSHAKE_TRAFFIC_SECRET b188214dd4e729a296ef9126e9aa9908476e77792dcfaacc53c56611d1a64ba1 51ec247e16b025bd4d9d6f35b87ccaf62e459f7efa1a6768df25b212156482d8
SERVER_HANDSHAKE_TRAFFIC_SECRET b188214dd4e729a296ef9126e9aa9908476e77792dcfaacc53c56611d1a64ba1 111f0e4b5fa7df650de8647aef3c3950fc398675beb21a3b2ef711496e980b59
CLIENT_TRAFFIC_SECRET_0 b188214dd4e729a296ef9126e9aa9908476e77792dcfaacc53c56611d1a64ba1 d4a6061f79b30ed0fc0d454814e382eadc0cc08fc5e4d5fd93063e2f63cc3fff
SERVER_TRAFFIC_SECRET_0 b188214dd4e729a296ef9126e9aa9908476e77792dcfaacc53c56611d1a64ba1 fa0f36bf96f61e4a7213cefc185d1a00cf7533c02ffdb0dad160e86bf854e9a4
CLIENT_HANDSHAKE_TRAFFIC_SECRET f9692921e2012d93de272c131031125be9dc3da7a37a984576238eeb8b45ee75 9a08774cd4976ff49d88d4f59b96559e810250abcb3241cde28cc66e3ab7ec88
SERVER_HANDSHAKE_TRAFFIC_SECRET f9692921e2012d93de272c131031125be9dc3da7a37a984576238eeb8b45ee75 e0aa6a191de61d60d2d0d638d2a1d0e4b8ef2fa55ccc5d2d44cb413c8ae8c1ba
CLIENT_TRAFFIC_SECRET_0 f9692921e2012d93de272c131031125be9dc3da7a37a984576238eeb8b45ee75 1009e485457fe052efaf9df4c72e0eafffd929ad949dc9019f16098db21fc44a
SERVER_TRAFFIC_SECRET_0 f9692921e2012d93de272c131031125be9dc3da7a37a984576238eeb8b45ee75 7434d09ef9e95fb1bf8f690ede715cfc61a8ed334836ca45453250b95e881f97
CLIENT_HANDSHAKE_TRAFFIC_SECRET 2866df5784efc6b3e5a16a363f0af695c217257d3bc378a73036da4d22a9e574 5d4dd31c8d702fe855fd933049dfe39dbba0f604f8288baedda4f08b74cc815e
SERVER_HANDSHAKE_TRAFFIC_SECRET 2866df5784efc6b3e5a16a363f0af695c217257d3bc378a73036da4d22a9e574 5b6485f5be6e6e784cb26eb512623668b110f34a5f1c151baefee7ffe17b3ab8
CLIENT_TRAFFIC_SECRET_0 2866df5784efc6b3e5a16a363f0af695c217257d3bc378a73036da4d22a9e574 ee93c72c1c75b974bf0dfa44179f516a15230167fc08d347551ff99e8a1cb0f0
SERVER_TRAFFIC_SECRET_0 2866df5784efc6b3e5a16a363f0af695c217257d3bc378a73036da4d22a9e574 25382d6c128094d12e8cff68b5ab0f2664bbc30bf18378c7dc041b6aaf115019
CLIENT_HANDSHAKE_TRAFFIC_SECRET 13a06900073c94b4da6d9957173f36f00edfd23ff0f3f5bb2191cf560b881eba 63623b5182510127be8e6380e26d2d4500b1e3a73e6afdf16a26f4fa03b22216
SERVER_HANDSHAKE_TRAFFIC_SECRET 13a06900073c94b4da6d9957173f36f00edfd23ff0f3f5bb2191cf560b881eba 2f2dced53e5042f841ee6a039344abe9fa01a34db46feb4bfe12cefe5de80f6c
CLIENT_TRAFFIC_SECRET_0 13a06900073c94b4da6d9957173f36f00edfd23ff0f3f5bb2191cf560b881eba 6b3bc3d45a6bd0f44b2385b592eae728951937c7121ecfc0e08811a33287ae33
SERVER_TRAFFIC_SECRET_0 13a06900073c94b4da6d9957173f36f00edfd23ff0f3f5bb2191cf560b881eba 4f1a9ff9831fa1d6e3d767e057af5b416425261c1a72836212a9101dd26a098c
CLIENT_HANDSHAKE_TRAFFIC_SECRET 386afb279051506527bc2b71a23bdaab05163419c38fcf73b569395b0ab4b66a 81675843a5fe00257cc50b4a7792361fef4df0355a2d4581cf2324561ad6813b
SERVER_HANDSHAKE_TRAFFIC_SECRET 386afb279051506527bc2b71a23bdaab05163419c38fcf73b569395b0ab4b66a 8f747b20f7e115996dbd37df2a1457ba78711a81104c5048544490a6a02c4803
CLIENT_TRAFFIC_SECRET_0 386afb279051506527bc2b71a23bdaab05163419c38fcf73b569395b0ab4b66a 55b405c7a171f0cfe5b250b92aa0ff7f2005b7e17e80ccdefb3f9f61799bb692
SERVER_TRAFFIC_SECRET_0 386afb279051506527bc2b71a23bdaab05163419c38fcf73b569395b0ab4b66a cc53f24d307226e0145ac2e192c4b65e9142486147b02cd609fcc94125399b0b
CLIENT_HANDSHAKE_TRAFFIC_SECRET b79b3787e3eadf55ecaa790fe4fd6659a48b67bad0e43f99b06d1ab5f44cbd38 726ecc2089f04b7c5ff29d112e06eb22965cfa04b2ebb961cda39e48223ac402
SERVER_HANDSHAKE_TRAFFIC_SECRET b79b3787e3eadf55ecaa790fe4fd6659a48b67bad0e43f99b06d1ab5f44cbd38 6005192c580c15cfd5747cc1b4990671bbd85e07b41938ced77a2f00cfc6b599
CLIENT_TRAFFIC_SECRET_0 b79b3787e3eadf55ecaa790fe4fd6659a48b67bad0e43f99b06d1ab5f44cbd38 5c79be83df25c43b8f195041e2278ed2f5847b1e3b216b7c07304f12aa269b99
SERVER_TRAFFIC_SECRET_0 b79b3787e3eadf55ecaa790fe4fd6659a48b67bad0e43f99b06d1ab5f44cbd38 8c063cf421ab32ecbe74f7a7284b58afdc853f92135141ee0afe247f7cec6dba
CLIENT_HANDSHAKE_TRAFFIC_SECRET 3e2863f7c27bbfb3485a5c92a79ba3e3894fea18db73320a3d2c7ad20b600429 468e9e02a281ee60c90571b54bacfbbcf243d595e49aa4b7ae8846fa8ed8cd9b
SERVER_HANDSHAKE_TRAFFIC_SECRET 3e2863f7c27bbfb3485a5c92a79ba3e3894fea18db73320a3d2c7ad20b600429 200cb961a1c4b82d4d9537234126db5ea0fc5141520b1d7a53356e27f39c4656
CLIENT_TRAFFIC_SECRET_0 3e2863f7c27bbfb3485a5c92a79ba3e3894fea18db73320a3d2c7ad20b600429 2a0474b09819a4695d74a2d9a8b24dee66a4a8bbf82b5c2c57c7072b9a1119cb
SERVER_TRAFFIC_SECRET_0 3e2863f7c27bbfb3485a5c92a79ba3e3894fea18db73320a3d2c7ad20b600429 b6c205957dfc8ce4ee6eedcb16019156416be60f1a7eb902ba6e0483ad5919a1
CLIENT_HANDSHAKE_TRAFFIC_SECRET 2b334c83b6b09cab69d4739ee93cba6a6d2a1b771e74a507f3a6c532ac9c7e8c 76da909da063da757ea456e2fdaf28ef93a603d5d3aa7ec3549a726a5b901d5b
SERVER_HANDSHAKE_TRAFFIC_SECRET 2b334c83b6b09cab69d4739ee93cba6a6d2a1b771e74a507f3a6c532ac9c7e8c 71a96518fc474a1f53071e0691e8ec67612c50685b8e5acee1a9178fbf4e4319
CLIENT_TRAFFIC_SECRET_0 2b334c83b6b09cab69d4739ee93cba6a6d2a1b771e74a507f3a6c532ac9c7e8c e76f3f5485534d9298eebe96578aebc740de0dc1b93306ce92652dfa7ad0bd89
SERVER_TRAFFIC_SECRET_0 2b334c83b6b09cab69d4739ee93cba6a6d2a1b771e74a507f3a6c532ac9c7e8c 21ec8a4d9e554caca8d2f8552073d57688eae24289d2f0fd918a226474fd692d
CLIENT_HANDSHAKE_TRAFFIC_SECRET 744e9c590d319c6cc51cb02541f7f5c3d96b7b4d3fe2daa88a9b687f23eb708d 30e8992ea47305eec401cfe2253aa7c76be1bf1ebafadea0957cad956431a864
SERVER_HANDSHAKE_TRAFFIC_SECRET 744e9c590d319c6cc51cb02541f7f5c3d96b7b4d3fe2daa88a9b687f23eb708d a6e7d02c1154b35cda5731547616ed61df5d4c50368a42e289d6fd46fb1dfab0
CLIENT_TRAFFIC_SECRET_0 744e9c590d319c6cc51cb02541f7f5c3d96b7b4d3fe2daa88a9b687f23eb708d eaad38d993c8df766dec6f1e9bdfc27b645ca42f43ac0db2e549664d2c59e520
SERVER_TRAFFIC_SECRET_0 744e9c590d319c6cc51cb02541f7f5c3d96b7b4d3fe2daa88a9b687f23eb708d 3259d5b359a02223a8a83d3bbf92288a7f8a6c45df76d52156774c65165d1fb9
CLIENT_HANDSHAKE_TRAFFIC_SECRET 4d0a69d47e46dac17348254ed7c14da0a1d25f84b42c58e30a8a2bc97e71c464 3454af6f5c96fe06c75df562977806e04c4e84376e801dc43e123ed71f5b5fac
SERVER_HANDSHAKE_TRAFFIC_SECRET 4d0a69d47e46dac17348254ed7c14da0a1d25f84b42c58e30a8a2bc97e71c464 eb5a0c8b8c2f60501e3cc2b3986cf60b59ecd9f48e7211e19bee6d5b3c9efae7
CLIENT_TRAFFIC_SECRET_0 4d0a69d47e46dac17348254ed7c14da0a1d25f84b42c58e30a8a2bc97e71c464 c3131dd072f95436d01631a154f7a6a8020533f0c5d36d3fb4a6202c7731ca2c
SERVER_TRAFFIC_SECRET_0 4d0a69d47e46dac17348254ed7c14da0a1d25f84b42c58e30a8a2bc97e71c464 7caaa80bc97d90a7ec8455d65783815d0551b1931422c99a9c65ef0fb9f4f03b
CLIENT_HANDSHAKE_TRAFFIC_SECRET ac394c84609c1cd513898260a52c3673245fc2269460b79cb735e0a5f065999c 0083dc955f77614a6a5dbaeb2b99dae50932699ad5afce18e585296b8e670309
SERVER_HANDSHAKE_TRAFFIC_SECRET ac394c84609c1cd513898260a52c3673245fc2269460b79cb735e0a5f065999c b5e5bac48d3edfabeb2bbc5e5568d9e66469c10c2513576c77b6402df9a22c40
CLIENT_TRAFFIC_SECRET_0 ac394c84609c1cd513898260a52c3673245fc2269460b79cb735e0a5f065999c e9e389eb1d6090e126b2b0a66102e93e1c127f6d1d19a6abebe53a84b22f593a
SERVER_TRAFFIC_SECRET_0 ac394c84609c1cd513898260a52c3673245fc2269460b79cb735e0a5f065999c 376f574023b3aeecd127168c2df52aec266e4648649bfd3904b0e43c8098e659
CLIENT_HANDSHAKE_TRAFFIC_SECRET aedf7bbf858cb81438773b04a80677b475f6062028ffb62bfa31f82c3f6dc42a b936b73810b4fc7fa1861540c57986c0c54810055066db23c425c7343ddbd9f1
SERVER_HANDSHAKE_TRAFFIC_SECRET aedf7bbf858cb81438773b04a80677b475f6062028ffb62bfa31f82c3f6dc42a 164f23db40d3f9f9bcf3791d9cf74f7f74c1d969b56d223318a1259556ded311
CLIENT_TRAFFIC_SECRET_0 aedf7bbf858cb81438773b04a80677b475f6062028ffb62bfa31f82c3f6dc42a c4d8d2af8dc830fc9c2319bc4973e08407de3a79ffba57355fa811cd9cddfe55
SERVER_TRAFFIC_SECRET_0 aedf7bbf858cb81438773b04a80677b475f6062028ffb62bfa31f82c3f6dc42a d921f387234c40cca2e71b3c13e11aa5b92a996516bf6042d0dcf8ddb4a97c28
CLIENT_HANDSHAKE_TRAFFIC_SECRET 0b53e565f43556ddbc8a7af8bef305fd832ec78af57db327539ef33a5c8ec7d8 a204baca844a5c076b64cc274159ca2502616df84133699ae2e7e5234eb3f905
SERVER_HANDSHAKE_TRAFFIC_SECRET 0b53e565f43556ddbc8a7af8bef305fd832ec78af57db327539ef33a5c8ec7d8 cf3f0138b3e23f45673119b20374a38d6bad929def3f466c9a21ca586a9260a8
CLIENT_TRAFFIC_SECRET_0 0b53e565f43556ddbc8a7af8bef305fd832ec78af57db327539ef33a5c8ec7d8 354909eed8277dd075ddfc52e1f6aa02950599be9535094caf19a267ac18ed54
SERVER_TRAFFIC_SECRET_0 0b53e565f43556ddbc8a7af8bef305fd832ec78af57db327539ef33a5c8ec7d8 0b494d1225665c0f8a1559f0872195cf4434e39ba348c97dc0b64dfc55cc5189
CLIENT_HANDSHAKE_TRAFFIC_SECRET e8126a0ed879e235d232d3c69ed6bd2aae67eb85d85f04c5db6e08cbbe60d98a df8ad3045b61a2f3c35129bc46e781ef77705f479bd884a529c8c7b09991dd15
SERVER_HANDSHAKE_TRAFFIC_SECRET e8126a0ed879e235d232d3c69ed6bd2aae67eb85d85f04c5db6e08cbbe60d98a a22b98cbb1314a35f8933344794c6c57a33f4ba65382fbd0e188d9995e6dae5a
CLIENT_TRAFFIC_SECRET_0 e8126a0ed879e235d232d3c69ed6bd2aae67eb85d85f04c5db6e08cbbe60d98a 97abcbf29d9e9ac23d5b43c6098d6b3a87642cf50b6ff23e9a59cecebfa7e4e1
SERVER_TRAFFIC_SECRET_0 e8126a0ed879e235d232d3c69ed6bd2aae67eb85d85f04c5db6e08cbbe60d98a 20d206609e1401db83bc674792cf878855629c4073fe419a0aa8edb1043b179e
CLIENT_HANDSHAKE_TRAFFIC_SECRET e24b1c7e45332c68208cfc6fc46e7ea9249c33db7ac2038690dadfd4d92bd4db 3bedbec649e1ed424a2b50570ae50a5048888279566abfc2a39d06a4147cd11e
SERVER_HANDSHAKE_TRAFFIC_SECRET e24b1c7e45332c68208cfc6fc46e7ea9249c33db7ac2038690dadfd4d92bd4db 570baf1e2a1e40a512cae237aa31d7f4c604715f25f238889d0fcb43da094cd0
CLIENT_TRAFFIC_SECRET_0 e24b1c7e45332c68208cfc6fc46e7ea9249c33db7ac2038690dadfd4d92bd4db 5a6a1d492df306a777e8ddbc04f07b3c13570df234df15e56855a9f999348380
SERVER_TRAFFIC_SECRET_0 e24b1c7e45332c68208cfc6fc46e7ea9249c33db7ac2038690dadfd4d92bd4db b7b148a9567f5778a9dd548b221a3d2ff6c38cdd23876bba965e0f89845b081d
CLIENT_HANDSHAKE_TRAFFIC_SECRET fb5e28c5390aadddfa83d4277ccb64384740d645082d30f35a2f56bc56a286b3 9c485efe04467d2ca08c1a28c236a9ceef5bfb692c1a0053b8a6fe5b953e9fe3
SERVER_HANDSHAKE_TRAFFIC_SECRET fb5e28c5390aadddfa83d4277ccb64384740d645082d30f35a2f56bc56a286b3 c7671dc0bc6a86590f928cbaf323dd48073db133d882101dc1f78b78e465a485
CLIENT_TRAFFIC_SECRET_0 fb5e28c5390aadddfa83d4277ccb64384740d645082d30f35a2f56bc56a286b3 684876a4ef9adef3c92ae9b448c69bc79e44cfebd1d30fd18dcf4e00783b2691
SERVER_TRAFFIC_SECRET_0 fb5e28c5390aadddfa83d4277ccb64384740d645082d30f35a2f56bc56a286b3 5ee908549c8ad105bd77ab58ffbf915f7bdfd6188894db387dd0421af518be28
CLIENT_HANDSHAKE_TRAFFIC_SECRET e724b492caeadb57c215f986eea404b1158c11dc0b00289bee6990b49762e530 9f30bfab1eee667d362e38e2c3584f0f711d4dc3685ea09fff4ae63198870eb3
SERVER_HANDSHAKE_TRAFFIC_SECRET e724b492caeadb57c215f986eea404b1158c11dc0b00289bee6990b49762e530 46c88015c4bfded5505607f5a0a094147cef9c82867307334fd0b48138e6ec2b
CLIENT_TRAFFIC_SECRET_0 e724b492caeadb57c215f986eea404b1158c11dc0b00289bee6990b49762e530 a0484e4c08582de442a060c511cacb8eba06a6c0d7eae76917141385a1b9b253
SERVER_TRAFFIC_SECRET_0 e724b492caeadb57c215f986eea404b1158c11dc0b00289bee6990b49762e530 e7c5d1494afc1ca4d61fbf4683bd0df12a95361ef7bd6f97cdb1bc22eac4dbde
CLIENT_HANDSHAKE_TRAFFIC_SECRET 0d60769b3e9c5255fa7e5f2d2e2d8cb1e422c2d283e1675f0424a48eb4c31793 2d75942fbfa2903426c1627a49f09d21c1b97e2be6e01041bad24c34f56f730a
SERVER_HANDSHAKE_TRAFFIC_SECRET 0d60769b3e9c5255fa7e5f2d2e2d8cb1e422c2d283e1675f0424a48eb4c31793 e328a60d1c121e735cb3e5b38de856e13328becf76219448d38f5bea853a7d91
CLIENT_TRAFFIC_SECRET_0 0d60769b3e9c5255fa7e5f2d2e2d8cb1e422c2d283e1675f0424a48eb4c31793 2aeabc860da312a5ff55cb56dc1ec7834ddc730a05e8d19fb1623854b8550ca3
SERVER_TRAFFIC_SECRET_0 0d60769b3e9c5255fa7e5f2d2e2d8cb1e422c2d283e1675f0424a48eb4c31793 d645698a6bfae6dad7cc262069eb27e620c71455ffb0c6f7b35dfc80e5c6c597
CLIENT_HANDSHAKE_TRAFFIC_SECRET 25b15db94e2f80f246f683ae831e6be5eff1b2313b8ef0c4e68c913cdcfb995b adb597d3c52ee2b73aac24e8a93cdcd2a2ba270c14c2ebc55655dcf1a238cb1f
SERVER_HANDSHAKE_TRAFFIC_SECRET 25b15db94e2f80f246f683ae831e6be5eff1b2313b8ef0c4e68c913cdcfb995b 96fde7813310d6be92bdce770917a073d9a6e547ce76b108c4febe6594a9c1f9
CLIENT_TRAFFIC_SECRET_0 25b15db94e2f80f246f683ae831e6be5eff1b2313b8ef0c4e68c913cdcfb995b c32fdd5873e9a392727737c4c9946fda99d188d6c091ea40f0f67ae11b547d4f
SERVER_TRAFFIC_SECRET_0 25b15db94e2f80f246f683ae831e6be5eff1b2313b8ef0c4e68c913cdcfb995b 19b023810d118d4fa989f776a81cd2e63b478d7bf88b647aec76fea0f7927bb7
CLIENT_HANDSHAKE_TRAFFIC_SECRET 4aa10952ef76f14c62c3cf39ee97ab6bfca40c437de26e4f293af8706c147c9b dfeef4bef361e64fe3f8c4bce83c6c895b33800525519baac7e34874482065e5
SERVER_HANDSHAKE_TRAFFIC_SECRET 4aa10952ef76f14c62c3cf39ee97ab6bfca40c437de26e4f293af8706c147c9b fbc481979367df782721313cfcb6434a5116cb67c4046e45fa9896be7e3fca93
CLIENT_TRAFFIC_SECRET_0 4aa10952ef76f14c62c3cf39ee97ab6bfca40c437de26e4f293af8706c147c9b dd5da9e585773fb553926b8390d100dcb25a0553be3e2e035db8cee87f963bae
SERVER_TRAFFIC_SECRET_0 4aa10952ef76f14c62c3cf39ee97ab6bfca40c437de26e4f293af8706c147c9b 9dfcffae81b0570bd4d5e4bde19ddaeb8dbc78ae85b437597f43a70a3d5fab25
CLIENT_HANDSHAKE_TRAFFIC_SECRET b46e01a9920ccc5ede9666bf9b8ec5b37f6133bca615bc23233be24a25340255 5e03c5bee24d734cac9bf3a6c340c717a49f70b02f46cd6e13e3603b2f95e3df
SERVER_HANDSHAKE_TRAFFIC_SECRET b46e01a9920ccc5ede9666bf9b8ec5b37f6133bca615bc23233be24a25340255 f0da14ea003fa06966471996f5fc1ff069a71d169774a394887b9ae762c6bbe1
CLIENT_TRAFFIC_SECRET_0 b46e01a9920ccc5ede9666bf9b8ec5b37f6133bca615bc23233be24a25340255 1c579a384f85a9da1e4c06dc300503a8e6cb75493662a0e3b2d799596bbb451d
SERVER_TRAFFIC_SECRET_0 b46e01a9920ccc5ede9666bf9b8ec5b37f6133bca615bc23233be24a25340255 7cb653663ceff2d8664bf98db2a083b3e2acfd33630069a54e171de5e8846c2b
CLIENT_HANDSHAKE_TRAFFIC_SECRET 9f4596ce24c7bb6a73a2ed88d07b7fb4fa27616c429ab1be2ccd7153fe2df7de 78e3fcbbf9bc60621ce6216cf64e3888f222011b80c5934d947f50f1afb485af
SERVER_HANDSHAKE_TRAFFIC_SECRET 9f4596ce24c7bb6a73a2ed88d07b7fb4fa27616c429ab1be2ccd7153fe2df7de cd0ca75820110efe58fc324f8fde0ddbd912be151fad7982b76d5a5aa1ed105e
CLIENT_TRAFFIC_SECRET_0 9f4596ce24c7bb6a73a2ed88d07b7fb4fa27616c429ab1be2ccd7153fe2df7de 46a606369639361df34c2e1bf6d4d6fdbdcec60c0b434d1bd371c82c5c82d45d
SERVER_TRAFFIC_SECRET_0 9f4596ce24c7bb6a73a2ed88d07b7fb4fa27616c429ab1be2ccd7153fe2df7de 02a63a50ddb668da688c6bb0c28f37cf73a738589ac209a8e2111d564b67d01d
CLIENT_HANDSHAKE_TRAFFIC_SECRET b8915de7b611e7aca209f52822aed02b9eeb13e8757e995c7c1810a2af305139 57e206e83b78ed993b73cf065ad9cb61b9448d82d46ef224446743eab1966950
SERVER_HANDSHAKE_TRAFFIC_SECRET b8915de7b611e7aca209f52822aed02b9eeb13e8757e995c7c1810a2af305139 9dda1a586a72047e03746d9d16e53ca80d33d250363151718ae39ae945b1a50b
CLIENT_TRAFFIC_SECRET_0 b8915de7b611e7aca209f52822aed02b9eeb13e8757e995c7c1810a2af305139 07c42a5136844199a2931eb133718254aad26d0ea28d485539d73c31894974bc
SERVER_TRAFFIC_SECRET_0 b8915de7b611e7aca209f52822aed02b9eeb13e8757e995c7c1810a2af305139 4a25070d26dc63a48e419a8698c3b9cb44f710c7c0e9f732f5fa23af2a29a4b3
CLIENT_HANDSHAKE_TRAFFIC_SECRET b1205311f0282ba3923ddca3ee28b0603a6d4564599ff2ff484d0070649c6573 d62916684a997add2c3fdf60626b18d84c1820b22adf233a671631acebfe86f7
SERVER_HANDSHAKE_TRAFFIC_SECRET b1205311f0282ba3923ddca3ee28b0603a6d4564599ff2ff484d0070649c6573 af80fb9f6cb42fd42e1d19baf9d6ac0863fdcd77390e75174827129ca953606d
CLIENT_TRAFFIC_SECRET_0 b1205311f0282ba3923ddca3ee28b0603a6d4564599ff2ff484d0070649c6573 b0e940f62bf11efb691abcf4c150aa731249ff0aa665c01f1a0ec45474ee6c84
SERVER_TRAFFIC_SECRET_0 b1205311f0282ba3923ddca3ee28b0603a6d4564599ff2ff484d0070649c6573 10c35cf5adc061f7a43098e4b6d14422c959ae038c3fa55ccbef7172e60636fd
CLIENT_HANDSHAKE_TRAFFIC_SECRET 1f8c48ff8fb13a8ec45a87ddf0e42b7a6791188c3980837f4e44b16cec9796cc 9f41f22d000e7903fad9a952cc2e181236b26cfd485e23bae22ff3f1f0ac624e
SERVER_HANDSHAKE_TRAFFIC_SECRET 1f8c48ff8fb13a8ec45a87ddf0e42b7a6791188c3980837f4e44b16cec9796cc 4b579aa23835d47843df6bf9532db77c76babbe03af7fc02365f2e412f8503ab
CLIENT_TRAFFIC_SECRET_0 1f8c48ff8fb13a8ec45a87ddf0e42b7a6791188c3980837f4e44b16cec9796cc df92e56e287b24a221ff658d774f48773a908d385761f87ba130bc9b4ba50c6b
SERVER_TRAFFIC_SECRET_0 1f8c48ff8fb13a8ec45a87ddf0e42b7a6791188c3980837f4e44b16cec9796cc c2b28c8aaff8a16c1c864095ac9eb7823867896f33aadf44dbca365fd22508d7
CLIENT_HANDSHAKE_TRAFFIC_SECRET 5d56940db5c084c201aefdaf4018c63ec8d62079a0f692033770fa4cda54f09a 7b548ecdf4ae7388d41cb054c2730805d55f20324dab38baf78152ec1da5a031
SERVER_HANDSHAKE_TRAFFIC_SECRET 5d56940db5c084c201aefdaf4018c63ec8d62079a0f692033770fa4cda54f09a 5f7db55cb98e191b0f15291da7602d175c65341db038dacddeb945e8143cb0a4
CLIENT_TRAFFIC_SECRET_0 5d56940db5c084c201aefdaf4018c63ec8d62079a0f692033770fa4cda54f09a 4604c6a480d77d4d06ccaa7356084774fd9b7d681180421d9ccc6bb387c0a12b
SERVER_TRAFFIC_SECRET_0 5d56940db5c084c201aefdaf4018c63ec8d62079a0f692033770fa4cda54f09a f13d38ed36af873ba6cc96e234b42e8a2b9e49cb20ca68d69a9e76853d73b99a
CLIENT_HANDSHAKE_TRAFFIC_SECRET d3704967723d3e3ad3f04fc02811086dc5d1ca424b5cf6b158239f2eb8a3a76e 6a2ddc93fcdb21f418c932cc500533805356f232b4a36bb1ae830779cc490330
SERVER_HANDSHAKE_TRAFFIC_SECRET d3704967723d3e3ad3f04fc02811086dc5d1ca424b5cf6b158239f2eb8a3a76e 9753173ff1d2b9e59cc38e75a3a3605b0c2b05d4792efb1fd0a11ffc7f027562
CLIENT_TRAFFIC_SECRET_0 d3704967723d3e3ad3f04fc02811086dc5d1ca424b5cf6b158239f2eb8a3a76e 61ecea77758a76633b855cb514df8b92444f0eefd63213cb4154b808568780e5
SERVER_TRAFFIC_SECRET_0 d3704967723d3e3ad3f04fc02811086dc5d1ca424b5cf6b158239f2eb8a3a76e 6f3fff5cb7b294895b1d9b82927a1f792af0a68aa7fe6abe698f2f1840c0a10f
CLIENT_HANDSHAKE_TRAFFIC_SECRET f3c1d199e291b18e46dad96c0dff4bf6ec3d252075a7162bbb7eda16faa689d6 d70ed9e411b20815836b6c43ddaf945a7f228e1b7fb28671def5f342cf062d1b
SERVER_HANDSHAKE_TRAFFIC_SECRET f3c1d199e291b18e46dad96c0dff4bf6ec3d252075a7162bbb7eda16faa689d6 fddb69ac82e5297dbc67199d5e41cf59547860a96252ce479fa22d1954d2bb66
CLIENT_TRAFFIC_SECRET_0 f3c1d199e291b18e46dad96c0dff4bf6ec3d252075a7162bbb7eda16faa689d6 43e2d234d7c061c9568de323e2e162119d36869d252646e3543c8dd7bb02983a
SERVER_TRAFFIC_SECRET_0 f3c1d199e291b18e46dad96c0dff4bf6ec3d252075a7162bbb7eda16faa689d6 759b60b81e54078114f389dae543b4cfb49a7195d2e6f1dc3cf94a078316451c
CLIENT_HANDSHAKE_TRAFFIC_SECRET 6a63b1f593ceeed690a52a59a3ddc6b6848e76ca427a9567502bb1011248c95e c2fef9c6ae39a144369bacabc11419093d21a8bd882d4b2732b90f74b014cdce
SERVER_HANDSHAKE_TRAFFIC_SECRET 6a63b1f593ceeed690a52a59a3ddc6b6848e76ca427a9567502bb1011248c95e f64150bfd44d0ca57005c4e302740c3571d255db96dda704284979b705ec2371
CLIENT_TRAFFIC_SECRET_0 6a63b1f593ceeed690a52a59a3ddc6b6848e76ca427a9567502bb1011248c95e de952dc15e03b76ada7ccf080bb4b4824ac2a40d924c8cb4a838f24c49cd75df
SERVER_TRAFFIC_SECRET_0 6a63b1f593ceeed690a52a59a3ddc6b6848e76ca427a9567502bb1011248c95e a9db025be8edfc031eccc1f683bb305820153a22923a02dc07a8a20c49c3c455
CLIENT_HANDSHAKE_TRAFFIC_SECRET d3118ee9fe2da4c912e5f48efd65eb0a2502b23f597eac862224ad0cec609f85 0e59d3209a00b97121f52b321eb813c64de437424f9ceab5984a3549d0085df5
SERVER_HANDSHAKE_TRAFFIC_SECRET d3118ee9fe2da4c912e5f48efd65eb0a2502b23f597eac862224ad0cec609f85 7caf2b2da8624d0b934dec8ceb2d4ed4b93198b2626fb1185741a4d14740f0cc
CLIENT_TRAFFIC_SECRET_0 d3118ee9fe2da4c912e5f48efd65eb0a2502b23f597eac862224ad0cec609f85 f46d7b310dbfd96c806aa6430a4876f8c430b42da2771d579c34ee2b10954310
SERVER_TRAFFIC_SECRET_0 d3118ee9fe2da4c912e5f48efd65eb0a2502b23f597eac862224ad0cec609f85 a7daf99471252bb9d37da2e5c5686c3d2a4a5d326337a8b5f552e2422a17009a
CLIENT_HANDSHAKE_TRAFFIC_SECRET e6631bbad38de010a3dc9a922b2b1171e373bfad56de41b33064a5ca1b87ee0f a59db3d666f5a78b17cce73319199a1f1075a5c3061066f6853c3bf1ca447a9d
SERVER_HANDSHAKE_TRAFFIC_SECRET e6631bbad38de010a3dc9a922b2b1171e373bfad56de41b33064a5ca1b87ee0f 104cd9d630a9c844bfbf1da4dba585cbcbb6d2fc4773432430daf76e72a75d8c
CLIENT_TRAFFIC_SECRET_0 e6631bbad38de010a3dc9a922b2b1171e373bfad56de41b33064a5ca1b87ee0f b6be8352e6143454869d13441a0fa52a3183d2f706ac005e915ca6db093f3c81
SERVER_TRAFFIC_SECRET_0 e6631bbad38de010a3dc9a922b2b1171e373bfad56de41b33064a5ca1b87ee0f 4e023426c7fab90afcee66f4cf5b06931957f9c8a119285cc2eaa1e9c8279402
CLIENT_HANDSHAKE_TRAFFIC_SECRET 5ff54546b085f9bb19b841861754d71c10ebf0204ca533262af739957927c74f c30d6b9a0878094e9b87f6874324bf3e2898690ee4a4af685fa6eac607210827
SERVER_HANDSHAKE_TRAFFIC_SECRET 5ff54546b085f9bb19b841861754d71c10ebf0204ca533262af739957927c74f 9ca08d40eb8703e1e4fb0688327739a06cc29bc22c1c5c00495146a6c2f76866
CLIENT_TRAFFIC_SECRET_0 5ff54546b085f9bb19b841861754d71c10ebf0204ca533262af739957927c74f 7f10d90152d252f755c5f07418348f84833171af74f3fba98d82899f764e85f5
SERVER_TRAFFIC_SECRET_0 5ff54546b085f9bb19b841861754d71c10ebf0204ca533262af739957927c74f 961373c8590d5e334063d49d348b8646434550544239bc000a5d23c4216278ec
CLIENT_HANDSHAKE_TRAFFIC_SECRET 20ae90517cc41627ee01eef5fdad35d4097973306f24e2200d48b77caef3844a 1ddea40915a38031a75b4eaf8e42f99fdef88f437b8b97e6faeaeb62cb7b61c0
SERVER_HANDSHAKE_TRAFFIC_SECRET 20ae90517cc41627ee01eef5fdad35d4097973306f24e2200d48b77caef3844a 08591753be7ab0c3bb6510f2d5b53d3637cab53a867a23388910e4c5627e44a6
CLIENT_TRAFFIC_SECRET_0 20ae90517cc41627ee01eef5fdad35d4097973306f24e2200d48b77caef3844a f846125d438d52da2a8c4d391b6c3d1c05987d2868c287bd68a12f8d82ebb43e
SERVER_TRAFFIC_SECRET_0 20ae90517cc41627ee01eef5fdad35d4097973306f24e2200d48b77caef3844a ea6eee278e05057393dc879983ab01b76eb4674aafbd453fa4dda72aeab1b273
CLIENT_HANDSHAKE_TRAFFIC_SECRET f5af4e43d00ee64630c66d9582a19cbfdc3991e34a8d76aede206557e80dcfb9 a2ef30c254230e0243e3bb87f36ac6fa379644fe405d823c06fc785099049d21
SERVER_HANDSHAKE_TRAFFIC_SECRET f5af4e43d00ee64630c66d9582a19cbfdc3991e34a8d76aede206557e80dcfb9 781298645f13523f8de894893148bb6a3eeb58ba81c1d4ea8c608a2822be7b0d
CLIENT_TRAFFIC_SECRET_0 f5af4e43d00ee64630c66d9582a19cbfdc3991e34a8d76aede206557e80dcfb9 7934658d599400a89d11973ac032631f670111a1cc9c0ed4a87f1d131fb84886
SERVER_TRAFFIC_SECRET_0 f5af4e43d00ee64630c66d9582a19cbfdc3991e34a8d76aede206557e80dcfb9 59ab5bf222fd669299d8b1553bfe2ef550178e21d738be5321b2360fc8716215
CLIENT_HANDSHAKE_TRAFFIC_SECRET 840477c0cb8379fd87f1042ff008d147a534799615c72353ed05de15118168e8 a7a76a92d2a837d787cd2436bcbf12079bc65a24fc4962765f1c43c7d1540a80
SERVER_HANDSHAKE_TRAFFIC_SECRET 840477c0cb8379fd87f1042ff008d147a534799615c72353ed05de15118168e8 ae4f9217d3f4b50a5c411476841f7f7bfb3b201658a8d378b3720a8315d446ba
CLIENT_TRAFFIC_SECRET_0 840477c0cb8379fd87f1042ff008d147a534799615c72353ed05de15118168e8 b45f182655d9e8b5e6daebc78c9f599f2ed2e9b55c84f5b711c491f3580dd5ec
SERVER_TRAFFIC_SECRET_0 840477c0cb8379fd87f1042ff008d147a534799615c72353ed05de15118168e8 ba36175fa48c4be214feaa14ad6dfff89ef79380da04c181904bba6089f75cd1
CLIENT_HANDSHAKE_TRAFFIC_SECRET bd282deb876aa1a809d8319bac61298437a473bd1f72850a59a813b387c88ba9 040ffe723f630e7dcd6d85ed7b3833b257fdf0d8c3185cc345046c081a70390a
SERVER_HANDSHAKE_TRAFFIC_SECRET bd282deb876aa1a809d8319bac61298437a473bd1f72850a59a813b387c88ba9 664e064ae92fa8d8946f9100d853ecdf929f90b80ad1e1a531ffbf0972334567
CLIENT_TRAFFIC_SECRET_0 bd282deb876aa1a809d8319bac61298437a473bd1f72850a59a813b387c88ba9 c50ba2ec42aed60611460e17522ae5106df399fb9af93c041d3db1a14575b494
SERVER_TRAFFIC_SECRET_0 bd282deb876aa1a809d8319bac61298437a473bd1f72850a59a813b387c88ba9 49264d3faa882420c63cd5e6b542f1350fef236ba0a30b75c884ebe07345b7dd
CLIENT_HANDSHAKE_TRAFFIC_SECRET 1efe1946a5103529b29ad8c5084935e386e724009b7d9b92c568c56a6aa8a678 63a841b3276b37c61407a684e9a8b26f2a4c8dad2dbca99533e3bf137497630e
SERVER_HANDSHAKE_TRAFFIC_SECRET 1efe1946a5103529b29ad8c5084935e386e724009b7d9b92c568c56a6aa8a678 498dc3cce72c5af352fe20f0c6be8501317ea933139bf57e81ce1e2039dfdacd
CLIENT_TRAFFIC_SECRET_0 1efe1946a5103529b29ad8c5084935e386e724009b7d9b92c568c56a6aa8a678 e02b39b20c9c2c7eb0f90dca3e755770831d9e03ec3a233941e2530090486c15
SERVER_TRAFFIC_SECRET_0 1efe1946a5103529b29ad8c5084935e386e724009b7d9b92c568c56a6aa8a678 c808c00381f51f844b6df4aa47ebafaf82ddd8b15af25d2dd701f57039e403e3
CLIENT_HANDSHAKE_TRAFFIC_SECRET 41596ac242f0fc13f63d5158081af7d0f38fbb3d8d450c5625e60b87017f82a3 b96fc97a09ff42d0717f25c6c2dc5406fcd21f47db9a5d39f8135c04695a861d
SERVER_HANDSHAKE_TRAFFIC_SECRET 41596ac242f0fc13f63d5158081af7d0f38fbb3d8d450c5625e60b87017f82a3 3dcc23001ea1a0b961ad6bd3d645893e79ab9bd9d56ae7c70542c98200e85852
CLIENT_TRAFFIC_SECRET_0 41596ac242f0fc13f63d5158081af7d0f38fbb3d8d450c5625e60b87017f82a3 825e15f8caa916dfc14c13bfcd3f0b547ffdfb301649fd2f8e219e25719f08de
SERVER_TRAFFIC_SECRET_0 41596ac242f0fc13f63d5158081af7d0f38fbb3d8d450c5625e60b87017f82a3 4a933baf28924456b7bdd164e5f8905f207e7f2dd1c7fb94484531dec804a635
CLIENT_HANDSHAKE_TRAFFIC_SECRET 176a7629b8d1f8873beb66bd56dd67269bb750339dd96ec3c777154457b2c810 4de3bb342491e16693b1084291bd30f965ada22912c8a2187ed37ca78f73929b
SERVER_HANDSHAKE_TRAFFIC_SECRET 176a7629b8d1f8873beb66bd56dd67269bb750339dd96ec3c777154457b2c810 adcea3ec219a2cf3df7a8916231b80d52ed6fbb57733593e9c96f3567846b81a
CLIENT_TRAFFIC_SECRET_0 176a7629b8d1f8873beb66bd56dd67269bb750339dd96ec3c777154457b2c810 69a45ec163a5d18d0ad30a8401e586c12708ad872729ddbdeef0dd8f8f412dba
SERVER_TRAFFIC_SECRET_0 176a7629b8d1f8873beb66bd56dd67269bb750339dd96ec3c777154457b2c810 bb65e4e41a4d759460d0e4e9d02cd55d38a4ed7e2e21f62c33d4499b2a4a9141
CLIENT_HANDSHAKE_TRAFFIC_SECRET 1cd2789b3e1e50b4b1d52bc32043a9b41c25259d36e5f91a03e7974485a52a81 4fb18d6633dc3e93c482ac131bf88a53f50d2a388bbb60bee5db382e0df12f4d
SERVER_HANDSHAKE_TRAFFIC_SECRET 1cd2789b3e1e50b4b1d52bc32043a9b41c25259d36e5f91a03e7974485a52a81 ad8b408f28ee9ba85669b47bdd369a6b115964aa4d6557cf5e9365fbdf4f8b8e
CLIENT_TRAFFIC_SECRET_0 1cd2789b3e1e50b4b1d52bc32043a9b41c25259d36e5f91a03e7974485a52a81 a50a35b1d6d8f7511a4b6a4a3f3fe384b1cac5048dc26673a239a7ac899d4ea2
SERVER_TRAFFIC_SECRET_0 1cd2789b3e1e50b4b1d52bc32043a9b41c25259d36e5f91a03e7974485a52a81 e28eab9691d1dad0806b9727b5c1466b32a3ce1035be28e0784a48e0da31e7ca
CLIENT_HANDSHAKE_TRAFFIC_SECRET 1d68d918180e15e16b5f2ea11a0b2559fddaccffc5c87eb712cfc5dada5b4fe8 3a7a6f268e4d9b0cfce6fdf8992ee6dfeaa9690560b2dfe9916e3a8dba2fe703
SERVER_HANDSHAKE_TRAFFIC_SECRET 1d68d918180e15e16b5f2ea11a0b2559fddaccffc5c87eb712cfc5dada5b4fe8 47baad8db2cdcb5eeff22266ea055c707684c2ba9a9caee39b073f6e734e8286
CLIENT_TRAFFIC_SECRET_0 1d68d918180e15e16b5f2ea11a0b2559fddaccffc5c87eb712cfc5dada5b4fe8 ae5e3a11c526e14a9015ead1a8a39815f8b8bec319a3be3190106b19764792ba
SERVER_TRAFFIC_SECRET_0 1d68d918180e15e16b5f2ea11a0b2559fddaccffc5c87eb712cfc5dada5b4fe8 6b453a58070e42402e464836e60dfee9efacdc2a9f14439a5e71d07f1b45fb0f
CLIENT_HANDSHAKE_TRAFFIC_SECRET 2568ed7948f9761d200accdfcca2cb90b3674139e4918fe79ea1fa829b7533fa a46f13ea3bf12cb964c9759b769167645d31707707f7335d754e0889136782bd
SERVER_HANDSHAKE_TRAFFIC_SECRET 2568ed7948f9761d200accdfcca2cb90b3674139e4918fe79ea1fa829b7533fa 34799408553ecabf592364d4c481373902726b5387d951e4edf641b6506f6f8d
CLIENT_TRAFFIC_SECRET_0 2568ed7948f9761d200accdfcca2cb90b3674139e4918fe79ea1fa829b7533fa e365307e219115e0d024e5c02d6f0d92e426f55ec548be34b5cfc2388a62db4d
SERVER_TRAFFIC_SECRET_0 2568ed7948f9761d200accdfcca2cb90b3674139e4918fe79ea1fa829b7533fa 0ae7974a01660df96ee3eee88bf79f56f34ee6025d96c6422568699f78144bca
CLIENT_HANDSHAKE_TRAFFIC_SECRET 247905df33b1c9cc4e646c067968120c3f639ec57c882dad700b6be5ddf586a4 06a97da6a6e55b366a2a730b4923a5c24a0dc791eb3c20b671005752f45e959a
SERVER_HANDSHAKE_TRAFFIC_SECRET 247905df33b1c9cc4e646c067968120c3f639ec57c882dad700b6be5ddf586a4 4f90929cf178be056104a07ea6c4e677917fc8ac9a8cfc6ae3844116cf160891
CLIENT_TRAFFIC_SECRET_0 247905df33b1c9cc4e646c067968120c3f639ec57c882dad700b6be5ddf586a4 5478843154ccbbe41d35955d70df465c782b9054bf553261715addc9d85889a5
SERVER_TRAFFIC_SECRET_0 247905df33b1c9cc4e646c067968120c3f639ec57c882dad700b6be5ddf586a4 564ab86e49619a8fd8fec926d55e52acfdd829724dee9fff029c2a3a3e951fae
CLIENT_HANDSHAKE_TRAFFIC_SECRET 6d6dc01d4b741d68ddc2f5cc43dbbea9fbf5e3dc3a3d8bd28c3004f585a26806 f6aa2c3b2b8bb4370c09cec23c39515955575a03da21c770ca9ce3d51aabf7df
SERVER_HANDSHAKE_TRAFFIC_SECRET 6d6dc01d4b741d68ddc2f5cc43dbbea9fbf5e3dc3a3d8bd28c3004f585a26806 8a96049e16135c1239ed26b674675ab0a9224163e719fcb7a721021572f8f036
CLIENT_TRAFFIC_SECRET_0 6d6dc01d4b741d68ddc2f5cc43dbbea9fbf5e3dc3a3d8bd28c3004f585a26806 249bf42875de5299068516568831cdef336214567fa2269e9caff7932b5ab1b0
SERVER_TRAFFIC_SECRET_0 6d6dc01d4b741d68ddc2f5cc43dbbea9fbf5e3dc3a3d8bd28c3004f585a26806 8606b14785f214b4fd5cacc71a9262e5a9ad9d737da288ad59fbce40b5f09dc2
CLIENT_HANDSHAKE_TRAFFIC_SECRET a393937c2c88c0ba1e94b4adfa34d553524491ac7c10ac7ea428798c04ac71e1 75d2d20f9944fe86161dc489801a2400a7f90a138de16812487232175244e8bc
SERVER_HANDSHAKE_TRAFFIC_SECRET a393937c2c88c0ba1e94b4adfa34d553524491ac7c10ac7ea428798c04ac71e1 a49d07a1e31845c4dd3315b2ade6e03f74bb97e67de9c23eda1d4dd148322c87
CLIENT_TRAFFIC_SECRET_0 a393937c2c88c0ba1e94b4adfa34d553524491ac7c10ac7ea428798c04ac71e1 98cfd1742aa6682a4bc822fb084378816b544b5dbc23c86a5cae2f707f637ddf
SERVER_TRAFFIC_SECRET_0 a393937c2c88c0ba1e94b4adfa34d553524491ac7c10ac7ea428798c04ac71e1 5c35ef7262a3079075c3fb0b48209f598382c91f0ab86f40e35f2d70b317ddbf
CLIENT_HANDSHAKE_TRAFFIC_SECRET bffa4d689f3cbc2c44a7e5f6101700fcc9332fc209d16eb4caf5698e22a93f32 11584c285b9d2b82dd20b176c2439522d8a05f11c08a57c25c8f2341a82c01b5
SERVER_HANDSHAKE_TRAFFIC_SECRET bffa4d689f3cbc2c44a7e5f6101700fcc9332fc209d16eb4caf5698e22a93f32 733228a29f06c146b6de0616ce4c6127272dc9ab3c333911d3acca7c4f0d438c
CLIENT_TRAFFIC_SECRET_0 bffa4d689f3cbc2c44a7e5f6101700fcc9332fc209d16eb4caf5698e22a93f32 f79bd4936ad2274f3b103a7eb2aaf5e0220aaf177ec6562df48dd446e3066bcd
SERVER_TRAFFIC_SECRET_0 bffa4d689f3cbc2c44a7e5f6101700fcc9332fc209d16eb4caf5698e22a93f32 b32803a4999044f6f77d5fb2fb3a92bd08f5d29a93c1bb2bcd02abb4c4504ef5
CLIENT_HANDSHAKE_TRAFFIC_SECRET bf915ce8939404e6ea3b771db2145a6b899b36a1f16faa5aa9e29d06e685772a fe8ea001c1a2d6ecd36863c4aa932968d8ebaabb94769f1b873fd83b76f45138
SERVER_HANDSHAKE_TRAFFIC_SECRET bf915ce8939404e6ea3b771db2145a6b899b36a1f16faa5aa9e29d06e685772a 23e86f70c6a5f31df862857ca40d7284515d916689a3d14540a828d8dd7d5e27
CLIENT_TRAFFIC_SECRET_0 bf915ce8939404e6ea3b771db2145a6b899b36a1f16faa5aa9e29d06e685772a a544edeb14da3d641f320f3bc2a7a0ecbcda3aa3abcea2270495708d7b015b04
SERVER_TRAFFIC_SECRET_0 bf915ce8939404e6ea3b771db2145a6b899b36a1f16faa5aa9e29d06e685772a 027a4ea8dd8314c88583a5a5f084a3e0692fb158771aad9e03a68b6297f5ac0d
CLIENT_HANDSHAKE_TRAFFIC_SECRET 614eb59737dc8298257bc090bfb64f7fa262e58187b7d38f8121a5ce0ca42d75 9ccaa64de8deb97507beb67bab246c0f2ed6bbd7e69e064389a9719239d1d6f8
SERVER_HANDSHAKE_TRAFFIC_SECRET 614eb59737dc8298257bc090bfb64f7fa262e58187b7d38f8121a5ce0ca42d75 ead288831241b508b57490493f8683bd92e25c38b54122521744adb9029e735f
CLIENT_TRAFFIC_SECRET_0 614eb59737dc8298257bc090bfb64f7fa262e58187b7d38f8121a5ce0ca42d75 9012be0c880871d27d98dedb6e2ae6fdfb6f9c9a1fdc7416e8dad5e2e8b74666
SERVER_TRAFFIC_SECRET_0 614eb59737dc8298257bc090bfb64f7fa262e58187b7d38f8121a5ce0ca42d75 0a77b9de769e49b8fa1d4785e108bd153fe44ed1f183f91091728cc1276d3ade
CLIENT_HANDSHAKE_TRAFFIC_SECRET 173fba947b531c6de01c8c6c3806564bc2adcf3321918c269fc078d099dca304 02d8e1029b2abbc61c35ba7d8fae3db2b241b317bbcbe5e530c5c9707685b9bd
SERVER_HANDSHAKE_TRAFFIC_SECRET 173fba947b531c6de01c8c6c3806564bc2adcf3321918c269fc078d099dca304 8dce9ab6f9d8523b5acfb8cc3c3640180a6b95c4d2bbc50a95fc801436dccf1e
CLIENT_TRAFFIC_SECRET_0 173fba947b531c6de01c8c6c3806564bc2adcf3321918c269fc078d099dca304 1c3158e7891005111596137c37578a6a9058f79aa4f27f0fb5282388d69515d2
SERVER_TRAFFIC_SECRET_0 173fba947b531c6de01c8c6c3806564bc2adcf3321918c269fc078d099dca304 de459a4991cd64cf47361f9eb835dbd21e4ea4dafa7a713db91048a9375f8358
CLIENT_HANDSHAKE_TRAFFIC_SECRET 487cc3474e03102d8c4af89329e0af2c7319c865f940963203e6001220d999e6 d6e74ca78d8c1bb199a26ec437519eeff17c6bf659cd927d89d49febce49040d
SERVER_HANDSHAKE_TRAFFIC_SECRET 487cc3474e03102d8c4af89329e0af2c7319c865f940963203e6001220d999e6 da81b9a0f9d739f6f1cdc827b3214cdb158c3dd88e4e6754123ba6b85e33c6e8
CLIENT_TRAFFIC_SECRET_0 487cc3474e03102d8c4af89329e0af2c7319c865f940963203e6001220d999e6 a202e3668f53d44cd47383dc8957610693f91fa6af16c2cc8abcd1072de15927
SERVER_TRAFFIC_SECRET_0 487cc3474e03102d8c4af89329e0af2c7319c865f940963203e6001220d999e6 e852ac2b7a58a74546b4e671afc147494729175fda9f2865bab10f8801197277
CLIENT_HANDSHAKE_TRAFFIC_SECRET c29f964845c819cae62caaa6f492a6417885694052560904e1cc23c9d8308e28 06ffe22a2c053b30c0f7089c5a666fc1c73cb252ebf117fbcccace71b63d7fd3
SERVER_HANDSHAKE_TRAFFIC_SECRET c29f964845c819cae62caaa6f492a6417885694052560904e1cc23c9d8308e28 8629a97a026e06be2460b0f2c427ef2ee03f2a132ef827d80284592a0b70b865
CLIENT_TRAFFIC_SECRET_0 c29f964845c819cae62caaa6f492a6417885694052560904e1cc23c9d8308e28 4bc6d4d8e702f2a9cb080213e2811820bd7581699b4fd6bb4e21d8fc0e312d43
SERVER_TRAFFIC_SECRET_0 c29f964845c819cae62caaa6f492a6417885694052560904e1cc23c9d8308e28 f16cd9021c804be8af004095b0eed5067a2a7d0cd88fee79946a8e661f456c60
CLIENT_HANDSHAKE_TRAFFIC_SECRET bfebde6edede046cb5ab0b009579f99a7374f0c82deb1dbc21c7d4d9e050136f cd154206446122741027a5e220254e674623034951f203e03d9eaf521cdf0e9e
SERVER_HANDSHAKE_TRAFFIC_SECRET bfebde6edede046cb5ab0b009579f99a7374f0c82deb1dbc21c7d4d9e050136f f9f8914619bef006e53c09719ffb02de9b1bee750e0beaa960d900edb5ccafe6
CLIENT_TRAFFIC_SECRET_0 bfebde6edede046cb5ab0b009579f99a7374f0c82deb1dbc21c7d4d9e050136f 5dc29f1360697bc91a069578514124f849b797cc85471ad689d3471fdb49b0a2
SERVER_TRAFFIC_SECRET_0 bfebde6edede046cb5ab0b009579f99a7374f0c82deb1dbc21c7d4d9e050136f 89498f7a20ef0b87b2fe50ce7c38eb3edd37f5fd12402aa107a82f70c2f587a8
CLIENT_HANDSHAKE_TRAFFIC_SECRET 41f6c5e238f59c8f7ac9297543321c2b930c7ca51ef4babe4daec70aea638edc 31ced9011048a31e1c974ac1bced41998f9e82c0ed9655c30777010ef7060684
SERVER_HANDSHAKE_TRAFFIC_SECRET 41f6c5e238f59c8f7ac9297543321c2b930c7ca51ef4babe4daec70aea638edc 05408bf150e8d4315246eadd3a04fc554078737bff62690ed96a5f3165cb6301
CLIENT_TRAFFIC_SECRET_0 41f6c5e238f59c8f7ac9297543321c2b930c7ca51ef4babe4daec70aea638edc cb6100237fcecb9c50319e642d8d792a0199c733c8c1f92f8189504d0665a5a6
SERVER_TRAFFIC_SECRET_0 41f6c5e238f59c8f7ac9297543321c2b930c7ca51ef4babe4daec70aea638edc c541dda70cee262d7683755aad4bf30f69bbc43bd556fe0a845c772eb4f963cb
CLIENT_HANDSHAKE_TRAFFIC_SECRET 28f4788d62824089c34ade3e3f4acd52614274971b4201b994e584031c4abecd e18adcb08f4ab4e84d5baf9b0e981a5fa43c4d74661e23734bfae8e84f45ab9a
SERVER_HANDSHAKE_TRAFFIC_SECRET 28f4788d62824089c34ade3e3f4acd52614274971b4201b994e584031c4abecd 0475181e55fe9bd649308f42bfc5a48f65363589e032ee1b56e752c2676a7cf0
CLIENT_TRAFFIC_SECRET_0 28f4788d62824089c34ade3e3f4acd52614274971b4201b994e584031c4abecd 44a450d495ed11974fbf0b3c5a41ac3fe35dd1a42d9a7318e7a2e1b1f26b6b6d
SERVER_TRAFFIC_SECRET_0 28f4788d62824089c34ade3e3f4acd52614274971b4201b994e584031c4abecd 9c4b971b9b1782777ef67e81399cbbb68e8ccd8af7aa67940aad7feb78e32e32
CLIENT_HANDSHAKE_TRAFFIC_SECRET d5788dea786fb04d51864ef9a93d2ba6905afd9693f6879a8b42378505581144 6fdb321ab6890fef1461e71b2d852df40de064832b36c7e66f0be8d413e4d973
SERVER_HANDSHAKE_TRAFFIC_SECRET d5788dea786fb04d51864ef9a93d2ba6905afd9693f6879a8b42378505581144 6de0b6584cde60cd40f0c7935cce0ff40bfd6709cd98091fe6aa45166c340fdc
CLIENT_TRAFFIC_SECRET_0 d5788dea786fb04d51864ef9a93d2ba6905afd9693f6879a8b42378505581144 7fee7502ed14ecc89097ed29fef00e2d152b34334f062fa2e612a645a36d91ed
SERVER_TRAFFIC_SECRET_0 d5788dea786fb04d51864ef9a93d2ba6905afd9693f6879a8b42378505581144 340ccd48dae3fad348b6ccd2566add17687eae0a111ca32caa056dc6e7faedfe
CLIENT_HANDSHAKE_TRAFFIC_SECRET 0401c2efc9212702e5fb551bec2e2fabf218c2776f7ea71704bca4a6c051c1ae 087a472d8947b7477edd0ca023bcfe06bc8971ce44944c803b2416ef3217ee18
SERVER_HANDSHAKE_TRAFFIC_SECRET 0401c2efc9212702e5fb551bec2e2fabf218c2776f7ea71704bca4a6c051c1ae e97e20d85cde4470914dd114d2709ddec14d46dd82f8dae30db2d42952d09a13
CLIENT_TRAFFIC_SECRET_0 0401c2efc9212702e5fb551bec2e2fabf218c2776f7ea71704bca4a6c051c1ae 1a2015304ecb3df241e02a91ec89a5b718f7e9a18e33bfd94e322283756db72f
SERVER_TRAFFIC_SECRET_0 0401c2efc9212702e5fb551bec2e2fabf218c2776f7ea71704bca4a6c051c1ae 25e95c6796d7023a11ec0e9aa7eaf6ee3e5df1f612c2b05e1f3275843e8b8015
CLIENT_HANDSHAKE_TRAFFIC_SECRET 902ee1a6e3ac28ae92e46a90279638686c2564f6a23b2107f779ae35bc5f768e 7d3fd99847fa92c91198659ddae38692264f0238f508bff1aa26b8a6a5bfe334
SERVER_HANDSHAKE_TRAFFIC_SECRET 902ee1a6e3ac28ae92e46a90279638686c2564f6a23b2107f779ae35bc5f768e cb3a7158885f83b4c8f07c26e2a804569907c85ab319d36c5130cfebbdd4a613
CLIENT_TRAFFIC_SECRET_0 902ee1a6e3ac28ae92e46a90279638686c2564f6a23b2107f779ae35bc5f768e 2ae5e60d526a2436f055cf2a99f83d2d8bb19ff058f6f6f10281a8034a283f2b
SERVER_TRAFFIC_SECRET_0 902ee1a6e3ac28ae92e46a90279638686c2564f6a23b2107f779ae35bc5f768e 8bea5acf08045820ab4b04382cd35861e141f38f3b5aa422e2153e8bec46a3d0
CLIENT_HANDSHAKE_TRAFFIC_SECRET 6b7a133c7e90311deda3f32192d76f5d9fe6e1d2df311c353c1ef8fd19afb6e1 7027c05c00f2d749a6d471d4dade8f78591c5a9ead7397ee18d3bcb3491540d4
SERVER_HANDSHAKE_TRAFFIC_SECRET 6b7a133c7e90311deda3f32192d76f5d9fe6e1d2df311c353c1ef8fd19afb6e1 7095fb63e27ae37cce4b4e05bb2094cba670c60c1881e5cc53ecd2530200bccc
CLIENT_TRAFFIC_SECRET_0 6b7a133c7e90311deda3f32192d76f5d9fe6e1d2df311c353c1ef8fd19afb6e1 304677d06d3bd6508d253987f64575d279d2942cecf9b9ed7ac19e48624d18f5
SERVER_TRAFFIC_SECRET_0 6b7a133c7e90311deda3f32192d76f5d9fe6e1d2df311c353c1ef8fd19afb6e1 fcffc55cc2bb41e2b7b1c2e9ebe5cae3cf4a074f4338e4295c6235254ae0a3a1
CLIENT_HANDSHAKE_TRAFFIC_SECRET 9546fbf8d457ae413fd6b506bc58ea7a987da5c0182349070402504c49cf17ce 55c6c09204293e76ad1128ce9b9b641bec7c2fca70af1e0c2a3a81db5e8d57a5
SERVER_HANDSHAKE_TRAFFIC_SECRET 9546fbf8d457ae413fd6b506bc58ea7a987da5c0182349070402504c49cf17ce ea9e3d08df8ba6c93f03b028c2a28a83d3a167053a0754923656c5b197ee2acd
CLIENT_TRAFFIC_SECRET_0 9546fbf8d457ae413fd6b506bc58ea7a987da5c0182349070402504c49cf17ce 5ab7d0950916df1bb5a9935326d22697de6ad8c1912b955aed5d1c78719635a8
SERVER_TRAFFIC_SECRET_0 9546fbf8d457ae413fd6b506bc58ea7a987da5c0182349070402504c49cf17ce ea1f06c9575d360449a2bb42891a4afc7e2ea665b106de8c624c69a71b087a53
CLIENT_HANDSHAKE_TRAFFIC_SECRET a81d0984d0ab1d7d63b7ed6e2484b656326714692753cd82de40c373f3c41e48 a6797dd90820dc9b8e7d76e59d1d4c73d86cf3fbbdd6229d3281523c34740c2f
SERVER_HANDSHAKE_TRAFFIC_SECRET a81d0984d0ab1d7d63b7ed6e2484b656326714692753cd82de40c373f3c41e48 5d4f2a397f565366e7b3c6d35525f4bcb5ee1f08e04cb66ab3fecc5434ac6343
CLIENT_TRAFFIC_SECRET_0 a81d0984d0ab1d7d63b7ed6e2484b656326714692753cd82de40c373f3c41e48 d5b873e474b68c468868f64a412872ec961e588e72d87242e786040e0067f2af
SERVER_TRAFFIC_SECRET_0 a81d0984d0ab1d7d63b7ed6e2484b656326714692753cd82de40c373f3c41e48 807b4762ff64fce0594cb416dbec11171f6700ed97390511d8f2999889988a20
CLIENT_HANDSHAKE_TRAFFIC_SECRET b5509eab11fe20d5da32a98599b474703b4ba8d6208dacc3d214e4d1e6fc2954 2e38b4821f48490bb445a278d5e1bafd390587195d8d95bb362f616e63df3844
SERVER_HANDSHAKE_TRAFFIC_SECRET b5509eab11fe20d5da32a98599b474703b4ba8d6208dacc3d214e4d1e6fc2954 02ce72e2c41d14afa66976794292e223a8808bdc43051bef86916eaae47cfc7e
CLIENT_TRAFFIC_SECRET_0 b5509eab11fe20d5da32a98599b474703b4ba8d6208dacc3d214e4d1e6fc2954 e605299129f4db699f9751cc9b60ea31a14d63484e654944b71a24fb22800c94
SERVER_TRAFFIC_SECRET_0 b5509eab11fe20d5da32a98599b474703b4ba8d6208dacc3d214e4d1e6fc2954 0b89aaa2fd28ace64908df1f51e212e4e90916f696c47b3964ed935206057ce3
CLIENT_HANDSHAKE_TRAFFIC_SECRET 17c125b96df2ac691d11638d1a5f6f937c7ee53a4e93487324d9f2fc4e9a08df 21ea4e39f65c096da7c6ccc5c4cc74ea414a31896448d6384a1cae867d9b94af
SERVER_HANDSHAKE_TRAFFIC_SECRET 17c125b96df2ac691d11638d1a5f6f937c7ee53a4e93487324d9f2fc4e9a08df d720dab968721d180c775e9b7af37d3eea37d16c92578946e45f30436d19cf32
CLIENT_TRAFFIC_SECRET_0 17c125b96df2ac691d11638d1a5f6f937c7ee53a4e93487324d9f2fc4e9a08df bf448deac4a993126f4702120b91a55ed306bf83e9a5a210a0eaed35a4e056b1
SERVER_TRAFFIC_SECRET_0 17c125b96df2ac691d11638d1a5f6f937c7ee53a4e93487324d9f2fc4e9a08df f3b7d6901044e90e5d6e90231d839c000cdceb3b61ac746310aab7c9a9bd20de
CLIENT_HANDSHAKE_TRAFFIC_SECRET 0d90dab0b0678fd5a9f36e83034102a0f2d993036bfadf21b82385dc8ca694c8 574e65ce1f57194938f06b1a2e1cb2bbbe58cae4802622b404f609a7667bfdfb
SERVER_HANDSHAKE_TRAFFIC_SECRET 0d90dab0b0678fd5a9f36e83034102a0f2d993036bfadf21b82385dc8ca694c8 8e97c21805fd523c920508c9338a8e39f60135c3b3217015936658fc11e75eb7
CLIENT_TRAFFIC_SECRET_0 0d90dab0b0678fd5a9f36e83034102a0f2d993036bfadf21b82385dc8ca694c8 30ba0e5b249eca7d1925f75b250dfe86b18e419f79fc8b14f424015cebbe1521
SERVER_TRAFFIC_SECRET_0 0d90dab0b0678fd5a9f36e83034102a0f2d993036bfadf21b82385dc8ca694c8 a63d3767be61c8215cfaa9b5ebd88a1ff22f5685c8a9462f0951ca73ad035a09
CLIENT_HANDSHAKE_TRAFFIC_SECRET e95603ba52d85a50a017622d93292bf498aed473a4d27d643e0c5e926eb14f65 12f7679fdd347c99a76a94a348a42d666fa9d502738e76c52f657536743ea9b7
SERVER_HANDSHAKE_TRAFFIC_SECRET e95603ba52d85a50a017622d93292bf498aed473a4d27d643e0c5e926eb14f65 caf81b42fec969bd1c1e432a294b4062c3a505c49d7ce5bc1093616c9e8d6574
CLIENT_TRAFFIC_SECRET_0 e95603ba52d85a50a017622d93292bf498aed473a4d27d643e0c5e926eb14f65 8babe2f92328064775ffbac94d715062611b415e05e6c63918ed25e68f908e18
SERVER_TRAFFIC_SECRET_0 e95603ba52d85a50a017622d93292bf498aed473a4d27d643e0c5e926eb14f65 fc6b3696d099ebba4af1f5a0dfea868aca7656ff6820fc0e49bafa77e499cee3
CLIENT_HANDSHAKE_TRAFFIC_SECRET 350141a4ffe1f3ad2f1f9eae4900e6c62e72582b0538f0e49b5f103ca25b7020 e6a33d90ec1153056bc6760fe732a7c60721abf6d0560482dd15d41a29ef64de
SERVER_HANDSHAKE_TRAFFIC_SECRET 350141a4ffe1f3ad2f1f9eae4900e6c62e72582b0538f0e49b5f103ca25b7020 938c5fe46bb431bdabdbf8ea730b373d19414b707e59acead80a7108f087eac0
CLIENT_TRAFFIC_SECRET_0 350141a4ffe1f3ad2f1f9eae4900e6c62e72582b0538f0e49b5f103ca25b7020 066b1c0b9147f9d89100793d440f51966c145d61cfa2689c96f917419f70312e
SERVER_TRAFFIC_SECRET_0 350141a4ffe1f3ad2f1f9eae4900e6c62e72582b0538f0e49b5f103ca25b7020 03798f3fb13ae48c00cdbf8fdba13f501e260d8c018b74e20200719bfd35ca39
CLIENT_HANDSHAKE_TRAFFIC_SECRET 79a9a70701b3870c1632ce45e30c8657453fbf5c19a4d42dce407bd51fa59e1e 43ef8a27225e6d1cad71fcc36a0698dcdb5da106e24bfba05a271eb0d29a3ba0
SERVER_HANDSHAKE_TRAFFIC_SECRET 79a9a70701b3870c1632ce45e30c8657453fbf5c19a4d42dce407bd51fa59e1e 46a272527f1918e78cf9a0267fc76f557f63f996bc349df823fa5b564d96bc58
CLIENT_TRAFFIC_SECRET_0 79a9a70701b3870c1632ce45e30c8657453fbf5c19a4d42dce407bd51fa59e1e 008ce9afc99b12dde0c64beb23d0cb7b9d91544dd710d655a4daeb0391bbcfed
SERVER_TRAFFIC_SECRET_0 79a9a70701b3870c1632ce45e30c8657453fbf5c19a4d42dce407bd51fa59e1e 37bef78a9bc7aa52e2b848ee751e6963216db31d93a4fac00b112ea651d324c2
CLIENT_HANDSHAKE_TRAFFIC_SECRET 5934e8f2059cc2310f4f2049f417c189b1edc35b81aa5461308af55e8d174648 cc3d2fac77ed5d22725f5c8422be9fdd2923a507012f82e9b48d522b73d91765
SERVER_HANDSHAKE_TRAFFIC_SECRET 5934e8f2059cc2310f4f2049f417c189b1edc35b81aa5461308af55e8d174648 4710b4dd6b150d55066713e882bec6c4b80fb637d9c31a916807fecfa7484aa9
CLIENT_TRAFFIC_SECRET_0 5934e8f2059cc2310f4f2049f417c189b1edc35b81aa5461308af55e8d174648 add60d3a67c29a35fb75d40e091dd2b5fef729e8b455a14b99d3ae7d4a97e2f0
SERVER_TRAFFIC_SECRET_0 5934e8f2059cc2310f4f2049f417c189b1edc35b81aa5461308af55e8d174648 8bc91290eae6043995feadcd8767a4a9daab8a29b3efa534b188a8b23e070c04
CLIENT_HANDSHAKE_TRAFFIC_SECRET 5f4ad4f5813c38ff870b1548f08542f1134db53358b42b17ff2a433129a870b6 6a756d325af75cbab9dc09f9a24a0768ae969aa01db897075418812ccccdcb89
SERVER_HANDSHAKE_TRAFFIC_SECRET 5f4ad4f5813c38ff870b1548f08542f1134db53358b42b17ff2a433129a870b6 42e714379ae3e818728e883ee930fd24d8469be52b03c4bbaf9dfca06fac9ad0
CLIENT_TRAFFIC_SECRET_0 5f4ad4f5813c38ff870b1548f08542f1134db53358b42b17ff2a433129a870b6 148ac19cc1d629b4525a99aa856b991b3c98781597f9bb989123ebf379cb0fdc
SERVER_TRAFFIC_SECRET_0 5f4ad4f5813c38ff870b1548f08542f1134db53358b42b17ff2a433129a870b6 abba03c732355c2d588751528a9d0aa953cc34fa35121c2f380b33e015ec85c0
CLIENT_HANDSHAKE_TRAFFIC_SECRET 169947b2ca95aaac10211b6c3ed43cd5d06533bfdee9b02d3fff2083433b87de f215b52ce2463a900fef822a124c3df9ac72c728fe1ce8a41ceeb3112777ea9d
SERVER_HANDSHAKE_TRAFFIC_SECRET 169947b2ca95aaac10211b6c3ed43cd5d06533bfdee9b02d3fff2083433b87de 264085fd8461c1699e9f43d78110d3e61af05fefb3f14ed8d5e4d0f517f53e18
CLIENT_TRAFFIC_SECRET_0 169947b2ca95aaac10211b6c3ed43cd5d06533bfdee9b02d3fff2083433b87de 057f244224e78720a9adc6c052dbc3b802000c5dc48a48224644dceee70888a4
SERVER_TRAFFIC_SECRET_0 169947b2ca95aaac10211b6c3ed43cd5d06533bfdee9b02d3fff2083433b87de d0021427f50e8f5f3bb864a366e82dd4e0f5e8ddb599c0e3e35f2951604b5964
CLIENT_HANDSHAKE_TRAFFIC_SECRET ca9f6b02112776001fb1ff02a4e71f9ef9da19ced68ded54d44e0dc8c8538b9a 200e256ada1e3b2da8e38ad648f061898d34de9dd8994814486accff452adb89
SERVER_HANDSHAKE_TRAFFIC_SECRET ca9f6b02112776001fb1ff02a4e71f9ef9da19ced68ded54d44e0dc8c8538b9a 89d3ffdaae1a67f8da4a123574b2e4265486d67603e10c3d5beea93c525bbeb5
CLIENT_TRAFFIC_SECRET_0 ca9f6b02112776001fb1ff02a4e71f9ef9da19ced68ded54d44e0dc8c8538b9a b9c4ffd77fbdf9cff47c73eb5dcd4031b30e0da48c38438c9fb888e1de95d3c2
SERVER_TRAFFIC_SECRET_0 ca9f6b02112776001fb1ff02a4e71f9ef9da19ced68ded54d44e0dc8c8538b9a 8207f8edec35a9703d2a36fcc69599b2223897b6ad62e546ece1955673cbb52f
CLIENT_HANDSHAKE_TRAFFIC_SECRET 7a6bc15e6e327b28b34c8b7056bc794ed280254186aa7dcc66fe6c882fbd0019 509526392453ea89f2b32e20de5a54d18b1e8100cd69a8759c3fededf699d8cd
SERVER_HANDSHAKE_TRAFFIC_SECRET 7a6bc15e6e327b28b34c8b7056bc794ed280254186aa7dcc66fe6c882fbd0019 d43f54eb7034f38ecb16863e1b5ddb72025a765b9e5ad52083e23fdc3a11c35d
CLIENT_TRAFFIC_SECRET_0 7a6bc15e6e327b28b34c8b7056bc794ed280254186aa7dcc66fe6c882fbd0019 0fd02ce1a45212ec11c82022356285c62acb48e3d4c2238c4e9d8c5bb511bd0a
SERVER_TRAFFIC_SECRET_0 7a6bc15e6e327b28b34c8b7056bc794ed280254186aa7dcc66fe6c882fbd0019 756f3843d3ca72a613f3bdb70f7450ab50ef97013e19fed2ab2a0119dfa1f76f
CLIENT_HANDSHAKE_TRAFFIC_SECRET ed65e350cf59d48462230240cd0ab166e156e834635720ec1af86c7a7eb568e4 3cdbccf39c7b70ff31855c96ca6ef4b551fa5a4140e9fe8a9cb2ef1325dbed07
SERVER_HANDSHAKE_TRAFFIC_SECRET ed65e350cf59d48462230240cd0ab166e156e834635720ec1af86c7a7eb568e4 64f91f3ed4eebeb63a04d8e3e3d7c1a4a89b4d78cfe756077253428aaebe95b0
CLIENT_TRAFFIC_SECRET_0 ed65e350cf59d48462230240cd0ab166e156e834635720ec1af86c7a7eb568e4 af73bd0a46632bb3a083e33f49388db16910f7bc288049ad7b4dbf5765515e81
SERVER_TRAFFIC_SECRET_0 ed65e350cf59d48462230240cd0ab166e156e834635720ec1af86c7a7eb568e4 428ef548ab9ba8bd2e357c9b294bdf4a6a40bb7598c272bd403dd119204fbe96
CLIENT_HANDSHAKE_TRAFFIC_SECRET dcc4d69eef6b350a2628080d6404aaacc8c2eab6d11bbc1203dcc02283424e6c 4be69e0361db9a59f49b5b7cc0fcfc4673b4e829497655c47b54f86f28de5bc7
SERVER_HANDSHAKE_TRAFFIC_SECRET dcc4d69eef6b350a2628080d6404aaacc8c2eab6d11bbc1203dcc02283424e6c 4ebc38765e6ce8ce8dc71636b823d63159621d50c00bb6d21917e4f1de9f89f8
CLIENT_TRAFFIC_SECRET_0 dcc4d69eef6b350a2628080d6404aaacc8c2eab6d11bbc1203dcc02283424e6c 3a8244eb08fae10834bf22b95b4df5679c8379b36ce73b500f9aaba6eafd5ac3
SERVER_TRAFFIC_SECRET_0 dcc4d69eef6b350a2628080d6404aaacc8c2eab6d11bbc1203dcc02283424e6c d0b96bbb63e2b43e01e64e3255d220bcbf6515e63ce894b825c05216550c7813
CLIENT_HANDSHAKE_TRAFFIC_SECRET 75f697bf46a991cefc2586a36b934ccfca955084dc5aad925ad0cbb7f54117e0 3ef463ff23dd2abc404d1649d7ed13adcbe234bb00a0abab3649f34c1e94ccdb
SERVER_HANDSHAKE_TRAFFIC_SECRET 75f697bf46a991cefc2586a36b934ccfca955084dc5aad925ad0cbb7f54117e0 69eb38222bcc717f515fab7c1a85c5ea0b17154d4c8858fd1739854cb0310be4
CLIENT_TRAFFIC_SECRET_0 75f697bf46a991cefc2586a36b934ccfca955084dc5aad925ad0cbb7f54117e0 8292741a385ab71a25de7ae8341202f53d6e928171583531b0ac577c51366b91
SERVER_TRAFFIC_SECRET_0 75f697bf46a991cefc2586a36b934ccfca955084dc5aad925ad0cbb7f54117e0 f2686080cafaa3e75f2fa562192a22aae05995c1682e8ed430151e12308fccb7
CLIENT_HANDSHAKE_TRAFFIC_SECRET 081a848d4319c10880a4885c495b2f6da3b3c993cf1c5551d255337820518943 a1b9e0269bd1e975143d9d8664207766853fa5affbd0a7441c4be69ffd514f5c
SERVER_HANDSHAKE_TRAFFIC_SECRET 081a848d4319c10880a4885c495b2f6da3b3c993cf1c5551d255337820518943 d96715b8d32f691ccd07f6e961e4662fdf4c4fad4e88eb114831e82b28c63881
CLIENT_TRAFFIC_SECRET_0 081a848d4319c10880a4885c495b2f6da3b3c993cf1c5551d255337820518943 ea715a2532f3db92ae511b3cb7a654ed3dc814439703183ef4e253d3bd0010e2
SERVER_TRAFFIC_SECRET_0 081a848d4319c10880a4885c495b2f6da3b3c993cf1c5551d255337820518943 56d1132f6c7ff8e7a4fbc10c8b0248644a85331c1c33567ec546c798b0bd3d2f
CLIENT_HANDSHAKE_TRAFFIC_SECRET 79f56a847350c170fa1fe05981d534ade1bb6e69db916bf9dd75c0d0044ac444 85c08e47b5246bf0d8c1bb7749522bf3ec78ac8643084a0a05a85bc11c9546c2
SERVER_HANDSHAKE_TRAFFIC_SECRET 79f56a847350c170fa1fe05981d534ade1bb6e69db916bf9dd75c0d0044ac444 6e42c8d5c7c6e43960644b1240e25f936c8f83f08522d3e9c00a55da6f2222c7
CLIENT_TRAFFIC_SECRET_0 79f56a847350c170fa1fe05981d534ade1bb6e69db916bf9dd75c0d0044ac444 9e3a4a2f73e783f6a74b449ff388ed345be39bbbbd867e76e2e66f3d0bc449fa
SERVER_TRAFFIC_SECRET_0 79f56a847350c170fa1fe05981d534ade1bb6e69db916bf9dd75c0d0044ac444 45d7234eb8a2a2186e7e1a0eddb6ad23221d7f0ce19acf9b2ce7bf32ec65683b
CLIENT_HANDSHAKE_TRAFFIC_SECRET 5212d1f9ef0030dcb20f64e232eae1c2b6d9658a1ea07944e280d21130eecfed 9a0174f404a892a6989c39854c41210629dc303073fa1589de2d0fd39c959c39
SERVER_HANDSHAKE_TRAFFIC_SECRET 5212d1f9ef0030dcb20f64e232eae1c2b6d9658a1ea07944e280d21130eecfed cbff470ce405a847199c0328f93924395fcd3315410bc0febd7aa12a82040134
CLIENT_TRAFFIC_SECRET_0 5212d1f9ef0030dcb20f64e232eae1c2b6d9658a1ea07944e280d21130eecfed 064da559ed1f7c93ee725a82a83ccf80d194a24ccfbb649ee3afef5d5f8e8952
SERVER_TRAFFIC_SECRET_0 5212d1f9ef0030dcb20f64e232eae1c2b6d9658a1ea07944e280d21130eecfed 5c4f3f6bc2958873fd149ea071f2eabc426436281387c2eb134af04e64b3d71e
CLIENT_HANDSHAKE_TRAFFIC_SECRET c6d8fd7f955fc660c069116a3e6238bdf2a101b8d0776d54272a0a70ca86cb9c bf399220276f2d80aac52db7546f6d977f0478e13ba3e74e563d744b7c7fef65
SERVER_HANDSHAKE_TRAFFIC_SECRET c6d8fd7f955fc660c069116a3e6238bdf2a101b8d0776d54272a0a70ca86cb9c 676c0ab595ce72c7e9fbe9212b1b9f3908231b1eb73fe6122dd491ddcdbcbd15
CLIENT_TRAFFIC_SECRET_0 c6d8fd7f955fc660c069116a3e6238bdf2a101b8d0776d54272a0a70ca86cb9c 493062ba28ad062ebc74d280eb75a6af199bc79ad6e0905f2eb1c94656f1dec7
SERVER_TRAFFIC_SECRET_0 c6d8fd7f955fc660c069116a3e6238bdf2a101b8d0776d54272a0a70ca86cb9c 9e2814a03130d2fd2535bdb548d67d79bcde20ac5d08bc5dc366b2bd9db22e8b
CLIENT_HANDSHAKE_TRAFFIC_SECRET a0eb32884fad1e6c11d765802685ea1131950949ab24e3591d030c83f9d6f775 60242550899887d0d14026ccb005f8c6f65eb7b334c0b51414d2c14355246b83
SERVER_HANDSHAKE_TRAFFIC_SECRET a0eb32884fad1e6c11d765802685ea1131950949ab24e3591d030c83f9d6f775 64fdef5f0dcba2185936ce489eb46ae07346c3294c6eaef37a89b136e4e2c59f
CLIENT_TRAFFIC_SECRET_0 a0eb32884fad1e6c11d765802685ea1131950949ab24e3591d030c83f9d6f775 b2d1ddc153bda9a713ea43ec02f3ae6ac23b92497320268f40654d1943335a5b
SERVER_TRAFFIC_SECRET_0 a0eb32884fad1e6c11d765802685ea1131950949ab24e3591d030c83f9d6f775 32de9d2bc21a916a58c0c5e783a5b7057d13c233af0fb7ae7ad2444b6bdbd4e4
CLIENT_HANDSHAKE_TRAFFIC_SECRET 892db3b0aebe2b1fd6aae7907afa4e83be034e7c21945f3d899c54207344ec52 2d18fcc75ab437c4f8d841fde0e67612c86dc32d6a52bb48967bad23ec28a622
SERVER_HANDSHAKE_TRAFFIC_SECRET 892db3b0aebe2b1fd6aae7907afa4e83be034e7c21945f3d899c54207344ec52 e132a1087e2cbd0e2ecb311dab9d75ee88443c2ba3fe91cd66a4ef81a42fd293
CLIENT_TRAFFIC_SECRET_0 892db3b0aebe2b1fd6aae7907afa4e83be034e7c21945f3d899c54207344ec52 364cd983b6f94013216cd1117b2ce132c152ed2b438553cb00572d4ce04aac0b
SERVER_TRAFFIC_SECRET_0 892db3b0aebe2b1fd6aae7907afa4e83be034e7c21945f3d899c54207344ec52 c300892d9f909ccd83641472c1299b095fff44b0ccd3891c8b6c5a2b61bb79db
CLIENT_HANDSHAKE_TRAFFIC_SECRET bb4a5312b1dbe97b1fc40af79d502821e214f3c6fd49b31fe1b22a925661d66d da596950910b9ffdb600db91fe790e869ce23c89a609e6e9d928e7d6a027f202
SERVER_HANDSHAKE_TRAFFIC_SECRET bb4a5312b1dbe97b1fc40af79d502821e214f3c6fd49b31fe1b22a925661d66d eeb794569f00f92345214062d882efa567cce14aed51f4e51ea26133bb574415
CLIENT_TRAFFIC_SECRET_0 bb4a5312b1dbe97b1fc40af79d502821e214f3c6fd49b31fe1b22a925661d66d 30044cb437d5cbf010db5eab6e9b83079d891ff16ba50ef385a5c67b5f855ff6
SERVER_TRAFFIC_SECRET_0 bb4a5312b1dbe97b1fc40af79d502821e214f3c6fd49b31fe1b22a925661d66d 35d22389f511d254758c3b0f5c6eebf5721e0eac39b69622105be59ed9532ebe
CLIENT_HANDSHAKE_TRAFFIC_SECRET e2be7f3abf6a80fd4dfc853a8dc116b399c024dbf4a8c52b2a16ec2be2c50a9e bb886c0c842180ff5407865b4d67faf36138b0cd2384954b482c5d94d74a986f
SERVER_HANDSHAKE_TRAFFIC_SECRET e2be7f3abf6a80fd4dfc853a8dc116b399c024dbf4a8c52b2a16ec2be2c50a9e e00ea398c01d1e41619bdc0b455f113e4358396ffabed10cc37ea8b6cd18ffd8
CLIENT_TRAFFIC_SECRET_0 e2be7f3abf6a80fd4dfc853a8dc116b399c024dbf4a8c52b2a16ec2be2c50a9e 1363c47780be063f43875b1db7ed74364fc1b1f89aabea1d8183767a7affb1d2
SERVER_TRAFFIC_SECRET_0 e2be7f3abf6a80fd4dfc853a8dc116b399c024dbf4a8c52b2a16ec2be2c50a9e 18f2736c5e3de1684387339c431a63212d2136cd9c6eb3a85d4951b273db2675
CLIENT_HANDSHAKE_TRAFFIC_SECRET 5adce781da16fbe62afa6e93a36836aba2bbf63a9819cdff2112e403379fc493 acb7d08f7d5a86d1a4463bda023aa3b4d6d7e269699de9b84a1cf318be9222fe
SERVER_HANDSHAKE_TRAFFIC_SECRET 5adce781da16fbe62afa6e93a36836aba2bbf63a9819cdff2112e403379fc493 0a7ae247a62f05916b112ccff24a7c40861a58dc55ccbd97654e398b601c2803
CLIENT_TRAFFIC_SECRET_0 5adce781da16fbe62afa6e93a36836aba2bbf63a9819cdff2112e403379fc493 e3a346644b65d2e27e4927f2a098741727e17759a15957c3a7ba08ced2eb09de
SERVER_TRAFFIC_SECRET_0 5adce781da16fbe62afa6e93a36836aba2bbf63a9819cdff2112e403379fc493 0a9b26ad7bd54049adfd8c86f345ba3f98a76ea5c4fc45554354e930aac31668
CLIENT_HANDSHAKE_TRAFFIC_SECRET 448ac522e444c5c63d5d9441f06e073ca4f8f0d55f66cdd12c2e5578bdf66f2e 99568387998edfd5fcbbd0708e3c211bed5f7e6d2fde65fd92b1c96cd4647d93
SERVER_HANDSHAKE_TRAFFIC_SECRET 448ac522e444c5c63d5d9441f06e073ca4f8f0d55f66cdd12c2e5578bdf66f2e f9a88599ca1942f2e8f84030ac915af5057f5d664decee23a9f6ba41103fe732
CLIENT_TRAFFIC_SECRET_0 448ac522e444c5c63d5d9441f06e073ca4f8f0d55f66cdd12c2e5578bdf66f2e 55f05398f83b25f5cf290b267f4dbbd4d4dc0191d8f8de784f544ad2a776c82e
SERVER_TRAFFIC_SECRET_0 448ac522e444c5c63d5d9441f06e073ca4f8f0d55f66cdd12c2e5578bdf66f2e 028649ec56dfd2802949eea21d960a1c7a052fc444feb30b2e73bdafa275f10d
CLIENT_HANDSHAKE_TRAFFIC_SECRET 072f58a850a3a83d2611617ab307729d170f1ee5b5fd11076d6bfb5b8af65567 709ae0f0d78e74720dfb0be6b80152c1d508abb01e110a64e8c1aff2257fae22
SERVER_HANDSHAKE_TRAFFIC_SECRET 072f58a850a3a83d2611617ab307729d170f1ee5b5fd11076d6bfb5b8af65567 b43d24922876dd8021c3c9d32495229b92384c7fb992f074339f890257143ac0
CLIENT_TRAFFIC_SECRET_0 072f58a850a3a83d2611617ab307729d170f1ee5b5fd11076d6bfb5b8af65567 a60d088923a1089c07677ceebbc26745e74530f106cd548db2d058cb544cf30f
SERVER_TRAFFIC_SECRET_0 072f58a850a3a83d2611617ab307729d170f1ee5b5fd11076d6bfb5b8af65567 44b15aed41229f96475a2fd16356a7fa804b4e714173d9efc1960939d9747a6a
CLIENT_HANDSHAKE_TRAFFIC_SECRET 2fcc56c9691a96f4b3ea7175c0a52795e167ab1a02ddfaa5a6643fcc062a8c02 2db0b7df7e07221d21ad131c04efb04685ff45f665acb629f26a21e0cb6922b8
SERVER_HANDSHAKE_TRAFFIC_SECRET 2fcc56c9691a96f4b3ea7175c0a52795e167ab1a02ddfaa5a6643fcc062a8c02 fdc1bcfad83e257672426ba06947095ebdffbce46512ec0bdad43d1785acb08c
CLIENT_TRAFFIC_SECRET_0 2fcc56c9691a96f4b3ea7175c0a52795e167ab1a02ddfaa5a6643fcc062a8c02 69d014f9dc76517eb52bcef32044759ef2a72ada49371ce71e04a363df334eb5
SERVER_TRAFFIC_SECRET_0 2fcc56c9691a96f4b3ea7175c0a52795e167ab1a02ddfaa5a6643fcc062a8c02 e918f6ca97fbcbb12a5fee063d6974c5f2b9be3e7e7c4ffafa2d49744ebe3c6a
CLIENT_HANDSHAKE_TRAFFIC_SECRET d91a72d05aee3432a6814c550271018b9dae967d56085126445336193d9d9fb2 c40f93ef6affebb33c4f7d4c3735daf7a92954608ac6185fecc249b2b77f97ec
SERVER_HANDSHAKE_TRAFFIC_SECRET d91a72d05aee3432a6814c550271018b9dae967d56085126445336193d9d9fb2 115a9f372a6dc24de76e6ff8bb7b41cc4a99ca8693849a2908f594ea124670fc
CLIENT_TRAFFIC_SECRET_0 d91a72d05aee3432a6814c550271018b9dae967d56085126445336193d9d9fb2 b33f863531202b87abb2339e98501a6fa4895b616a334af08d7a1d78b117ce92
SERVER_TRAFFIC_SECRET_0 d91a72d05aee3432a6814c550271018b9dae967d56085126445336193d9d9fb2 7f1212f2bf66df73735d75fabeaa701377206ff4818d916eaa578ac06779b5f7
CLIENT_HANDSHAKE_TRAFFIC_SECRET 910b9c805702091b8d6e1b383a9f65c755e3808a2d63fbefad826fb0419abf8f 6ec6d5626fe9c676add5c622c263a3f3e50a3702db389526be3c2a08d89dff24
SERVER_HANDSHAKE_TRAFFIC_SECRET 910b9c805702091b8d6e1b383a9f65c755e3808a2d63fbefad826fb0419abf8f 0b09799977c6bba3c34b4b28443a2e4af15fb36265e46496c35aa2d6731655fe
CLIENT_TRAFFIC_SECRET_0 910b9c805702091b8d6e1b383a9f65c755e3808a2d63fbefad826fb0419abf8f 8aa84279aa3d5dec7077f020a0c987677f7902de2ce173c42f4e8a85fbde4674
SERVER_TRAFFIC_SECRET_0 910b9c805702091b8d6e1b383a9f65c755e3808a2d63fbefad826fb0419abf8f b3f93fb9d80907fd9a68e0dbdee2ca2d2eb55cb2196ef030c80d28a2f191af7c
CLIENT_HANDSHAKE_TRAFFIC_SECRET 5da6770e7d3a15c5f1d425e291626f2213969d5728596f0d6128c19781c55462 a097e60d090b2809258e2b59d529f2be948fc71740f250cb7e4aa7a2e6a2adc5
SERVER_HANDSHAKE_TRAFFIC_SECRET 5da6770e7d3a15c5f1d425e291626f2213969d5728596f0d6128c19781c55462 8974c9054b0c99f56889c57abba515be8a6dff232799193ef8f1ccf2ca368602
CLIENT_TRAFFIC_SECRET_0 5da6770e7d3a15c5f1d425e291626f2213969d5728596f0d6128c19781c55462 772f92951a51c058e76199b22e092a0a0a9baf0f62bee00154551bbb8148e3f1
SERVER_TRAFFIC_SECRET_0 5da6770e7d3a15c5f1d425e291626f2213969d5728596f0d6128c19781c55462 6ee19d1057f1b71b01f568485cf15329bab2a9efe785d625153361ac1a8350a5
CLIENT_HANDSHAKE_TRAFFIC_SECRET 53234c1940dc4b7c4da8d203c77525b9fca0299ce20d9b662541211be381e538 37d5a23d11e330cfeaafa7110ba0fb5f02f261546271e840719a0e77c6fdcbf9
SERVER_HANDSHAKE_TRAFFIC_SECRET 53234c1940dc4b7c4da8d203c77525b9fca0299ce20d9b662541211be381e538 488a2a01bbbe649c1e28eb852f354e5c0ab03d2c308fc75e40f067d9aabad221
CLIENT_TRAFFIC_SECRET_0 53234c1940dc4b7c4da8d203c77525b9fca0299ce20d9b662541211be381e538 14f6569930059bb8d688acd8c520e60b1e214d413874ff759d116c634e570a79
SERVER_TRAFFIC_SECRET_0 53234c1940dc4b7c4da8d203c77525b9fca0299ce20d9b662541211be381e538 ffb8bd25a60ebbff6bdb43582afa276ec923586e47d5166a1e8f71ec57875e9e
CLIENT_HANDSHAKE_TRAFFIC_SECRET 674b2ea27b67c4c6489d5f952f3ef54a275dc9c2c0acb9a05c3e15b46a5da1e7 6d1712139c17ee2e844fa066990eea78824ff7976849dfe9327529ddcf705842
SERVER_HANDSHAKE_TRAFFIC_SECRET 674b2ea27b67c4c6489d5f952f3ef54a275dc9c2c0acb9a05c3e15b46a5da1e7 c38ec59a254eb504beef67d074f2142e50f0063853fe53dd2a63948c711d4551
CLIENT_TRAFFIC_SECRET_0 674b2ea27b67c4c6489d5f952f3ef54a275dc9c2c0acb9a05c3e15b46a5da1e7 51459c1e9edb69f82e8d3cbe3cc74f30af61b047e07ca718b969c785d399a678
SERVER_TRAFFIC_SECRET_0 674b2ea27b67c4c6489d5f952f3ef54a275dc9c2c0acb9a05c3e15b46a5da1e7 d512ffe94b1ce3899e6df437cb1699d315bf5bd1ed1e5d005b167b3540e458b5
CLIENT_HANDSHAKE_TRAFFIC_SECRET 0ff56fb1115f3284f1257e3d160eb7251d3fadb73a54359611422ff6a9e334fc fe1ac508f7ef06c14f4557208dcece68b70de616e952cbfc4b46a54e7edf6ecb
SERVER_HANDSHAKE_TRAFFIC_SECRET 0ff56fb1115f3284f1257e3d160eb7251d3fadb73a54359611422ff6a9e334fc b75b54ac175a8790580817c6c1fdb51bda7cd1c7e18c55109b44a8e4fb73752e
CLIENT_TRAFFIC_SECRET_0 0ff56fb1115f3284f1257e3d160eb7251d3fadb73a54359611422ff6a9e334fc 5345afdffc0f7e7806d30de2a482e0447ea1954071ca7088d328fe431c9bea1d
SERVER_TRAFFIC_SECRET_0 0ff56fb1115f3284f1257e3d160eb7251d3fadb73a54359611422ff6a9e334fc bac9b4d080999f9bc600cb48be6424e033a892583a901153009e7c7756ba9908
CLIENT_HANDSHAKE_TRAFFIC_SECRET cf5722bf59429bde2e26aed81d36a3f811160eaf934cb524f712613c464f28f3 371b104a93adb0ef32961561f4b1d9b08bfb0391c39cdbe123198c7d0c6d100e
SERVER_HANDSHAKE_TRAFFIC_SECRET cf5722bf59429bde2e26aed81d36a3f811160eaf934cb524f712613c464f28f3 8bd7bf47ffe91d5264a896d7fc4fadc3175979253c69d96c0249701a3544f400
CLIENT_TRAFFIC_SECRET_0 cf5722bf59429bde2e26aed81d36a3f811160eaf934cb524f712613c464f28f3 865e68d583036d2a63cf270d1a88284c70115080a00af1df0fc6d8ed23a04f1e
SERVER_TRAFFIC_SECRET_0 cf5722bf59429bde2e26aed81d36a3f811160eaf934cb524f712613c464f28f3 b32489c8fe90fffc1e4ad53cc7514d665443aa496ee7dd0c696f7a444da138ff
CLIENT_HANDSHAKE_TRAFFIC_SECRET 035127ee2215f3962dbe267cdad74ad4beda0f7959cfd72265cf7e8142eb1fe6 d22a31af227b260c14adc44cff57149f1dbe39bf06f8c287c4c83488490f0ae8
SERVER_HANDSHAKE_TRAFFIC_SECRET 035127ee2215f3962dbe267cdad74ad4beda0f7959cfd72265cf7e8142eb1fe6 f42380309b8d25b327f7a4b32d904beef0f12e75ac381e207582e730842acf56
CLIENT_TRAFFIC_SECRET_0 035127ee2215f3962dbe267cdad74ad4beda0f7959cfd72265cf7e8142eb1fe6 e7cfddc5148b3c6fa29ba145330261620fe6de2f5e3f96a302e02d25be03f7ab
SERVER_TRAFFIC_SECRET_0 035127ee2215f3962dbe267cdad74ad4beda0f7959cfd72265cf7e8142eb1fe6 847ab49bfc9f13760ab2b6a9bd1f08cc4397d99fed637837876e64d352fd1fc8
CLIENT_HANDSHAKE_TRAFFIC_SECRET 82baabe9f65ce74edb1ed04dddd5c0559f96fd52b2e3271026727fee38335f93 6976238aa5fe26e44f0fb9390948049ce7b3458eb8423412cb66c4382fab29b4
SERVER_HANDSHAKE_TRAFFIC_SECRET 82baabe9f65ce74edb1ed04dddd5c0559f96fd52b2e3271026727fee38335f93 76f037a3597998565b09f3af796cc5ca60e6f497df09c3cbcd689e4460333042
CLIENT_TRAFFIC_SECRET_0 82baabe9f65ce74edb1ed04dddd5c0559f96fd52b2e3271026727fee38335f93 38a0f454fc60d161b60a22e60b718ea21cf9118a532aa235a17cf4e08c4f6503
SERVER_TRAFFIC_SECRET_0 82baabe9f65ce74edb1ed04dddd5c0559f96fd52b2e3271026727fee38335f93 52c50bae1b17177c81ae1da724baabd5f7a5bd31f02bfa0596cfabc02b5b418e
CLIENT_HANDSHAKE_TRAFFIC_SECRET 2db2bab927b7d126f26181e369e7c9012e89b5431a9d4efdcaedd17711ae40de 0d2ad40da1417316263fdb94f14b8cc4ba4c605666c1c0fe742d4cdaadf0e133
SERVER_HANDSHAKE_TRAFFIC_SECRET 2db2bab927b7d126f26181e369e7c9012e89b5431a9d4efdcaedd17711ae40de 229272a6b5b08f8111fca473b96ae34b9d689ec70e91455404d566989eaafc0e
CLIENT_TRAFFIC_SECRET_0 2db2bab927b7d126f26181e369e7c9012e89b5431a9d4efdcaedd17711ae40de f377fd1111cf8e092b20660beafaf4550008ca969870f5cbc245aaddeff80b3e
SERVER_TRAFFIC_SECRET_0 2db2bab927b7d126f26181e369e7c9012e89b5431a9d4efdcaedd17711ae40de 822853d22b50997b38c102f2c820f0b8e0e45fa8985c3a2750f955fe9a159ef6
CLIENT_HANDSHAKE_TRAFFIC_SECRET 514948555181d840750bd1eb48d1bd227884a4c66d807ee9d6dd9770f2e5962f 0a0ad10b47e40a7bb9575f38a26b3d459ef8c2625812215135c40337cb388109
SERVER_HANDSHAKE_TRAFFIC_SECRET 514948555181d840750bd1eb48d1bd227884a4c66d807ee9d6dd9770f2e5962f 7611da898a3d82f5b3801b8ad8fd4cf3dfa968e6731ae464b5499d8695d78e19
CLIENT_TRAFFIC_SECRET_0 514948555181d840750bd1eb48d1bd227884a4c66d807ee9d6dd9770f2e5962f 7329c08f96e53f9fa2d91ff5d02fe48a9a98caff9720a7ec934020d73f419c1b
SERVER_TRAFFIC_SECRET_0 514948555181d840750bd1eb48d1bd227884a4c66d807ee9d6dd9770f2e5962f 55af77c6eb1a788ee07cdb5009a063396be10981078ad89ffc8c3fd211ef1175
CLIENT_HANDSHAKE_TRAFFIC_SECRET 477abf54c28eb2e00aa636b18dc62194b954533b2d21b76179bc5077f2c56d0e 717d6fa1bdeddb58f873fffef8308844f4ecd4f0a07ae520a976ec03e6558514
SERVER_HANDSHAKE_TRAFFIC_SECRET 477abf54c28eb2e00aa636b18dc62194b954533b2d21b76179bc5077f2c56d0e 47664b6db1ff82dd7b021df7e311b2b2ad42ae917ae8d0cf1f394029d3bd1a19
CLIENT_TRAFFIC_SECRET_0 477abf54c28eb2e00aa636b18dc62194b954533b2d21b76179bc5077f2c56d0e b6391616e1129ab20abf157bfd8749f4cda2f1d5f50b461c504fb4651f06bac4
SERVER_TRAFFIC_SECRET_0 477abf54c28eb2e00aa636b18dc62194b954533b2d21b76179bc5077f2c56d0e 54f2ca17006609d9f144914862a884d1945cb38bd062a9a3d32dafad0635dc97
CLIENT_HANDSHAKE_TRAFFIC_SECRET 8418b84c6df47ea1f03a2af55ba545d7f6ff5c6a8f355464cbcbbe3b10965a3a e8b327e39e88611cd9c1f10ccab21aa2ef4b21d1978d723934fa5e6d5c82f3f2
SERVER_HANDSHAKE_TRAFFIC_SECRET 8418b84c6df47ea1f03a2af55ba545d7f6ff5c6a8f355464cbcbbe3b10965a3a b2b79b8e639fd0617ca55f8e20dfe49604fd6aae4fc029656236cd155a83bd47
CLIENT_TRAFFIC_SECRET_0 8418b84c6df47ea1f03a2af55ba545d7f6ff5c6a8f355464cbcbbe3b10965a3a 26f2bf68b2bfb5318d284a8b490ee714595ac6b26d3dc1020a92a4a9ac6f3830
SERVER_TRAFFIC_SECRET_0 8418b84c6df47ea1f03a2af55ba545d7f6ff5c6a8f355464cbcbbe3b10965a3a e811e30f3ab7443fc0fb769523aaf3c6b17308cad991c575661222ffc55cf565
CLIENT_HANDSHAKE_TRAFFIC_SECRET 7b0bbdb82ac61cc740ea731a7b3b61e1842a25faec35bb71c0bb76ae22708e73 571d291ac183581ee4edbd018f56b422f715aec956ee29ef5b2fb9a9d0127c47
SERVER_HANDSHAKE_TRAFFIC_SECRET 7b0bbdb82ac61cc740ea731a7b3b61e1842a25faec35bb71c0bb76ae22708e73 8cf69ccab312338c3b35d55b60dc9a395c3cdd254b62e9b40391551e4d09fc57
CLIENT_TRAFFIC_SECRET_0 7b0bbdb82ac61cc740ea731a7b3b61e1842a25faec35bb71c0bb76ae22708e73 176b82b702aa11159ee875bb73c2e5bed0014dea8aa4468a67385061bc0a0dd0
SERVER_TRAFFIC_SECRET_0 7b0bbdb82ac61cc740ea731a7b3b61e1842a25faec35bb71c0bb76ae22708e73 f7dde6b3be1d53777e5411c7d85d4514a56fd5f256b891838acccf53747ac33d
CLIENT_HANDSHAKE_TRAFFIC_SECRET c21f1e1e070f7fe72b5c7b56660e224377274c996cd1623ba675d6ea5ec147ad e5b02da31009d61bbbebda2592ac1c28ad11bb593adc86f2e802c6a5e7d6d03e
SERVER_HANDSHAKE_TRAFFIC_SECRET c21f1e1e070f7fe72b5c7b56660e224377274c996cd1623ba675d6ea5ec147ad 6d1840f1d9ffa5725f18e7fa4a266dfac755e6f2a46d120e89eea20e4a5f7957
CLIENT_TRAFFIC_SECRET_0 c21f1e1e070f7fe72b5c7b56660e224377274c996cd1623ba675d6ea5ec147ad 00b0f277af54d820fa45d9855ee54158ecfacef5ad18c096d19b098cab90fe08
SERVER_TRAFFIC_SECRET_0 c21f1e1e070f7fe72b5c7b56660e224377274c996cd1623ba675d6ea5ec147ad 36e299ca1563a3fd5ecb89a56a8a0d70c571149a4c26227bd9af928989d563ac
CLIENT_HANDSHAKE_TRAFFIC_SECRET 2825fe9369b0662df73752565875a2e6e40e08f74e65ad52f93815f2cf142b42 2aa33ff0facaddadc7623e217216b2a0b1977701e4e3adfea0e82750aa3f0968
SERVER_HANDSHAKE_TRAFFIC_SECRET 2825fe9369b0662df73752565875a2e6e40e08f74e65ad52f93815f2cf142b42 5ba1486046c8570c905f2b5c80e49766c0f5e3d3d4e5e7e2912b452c996bafc8
CLIENT_TRAFFIC_SECRET_0 2825fe9369b0662df73752565875a2e6e40e08f74e65ad52f93815f2cf142b42 904c4868ea40a4189271ed17be304cf9ce3fff1e558eedf1b316def1c8dd812f
SERVER_TRAFFIC_SECRET_0 2825fe9369b0662df73752565875a2e6e40e08f74e65ad52f93815f2cf142b42 c03b48ceb52cd0a767a74c23e307bf33677511d16f8df7ccf1df191b09239d48
CLIENT_HANDSHAKE_TRAFFIC_SECRET b39e9543fe040ce6059b02eb8fbd1f4e39b24e12aa2e67b8815307b42eaf6008 7e094279df41e6b7dc6fabb023ef6c88e375c20309d6f8cb489b6b4348b15748
SERVER_HANDSHAKE_TRAFFIC_SECRET b39e9543fe040ce6059b02eb8fbd1f4e39b24e12aa2e67b8815307b42eaf6008 a7822e5152cd4cef79a36c05480e9b7cf4d7a7df2811938748161a65fa107e15
CLIENT_TRAFFIC_SECRET_0 b39e9543fe040ce6059b02eb8fbd1f4e39b24e12aa2e67b8815307b42eaf6008 9103a65fe3f2ad56e4c714a53c68dec23ee2102f0c240a19aef347450dfcb9dc
SERVER_TRAFFIC_SECRET_0 b39e9543fe040ce6059b02eb8fbd1f4e39b24e12aa2e67b8815307b42eaf6008 7259163f5fc6fbc502dd1c325a2a442125868c4f77dedb565ff6e2b48847a803
CLIENT_HANDSHAKE_TRAFFIC_SECRET 05772c926f608fc58db8730b87ac7f3d5aec40c4739dfd70b35bf394469b9400 052402226c9975e8ca515d619bc74f5c179660b82b6709dc44c738b0cf8c2a0c
SERVER_HANDSHAKE_TRAFFIC_SECRET 05772c926f608fc58db8730b87ac7f3d5aec40c4739dfd70b35bf394469b9400 f8bd7dab886d4d572a2ea7c0c5bf5e24d3d202a0771fdee590a74b6e1c702660
CLIENT_TRAFFIC_SECRET_0 05772c926f608fc58db8730b87ac7f3d5aec40c4739dfd70b35bf394469b9400 993f63fe88a45e75b2f1c3e04a895d228e77b2de5b23180c2423eb5696d657fc
SERVER_TRAFFIC_SECRET_0 05772c926f608fc58db8730b87ac7f3d5aec40c4739dfd70b35bf394469b9400 c7a70981f281691f077bcf1e8543edd1cf72e692f73d6a5a3bf276d76a4d0c94
CLIENT_HANDSHAKE_TRAFFIC_SECRET 306fb964a94b1cf7921468bf451630f3a1d911ecdb5280d62c8a38bfbbbecf35 c93e1464f1806559f1ee9c7d3cfff8b43430cedef0552248dfd4483563a04864
SERVER_HANDSHAKE_TRAFFIC_SECRET 306fb964a94b1cf7921468bf451630f3a1d911ecdb5280d62c8a38bfbbbecf35 c94c3d86e6488d3d8033c90249ee09d45c388a4b54135fe3af1506dbfcc1dc1e
CLIENT_TRAFFIC_SECRET_0 306fb964a94b1cf7921468bf451630f3a1d911ecdb5280d62c8a38bfbbbecf35 8e611e809b0bb0b1bb2fc0e02c02ff01dfbd0b7fef25cc6e28324bccb32b2b02
SERVER_TRAFFIC_SECRET_0 306fb964a94b1cf7921468bf451630f3a1d911ecdb5280d62c8a38bfbbbecf35 2cfbe25f44400f7c571203b89efdc89ffad840adfd3ee583d3cdb6723d33f0b7
CLIENT_HANDSHAKE_TRAFFIC_SECRET 9156dd08a515bdb47479cbbe93f7661935381251750180e68e18c352d8048806 bc33cafadfb21188f3b535303a1dd4f0397f5ec39d7393811f6f3ec595260487
SERVER_HANDSHAKE_TRAFFIC_SECRET 9156dd08a515bdb47479cbbe93f7661935381251750180e68e18c352d8048806 a2f66e75ccb056d40898697ef90330a34708308da0ece5c44f9793522e956239
CLIENT_TRAFFIC_SECRET_0 9156dd08a515bdb47479cbbe93f7661935381251750180e68e18c352d8048806 4976e525142a4e0e3883bb9500fe9db63bd8c37056e2a73edff63e54967763c6
SERVER_TRAFFIC_SECRET_0 9156dd08a515bdb47479cbbe93f7661935381251750180e68e18c352d8048806 a0e7469e12b8446b1ea5c16d8ba0f39d23849ea1939a35d26bd71bdfb309e983
CLIENT_HANDSHAKE_TRAFFIC_SECRET 3199d9e56f0878cf6332a6d14dcc850d372a650fced280e506f722fd637ca0e2 cf05bbe079285232af19708a45a79768e6d19f2006649a120753596ab6e42f6a
SERVER_HANDSHAKE_TRAFFIC_SECRET 3199d9e56f0878cf6332a6d14dcc850d372a650fced280e506f722fd637ca0e2 e6caed6e720c7eb6878d45598df4295c8e0cef4df7f40c4c8e51e75dca310ffc
CLIENT_TRAFFIC_SECRET_0 3199d9e56f0878cf6332a6d14dcc850d372a650fced280e506f722fd637ca0e2 3fca9ed5e9e8ee2542d4773b0a5532db1aebf0dbaf55e3139fae20381b660fc9
SERVER_TRAFFIC_SECRET_0 3199d9e56f0878cf6332a6d14dcc850d372a650fced280e506f722fd637ca0e2 9ce5b1f636f188d5b9ebc9b5abbafdb3e56e0917064255404957b035dcd40044
CLIENT_HANDSHAKE_TRAFFIC_SECRET b50960fb411949015455ecd5cca72149d8ca74fb16413b8d91aace19a8969d8b 231af61eb327c83805192c70f15ee30515ae903355c504ec61078c2692465e04
SERVER_HANDSHAKE_TRAFFIC_SECRET b50960fb411949015455ecd5cca72149d8ca74fb16413b8d91aace19a8969d8b 4e4bc5d782ff4ea5bf58cf1c0a85cf5b7dc515a8a7a066bab98d471790452b13
CLIENT_TRAFFIC_SECRET_0 b50960fb411949015455ecd5cca72149d8ca74fb16413b8d91aace19a8969d8b 4e882f808a346b742136090884f80c8967a4160dd4a60877e085434d9c98e50a
SERVER_TRAFFIC_SECRET_0 b50960fb411949015455ecd5cca72149d8ca74fb16413b8d91aace19a8969d8b ff83e213e07575a1faca934a00eee5a92251ce4d1d0aff2219516c56cf16663c
CLIENT_HANDSHAKE_TRAFFIC_SECRET 60ca3c0febc76b8c31836052c8b856b0c7be52e5e1cb0d8793ba6737162392ea ca01850d72b23879af10c63a33563c044a87dc9c9f671f6eb48bc114dc59c55a
SERVER_HANDSHAKE_TRAFFIC_SECRET 60ca3c0febc76b8c31836052c8b856b0c7be52e5e1cb0d8793ba6737162392ea 5b59cff973fb03accf5bec4b3101b8d63cfd818eaf3e971218b1d04693c6109f
CLIENT_TRAFFIC_SECRET_0 60ca3c0febc76b8c31836052c8b856b0c7be52e5e1cb0d8793ba6737162392ea 5eff5662d140acbcfe63097792010c38709015c3eb2318b17e1c93a032c4ff7f
SERVER_TRAFFIC_SECRET_0 60ca3c0febc76b8c31836052c8b856b0c7be52e5e1cb0d8793ba6737162392ea 9cb38d3395dc4389c7d5cc9fff73cd5fc8a8d6a62a0ddba985238dff6d66d765
CLIENT_HANDSHAKE_TRAFFIC_SECRET da906f1c94c90729ef8bbc6536e950b525d6f31b275eb1bb6cf0ed9c19af7608 09f8dc3239bcc68c8668b81eab7a5e4da35b39f89b136e2a29d6da63a17862c5
SERVER_HANDSHAKE_TRAFFIC_SECRET da906f1c94c90729ef8bbc6536e950b525d6f31b275eb1bb6cf0ed9c19af7608 6a27c4dc43aaf69947e87eaa09ee8e6dc1c1e31f44cb4ee15a5a22775af2a1a3
CLIENT_TRAFFIC_SECRET_0 da906f1c94c90729ef8bbc6536e950b525d6f31b275eb1bb6cf0ed9c19af7608 be71ddd55abc1f225b3df5da05657a58efd101aa3193f501d0078bd390d19b66
SERVER_TRAFFIC_SECRET_0 da906f1c94c90729ef8bbc6536e950b525d6f31b275eb1bb6cf0ed9c19af7608 33a7d90b155ba98cdd372ac1cb7671dee569a05a68c527d77478c2f29a3ebad9
CLIENT_HANDSHAKE_TRAFFIC_SECRET bc0c427e0fe8047a8b079fae0851afe2fc6054513f84a558dc4f16fc20dc1eab 9599592544285d1bde7f0e4ad5dce4b360cc98ee89f7b28afb6684dd7274d64f
SERVER_HANDSHAKE_TRAFFIC_SECRET bc0c427e0fe8047a8b079fae0851afe2fc6054513f84a558dc4f16fc20dc1eab e2787a0f89aaf0f30f60ff8b7893bbb0330c4eb346e57a9b2df1a2074d455030
CLIENT_TRAFFIC_SECRET_0 bc0c427e0fe8047a8b079fae0851afe2fc6054513f84a558dc4f16fc20dc1eab 599391030cf39ed7073cb7264012c18029c16495a1c4fcc3b380595fcb3e83f4
SERVER_TRAFFIC_SECRET_0 bc0c427e0fe8047a8b079fae0851afe2fc6054513f84a558dc4f16fc20dc1eab 82c7661306bc5fdcec302dd377187d640f09577ac2d8169b351897788610fb42
CLIENT_HANDSHAKE_TRAFFIC_SECRET 7de0b2d29a1160a584077beb89299bc2aff8a1e72fe3eb8be58b76d06b02c461 76af09481d7395f7aa202da83a905af68bf3ff76c6f2ab4a621daf22fe49c2d9
SERVER_HANDSHAKE_TRAFFIC_SECRET 7de0b2d29a1160a584077beb89299bc2aff8a1e72fe3eb8be58b76d06b02c461 4cdda21bf957adc612b34fde5eaa418e8838d4cdfe773d47aa0c8bf742917313
CLIENT_TRAFFIC_SECRET_0 7de0b2d29a1160a584077beb89299bc2aff8a1e72fe3eb8be58b76d06b02c461 68dd8008e9bc9c916966bba57f7d23b7e0c0ce569636ce2c5fd29b274708a555
SERVER_TRAFFIC_SECRET_0 7de0b2d29a1160a584077beb89299bc2aff8a1e72fe3eb8be58b76d06b02c461 ec940164b25ba234056aa228342e3b237990263bcaa9bd204a72a8d72a5b1ae3
CLIENT_HANDSHAKE_TRAFFIC_SECRET 58b51a16423a781c7ad73fc7c546b64d7699e3aca67ca8f6f7ca0ea0c64d225a 83de62a3a2933b3cdbb708d285d8c17f1fcddef91d05b4d0ebfd7ebb4a39445c
SERVER_HANDSHAKE_TRAFFIC_SECRET 58b51a16423a781c7ad73fc7c546b64d7699e3aca67ca8f6f7ca0ea0c64d225a a79e97b193bbee0e8e564c395adee6e0bcc5448865a8ffc8d29946275d421b31
CLIENT_TRAFFIC_SECRET_0 58b51a16423a781c7ad73fc7c546b64d7699e3aca67ca8f6f7ca0ea0c64d225a 945c44845b602b7daf73eedcfa0a9e0c26c13a4faf639023d8f8b918301f7a4f
SERVER_TRAFFIC_SECRET_0 58b51a16423a781c7ad73fc7c546b64d7699e3aca67ca8f6f7ca0ea0c64d225a fd1c577f0995d24998654040a0f1c3c220b7e266fe8cc41a4b704d67aa3ab175
CLIENT_HANDSHAKE_TRAFFIC_SECRET 3eb01e16dc794d437d0e8e78187d18f8de99978e307ff2c3c4b14603c80d5331 b112e27c2410f4ad20df91a608f21d093ca9318f6e2ad42dcaeea4e991237b0c
SERVER_HANDSHAKE_TRAFFIC_SECRET 3eb01e16dc794d437d0e8e78187d18f8de99978e307ff2c3c4b14603c80d5331 0d5cf56bfb56c68f212f4bea31d887bd8565b11bcbe58e8839580c1ec66a6f32
CLIENT_TRAFFIC_SECRET_0 3eb01e16dc794d437d0e8e78187d18f8de99978e307ff2c3c4b14603c80d5331 dc5346cd9dab46cc6abc3c01aa13344405a9eb3e367e8c2418d8138f0f6bbf0c
SERVER_TRAFFIC_SECRET_0 3eb01e16dc794d437d0e8e78187d18f8de99978e307ff2c3c4b14603c80d5331 f7cbfddcb9e1b85e0535a5993261ab5d6537b9a67095b5c62227e6f68fe23f9c
CLIENT_HANDSHAKE_TRAFFIC_SECRET 0bc07ec48a959edfcb3a441daa83ecd3d0291584ed833d76c9ae5f4b5d947ad2 0463490b7085919631ff44903312f0183920e73da0a3dd749e6629a7196c8771
SERVER_HANDSHAKE_TRAFFIC_SECRET 0bc07ec48a959edfcb3a441daa83ecd3d0291584ed833d76c9ae5f4b5d947ad2 b03f73408b2cfc3bf51f6866ac5868f565dea5668143239b0f65d0542c344e08
CLIENT_TRAFFIC_SECRET_0 0bc07ec48a959edfcb3a441daa83ecd3d0291584ed833d76c9ae5f4b5d947ad2 03a13a5ab0a7b2b246058b6053c67391c770371022bf4704abedfe7ad4d5dcd7
SERVER_TRAFFIC_SECRET_0 0bc07ec48a959edfcb3a441daa83ecd3d0291584ed833d76c9ae5f4b5d947ad2 769da46fe5a340f190d21de42561fdb9bcb35a24550a570a069b63801ca89fac
CLIENT_HANDSHAKE_TRAFFIC_SECRET aaa370177d37fc5e582b39791c0fa573fe6ff85b04a17f77fe522f17e0156f95 929a34933963e15c14908877ce541792ffa55eb4a6062bb6ab59198451ff389d
SERVER_HANDSHAKE_TRAFFIC_SECRET aaa370177d37fc5e582b39791c0fa573fe6ff85b04a17f77fe522f17e0156f95 25afa29f82f931422dbe719d8c56245cc80f626c37a0aee389d011e2cfd2f02a
CLIENT_TRAFFIC_SECRET_0 aaa370177d37fc5e582b39791c0fa573fe6ff85b04a17f77fe522f17e0156f95 9c33829427ca83efc2bef1f1665a7c3ebf1705a2447b7fb3ecfe30e42305f939
SERVER_TRAFFIC_SECRET_0 aaa370177d37fc5e582b39791c0fa573fe6ff85b04a17f77fe522f17e0156f95 7f6445efdabeffd83b911e504e440bd8fbc416492f12ce1e6c43138078ac0d82
CLIENT_HANDSHAKE_TRAFFIC_SECRET 0338887d9cd9ac2da82a45ff71f397953422571bf1908143da8181afbf321a36 d5d408470ee8ba3a13a1ac558aee1b194afacc9b619f1d4d70ae176ec3e838a7
SERVER_HANDSHAKE_TRAFFIC_SECRET 0338887d9cd9ac2da82a45ff71f397953422571bf1908143da8181afbf321a36 535af3d97069ec9089dd22aea7d70de5f7a87666b654691111e78076f1a9cd22
CLIENT_TRAFFIC_SECRET_0 0338887d9cd9ac2da82a45ff71f397953422571bf1908143da8181afbf321a36 3aa4a28e4d7feeaf7d2765f2d55512d60dac46c5daffd284bc9b9cc54039b102
SERVER_TRAFFIC_SECRET_0 0338887d9cd9ac2da82a45ff71f397953422571bf1908143da8181afbf321a36 4a1cd1db6e7d8e6fee0ca10b625c65803e6a0ae6ab1c156263b54b51c196f832
CLIENT_HANDSHAKE_TRAFFIC_SECRET f7a52f956bcf81453cc234694741b51fecac39d6c76a550d858afc370808cbb6 f5110e17d815d3b25f6525aaddc1f78b144a41b0a5084d359c53d758a83d1635
SERVER_HANDSHAKE_TRAFFIC_SECRET f7a52f956bcf81453cc234694741b51fecac39d6c76a550d858afc370808cbb6 53cbe56583b8db3d46142cb80f6e6902e1a0269ef1c6fed674147f2393e1bfcd
CLIENT_TRAFFIC_SECRET_0 f7a52f956bcf81453cc234694741b51fecac39d6c76a550d858afc370808cbb6 bea412da6db72e7bd09e7d209ebb4c1a6e2a7adb6518bb42644bd9c107f39e85
SERVER_TRAFFIC_SECRET_0 f7a52f956bcf81453cc234694741b51fecac39d6c76a550d858afc370808cbb6 ec7d9407b66bc5049fba1d150594556f0c986e8b66d8fd39f1bfcd4f8658aaa2
CLIENT_HANDSHAKE_TRAFFIC_SECRET c9409cef95d235286f6e1bd1a1cdf923dd4fdeede2e5985d8b7fbe0c58266303 2b70aa4cdb867295c2d4f6ab6fc85ce2453630f858ccf7a8cde54e29e1462b03
SERVER_HANDSHAKE_TRAFFIC_SECRET c9409cef95d235286f6e1bd1a1cdf923dd4fdeede2e5985d8b7fbe0c58266303 cb7e781db381122c6c4d853500a07e15faab33b86b665606786122aa23562c0f
CLIENT_TRAFFIC_SECRET_0 c9409cef95d235286f6e1bd1a1cdf923dd4fdeede2e5985d8b7fbe0c58266303 ff002dc2dd1ac130281fda8b300ef05ff7522dbc5327e2785912449e5f7cedfd
SERVER_TRAFFIC_SECRET_0 c9409cef95d235286f6e1bd1a1cdf923dd4fdeede2e5985d8b7fbe0c58266303 c8bf3e2490ad069c14dfdbdfc82a83dfb7f80d9f39639c1c7a0564f4b6b931f5
CLIENT_HANDSHAKE_TRAFFIC_SECRET 45fc35c8102d3e54be68109b08ae43b946683367207ac3f3896fcd6c332e7c52 c8d06e62bb5258ce3db89fb857607aae6859231529d98d664505cf273ed34a7c
SERVER_HANDSHAKE_TRAFFIC_SECRET 45fc35c8102d3e54be68109b08ae43b946683367207ac3f3896fcd6c332e7c52 f6fad513d70e5db438ebee1b33cc72ebb9d9af683ab0e9eb54abc0442f2c7b1e
CLIENT_TRAFFIC_SECRET_0 45fc35c8102d3e54be68109b08ae43b946683367207ac3f3896fcd6c332e7c52 b24c2cb59a27b9a29d6b29dba0858b7b66ad75ca3f04e80d49bd605e681f98a2
SERVER_TRAFFIC_SECRET_0 45fc35c8102d3e54be68109b08ae43b946683367207ac3f3896fcd6c332e7c52 6b0ad7966b07db0801cde98677ee6cf5e9016fa8d78b3478dd332ef36353b0a6
CLIENT_HANDSHAKE_TRAFFIC_SECRET 5496ed19a75a5a2240461eb2a414d2f8dfa175340e8542d707c9b677481983fe 8d9b2a387924cce231b2ad5e95171cf71748253319bdc59131b703a9b0c46fd2
SERVER_HANDSHAKE_TRAFFIC_SECRET 5496ed19a75a5a2240461eb2a414d2f8dfa175340e8542d707c9b677481983fe b0f2731926b001fd95bc20785a2ef0b4eae9b7bd7c8917589d7d77be073ae943
CLIENT_TRAFFIC_SECRET_0 5496ed19a75a5a2240461eb2a414d2f8dfa175340e8542d707c9b677481983fe 66152eb86e92df46c67921fca04f8fc0b5d4d2538f6d4b053e605adc384e9275
SERVER_TRAFFIC_SECRET_0 5496ed19a75a5a2240461eb2a414d2f8dfa175340e8542d707c9b677481983fe 6472fef56e45b9f924bbedd20b4777c70d7388d07a663038fe960420e1a90e62
CLIENT_HANDSHAKE_TRAFFIC_SECRET 057a230eb9d7d7c681e0ea7f7bf107bbf7256d7821f468bb7574d6b94d45fae8 2f285951144524b675a3ce0317a22656f8d96e20d7f94adcf8503c0c7cbe1f2f
SERVER_HANDSHAKE_TRAFFIC_SECRET 057a230eb9d7d7c681e0ea7f7bf107bbf7256d7821f468bb7574d6b94d45fae8 f2775789857b887bcde21c7e57fa921cf2056decf789113c70b12dfca9147ab1
CLIENT_TRAFFIC_SECRET_0 057a230eb9d7d7c681e0ea7f7bf107bbf7256d7821f468bb7574d6b94d45fae8 2995e77c4a9a7c86b02445c6f7cc9accfe08ae8cfa9a02335eab07aabc1338a6
SERVER_TRAFFIC_SECRET_0 057a230eb9d7d7c681e0ea7f7bf107bbf7256d7821f468bb7574d6b94d45fae8 7911c0b7758bab4e83712d4518a1fdbef60bae38deb865af2f57e79994839e3c
CLIENT_HANDSHAKE_TRAFFIC_SECRET 0c2e89302483069ee5e49cd8dca36e7303c75bbe7c454931cf49c2302cd75985 55298eb8432995e2d0298680f196cf9c655eef6a28d054ece36d212eb5f69cfb
SERVER_HANDSHAKE_TRAFFIC_SECRET 0c2e89302483069ee5e49cd8dca36e7303c75bbe7c454931cf49c2302cd75985 7bdc299c6e8719ac7c58e97885e5575db03fc90fa56efefd2547c1986e2c3559
CLIENT_TRAFFIC_SECRET_0 0c2e89302483069ee5e49cd8dca36e7303c75bbe7c454931cf49c2302cd75985 945caa6fdc5b7c0164d3a94e89320afac66cfa698268719f963eec1a6bf38ade
SERVER_TRAFFIC_SECRET_0 0c2e89302483069ee5e49cd8dca36e7303c75bbe7c454931cf49c2302cd75985 1ef9eecce69aee3d5fa1102e5c7d73ce698b889cdc7713377b65419fa0fca6ab
CLIENT_HANDSHAKE_TRAFFIC_SECRET 604ec7c9d4689de8dae56b5cb0d0059c9d37cc67a1a17079e875e61b32f47842 649eb17f88359ec4d3160b97fbcde223491b87a99252dd0f6034cb560f6ceaee
SERVER_HANDSHAKE_TRAFFIC_SECRET 604ec7c9d4689de8dae56b5cb0d0059c9d37cc67a1a17079e875e61b32f47842 c5d0c736052ce2e2afde68f4dbec1fdc8e797adb62451dbf74bdb8bbf37defec
CLIENT_TRAFFIC_SECRET_0 604ec7c9d4689de8dae56b5cb0d0059c9d37cc67a1a17079e875e61b32f47842 a6de49bbf9aa15453a666130d83f466036a9031d178b80a6521099eeb0c8325e
SERVER_TRAFFIC_SECRET_0 604ec7c9d4689de8dae56b5cb0d0059c9d37cc67a1a17079e875e61b32f47842 e4a7528c2e97937f541bf60e743cf76cd42cc556a06e0d2317295a34fb25299f
CLIENT_HANDSHAKE_TRAFFIC_SECRET 4c96eb9af4792fe06e8615b03528b25823f0d4c77d35aa67cea96e2d76dfa370 a91ef9ff96da9d649f28d90b818ed6d0f76891706dbebd0f7555265af93cc131
SERVER_HANDSHAKE_TRAFFIC_SECRET 4c96eb9af4792fe06e8615b03528b25823f0d4c77d35aa67cea96e2d76dfa370 3e7f536c4698db057b60e84024cf6682c45b21e2f5943906ff6229ca11c7adfd
CLIENT_TRAFFIC_SECRET_0 4c96eb9af4792fe06e8615b03528b25823f0d4c77d35aa67cea96e2d76dfa370 7b1cf44ebac0e01fc89cbf03409862f0c1d0cf13407e1befa21cddaa35ee8bad
SERVER_TRAFFIC_SECRET_0 4c96eb9af4792fe06e8615b03528b25823f0d4c77d35aa67cea96e2d76dfa370 3fec62c2767bc7f37a37a72f99f8ec2c508fc71033c7901a6c2b8385df4c3a91
CLIENT_HANDSHAKE_TRAFFIC_SECRET 12bd1134d50b2cc27e471f948cf35f40bede11fbc17d525e1e11823b0af81133 488ede2f497d59edbe7600a9711fa2ebe0c14198faad56cb3132f7e0a36baa5f
SERVER_HANDSHAKE_TRAFFIC_SECRET 12bd1134d50b2cc27e471f948cf35f40bede11fbc17d525e1e11823b0af81133 777141f0c20583d3b92a238925325d995413bcf83cf94b98269c32383fd8c8fa
CLIENT_TRAFFIC_SECRET_0 12bd1134d50b2cc27e471f948cf35f40bede11fbc17d525e1e11823b0af81133 a94cdba80c28549e763d19184c2c39da9b932fbc881b1b9f09da19d9da07bafb
SERVER_TRAFFIC_SECRET_0 12bd1134d50b2cc27e471f948cf35f40bede11fbc17d525e1e11823b0af81133 aa77981fb00a1043c767cab8aeac0eab772572e93bb180ce0a35883e5e212443
CLIENT_HANDSHAKE_TRAFFIC_SECRET b695e6ead27de1ad54dbcf977152cf1b7a64bbb894d76489ba54c276dc6c7638 5150e9810cb2d0e8523e25fea807e0a03eeee47aea8034305421f936ce00dbef
SERVER_HANDSHAKE_TRAFFIC_SECRET b695e6ead27de1ad54dbcf977152cf1b7a64bbb894d76489ba54c276dc6c7638 2069d6e85e00be49fad45277e0d4de6e6eee34e21e7efb3dad73f30449492407
CLIENT_TRAFFIC_SECRET_0 b695e6ead27de1ad54dbcf977152cf1b7a64bbb894d76489ba54c276dc6c7638 3b0e5739f1c7570a3de98f145305d298a68075c05d1802d8b2c5974532e8f1ee
SERVER_TRAFFIC_SECRET_0 b695e6ead27de1ad54dbcf977152cf1b7a64bbb894d76489ba54c276dc6c7638 ae28ee7650a5c5d4eedc776744e452a0549a8190fe2c4391c79994188aa1dc24
CLIENT_HANDSHAKE_TRAFFIC_SECRET 4925c7ab46dc050f592e4a2aacfdf6e5cbf3d37401bc84ee8c0577f9b09f0d6d 27034f1c0a11d60574283ac8616dfffd512af4cd18d77b091842e35278fb34c0
SERVER_HANDSHAKE_TRAFFIC_SECRET 4925c7ab46dc050f592e4a2aacfdf6e5cbf3d37401bc84ee8c0577f9b09f0d6d 402fec45b5a993fadd0817405104d924e267ed37500e6195f254f07e4377f0d3
CLIENT_TRAFFIC_SECRET_0 4925c7ab46dc050f592e4a2aacfdf6e5cbf3d37401bc84ee8c0577f9b09f0d6d ee75283c5aaee10496086015bcb82d6caee6feaccdc8a2a8f087e616a12465e0
SERVER_TRAFFIC_SECRET_0 4925c7ab46dc050f592e4a2aacfdf6e5cbf3d37401bc84ee8c0577f9b09f0d6d 2fd6c900735fb52d1081971f8e0b9b32816d122e77e3c1680ae9b9a4be6f7c7b
CLIENT_HANDSHAKE_TRAFFIC_SECRET 0e366ae5518f9d11a9d94f8c5be06b60cadcfa27d442ace5e8ff90b5217c8396 7546f68b48d049cafe7d170611ba9417de3f9054a62ed6d51938aad2e1f230db
SERVER_HANDSHAKE_TRAFFIC_SECRET 0e366ae5518f9d11a9d94f8c5be06b60cadcfa27d442ace5e8ff90b5217c8396 806f11dc1cb317b65c76a340116e5678865e6df5c50557a93054bda010ec0452
CLIENT_TRAFFIC_SECRET_0 0e366ae5518f9d11a9d94f8c5be06b60cadcfa27d442ace5e8ff90b5217c8396 2d869785a4aebcf145b0365a09a13fc47f4317ee0374cfa23f8bbef66684cac5
SERVER_TRAFFIC_SECRET_0 0e366ae5518f9d11a9d94f8c5be06b60cadcfa27d442ace5e8ff90b5217c8396 f4ade67cf532b25c67ade6f1091875f84d9e9aff505173dac0811a6357b975d2
CLIENT_HANDSHAKE_TRAFFIC_SECRET ed185e8f429479cb9132b64a4582d9c80279923eff77a2bc74cffec57e0eefea c1b497c391d218f9335ef1008901796af1f10d5e39d54ca0acbc824c0710381f
SERVER_HANDSHAKE_TRAFFIC_SECRET ed185e8f429479cb9132b64a4582d9c80279923eff77a2bc74cffec57e0eefea 41e9336412b690d68ec0dff549b4b0942995fe8d6375c89ad3f4061eb7e72b47
CLIENT_TRAFFIC_SECRET_0 ed185e8f429479cb9132b64a4582d9c80279923eff77a2bc74cffec57e0eefea 14b23860cd2fce676dbd033b20bf3813b35ae46fee5f0118cbda52c6aabbc761
SERVER_TRAFFIC_SECRET_0 ed185e8f429479cb9132b64a4582d9c80279923eff77a2bc74cffec57e0eefea 82eea83130e7ea4519a8ae56dbf3b8cf45d27abf31c6eaf78c5610b30e37b6ec
CLIENT_HANDSHAKE_TRAFFIC_SECRET a00fed5da14cbe8fccf3aecf8aa7c1832938f3db078a73a34f2baa8d1011e473 5566b9c4546a183734fcc48321d2d6cd86df8153776f48efe478fe8be5dfbb00
SERVER_HANDSHAKE_TRAFFIC_SECRET a00fed5da14cbe8fccf3aecf8aa7c1832938f3db078a73a34f2baa8d1011e473 25fc3f172a7603fea03870a3e29093fb25047aed0a133ec7e12c68ff45656da8
CLIENT_TRAFFIC_SECRET_0 a00fed5da14cbe8fccf3aecf8aa7c1832938f3db078a73a34f2baa8d1011e473 df333308e9dc9a942590a695566ea7de22a2e1adb8f9d47cd5ab8aaba3ca0ca5
SERVER_TRAFFIC_SECRET_0 a00fed5da14cbe8fccf3aecf8aa7c1832938f3db078a73a34f2baa8d1011e473 563b6424966c7dd9b5c1daf9afba13f75e36a16ed80df51ddf21cd0524fa06ff
CLIENT_HANDSHAKE_TRAFFIC_SECRET bcdb78806c96f471863ebb65523bc37d40d97f1b589f7120921361db275ec40b 67b935aa00962f224188bbf1448aa3265882427ac4a51ff359800a66df78c24b
SERVER_HANDSHAKE_TRAFFIC_SECRET bcdb78806c96f471863ebb65523bc37d40d97f1b589f7120921361db275ec40b f1400886b5c99a589dd3c00ed1bda9b5b5f6fef7cb23a423e70d09d53e48a688
CLIENT_TRAFFIC_SECRET_0 bcdb78806c96f471863ebb65523bc37d40d97f1b589f7120921361db275ec40b 119c09d14ed6cc98c9db2db0e910f2552b440790571abb18a9f934bcb2088d72
SERVER_TRAFFIC_SECRET_0 bcdb78806c96f471863ebb65523bc37d40d97f1b589f7120921361db275ec40b 20f021d6e334d457a89a3698ec749598a03d7602cf6e800b0cc56cab1bad4a5d
CLIENT_HANDSHAKE_TRAFFIC_SECRET 103b59248138805cae5de62eb09d37f2e75b76edb2e31d6a1f853eb60de67b6e c18aeb373c181bf342f0636d78ab0d591304ba2a3575c2d7ac4c91b4eed59f9f
SERVER_HANDSHAKE_TRAFFIC_SECRET 103b59248138805cae5de62eb09d37f2e75b76edb2e31d6a1f853eb60de67b6e 4f4fb078dac7078d14f091c23e8d6ab3b23edf3caf9f1666649966b1759a8ed3
CLIENT_TRAFFIC_SECRET_0 103b59248138805cae5de62eb09d37f2e75b76edb2e31d6a1f853eb60de67b6e a17fe6b18d61c46834f2040617afb81c49418f83059834f6da95bff66205b5c2
SERVER_TRAFFIC_SECRET_0 103b59248138805cae5de62eb09d37f2e75b76edb2e31d6a1f853eb60de67b6e 8953ca7c3a977d4ad70e0c8b68341db7b994481ad739d9a4688d75719f80b40c
CLIENT_HANDSHAKE_TRAFFIC_SECRET e0e5f49ed789553a9885bce72c5adc1a0a7e4f494954e95b03ef74a4ebb69916 510807a3c1b674f475df7d1db88b989cda5575538e9eb5037a7c73ddea2114c2
SERVER_HANDSHAKE_TRAFFIC_SECRET e0e5f49ed789553a9885bce72c5adc1a0a7e4f494954e95b03ef74a4ebb69916 434ba99e1909d1e1f15a5dda419d6853a818682bc35b98b48253de6155c0aa8a
CLIENT_TRAFFIC_SECRET_0 e0e5f49ed789553a9885bce72c5adc1a0a7e4f494954e95b03ef74a4ebb69916 7814e79491d0fa29d879d9c947133ac139f1b5a65cd859b111ef08ef1852f339
SERVER_TRAFFIC_SECRET_0 e0e5f49ed789553a9885bce72c5adc1a0a7e4f494954e95b03ef74a4ebb69916 45ffea5bcc9a64465fc43dec1e15a7c988c760baa19e29c0a9bd41c1c656d004
CLIENT_HANDSHAKE_TRAFFIC_SECRET bd005a029183bb37fcf07931564390ad1523ef4d92aa88e39f1ec4d11c66ed5c c64b6de8e11b21ef7d92ea77299b706695e907b2448ead302386c02c2860baf1
SERVER_HANDSHAKE_TRAFFIC_SECRET bd005a029183bb37fcf07931564390ad1523ef4d92aa88e39f1ec4d11c66ed5c 428783ea91a6aadb225cbe4aeb7666f7ad73a6364c2b2dbfc7e007ce8725c647
CLIENT_TRAFFIC_SECRET_0 bd005a029183bb37fcf07931564390ad1523ef4d92aa88e39f1ec4d11c66ed5c 5e143b93fa0168b4cad1d3fcc2745dc69209f4c395a2ac43eb3c718abfdcbe72
SERVER_TRAFFIC_SECRET_0 bd005a029183bb37fcf07931564390ad1523ef4d92aa88e39f1ec4d11c66ed5c 3676b9041a722f2176039f8bd57491f5633b7c8859d7b92b2be6e63fc1f92c4c
CLIENT_HANDSHAKE_TRAFFIC_SECRET 0d6dbbd4982d0ed8db1693cf36fe14e89f49d2e156a525cbb5a035aa20dbfb76 612a8525af0f7ac8ba7af6a2b954baaa3829195865e307a68af817adc3d26f12
SERVER_HANDSHAKE_TRAFFIC_SECRET 0d6dbbd4982d0ed8db1693cf36fe14e89f49d2e156a525cbb5a035aa20dbfb76 b0d4f22fbec89d4ea095184cf9d0eb8eeda67411e34368f03e6455f9e5b83c1e
CLIENT_TRAFFIC_SECRET_0 0d6dbbd4982d0ed8db1693cf36fe14e89f49d2e156a525cbb5a035aa20dbfb76 88bf47e65cfc3fbb729bcf3f2b7e3ae596202bf5799491062378a3791235be4b
SERVER_TRAFFIC_SECRET_0 0d6dbbd4982d0ed8db1693cf36fe14e89f49d2e156a525cbb5a035aa20dbfb76 09950c8a5757d386d2a238f9c5fea5318416d07fbe57f118bd488aa1b7d57197
CLIENT_HANDSHAKE_TRAFFIC_SECRET 1f162ac50bdefcbf4d37ac136a023699a96f57a5cc567f3c154f04ceb1249c14 265188580f712fa4fca3b3a303c7957be0eb97a9f628bad1f4b37e570914855d
SERVER_HANDSHAKE_TRAFFIC_SECRET 1f162ac50bdefcbf4d37ac136a023699a96f57a5cc567f3c154f04ceb1249c14 6980294a76ab3b6595670ce52b3e3f3901eb7baca3e82572796d44b9f7814906
CLIENT_TRAFFIC_SECRET_0 1f162ac50bdefcbf4d37ac136a023699a96f57a5cc567f3c154f04ceb1249c14 755ea6db57cc904129620d59f4c9e4cfe8f1d28a6f9386ea71c6e91962093805
SERVER_TRAFFIC_SECRET_0 1f162ac50bdefcbf4d37ac136a023699a96f57a5cc567f3c154f04ceb1249c14 6c75daf7b10726e103f4a41dc5c22a5ae651d6b6c8ba85596767245857473c62
CLIENT_HANDSHAKE_TRAFFIC_SECRET f8d3d2e9920a748eac89b2abac03b05ff6fd80f033a5947f92dadbdc195bbb66 bf99cfacb8d642fb449ea0ad8c466a08c6cf8d3d45d1cc5b45ece816b22b4299
SERVER_HANDSHAKE_TRAFFIC_SECRET f8d3d2e9920a748eac89b2abac03b05ff6fd80f033a5947f92dadbdc195bbb66 c0ee5f137d40f3bfda7123f3d19c3a94f476c7cb2c41feb3fba6747bcbfb2646
CLIENT_TRAFFIC_SECRET_0 f8d3d2e9920a748eac89b2abac03b05ff6fd80f033a5947f92dadbdc195bbb66 d76e7332984633599957812da69340caebf26372c28e1e41efcbe6ea2f5c2cbf
SERVER_TRAFFIC_SECRET_0 f8d3d2e9920a748eac89b2abac03b05ff6fd80f033a5947f92dadbdc195bbb66 88bb6389bb88018959cccd1200a6a5bc0f1d0388e76e7e2d3bb55d1f8dd7e156
CLIENT_HANDSHAKE_TRAFFIC_SECRET ea53af4cd421e4f20e6898e1e890fa3b6e985c9d816095589c72277acd82480b 1f903e7c410efcbcda2d9eb1deca941158122d463361a75218dbf1ba19eba543
SERVER_HANDSHAKE_TRAFFIC_SECRET ea53af4cd421e4f20e6898e1e890fa3b6e985c9d816095589c72277acd82480b 1c14c9b0946ae6bc78b460c55ed14c2bca32cb0198b94dca2e462189eeadbf4c
CLIENT_TRAFFIC_SECRET_0 ea53af4cd421e4f20e6898e1e890fa3b6e985c9d816095589c72277acd82480b d9af68056a12330bbb424373f6282989d739b8510b57184a833d32ee9a21c504
SERVER_TRAFFIC_SECRET_0 ea53af4cd421e4f20e6898e1e890fa3b6e985c9d816095589c72277acd82480b 92fd5b6a99a7bf5528139c3172f2ca5b0acc19ca233672260d3da50460ebcc5e
CLIENT_HANDSHAKE_TRAFFIC_SECRET 50ec4b29548207244263ce411694ace37036d26465ab3c550cf315a245b611f5 7e368caa8690299420566cddadda53a339b8f0a72c94f426c2846431e8e8b599
SERVER_HANDSHAKE_TRAFFIC_SECRET 50ec4b29548207244263ce411694ace37036d26465ab3c550cf315a245b611f5 f23a4db1ec38f3a0733a76f5311714cece9216cade652d512fa37cc47b4b22d0
CLIENT_TRAFFIC_SECRET_0 50ec4b29548207244263ce411694ace37036d26465ab3c550cf315a245b611f5 db930f875e7e523c7d792de8ec278884aca2e2fbcca458017df23c2ae13f22a8
SERVER_TRAFFIC_SECRET_0 50ec4b29548207244263ce411694ace37036d26465ab3c550cf315a245b611f5 93a256364e692c91398475261a381d3a257b1e585ee3e506a752c782b7b732ab
CLIENT_HANDSHAKE_TRAFFIC_SECRET f7f2c8a67a0773027103b2d81616ca0c0654bbd42469bcfd91d647389a941c48 decd2301df831f5c9e1af83ebbe6f6423944f90b62c32e07f555271cd19dd9f6
SERVER_HANDSHAKE_TRAFFIC_SECRET f7f2c8a67a0773027103b2d81616ca0c0654bbd42469bcfd91d647389a941c48 b5565c8029e54d93d5c577067898386e5e3ddb46837d779f2f3159ff6542254e
CLIENT_TRAFFIC_SECRET_0 f7f2c8a67a0773027103b2d81616ca0c0654bbd42469bcfd91d647389a941c48 f840dea7e3a2ced6a6c642cf718cefc034fa7e41fecf751b8e182d6175d65ab8
SERVER_TRAFFIC_SECRET_0 f7f2c8a67a0773027103b2d81616ca0c0654bbd42469bcfd91d647389a941c48 b5e578e5e07593f737d0a4b55e7dccaaf60985e45ce54d4d75570c3b83c57cf8
CLIENT_HANDSHAKE_TRAFFIC_SECRET d77af017578d92600ff20c12a2ca6ff2ab0647096ed2cfef35cf2bbc184274da b5fcc82c71d2c85e5ea4d9aa1ad5e59ef2213de771e7089eb719d8edfb9809e5
SERVER_HANDSHAKE_TRAFFIC_SECRET d77af017578d92600ff20c12a2ca6ff2ab0647096ed2cfef35cf2bbc184274da 31db765828ba8adba60e0ede526d28e52efae88652be735dfaf005af975ada60
CLIENT_TRAFFIC_SECRET_0 d77af017578d92600ff20c12a2ca6ff2ab0647096ed2cfef35cf2bbc184274da 6eb9bbc73e206ae084cf22c37c886816da7e6abb781ea40e272425cd2388850a
SERVER_TRAFFIC_SECRET_0 d77af017578d92600ff20c12a2ca6ff2ab0647096ed2cfef35cf2bbc184274da 037998d4934e53e0f4faa6c897a574c96ed6fc977e59241e1258e128c5a5765f
CLIENT_HANDSHAKE_TRAFFIC_SECRET 43022bef6e96a16b718b730309816bdaee3ed9a348c67a5dc225836f7ac20671 84a98d675e77bcbeac2fc753c600a6d428c12a08a276d377065846e3b0524c0b
SERVER_HANDSHAKE_TRAFFIC_SECRET 43022bef6e96a16b718b730309816bdaee3ed9a348c67a5dc225836f7ac20671 7d15ec9d4f44b363d606951ad7a5bbf7da885b99310a9767ac77efea9e3d5503
CLIENT_TRAFFIC_SECRET_0 43022bef6e96a16b718b730309816bdaee3ed9a348c67a5dc225836f7ac20671 60e8144456e1c7642f03b5fa45fffd2f1f94ba98e33965663aec925182426ae6
SERVER_TRAFFIC_SECRET_0 43022bef6e96a16b718b730309816bdaee3ed9a348c67a5dc225836f7ac20671 a98dc8345d8320883f35612a12669c22470825024fa57efd46a1bc6e900f290b
CLIENT_HANDSHAKE_TRAFFIC_SECRET c7d4a7b7b8641da5f748878733aa7f8cfe05a499be1cc61ac84924a198abb9cc 5ba072c9c595627c65034e6fc9754dc1085518d4ba3b7d155a90ce9f843d1028
SERVER_HANDSHAKE_TRAFFIC_SECRET c7d4a7b7b8641da5f748878733aa7f8cfe05a499be1cc61ac84924a198abb9cc f864a3071ae10042a6b7c82f4c3ea257f3cfb0604c2b0b820b49d77688bd9b1a
CLIENT_TRAFFIC_SECRET_0 c7d4a7b7b8641da5f748878733aa7f8cfe05a499be1cc61ac84924a198abb9cc 3a3980e39654ac2c6722c6c1537fe14e855c1365fbf9b032109b0b8ae05d63b8
SERVER_TRAFFIC_SECRET_0 c7d4a7b7b8641da5f748878733aa7f8cfe05a499be1cc61ac84924a198abb9cc 632e28969f60751064bb5e698d3ef48da01f9c21e74807bad3da6bc464e045ee
CLIENT_HANDSHAKE_TRAFFIC_SECRET 483c4578cd24a00d5252b4d268f1b643b9b559b86ac5508b64f754e0c352129e a7719738e8c0be6ad8f92a5c63ce646c402452c21ac57151a7ff126cfdf30b14
SERVER_HANDSHAKE_TRAFFIC_SECRET 483c4578cd24a00d5252b4d268f1b643b9b559b86ac5508b64f754e0c352129e f920bf14426fda204866fe5e17110f5b3cd677d0afd2f019d5a983b14ce1e346
CLIENT_TRAFFIC_SECRET_0 483c4578cd24a00d5252b4d268f1b643b9b559b86ac5508b64f754e0c352129e a3affe938e59e53b778e689ce9c69336d59648b3cb334181185986b591ab8bef
SERVER_TRAFFIC_SECRET_0 483c4578cd24a00d5252b4d268f1b643b9b559b86ac5508b64f754e0c352129e 06d7e0c347d297fdc4697a8097f8bee304f8623b4145dad007d7c6fcda9e63b7
CLIENT_HANDSHAKE_TRAFFIC_SECRET 1a87eb92e513ac4e28918d98d8632a495d45b5e81f9a77ef71fb01852458a56a 44626888355dd63c1d6ead7d9ee96413d519f1223b6834b88d8ff90f0fb4861c
SERVER_HANDSHAKE_TRAFFIC_SECRET 1a87eb92e513ac4e28918d98d8632a495d45b5e81f9a77ef71fb01852458a56a 9d866531de06ff9a5ca17e6fc8bbf6f8db196ced197ef7a850c2056238a8adb7
CLIENT_TRAFFIC_SECRET_0 1a87eb92e513ac4e28918d98d8632a495d45b5e81f9a77ef71fb01852458a56a 020c42f4395e3f082cb253b4088a58ba8188bc8fd608506c4cbfa94439bae80f
SERVER_TRAFFIC_SECRET_0 1a87eb92e513ac4e28918d98d8632a495d45b5e81f9a77ef71fb01852458a56a 6e31e852542dd8cead3a6ec2a7b4fe7d2c8e8288032f461711230560479849d8
CLIENT_HANDSHAKE_TRAFFIC_SECRET 52e52d05927cdbfe72b8aaea84816f6fdbdff585391661ec16aa0f8c6e160643 4c037dc1b8c46051aa3cfea39906987594ea1ec7ac7fe397ab3d390f74f32fa3
SERVER_HANDSHAKE_TRAFFIC_SECRET 52e52d05927cdbfe72b8aaea84816f6fdbdff585391661ec16aa0f8c6e160643 1445588ce61b9747c2a1bc15c04fb324f0872ce24db3993dd575d78bacfc9ce0
CLIENT_TRAFFIC_SECRET_0 52e52d05927cdbfe72b8aaea84816f6fdbdff585391661ec16aa0f8c6e160643 26a6179d4d2a3a118273cf1d634cf046bd637890433f5098c5eff6a19a42a6e3
SERVER_TRAFFIC_SECRET_0 52e52d05927cdbfe72b8aaea84816f6fdbdff585391661ec16aa0f8c6e160643 7c050551dab35314788afb06bc3ba153f2fa51f385e97b3312cbd95dc4395b40
CLIENT_HANDSHAKE_TRAFFIC_SECRET 2598f755419c687bc2511ab23514096be40b34304f8049edac6193e7279a000d d7588ca8a7f8def238786db0cf98aad0bdc1ddaccccb18a8aca4b7490c32cdf0
SERVER_HANDSHAKE_TRAFFIC_SECRET 2598f755419c687bc2511ab23514096be40b34304f8049edac6193e7279a000d 915795afe5dcc88595996c2af4663fb374c93147237fb018bf4c2b0620968186
CLIENT_TRAFFIC_SECRET_0 2598f755419c687bc2511ab23514096be40b34304f8049edac6193e7279a000d 40facf46db1d9fdd8ba2feaeff345b3b2f498ca64b5ce81ff0051ad91c78d77c
SERVER_TRAFFIC_SECRET_0 2598f755419c687bc2511ab23514096be40b34304f8049edac6193e7279a000d ba453136b654ef4ac888c780d1c7e9716d62bfba28412098d41c354c0632032a
CLIENT_HANDSHAKE_TRAFFIC_SECRET a405bb7de0d553734e2dff7133bcb884d55d90b239202ac63df5783a7e36e1da 529dd1a90dc3aaa15c5c0e8e02dea353366bfa99301c5d804d7da4829a6eaeba
SERVER_HANDSHAKE_TRAFFIC_SECRET a405bb7de0d553734e2dff7133bcb884d55d90b239202ac63df5783a7e36e1da 31ee5394b81aa3c08fba739ac7c98cd23f46256a9de7ca97c893fd0a36bf4711
CLIENT_TRAFFIC_SECRET_0 a405bb7de0d553734e2dff7133bcb884d55d90b239202ac63df5783a7e36e1da 15e42d9ad1e0d7592a2acec279a836efec5f406ea29e78c8d1c50d782817b501
SERVER_TRAFFIC_SECRET_0 a405bb7de0d553734e2dff7133bcb884d55d90b239202ac63df5783a7e36e1da 546731ee3fbe6f6dc0c81a9d3219c6ac400bcb7893682659e5413de46efe1809
CLIENT_HANDSHAKE_TRAFFIC_SECRET 1c7d022aac3deb94d16a4d9a2a89893448071ec6f4e6a87033bf6abe381dce80 4d3ae4ae294c1966354b58cb8f2d76cda805e8bfd558ec35fcece73d5582c73b
SERVER_HANDSHAKE_TRAFFIC_SECRET 1c7d022aac3deb94d16a4d9a2a89893448071ec6f4e6a87033bf6abe381dce80 5c42c236a47212814264a95c5ad23701b744c941d6cbaaa269dfac4f0780e783
CLIENT_TRAFFIC_SECRET_0 1c7d022aac3deb94d16a4d9a2a89893448071ec6f4e6a87033bf6abe381dce80 41bdcde38c56cfa4afbe7cb8833b494602c76c804cec967ae2acf4b12ef13102
SERVER_TRAFFIC_SECRET_0 1c7d022aac3deb94d16a4d9a2a89893448071ec6f4e6a87033bf6abe381dce80 56c27b704122567d1a55ce333abc66650841d8f910bc2483211b476f774b6591
CLIENT_HANDSHAKE_TRAFFIC_SECRET c75b6ecafbe7eae2614343968271c9a55655897980296024cd41ec1f0d725cda d3b64346394ca86f7285b4fba9efe57b7ea7a1b9755b48c0d4db6ae210747126
SERVER_HANDSHAKE_TRAFFIC_SECRET c75b6ecafbe7eae2614343968271c9a55655897980296024cd41ec1f0d725cda d1524ad0b767ff185588e9afa40e59fb663ed4c5907a84d6300b351911eefe7c
CLIENT_TRAFFIC_SECRET_0 c75b6ecafbe7eae2614343968271c9a55655897980296024cd41ec1f0d725cda 0b88c73f0e0c76815517ee8c37cb9453bc5660693e48d100d4d0ad0128ee5c36
SERVER_TRAFFIC_SECRET_0 c75b6ecafbe7eae2614343968271c9a55655897980296024cd41ec1f0d725cda ca40d94eb272eb7e48e74803f06073fb0433fbb32b683f4e719fb494e6a19237
CLIENT_HANDSHAKE_TRAFFIC_SECRET 7908a9b8bfe0c8297c04f8c67da6d3691193a67b7d7004c573165febd2d38c53 d807915b3d4662ce33adef224929cec3806bab9337a6fb50e6299bf9eb36cc62
SERVER_HANDSHAKE_TRAFFIC_SECRET 7908a9b8bfe0c8297c04f8c67da6d3691193a67b7d7004c573165febd2d38c53 9230bcffdc752c20e78606cbfebf5166f5f954b55f057eb242e97cc1a7ac5ee1
CLIENT_TRAFFIC_SECRET_0 7908a9b8bfe0c8297c04f8c67da6d3691193a67b7d7004c573165febd2d38c53 d3602e8cb35aa55644c7c1ed03cc2672de24c296bd13f3ac42bad8c9f1c4f545
SERVER_TRAFFIC_SECRET_0 7908a9b8bfe0c8297c04f8c67da6d3691193a67b7d7004c573165febd2d38c53 28193d0132a0c405058f5badd6caacc4a35ae2bd2704b1b163883c3872540ef2
CLIENT_HANDSHAKE_TRAFFIC_SECRET 790eff74079a9161c7b26f0f4f136b6b35e73f3a07c0ccf0e673d544cd6baaab be88921e09558f3a4fe5dceae11c57b13781ce8a111c9ca9a1c6ca51095fcf6a
SERVER_HANDSHAKE_TRAFFIC_SECRET 790eff74079a9161c7b26f0f4f136b6b35e73f3a07c0ccf0e673d544cd6baaab 8317778c4dd664e860a567efc4c86f5be05af61fd8da9463f89da285f6c20bed
CLIENT_TRAFFIC_SECRET_0 790eff74079a9161c7b26f0f4f136b6b35e73f3a07c0ccf0e673d544cd6baaab 4d7ac0fcecaf9686abffd6aef2a36884401ff2a225e9cf84c6c7cedc022e4152
SERVER_TRAFFIC_SECRET_0 790eff74079a9161c7b26f0f4f136b6b35e73f3a07c0ccf0e673d544cd6baaab fd14b72d1c4a940e365f1fe42abe4307be7151187413dc5b01870d3d8e2b6d07
CLIENT_HANDSHAKE_TRAFFIC_SECRET 5e0f92bf330c63712a977c21d63018572b77febe333c70c0e803dd8cc0f5c955 be1d00055cabec6dc9841c1c24dc08248fbb28fc248ad33c2c71eda919af1269
SERVER_HANDSHAKE_TRAFFIC_SECRET 5e0f92bf330c63712a977c21d63018572b77febe333c70c0e803dd8cc0f5c955 ed3cc75f6ea2145277148a5f8817c3444b160db478608c9324c3db599feef061
CLIENT_TRAFFIC_SECRET_0 5e0f92bf330c63712a977c21d63018572b77febe333c70c0e803dd8cc0f5c955 c6b8a53a4087991fb5ba4a70dc120ec8e98e86b150d3c723d50d7955ebfa4c72
SERVER_TRAFFIC_SECRET_0 5e0f92bf330c63712a977c21d63018572b77febe333c70c0e803dd8cc0f5c955 831355369133752d06e2af553d01bb672dd7c98b162d7c660e6bd4b899931644
CLIENT_HANDSHAKE_TRAFFIC_SECRET 787065f4adfe229ef94eedc561238a70575c86115d96cc130ac92fb7d091ba32 8425cb6c2a9ff06fbebb826284752d5e7e5a584e6fe585a35debe6631c6c2b79
SERVER_HANDSHAKE_TRAFFIC_SECRET 787065f4adfe229ef94eedc561238a70575c86115d96cc130ac92fb7d091ba32 a3d00e24451c39866901c43005cdbbf458b6828e54a6ade175063e73794186d8
CLIENT_TRAFFIC_SECRET_0 787065f4adfe229ef94eedc561238a70575c86115d96cc130ac92fb7d091ba32 a5786b38efd9c642d84129aaec84df2572d9f373860eb8452126ad504277bb84
SERVER_TRAFFIC_SECRET_0 787065f4adfe229ef94eedc561238a70575c86115d96cc130ac92fb7d091ba32 3bfebbdc4080cf1cb680f1a992de2bd5de7796a45f94424e085bbd27eafc70fe
CLIENT_HANDSHAKE_TRAFFIC_SECRET 1bf2064f7ec2c53633e7b4dc1a342cb3f164f67a18fbb76a86771afc94aea47c 19fbbff99a221b8ee2064a9e546456c4914bf277b1c4c98fbdc1f34e4c913498
SERVER_HANDSHAKE_TRAFFIC_SECRET 1bf2064f7ec2c53633e7b4dc1a342cb3f164f67a18fbb76a86771afc94aea47c bd2004df78f8b7bae64282e317e6cd137690bf440a176226b204519430a07884
CLIENT_TRAFFIC_SECRET_0 1bf2064f7ec2c53633e7b4dc1a342cb3f164f67a18fbb76a86771afc94aea47c ce8f971ad96e7959ecddcb0764cd3cf50e2c1db32b6bbb0d531bf53dcfe68b6e
SERVER_TRAFFIC_SECRET_0 1bf2064f7ec2c53633e7b4dc1a342cb3f164f67a18fbb76a86771afc94aea47c 11c67db12fe77bdd938efbb24de825b0df2e126a2e1b7ade9818e1d8fddb5757
CLIENT_HANDSHAKE_TRAFFIC_SECRET cbcaac6c4a24a72a9438487163e735e7cb3cd904c0253a73c3c629e35b5d9027 be950ab6fac9bf7198e509780de099ddf60bbe7ff14254d3b33d747791b498da
SERVER_HANDSHAKE_TRAFFIC_SECRET cbcaac6c4a24a72a9438487163e735e7cb3cd904c0253a73c3c629e35b5d9027 7ce09762df676c3ff8b1147399ae54e285e46f53f88f174e8cf12a0d38cf5d0e
CLIENT_TRAFFIC_SECRET_0 cbcaac6c4a24a72a9438487163e735e7cb3cd904c0253a73c3c629e35b5d9027 aedbc22553e986e2b62d01f3735a6ec6cca79f0abc6ded2d54701284e6b89e23
SERVER_TRAFFIC_SECRET_0 cbcaac6c4a24a72a9438487163e735e7cb3cd904c0253a73c3c629e35b5d9027 c17ac6bd45e4519e94344222e52cd210e5b2b1bfd827c70456cfacfe66d17690
CLIENT_HANDSHAKE_TRAFFIC_SECRET 5bd28666d5bce142a5ac0dc7aedeecf8a49902e3f4f46ac71129b3c337f52e2d 28ae91c432d7162bb6686c2ec366876731eb79a4ef6402e261cb1abd056d8d8e
SERVER_HANDSHAKE_TRAFFIC_SECRET 5bd28666d5bce142a5ac0dc7aedeecf8a49902e3f4f46ac71129b3c337f52e2d 50d093fb2994252e40eed44aa3cf933b6a957e25cc971b448055c885d50ea21e
CLIENT_TRAFFIC_SECRET_0 5bd28666d5bce142a5ac0dc7aedeecf8a49902e3f4f46ac71129b3c337f52e2d c22261e12227766cbe1ce25e12d5b00cd6033a53fcc69be56403906b81b340ff
SERVER_TRAFFIC_SECRET_0 5bd28666d5bce142a5ac0dc7aedeecf8a49902e3f4f46ac71129b3c337f52e2d d266107121f2170d45051c667c74baed666bc5d5590c5e4ac6b916f63bd4b01d
CLIENT_HANDSHAKE_TRAFFIC_SECRET 23435c74708d395899eaae2f45a0c08b5b1a6448e2325bb03f5f612915c0d640 3b0861378a4f8ef60442371326b7166efdf2fb4ad7c42931c8f10896c4dd5339
SERVER_HANDSHAKE_TRAFFIC_SECRET 23435c74708d395899eaae2f45a0c08b5b1a6448e2325bb03f5f612915c0d640 96f9e407c802f9324d9034cad96673cb9753d8d9fc2d482752f4dcaf55660236
CLIENT_TRAFFIC_SECRET_0 23435c74708d395899eaae2f45a0c08b5b1a6448e2325bb03f5f612915c0d640 5e039be2919205cdefe25e165ee7a3bddedf77093507a006be38bd11b6e6d0f2
SERVER_TRAFFIC_SECRET_0 23435c74708d395899eaae2f45a0c08b5b1a6448e2325bb03f5f612915c0d640 1059b139511a69cfcf616c93c16cf2d115267fe31e96667bb53b1c33ae4608dd
CLIENT_HANDSHAKE_TRAFFIC_SECRET dfc15502f51bb12dc914faec9e722042da0dc542aacfee3e38bbd7c61b5928c2 cf773f24163c90ed312d86897b761adeb56b2bf26c08740e7b1684b4d40f9516
SERVER_HANDSHAKE_TRAFFIC_SECRET dfc15502f51bb12dc914faec9e722042da0dc542aacfee3e38bbd7c61b5928c2 49445aec8d39b86d13b49a16b423b0324b58599f7302d52dd3718ef766c1a4b1
CLIENT_TRAFFIC_SECRET_0 dfc15502f51bb12dc914faec9e722042da0dc542aacfee3e38bbd7c61b5928c2 103dad5b326a64c338c91cd6af6b0c815afe936a5a9af379bd1e931b0bcb393a
SERVER_TRAFFIC_SECRET_0 dfc15502f51bb12dc914faec9e722042da0dc542aacfee3e38bbd7c61b5928c2 2bda1654b59fdbdb6b0c9d697e8dc04039cfb1ffd989f66eeb2ab8ccf6116108
CLIENT_HANDSHAKE_TRAFFIC_SECRET a64cc1677dca953aebc53c78ef19e1eb2583c54febf15339debe4881de59b64e 7fb4c177ae6c7485c9269c2c3f35df1fd17a41e030543bbfade5ba77737d8272
SERVER_HANDSHAKE_TRAFFIC_SECRET a64cc1677dca953aebc53c78ef19e1eb2583c54febf15339debe4881de59b64e 5da3e9ea1c3fee39c211da67891ba20625dd41d496aec0c89a71ad247bfc943f
CLIENT_TRAFFIC_SECRET_0 a64cc1677dca953aebc53c78ef19e1eb2583c54febf15339debe4881de59b64e 2270cd6b722bdbb5da5f60527c2e75bf11d3e7c103cc2eac677493e548c52b3a
SERVER_TRAFFIC_SECRET_0 a64cc1677dca953aebc53c78ef19e1eb2583c54febf15339debe4881de59b64e f1f5e0f6b9d7618284c753647a8072d04f9d7b67925bc26b64dc7f3da7f4125c
CLIENT_HANDSHAKE_TRAFFIC_SECRET 5e70cbe8cac7a11248bf1fb957750e859284b5c9aa0a1bafb7ba59aaf2f68bee 3bad271a0abc229366feb078ee0454b047f051faed866e65b6eec958e1907fac
SERVER_HANDSHAKE_TRAFFIC_SECRET 5e70cbe8cac7a11248bf1fb957750e859284b5c9aa0a1bafb7ba59aaf2f68bee cc52f4c200bd4274770f2117897e56dd343e8c4fadf15d448b783aed1cd97918
CLIENT_TRAFFIC_SECRET_0 5e70cbe8cac7a11248bf1fb957750e859284b5c9aa0a1bafb7ba59aaf2f68bee 43f99a94133928b4ffad70c1e7358080231b0bf6a709bdf91f39d5144932a416
SERVER_TRAFFIC_SECRET_0 5e70cbe8cac7a11248bf1fb957750e859284b5c9aa0a1bafb7ba59aaf2f68bee 4d3baba9b8694517c024a50c2ccb4e019908dd79d436b3f0a9b075fe4ee9e7fd
CLIENT_HANDSHAKE_TRAFFIC_SECRET 5f1679b27fb163aca0bb0680c2854d1a44e6d4831387bd99dc656915cca2d7db 4a541cbcc2464940666c7e64cea30b50cc3b2f2a54b4c7178eee522a4c15a1de
SERVER_HANDSHAKE_TRAFFIC_SECRET 5f1679b27fb163aca0bb0680c2854d1a44e6d4831387bd99dc656915cca2d7db 754ebc25d02341e06760b5c5c754fd0f2a8d1eabdaeee9f84f68d643649ce0d3
CLIENT_TRAFFIC_SECRET_0 5f1679b27fb163aca0bb0680c2854d1a44e6d4831387bd99dc656915cca2d7db 0bd6bf396d4a3d1e7a08569dfd701c82e17a1da38d2d7244310889990d8e117a
SERVER_TRAFFIC_SECRET_0 5f1679b27fb163aca0bb0680c2854d1a44e6d4831387bd99dc656915cca2d7db 3379985f6325011e4b28bc37cd78b5bef624d818d31bcab6fe66a9cd332ba665
CLIENT_HANDSHAKE_TRAFFIC_SECRET 48da3c2ad58bf1e0f1c822c7904e9275cee531107fc1c740866f611f945521ad 90c96d72cd7c1257eafb4515aec10d86fedbf50548f3fe98870fe0f53736ca8d
SERVER_HANDSHAKE_TRAFFIC_SECRET 48da3c2ad58bf1e0f1c822c7904e9275cee531107fc1c740866f611f945521ad ceb46611c95d37a74bc5951af17b90ec32a904d89deb7d8711a81cdb632cf922
CLIENT_TRAFFIC_SECRET_0 48da3c2ad58bf1e0f1c822c7904e9275cee531107fc1c740866f611f945521ad 3d5003a282c859d85e29b0a6df732bf045afbb69e148ed1e3b0e04edb9c59ce3
SERVER_TRAFFIC_SECRET_0 48da3c2ad58bf1e0f1c822c7904e9275cee531107fc1c740866f611f945521ad 9023e6dbcc1ab80ae1737dbf774d2efe27895e180474c4eb020a29c34b8186cb
CLIENT_HANDSHAKE_TRAFFIC_SECRET 4fda8bfa9e36176fa9822565416fc33bda769d6ef04a311264f0f09e6ae0378c 43b2b63403036d4afe1a7136599a528b69f2200836bbcdafbe7aa4ebdaa206ff
SERVER_HANDSHAKE_TRAFFIC_SECRET 4fda8bfa9e36176fa9822565416fc33bda769d6ef04a311264f0f09e6ae0378c a5089c42fd19aa464a3046de23baa7402fd1256af06173b595fc266da6c66ac1
CLIENT_TRAFFIC_SECRET_0 4fda8bfa9e36176fa9822565416fc33bda769d6ef04a311264f0f09e6ae0378c 8e743e1319bd311a2baebb666f1e7da60adbe4581a8bf5ff932689c1f958f6fb
SERVER_TRAFFIC_SECRET_0 4fda8bfa9e36176fa9822565416fc33bda769d6ef04a311264f0f09e6ae0378c 77f446336f6017071e0387da80c687a1cd101e2193694952fb3bd131a68c4b9b
CLIENT_HANDSHAKE_TRAFFIC_SECRET 80d14ec343402cc4eba2423e16d68b59f631d046118a0015650ffe9bcba82783 f33daba05e546f1a827ac75174755758c821f9b55e6cadb4533ee847b5fa9afb
SERVER_HANDSHAKE_TRAFFIC_SECRET 80d14ec343402cc4eba2423e16d68b59f631d046118a0015650ffe9bcba82783 e529cb6113ec11e3ef5d5f37a08f8835c1e366e27dbc9fe18b8ef5ab11e13e80
CLIENT_TRAFFIC_SECRET_0 80d14ec343402cc4eba2423e16d68b59f631d046118a0015650ffe9bcba82783 0be33a85f243d380a47f73eff8db2e38069d66e6bd0ba64c5783aab9fe7413ea
SERVER_TRAFFIC_SECRET_0 80d14ec343402cc4eba2423e16d68b59f631d046118a0015650ffe9bcba82783 7ec7b94279e0783dc9ed4089d0704f706ba11510cc8c5eb0d764b513b3ecea11
CLIENT_HANDSHAKE_TRAFFIC_SECRET 43094eab1e19c46164ca608189b138d5f0e80f7e287164ef4d6433b20b140c5d f1cc990b309732834ae77827c98471d0cefa949d19e991ea13bf2a1df2bdb437
SERVER_HANDSHAKE_TRAFFIC_SECRET 43094eab1e19c46164ca608189b138d5f0e80f7e287164ef4d6433b20b140c5d 6d89ee9d68de30c0e03978f435bd3d82f42dee70d57cf3ad7614a5bbff0b1e66
CLIENT_TRAFFIC_SECRET_0 43094eab1e19c46164ca608189b138d5f0e80f7e287164ef4d6433b20b140c5d 3a9df2212eb5fa20035dde0483c4d07763b6f1136176664b189962e308791072
SERVER_TRAFFIC_SECRET_0 43094eab1e19c46164ca608189b138d5f0e80f7e287164ef4d6433b20b140c5d ce9bdd2532b3950de2876701f118df9ac61a3bf5d62c4e340ce18d8e5be46699
CLIENT_HANDSHAKE_TRAFFIC_SECRET 3b6481d67645ef1dc7d9595eecefd6af7fc735c8a3fdf5db5b35631aceecbe9a af262b69fe21f459bb69feaeffec7fefc04a4655f9a33d1fd419986042b2c599
SERVER_HANDSHAKE_TRAFFIC_SECRET 3b6481d67645ef1dc7d9595eecefd6af7fc735c8a3fdf5db5b35631aceecbe9a ba4a3353c9f7a5fb02f0434d2f7da67ddf83761638c69eaf2394b6c3dccc87dd
CLIENT_TRAFFIC_SECRET_0 3b6481d67645ef1dc7d9595eecefd6af7fc735c8a3fdf5db5b35631aceecbe9a 6cf7be9df6f1b1d9499fc83f5926fa799e9e84c52ab1e0329259cf25e91de442
SERVER_TRAFFIC_SECRET_0 3b6481d67645ef1dc7d9595eecefd6af7fc735c8a3fdf5db5b35631aceecbe9a 1fde0335e9ee70e45f83596b62f06136ae615d1dad459d524a3176d2874d36b3
CLIENT_HANDSHAKE_TRAFFIC_SECRET dabb3e23708a44195509bed3928a5cce4d54bbbe13532aa05b9e5d624e7f6781 3117f09d39b72b4347afe3122a8e51b2054b56e0b45920429e72f30ea3e258ef
SERVER_HANDSHAKE_TRAFFIC_SECRET dabb3e23708a44195509bed3928a5cce4d54bbbe13532aa05b9e5d624e7f6781 e7cb7a5b26a4ffed48aa4c80d87725c0e14059ccae2e5a9781ca85de8708c33d
CLIENT_TRAFFIC_SECRET_0 dabb3e23708a44195509bed3928a5cce4d54bbbe13532aa05b9e5d624e7f6781 34f602d798f7edf4142a25b444b19121499e2388b047d2937d8462e82c9c6c35
SERVER_TRAFFIC_SECRET_0 dabb3e23708a44195509bed3928a5cce4d54bbbe13532aa05b9e5d624e7f6781 490e0aadc5a974586d682105656cd6a30b2129046866e7e38222604f22b63b9f
CLIENT_HANDSHAKE_TRAFFIC_SECRET be0e5fdc3a11998fff306d670a3c231cf507368001321cb2fb89b2f288e99bfc aeafaad2f780f43c5078855b8293e14640402505b7cbe2941572e11596cd0225
SERVER_HANDSHAKE_TRAFFIC_SECRET be0e5fdc3a11998fff306d670a3c231cf507368001321cb2fb89b2f288e99bfc 595efa1710429fcc531e9c4673fa2b4a0cf431e83e9c36ce6e08a4137fa13a30
CLIENT_TRAFFIC_SECRET_0 be0e5fdc3a11998fff306d670a3c231cf507368001321cb2fb89b2f288e99bfc 84466dfaafab9aa7793c95b600f0897e0c026f78feb12ddf1b4e87783e9b1a45
SERVER_TRAFFIC_SECRET_0 be0e5fdc3a11998fff306d670a3c231cf507368001321cb2fb89b2f288e99bfc 39ddfbed87ab8307959695c8d6bd8e3d0ad063bca8adbb7f59fdfed309bd13db
CLIENT_HANDSHAKE_TRAFFIC_SECRET be21ef2552eaca216fd121c6d1c99fee13e78c0c5ec5493a3dd21d2dc43b0fd5 97e2ef87ba6fc6b11b406064b06c1a0cc31b5f2882bc1c127c5f4c9b33e93d67
SERVER_HANDSHAKE_TRAFFIC_SECRET be21ef2552eaca216fd121c6d1c99fee13e78c0c5ec5493a3dd21d2dc43b0fd5 8c2c9e617d640d476945098f18c901bb4942fe329bd127372f0f01ee25e1c846
CLIENT_TRAFFIC_SECRET_0 be21ef2552eaca216fd121c6d1c99fee13e78c0c5ec5493a3dd21d2dc43b0fd5 371b2736214ab1076287913932d705a1e0ff1daef454369bddafbd6e1ce052ea
SERVER_TRAFFIC_SECRET_0 be21ef2552eaca216fd121c6d1c99fee13e78c0c5ec5493a3dd21d2dc43b0fd5 c7644173d408664678afa1baca3a67c5a16d50821b3acacb0305bea2361bc0b4
CLIENT_HANDSHAKE_TRAFFIC_SECRET cbd5038685b542ccb513ed0b0148a972a68874ea5794315e3a6cc349497fb308 d4fadd77957bbb32c8795bd5bc344e9dc8d04f6d33be1c4e5536264b4b176df5
SERVER_HANDSHAKE_TRAFFIC_SECRET cbd5038685b542ccb513ed0b0148a972a68874ea5794315e3a6cc349497fb308 014f57c2ff4ecdc965a39ea9310b96b52884dec916fe2128a40b96b8b7bcdcf1
CLIENT_TRAFFIC_SECRET_0 cbd5038685b542ccb513ed0b0148a972a68874ea5794315e3a6cc349497fb308 1294973abdab12fff3819ba445a3b2247154536b6dbfa2e836d279c3f1a11d44
SERVER_TRAFFIC_SECRET_0 cbd5038685b542ccb513ed0b0148a972a68874ea5794315e3a6cc349497fb308 cc3f9941fcc3a57e47d87602d236e66ac62cb6fb2b51bd2f06f5e4747fb2f7a0
CLIENT_HANDSHAKE_TRAFFIC_SECRET a123fee7252017bb5d2608a3bbb7adab83bd46c7f685efc01896a01f7185ed2b 0d50abe1bc93898f9c70932d4c9daf64751225a360068a9f16673a5195cbc77e
SERVER_HANDSHAKE_TRAFFIC_SECRET a123fee7252017bb5d2608a3bbb7adab83bd46c7f685efc01896a01f7185ed2b 04d3176bbdc2784b72b21c092acd72a672f2fac4ceb3043533513b32d527e1ed
CLIENT_TRAFFIC_SECRET_0 a123fee7252017bb5d2608a3bbb7adab83bd46c7f685efc01896a01f7185ed2b 99b5112de7dc8c3d2d9af16c156aad4214529b47db58cb8356eca3c0190f4b07
SERVER_TRAFFIC_SECRET_0 a123fee7252017bb5d2608a3bbb7adab83bd46c7f685efc01896a01f7185ed2b fbce15a88f990e9b9d1084963ecebcc271d682879363fd0404bd3d75ac33262e
CLIENT_HANDSHAKE_TRAFFIC_SECRET 73943f1128dc1812c567cfd1c57cb5354806461804773c70943e25e2e424e4cf 3d4bc5c39cc7d3b7dfca14e25751fd26c50b5722a709b22427c00047efb8b1a6
SERVER_HANDSHAKE_TRAFFIC_SECRET 73943f1128dc1812c567cfd1c57cb5354806461804773c70943e25e2e424e4cf b1fbc2e54d9203e76be07c694d2ad633c9afa7f2c61221c6b80d75c1e138feef
CLIENT_TRAFFIC_SECRET_0 73943f1128dc1812c567cfd1c57cb5354806461804773c70943e25e2e424e4cf 85aebdf941fa108f1c4736260ff22b3a5a40d8759ad2ab9db6734d657df5b5f4
SERVER_TRAFFIC_SECRET_0 73943f1128dc1812c567cfd1c57cb5354806461804773c70943e25e2e424e4cf 408e972a261ea1e20f621d53efa2f592e794d6ce1a7c8a8648d74fcb3a12afb6
CLIENT_HANDSHAKE_TRAFFIC_SECRET 8b4e5d1b6687ca85aaa0ce1b4299939ca0d2bedb58228bb6e31b3af3547f914b c27c93b331364074de18dab1bf4994981095d6d36c7fe503de71b10a5330b769
SERVER_HANDSHAKE_TRAFFIC_SECRET 8b4e5d1b6687ca85aaa0ce1b4299939ca0d2bedb58228bb6e31b3af3547f914b a33b74b3d2689f40b41d32d97ca4ce3b8754297800dcb47023e4af6cb92099c1
CLIENT_TRAFFIC_SECRET_0 8b4e5d1b6687ca85aaa0ce1b4299939ca0d2bedb58228bb6e31b3af3547f914b 9e53d4defb77563b06ce0b9d1b5fad15f23f542c57cccd80ecc69046934943f5
SERVER_TRAFFIC_SECRET_0 8b4e5d1b6687ca85aaa0ce1b4299939ca0d2bedb58228bb6e31b3af3547f914b f7a7cc2bd4a55d6c20a07fdff852bc1033d95a6488e339412ecefeef1b4072fb
CLIENT_HANDSHAKE_TRAFFIC_SECRET d9d3d71f7e7547cece83e01f29fc6ae51a27e30ebffba0f5af9673215901ea57 f8b85844915ca5faffe25623d884c0d1e9d3423344464a27ba39a284b750c20d
SERVER_HANDSHAKE_TRAFFIC_SECRET d9d3d71f7e7547cece83e01f29fc6ae51a27e30ebffba0f5af9673215901ea57 44d0f79995906ac135af10aac5248cc4e5eedd84f5aa881c01872d231cbba653
CLIENT_TRAFFIC_SECRET_0 d9d3d71f7e7547cece83e01f29fc6ae51a27e30ebffba0f5af9673215901ea57 a124efd0358bb7722d40caa09a4a8234e091f31251cef7f0eee17933b19ab28e
SERVER_TRAFFIC_SECRET_0 d9d3d71f7e7547cece83e01f29fc6ae51a27e30ebffba0f5af9673215901ea57 bc0c60568bdd8da4f14575aa6affcbb861c01dc065a9c463c2f3f18f87cd5d36
CLIENT_HANDSHAKE_TRAFFIC_SECRET c580cd3f730437a318b30c8db79eb2c6cc4581ed718530d97040f81e349c18bd facec05e4335ed27c557930f15169b4f2a8bca56514ca854ad9b458727e0c8e9
SERVER_HANDSHAKE_TRAFFIC_SECRET c580cd3f730437a318b30c8db79eb2c6cc4581ed718530d97040f81e349c18bd 738c5eb3e6075d54b1f1e0ddba3a7daac29c7d9e2fde12d3f0ca61ab20e3f279
CLIENT_TRAFFIC_SECRET_0 c580cd3f730437a318b30c8db79eb2c6cc4581ed718530d97040f81e349c18bd 2885188973d8436ef23bfc9e73f323bc90f1a79393e6e72e8ab346e2075dd47b
SERVER_TRAFFIC_SECRET_0 c580cd3f730437a318b30c8db79eb2c6cc4581ed718530d97040f81e349c18bd 9fda4bae2425b2791b585ba20921214b7b0f132fa0a154ec4bfc9ef8abd89373
CLIENT_HANDSHAKE_TRAFFIC_SECRET 5f73dc3e0d1c6fd2988d99f86189e0c00c177986078bd8f72f56e8402342850c 105edbf2255dd7e1e605852446fde611772bfd72051aecf3cad75d9a940ab271
SERVER_HANDSHAKE_TRAFFIC_SECRET 5f73dc3e0d1c6fd2988d99f86189e0c00c177986078bd8f72f56e8402342850c 770f0dfcf1c39aa2f6dcf26fd961f4bcf4d01c06c2473273b7f66c7bfa2e251a
CLIENT_TRAFFIC_SECRET_0 5f73dc3e0d1c6fd2988d99f86189e0c00c177986078bd8f72f56e8402342850c 8eee9bfceaaccf90404cacd4f41c987f9d1546a4abc391a1b56d374894aea5fa
SERVER_TRAFFIC_SECRET_0 5f73dc3e0d1c6fd2988d99f86189e0c00c177986078bd8f72f56e8402342850c 681e791bc6798d8e6b79506d018c0c3836efee879eded64e2605496114dcb934
CLIENT_HANDSHAKE_TRAFFIC_SECRET f02a4381a6dc0f224fbc73f3f35e202ab1f3839d694a53aa0ffe914929c1a778 aa42fe70cd551700f0551a0c3186fcbf9bba2c04f8a5a0f9ddf59622022e4bf2
SERVER_HANDSHAKE_TRAFFIC_SECRET f02a4381a6dc0f224fbc73f3f35e202ab1f3839d694a53aa0ffe914929c1a778 1a7c0efc3b63d02a83acfc94d4def6985f15282aac4efdde6eb5bcdea9618db8
CLIENT_TRAFFIC_SECRET_0 f02a4381a6dc0f224fbc73f3f35e202ab1f3839d694a53aa0ffe914929c1a778 cc3cb3f9209c62af0c2495da261da336f131ca4df35a1dc024792e659e4b7ecd
SERVER_TRAFFIC_SECRET_0 f02a4381a6dc0f224fbc73f3f35e202ab1f3839d694a53aa0ffe914929c1a778 1504e4301e6f7807f35550b366bdd58350a4037dba04d2b41dc80f5a329eb49c
CLIENT_HANDSHAKE_TRAFFIC_SECRET a28327605cd991a03e45a1dca872e5f4f3646e1de02e3d063c4c10e55abf3fc9 a61c1b7dba27ee0adb338ae8e967016e0ec37bb847c0c66e63442917c937ce81
SERVER_HANDSHAKE_TRAFFIC_SECRET a28327605cd991a03e45a1dca872e5f4f3646e1de02e3d063c4c10e55abf3fc9 6eee6eb1dd534d6debc8b1c5617d1f86d5415d72a1a1c39873a5aeda3e668fca
CLIENT_TRAFFIC_SECRET_0 a28327605cd991a03e45a1dca872e5f4f3646e1de02e3d063c4c10e55abf3fc9 a8e81172a224a16f721fe0d7c56e2309a3fb82432c445e5928ab83737ef0351c
SERVER_TRAFFIC_SECRET_0 a28327605cd991a03e45a1dca872e5f4f3646e1de02e3d063c4c10e55abf3fc9 a9ca1e87767f2e545fbdebbc789baf346519318378d545b036664e3f8aa037b6
CLIENT_HANDSHAKE_TRAFFIC_SECRET 1c0d0f633ddd9fb88d76ac5717494a16746d941864a1dd1854dd66e756272758 5541675f2cdd594c23a1bde39ffa2da6324440505049047fb6de1276cf28b261
SERVER_HANDSHAKE_TRAFFIC_SECRET 1c0d0f633ddd9fb88d76ac5717494a16746d941864a1dd1854dd66e756272758 9328453056ae92f927bcca2196b602c93eba390e2ac21c7fa9f7d1dff9577897
CLIENT_TRAFFIC_SECRET_0 1c0d0f633ddd9fb88d76ac5717494a16746d941864a1dd1854dd66e756272758 f96cf1dbfe3b14ec39e82da4b7e22e1ff1bc99bf4773d2288ead530ef3ef6b6a
SERVER_TRAFFIC_SECRET_0 1c0d0f633ddd9fb88d76ac5717494a16746d941864a1dd1854dd66e756272758 d48be76abce2b52e1227dec3d6e39a2d7ae6f33f2672db6fec0559154ee10bf7
CLIENT_HANDSHAKE_TRAFFIC_SECRET 0c432bf1746eab26f90b259c5e32b38036520ed5058199b027147ce564b450fe 2f3e551782979b4f007a3b70d17e6991d5326bb682254154c261f77185408cd6
SERVER_HANDSHAKE_TRAFFIC_SECRET 0c432bf1746eab26f90b259c5e32b38036520ed5058199b027147ce564b450fe a2d890479890e937d906f994eee757c454141a2e00114e8e225c3d3fe98278f8
CLIENT_TRAFFIC_SECRET_0 0c432bf1746eab26f90b259c5e32b38036520ed5058199b027147ce564b450fe bbc06c96b425e04b35e73db66d0aef1f48acf7f9dbf4f836d798d2d07fea442a
SERVER_TRAFFIC_SECRET_0 0c432bf1746eab26f90b259c5e32b38036520ed5058199b027147ce564b450fe bab378acf41293a2a3a4989639b4ac3fc7bf3f519cc49078dacd50888c6a1ba7
CLIENT_HANDSHAKE_TRAFFIC_SECRET 3cac638ba6663b3949aaa7cf97a8c5b1ad35ba5bb2ea3ca682647dc175d76cc0 7174109811acfed6dedeca67331da3f43d9e82a122de54eb57f2e270033cb45a
SERVER_HANDSHAKE_TRAFFIC_SECRET 3cac638ba6663b3949aaa7cf97a8c5b1ad35ba5bb2ea3ca682647dc175d76cc0 387754274681315cf7ea3af9905b7b4b752f90f44cd483a5acad3b1c4f2b9851
CLIENT_TRAFFIC_SECRET_0 3cac638ba6663b3949aaa7cf97a8c5b1ad35ba5bb2ea3ca682647dc175d76cc0 b6cf4be99a1915cc9fbeb7ad7818419e76f12387c43f196368b1e05a32195199
SERVER_TRAFFIC_SECRET_0 3cac638ba6663b3949aaa7cf97a8c5b1ad35ba5bb2ea3ca682647dc175d76cc0 2c3740abf83e988b79cf9d4135fb674e93bbb8da203a837746a21dcf5b9ace25
CLIENT_HANDSHAKE_TRAFFIC_SECRET 793d6cc28252e55fcee07f001a24a1bee24eefae5bd455681a034d8a7eb80afd 397bdcabe907b24a97664784de2dcb3f709a30ce594a6e2c192ff9eb90f6d0da
SERVER_HANDSHAKE_TRAFFIC_SECRET 793d6cc28252e55fcee07f001a24a1bee24eefae5bd455681a034d8a7eb80afd 797fd1b1fa222d53bfd5b654c6cd0e54866e6fce7580a793adf1d06ac8d9a10c
CLIENT_TRAFFIC_SECRET_0 793d6cc28252e55fcee07f001a24a1bee24eefae5bd455681a034d8a7eb80afd c731711814d53ba6e77d4d658e2f00c5255283efdf6d3518b249a72da6857dd6
SERVER_TRAFFIC_SECRET_0 793d6cc28252e55fcee07f001a24a1bee24eefae5bd455681a034d8a7eb80afd 428405c9245f3566e9747a81afebea82c791f03e6f4f5cdfc7887d00abde6f57
CLIENT_HANDSHAKE_TRAFFIC_SECRET 12c9725775bda27ea790895b9626186a0359c90194c626d4db40e9ebdf9e01ab d81e4f9dcc996dcf3b53ccd601c98a179545b70fcb3f9d31e2732f079dc11225
SERVER_HANDSHAKE_TRAFFIC_SECRET 12c9725775bda27ea790895b9626186a0359c90194c626d4db40e9ebdf9e01ab e767601919b4689ae8f015076ac7e2d342d596048ee0fde7cbeb85866a094f0c
CLIENT_TRAFFIC_SECRET_0 12c9725775bda27ea790895b9626186a0359c90194c626d4db40e9ebdf9e01ab 014d729c99a9446561feb0036a49cff917dbca20ef2ec5896d9b76a0a592111d
SERVER_TRAFFIC_SECRET_0 12c9725775bda27ea790895b9626186a0359c90194c626d4db40e9ebdf9e01ab e3601384050d0fd83c61a5fd270146c519cc675b3ef1cef66e3cc2c0977930dd
CLIENT_HANDSHAKE_TRAFFIC_SECRET 6f28ebcf5c53c1cfce5ca70a1de3ebabc255f0be4ae3ed4f199a834029dee9b3 756329fad88a381f9ce24cca6b4e1e1a7a2a48713bafa69662e167a40c73e4b2
SERVER_HANDSHAKE_TRAFFIC_SECRET 6f28ebcf5c53c1cfce5ca70a1de3ebabc255f0be4ae3ed4f199a834029dee9b3 5b0b03ff2d223922efafe2088b8a44e61e49d8165b5e28304458ef469a01075d
CLIENT_TRAFFIC_SECRET_0 6f28ebcf5c53c1cfce5ca70a1de3ebabc255f0be4ae3ed4f199a834029dee9b3 222580f62539b74d2347070f1da6de5f7c2e7918dd078bc2bbf86d8dd65af41f
SERVER_TRAFFIC_SECRET_0 6f28ebcf5c53c1cfce5ca70a1de3ebabc255f0be4ae3ed4f199a834029dee9b3 2222a198168bfb47c2b70e74f73161317cf0904deaba83ddcace09d48acc109d
CLIENT_HANDSHAKE_TRAFFIC_SECRET 743b8f75e73cd1c2229400cf4175bb9d10ecabe2c2bb2e8adcf4c7db12a97dab b5d48e88e526cf37cdad626db02d82df964fb361aef87c6d5779f582fd3b3877
SERVER_HANDSHAKE_TRAFFIC_SECRET 743b8f75e73cd1c2229400cf4175bb9d10ecabe2c2bb2e8adcf4c7db12a97dab 22bf6d33a35fd01882f8973244d7c1a4a306f9a13e9c7b40a5d131fc0da6e05b
CLIENT_TRAFFIC_SECRET_0 743b8f75e73cd1c2229400cf4175bb9d10ecabe2c2bb2e8adcf4c7db12a97dab b0105e55ac0d9af4b9c7cd0647904d3d0f9f6ca74555dab56e53e55ee7665e8c
SERVER_TRAFFIC_SECRET_0 743b8f75e73cd1c2229400cf4175bb9d10ecabe2c2bb2e8adcf4c7db12a97dab 0df5c1cdf855ae1681f3b0727146e741d6ca59836aa9bf3ce6a1b4c4c76d92c2
CLIENT_HANDSHAKE_TRAFFIC_SECRET b6c4b3c1d61c1a3ca60da0ee947db02cd34c00334ab3954aaea99197e4d7d8e6 40562e0787334d6a420d29da8d4c88fdf87cdc3002d1fa0c02cb8c76aab198b1
SERVER_HANDSHAKE_TRAFFIC_SECRET b6c4b3c1d61c1a3ca60da0ee947db02cd34c00334ab3954aaea99197e4d7d8e6 d090c52426267856ab0cca8fe8eab413d7c6519023d372b92f897f99f93ed019
CLIENT_TRAFFIC_SECRET_0 b6c4b3c1d61c1a3ca60da0ee947db02cd34c00334ab3954aaea99197e4d7d8e6 906dbd6e6d008aef8c1393a4331285212b7047296c28c35e2477225fa1afdaaa
SERVER_TRAFFIC_SECRET_0 b6c4b3c1d61c1a3ca60da0ee947db02cd34c00334ab3954aaea99197e4d7d8e6 dea3388eb62023137141524869ecb9a018dce8628ea0da5e0a81989505cca02a
CLIENT_HANDSHAKE_TRAFFIC_SECRET 9c9cb04ba7c8741494e589bc089078a9423c7c732f0e8f4fe4b84ce64d075d22 9d1e1169c98f442089eaf370b901f1d3c15ddfb80e6fe719571904e1a9f30ce1
SERVER_HANDSHAKE_TRAFFIC_SECRET 9c9cb04ba7c8741494e589bc089078a9423c7c732f0e8f4fe4b84ce64d075d22 511568bbdc9b8e67bbd4e14d125b822f4daffd1afc55ca9f5099f3e25cb856f4
CLIENT_TRAFFIC_SECRET_0 9c9cb04ba7c8741494e589bc089078a9423c7c732f0e8f4fe4b84ce64d075d22 f14eb1b2a2c52cf76bdae63d72a549240b7327c255a57ccc3446cb2af1cf3eee
SERVER_TRAFFIC_SECRET_0 9c9cb04ba7c8741494e589bc089078a9423c7c732f0e8f4fe4b84ce64d075d22 895d8eef0d659504f7c5094b5b74df989f89005a243fa7596f1db293072753e9
CLIENT_HANDSHAKE_TRAFFIC_SECRET 2aad7d33a8e99f1416cb09cc256eab45ae18a3d9da76d32f7658f6f7ae2ae32a 511c441677858f91d76403c55230a4491764d857f4a820dd3592913bc931901b
SERVER_HANDSHAKE_TRAFFIC_SECRET 2aad7d33a8e99f1416cb09cc256eab45ae18a3d9da76d32f7658f6f7ae2ae32a 6e1e31972c8994759e2c9fa9824917cfb3e2de313c57082f39f2d7af0470311a
CLIENT_TRAFFIC_SECRET_0 2aad7d33a8e99f1416cb09cc256eab45ae18a3d9da76d32f7658f6f7ae2ae32a 85ec362813a7e2467e3b8c0bda70b0bb5a2606b8e5441719e8512c8030e2805e
SERVER_TRAFFIC_SECRET_0 2aad7d33a8e99f1416cb09cc256eab45ae18a3d9da76d32f7658f6f7ae2ae32a 091859a04583e06d36738f83c3b4f5ed6a69abf60ad23c400bbb8422df2e079e
CLIENT_HANDSHAKE_TRAFFIC_SECRET e795b82ed0ed82300672d3c10bb46bfeb91d8fe61e5b5d4f83fe9d01eff39ad6 a3b0e36ab847bc88153e685a01212837e5b49e94abf224c56a8ef1634d6727d6
SERVER_HANDSHAKE_TRAFFIC_SECRET e795b82ed0ed82300672d3c10bb46bfeb91d8fe61e5b5d4f83fe9d01eff39ad6 3bd08a912c4c31c3ee2d5cdc925ddee344af73206d11c20ed0905fe361577867
CLIENT_TRAFFIC_SECRET_0 e795b82ed0ed82300672d3c10bb46bfeb91d8fe61e5b5d4f83fe9d01eff39ad6 4ddf72afedef5f558a310368ed53e063f9eadae087aecfe2cbab617c34b821a0
SERVER_TRAFFIC_SECRET_0 e795b82ed0ed82300672d3c10bb46bfeb91d8fe61e5b5d4f83fe9d01eff39ad6 64ab46792c979773504d04117069cef8aa2e96946def0d9e1bf9947c4ca958e4
CLIENT_HANDSHAKE_TRAFFIC_SECRET 66e3e3bfcb6cb9ece849c58adbaf7c41c15e53d95daf1a8b6a8fe986428d6e32 fc141cd548641cbd8730c9c037d7c9318ba75adc9838b35ac8aa5ef5fe46a15e
SERVER_HANDSHAKE_TRAFFIC_SECRET 66e3e3bfcb6cb9ece849c58adbaf7c41c15e53d95daf1a8b6a8fe986428d6e32 7ee0e1adf85d71f3c968133e406be22df211afc4478d03e3e1b21b19a864d1ba
CLIENT_TRAFFIC_SECRET_0 66e3e3bfcb6cb9ece849c58adbaf7c41c15e53d95daf1a8b6a8fe986428d6e32 8bd3c4db6448fa30edc7678aba371daaaf16359d33bab2190ba93f30284cf996
SERVER_TRAFFIC_SECRET_0 66e3e3bfcb6cb9ece849c58adbaf7c41c15e53d95daf1a8b6a8fe986428d6e32 2ec437e86fcc6b89278f3c6ad86f8ab730afb49794393de3abce80870080e095
CLIENT_HANDSHAKE_TRAFFIC_SECRET 5189943436a5f705459ab6b26a6d11add3c20bac0f16ce2572b36f3e3c610bf0 83ce1bcd53f5226053fadb0d512f67e7d4f6e05a35999cca94c2d48516e539f7
SERVER_HANDSHAKE_TRAFFIC_SECRET 5189943436a5f705459ab6b26a6d11add3c20bac0f16ce2572b36f3e3c610bf0 ec2add7eb7b9846cde9bfc46d59a3e1e6086ffe621edd0c28c71ed8d50e5583e
CLIENT_TRAFFIC_SECRET_0 5189943436a5f705459ab6b26a6d11add3c20bac0f16ce2572b36f3e3c610bf0 32b97c9cea3ba70b92088726a8cc74ce497a1e0d1d438c7bed289aef86a5d711
SERVER_TRAFFIC_SECRET_0 5189943436a5f705459ab6b26a6d11add3c20bac0f16ce2572b36f3e3c610bf0 65f81dff27974c0f56fa52f87d7ee28224ae59baa58022c3c529a7d77debe288
CLIENT_HANDSHAKE_TRAFFIC_SECRET f3eed879adaece3b4a1ab7d49f6caefbc066413980b72abe7b9532e5c2a75d7b 9c5eb35d995031376dd456bf29831c0273d1c4e70a9eb0f64b77c36910b9f64b
SERVER_HANDSHAKE_TRAFFIC_SECRET f3eed879adaece3b4a1ab7d49f6caefbc066413980b72abe7b9532e5c2a75d7b 5d6b41d8106eaf8b1c873195bccb921b4c14668767241223e59105ab1680cbbe
CLIENT_TRAFFIC_SECRET_0 f3eed879adaece3b4a1ab7d49f6caefbc066413980b72abe7b9532e5c2a75d7b faf83cd2a2b71240c0972b132458fdab2b0e99cb74c8c0ea19cc5a6f56ff3b14
SERVER_TRAFFIC_SECRET_0 f3eed879adaece3b4a1ab7d49f6caefbc066413980b72abe7b9532e5c2a75d7b 23907d25c58ffb4d015a80cabfe48710615e50e951de055675a855865871e936
CLIENT_HANDSHAKE_TRAFFIC_SECRET d12864cd223982556018c717ac79ae2f1692b2404bdc27a505e3838bf6964f89 295d6421f4b9a36f36230a47e85cbc2960cd777e8f9c6ac0a033577978cafe45
SERVER_HANDSHAKE_TRAFFIC_SECRET d12864cd223982556018c717ac79ae2f1692b2404bdc27a505e3838bf6964f89 52dd83297f30efda30deaac0201b81e7d22d5d8565146f104f3ddf20b770ec23
CLIENT_TRAFFIC_SECRET_0 d12864cd223982556018c717ac79ae2f1692b2404bdc27a505e3838bf6964f89 dbfad1427056159ab5c37fb1eb04535beb41e2e3ac166bdf892c817f6df0d861
SERVER_TRAFFIC_SECRET_0 d12864cd223982556018c717ac79ae2f1692b2404bdc27a505e3838bf6964f89 a9267680b891982c2322ac11a7e4365df7ea5884317930bedc296e820a422e9d
CLIENT_HANDSHAKE_TRAFFIC_SECRET 47b2fe339267f50eb513bf8f9bfc5e3a201df550cd0b3ae5a8976f7b02bbb21c 50b00441125f50561df0540f856e49067e669f201978e7e9b92c4ab1232fc9bf
SERVER_HANDSHAKE_TRAFFIC_SECRET 47b2fe339267f50eb513bf8f9bfc5e3a201df550cd0b3ae5a8976f7b02bbb21c f3ed00397de43c4d6ef8b1475315662287ec4dba102582cd0a210ccd204c1282
CLIENT_TRAFFIC_SECRET_0 47b2fe339267f50eb513bf8f9bfc5e3a201df550cd0b3ae5a8976f7b02bbb21c f6c26495e79ae41a0ef4b8e8fc8109bfac5ead7be22cee49ed9bcc2b71b6933a
SERVER_TRAFFIC_SECRET_0 47b2fe339267f50eb513bf8f9bfc5e3a201df550cd0b3ae5a8976f7b02bbb21c 35835dbda281386514784e9a438a2da06648d029334d1424a4eb236370fe1df7
CLIENT_HANDSHAKE_TRAFFIC_SECRET 4038b9b660245ccd059560f08bc685aaa2b350d77095d4e9b2a78b2020c2b348 f607302692e857ea95a11b73188aa93bf780e231c4a36efa8124551e7b9b2f52
SERVER_HANDSHAKE_TRAFFIC_SECRET 4038b9b660245ccd059560f08bc685aaa2b350d77095d4e9b2a78b2020c2b348 106d24d48fa3702c806c0e3701a32728e13258db08662312a4c25fb9fdfbebb5
CLIENT_TRAFFIC_SECRET_0 4038b9b660245ccd059560f08bc685aaa2b350d77095d4e9b2a78b2020c2b348 e08f20aa59bd626344bd146fee512ee2ea6b2400a7d92d578c9fc83f1ddb1c68
SERVER_TRAFFIC_SECRET_0 4038b9b660245ccd059560f08bc685aaa2b350d77095d4e9b2a78b2020c2b348 de5db296e27ed9a73915eaf88c2841cfa9fe9440d1de2d8c7369b2fc38317d26
CLIENT_HANDSHAKE_TRAFFIC_SECRET d4ef84a3113038a88a53f2290ce4ea10a650f1a07c46863534f8e1dd7b4348b5 f10afc6d30d6e40e7e5ad41314777815c2a21fe443a66cb99573e9180a172c6f
SERVER_HANDSHAKE_TRAFFIC_SECRET d4ef84a3113038a88a53f2290ce4ea10a650f1a07c46863534f8e1dd7b4348b5 43b1615ba31b55395e3ee454a3dffb63451cd5f837ab888272d28b6b087095a1
CLIENT_TRAFFIC_SECRET_0 d4ef84a3113038a88a53f2290ce4ea10a650f1a07c46863534f8e1dd7b4348b5 08f7345d37829098ee40f69762a52a60154ed8e1ec07fda632a7927251822ba8
SERVER_TRAFFIC_SECRET_0 d4ef84a3113038a88a53f2290ce4ea10a650f1a07c46863534f8e1dd7b4348b5 f25d919a061edb9dc0cc72b236dc6c311edb56d19085eabc2baa5d8774c684af
CLIENT_HANDSHAKE_TRAFFIC_SECRET 95c5c248260f10311cd34457828b4bad2a6b6d8f8f42e14e26fc5146fe8aacd5 245b39019a50ede7759f3a3acbfd688cdbc099fa5d26cd3ac985f10a58648368
SERVER_HANDSHAKE_TRAFFIC_SECRET 95c5c248260f10311cd34457828b4bad2a6b6d8f8f42e14e26fc5146fe8aacd5 d85ea77f7f7cf7407ecac4b6141a0c432520f38931329d9bb104a8db4d318d07
CLIENT_TRAFFIC_SECRET_0 95c5c248260f10311cd34457828b4bad2a6b6d8f8f42e14e26fc5146fe8aacd5 882c7e860e54ead68e280b152e445e10f5073f3a6aef435ff2ab94300d963071
SERVER_TRAFFIC_SECRET_0 95c5c248260f10311cd34457828b4bad2a6b6d8f8f42e14e26fc5146fe8aacd5 fb3932a34228579f971259dd77a43075b1c012d79339d9de298aff771ebd3088
CLIENT_HANDSHAKE_TRAFFIC_SECRET 307b26455e93380bc4268ab78acdc0d7fc121b97eb3825a4a8ee4e06141e8c1b cf2f7aa2dba03b71541bdca6e8369a68d544274f1b6512f55936506b6a0a1f04
SERVER_HANDSHAKE_TRAFFIC_SECRET 307b26455e93380bc4268ab78acdc0d7fc121b97eb3825a4a8ee4e06141e8c1b 1ecf6f5cbbb5bf0dbcf6cd0110822143dfacc424b0289cb24c93c8fe0b4c44ec
CLIENT_TRAFFIC_SECRET_0 307b26455e93380bc4268ab78acdc0d7fc121b97eb3825a4a8ee4e06141e8c1b 996d31b6c04a9263a641cf325e854fc819b1d7c9695b1a4521d7a7494ab0fa31
SERVER_TRAFFIC_SECRET_0 307b26455e93380bc4268ab78acdc0d7fc121b97eb3825a4a8ee4e06141e8c1b 115fa31f1485b279ed0fa74da6152d6bce3f088a0527ee1c473bd10cf1850b22
CLIENT_HANDSHAKE_TRAFFIC_SECRET 67045d3e2e275a052a522e11493b2676b5ffec0d65d87edcf5fdc66c2019eb81 7e425a2ea7814bca79ef6025ec12769d41f194eede633138b111213594c6d7b3
SERVER_HANDSHAKE_TRAFFIC_SECRET 67045d3e2e275a052a522e11493b2676b5ffec0d65d87edcf5fdc66c2019eb81 2e2dfbe52e610c5f4fe76118ccec64c06398c5c2f751d9599079c7f7ab75ba63
CLIENT_TRAFFIC_SECRET_0 67045d3e2e275a052a522e11493b2676b5ffec0d65d87edcf5fdc66c2019eb81 afcef14c478b7b5bc112022290ca2468b772538a9e7b127b3f6b35007c05e154
SERVER_TRAFFIC_SECRET_0 67045d3e2e275a052a522e11493b2676b5ffec0d65d87edcf5fdc66c2019eb81 8518e5299219d4af940c5ec9d8fd22d9200bc6f75ef7ca46d32c02d7ef2f6ba6
CLIENT_HANDSHAKE_TRAFFIC_SECRET e2d836d5ad1bb6a1aa8887f22e6fdbb0b9191de3fb64487d0fa1e433ee3b8ea1 91ded74e7c30f3178ec845fbe497585723efc851d2f3c8e9e4635011628225e2
SERVER_HANDSHAKE_TRAFFIC_SECRET e2d836d5ad1bb6a1aa8887f22e6fdbb0b9191de3fb64487d0fa1e433ee3b8ea1 da82f5ae34cb1b493eb529b8567cf0b6c1cc83cba0c80df0d5294e1946b27e87
CLIENT_TRAFFIC_SECRET_0 e2d836d5ad1bb6a1aa8887f22e6fdbb0b9191de3fb64487d0fa1e433ee3b8ea1 30141fb92457df0dbad038d0e00d3a0a2302972fa6f259109f41acc8adf511e6
SERVER_TRAFFIC_SECRET_0 e2d836d5ad1bb6a1aa8887f22e6fdbb0b9191de3fb64487d0fa1e433ee3b8ea1 e8f7d18982148b0dd316c71649550dc3762380b7927a4c12da503c3d44c1f6b1
CLIENT_HANDSHAKE_TRAFFIC_SECRET 0e125411cd57a2ac1bdef306b7ea8126ad7924bb19484fbca1419c966560c94e 85dce60b470d5908d00ae24674c0b65b585bb77d46ca8a635053de9ba1c704df
SERVER_HANDSHAKE_TRAFFIC_SECRET 0e125411cd57a2ac1bdef306b7ea8126ad7924bb19484fbca1419c966560c94e b5059b6605c3822cc6ab0194457a7b8b840e16425fc988f8b7b025fd3546a57b
CLIENT_TRAFFIC_SECRET_0 0e125411cd57a2ac1bdef306b7ea8126ad7924bb19484fbca1419c966560c94e 2c17f60609ff884909f6b8eaaa37a0a19480c9e86aa85539e3067100ecc8987b
SERVER_TRAFFIC_SECRET_0 0e125411cd57a2ac1bdef306b7ea8126ad7924bb19484fbca1419c966560c94e a2cccddbffa7e0a709f1406d719d04538462507a4272deadf56e2adf904ee3c2
CLIENT_HANDSHAKE_TRAFFIC_SECRET 9c2631f144728feb256bb55f44e82d66f20c9c7e45b6997403ecf061619bc05a b51ebca57e8b73ba23257311112d93cc11d9644586a16ffc41f658b69602e608
SERVER_HANDSHAKE_TRAFFIC_SECRET 9c2631f144728feb256bb55f44e82d66f20c9c7e45b6997403ecf061619bc05a 9692361e27ebfea6730e8b888e5820e6aabc1292efd547bea65195c91183e2fc
CLIENT_TRAFFIC_SECRET_0 9c2631f144728feb256bb55f44e82d66f20c9c7e45b6997403ecf061619bc05a 16740d70a9d1505708b094f263727fc4ab2f5a6ad31c4d2471a181fab794f3b8
SERVER_TRAFFIC_SECRET_0 9c2631f144728feb256bb55f44e82d66f20c9c7e45b6997403ecf061619bc05a 0cb76fd0c7daca70a259ad9b6399df661512c4e6ad8fe943ad818f9d4365fba2
CLIENT_HANDSHAKE_TRAFFIC_SECRET dc9a168a1a85d037e662b521225741f53fac34a13cd25c129cf7191972b0221c bf22418fe6b73e95a188d02133bf2b1297b1867c73b0c40522e55104344cb487
SERVER_HANDSHAKE_TRAFFIC_SECRET dc9a168a1a85d037e662b521225741f53fac34a13cd25c129cf7191972b0221c fcdd613dac74d392e2900062f7a535eba35302de1fdf29dbcabd7eae1b3efedf
CLIENT_TRAFFIC_SECRET_0 dc9a168a1a85d037e662b521225741f53fac34a13cd25c129cf7191972b0221c 0029fcfafc1086f2f92cd45c2e848bfa3163e656bb56ae20fdcf8d01aa9aa394
SERVER_TRAFFIC_SECRET_0 dc9a168a1a85d037e662b521225741f53fac34a13cd25c129cf7191972b0221c bda84ecfe55d94ebb2d068ee963a474d5a55836ced733fe6d6904d45fdf1b18b
CLIENT_HANDSHAKE_TRAFFIC_SECRET dbe5b2a5023952d4d3c5d75c299099a55f933a41ee7176381696197a542360aa c1b65e8d53d772777497ff28ae1aedae07832181d1a6cc7d5b367c95790f0bd3
SERVER_HANDSHAKE_TRAFFIC_SECRET dbe5b2a5023952d4d3c5d75c299099a55f933a41ee7176381696197a542360aa 1adc57018127644426a3cc827037dbc909fe5af2e1da62e3cb4b17a38c17b277
CLIENT_TRAFFIC_SECRET_0 dbe5b2a5023952d4d3c5d75c299099a55f933a41ee7176381696197a542360aa 17fc68bde07a009493af643b3268be5f74a9bf382e3062fc3e91e15faeac405a
SERVER_TRAFFIC_SECRET_0 dbe5b2a5023952d4d3c5d75c299099a55f933a41ee7176381696197a542360aa 499e46bc5a875e264c08772e66b25e86a8264f31d6b9ddd8a96f8570c043bf18
CLIENT_HANDSHAKE_TRAFFIC_SECRET 8cce4606bb36a53ba0f09d0a37d81b4de82f06448f063ba8a12d2763341fa04d 33735d24f2f4f52f3a1af76825abaed31586443ce97a029315436cbde469a297
SERVER_HANDSHAKE_TRAFFIC_SECRET 8cce4606bb36a53ba0f09d0a37d81b4de82f06448f063ba8a12d2763341fa04d e9ffbe384136cff14f199b865b8fc5920418e6bd8d2a131252d4a5ca0ecacdaf
CLIENT_TRAFFIC_SECRET_0 8cce4606bb36a53ba0f09d0a37d81b4de82f06448f063ba8a12d2763341fa04d 348f693cff2f43831e0c99e851d77c58ff07d004babe31782df2b3cdb6ba5899
SERVER_TRAFFIC_SECRET_0 8cce4606bb36a53ba0f09d0a37d81b4de82f06448f063ba8a12d2763341fa04d a999d5019efbe8efa2d3e3d27b22dcfe89b853f1d0dadada5f607a5bfb3c8086
CLIENT_HANDSHAKE_TRAFFIC_SECRET 5d1d3662aa98e0b35a769f7d37b548d99b4f6289f3589f4566d6a2d798f6b715 cfacd0f4913fb31d106634b97f92948c9078df3c3f8f110285a3d11ab81c3e5d
SERVER_HANDSHAKE_TRAFFIC_SECRET 5d1d3662aa98e0b35a769f7d37b548d99b4f6289f3589f4566d6a2d798f6b715 93d6c2e7da28d23451944d690e9154e398361ef544de7838b56364a2b48ac9d4
CLIENT_TRAFFIC_SECRET_0 5d1d3662aa98e0b35a769f7d37b548d99b4f6289f3589f4566d6a2d798f6b715 f6043f211a0732b9f0c789ff1bc246f9b93054ef6f60ba518582afe19c69abfc
SERVER_TRAFFIC_SECRET_0 5d1d3662aa98e0b35a769f7d37b548d99b4f6289f3589f4566d6a2d798f6b715 8fa15958642cc6220ad5438022e9539f02e5b497e1966e5943e22d0a964309f0
CLIENT_HANDSHAKE_TRAFFIC_SECRET f7fbcdc80cae797947a4947cd184664bc9bc3d60e1a6fa488f70eab2aaefdd34 1f6f3da8ec96ee271210bcd82015cac55b949d6eba542a5167b4d421f3fd2a4e
SERVER_HANDSHAKE_TRAFFIC_SECRET f7fbcdc80cae797947a4947cd184664bc9bc3d60e1a6fa488f70eab2aaefdd34 42ca0d166c9254a7d444ce51bad21cc0ede290a972a5967e5048dc82eef1ae3c
CLIENT_TRAFFIC_SECRET_0 f7fbcdc80cae797947a4947cd184664bc9bc3d60e1a6fa488f70eab2aaefdd34 9cd66f026ef3e939fe7fb860894be588e3a85b82dcf986fea1dd73fc7f090709
SERVER_TRAFFIC_SECRET_0 f7fbcdc80cae797947a4947cd184664bc9bc3d60e1a6fa488f70eab2aaefdd34 18406b41de1f1ace4eb16e4c4b212820c0352f7478230ead1e592b6d8a515d02
CLIENT_HANDSHAKE_TRAFFIC_SECRET e0df74ac03044a6c8632c92afa05a950a62804922189a09fc021cf2d5a3a530a 99d279f2f9d30d764cd0403d74dfe3ccc76b8f40e88d8f4b989f5ed33c507ef6
SERVER_HANDSHAKE_TRAFFIC_SECRET e0df74ac03044a6c8632c92afa05a950a62804922189a09fc021cf2d5a3a530a 36ee4e3dc91a345bf42040f231ed6be5e07fe9f21ae0321a8f20a99952470e50
CLIENT_TRAFFIC_SECRET_0 e0df74ac03044a6c8632c92afa05a950a62804922189a09fc021cf2d5a3a530a 956ce8427b709a34e6825a16d544339ebd73a6a7a405d9bb53b1e8a197043aaf
SERVER_TRAFFIC_SECRET_0 e0df74ac03044a6c8632c92afa05a950a62804922189a09fc021cf2d5a3a530a 89ba7604f0a399b414795201e49b57b53b4e8d68d4ae1a82c6b697c70bfae997
CLIENT_HANDSHAKE_TRAFFIC_SECRET 132136983ee7fe178cb6b139e1af7a268bdee5b65a03910b49e84fecd309ae9e 6755e1bdd6f8e63638faf5291b436cc4a48633f12a3f4599c49215375a255648
SERVER_HANDSHAKE_TRAFFIC_SECRET 132136983ee7fe178cb6b139e1af7a268bdee5b65a03910b49e84fecd309ae9e 3bb6dd5bc3d162dbf6b8700fc23c2a5eafe39bd0c37ee381c175df67d3419caf
CLIENT_TRAFFIC_SECRET_0 132136983ee7fe178cb6b139e1af7a268bdee5b65a03910b49e84fecd309ae9e ad47b722bcd2fd6a55581cdd55e5d5475f43905cc467efa09165a862a3d93f53
SERVER_TRAFFIC_SECRET_0 132136983ee7fe178cb6b139e1af7a268bdee5b65a03910b49e84fecd309ae9e ed8d2d2d2f667522855083a50a1d479bcf42549806faf23597e558deb8b6cbcd
CLIENT_HANDSHAKE_TRAFFIC_SECRET 59d69c3af46bc435314d4f1bd21fd4f58df71ee1d5e5a76c44ac14a6a8afb5d1 b27ab710bcf5c196c845aeff75ea955b6c88107d7f8231883ba76d88da2e3601
SERVER_HANDSHAKE_TRAFFIC_SECRET 59d69c3af46bc435314d4f1bd21fd4f58df71ee1d5e5a76c44ac14a6a8afb5d1 75afb2ce70774dc5153e525031c7f7b513f60d9dddaeeb8785ca13da145a9d82
CLIENT_TRAFFIC_SECRET_0 59d69c3af46bc435314d4f1bd21fd4f58df71ee1d5e5a76c44ac14a6a8afb5d1 278b4659146e014b01fe8c6a4f6705d6b17bdefc89f9802cd0ac2e1d2c0b6e38
SERVER_TRAFFIC_SECRET_0 59d69c3af46bc435314d4f1bd21fd4f58df71ee1d5e5a76c44ac14a6a8afb5d1 24ee9f7aad0b529bfc4942ebee44aea5f1f21614fe7ce674321463e2d8996b37
CLIENT_HANDSHAKE_TRAFFIC_SECRET a9c3c31fbf35c32ec7c3453d6cadda52d2462b58aee7ff93ae11a1a19cbd5dcb 14fc238651c2f8061113cf0902f5f746aa4cb32b3989bbba48f321dce8a6a57e
SERVER_HANDSHAKE_TRAFFIC_SECRET a9c3c31fbf35c32ec7c3453d6cadda52d2462b58aee7ff93ae11a1a19cbd5dcb dc619e9caba3ae93d0588f7af34625954a2b355e49ce3584f9d0f49c122be005
CLIENT_TRAFFIC_SECRET_0 a9c3c31fbf35c32ec7c3453d6cadda52d2462b58aee7ff93ae11a1a19cbd5dcb cc2987c78acf75f06cb07291cbdf195c10d13f93a9f458f83feff2037729f492
SERVER_TRAFFIC_SECRET_0 a9c3c31fbf35c32ec7c3453d6cadda52d2462b58aee7ff93ae11a1a19cbd5dcb ddeb3c9238a962e44d42ddff03418b75f67e2269f5d0372f81a26bce14f7f78a
CLIENT_HANDSHAKE_TRAFFIC_SECRET 392994487be336d7be808f9c89e67dd805e051089b5e036db8a664fbd2251eef 3a829e0f788d44f126f8ce606b4c28a8460db328882362070599f2191ffabf36
SERVER_HANDSHAKE_TRAFFIC_SECRET 392994487be336d7be808f9c89e67dd805e051089b5e036db8a664fbd2251eef 01c3d44a81f5da1ba8fa567328d7e2e5fc8568b1e082d13f161e67681c73de20
CLIENT_TRAFFIC_SECRET_0 392994487be336d7be808f9c89e67dd805e051089b5e036db8a664fbd2251eef b0d3f253dda283c8b23287f99718b0a32fc90f3b552f0bc4ea20585af24b0da4
SERVER_TRAFFIC_SECRET_0 392994487be336d7be808f9c89e67dd805e051089b5e036db8a664fbd2251eef a3102ecb7ac273f12acd389c4559e3f5952a77e4b50a3ca95e9f01676136ee9c
CLIENT_HANDSHAKE_TRAFFIC_SECRET ab78de51045032aa3e4d62fca61153d37ba6e914e4ac861288aa03e89269c775 93187ceef9929145f55fdb8685f3583d8a457cb8a92ce2a3156a44adcbcb338a
SERVER_HANDSHAKE_TRAFFIC_SECRET ab78de51045032aa3e4d62fca61153d37ba6e914e4ac861288aa03e89269c775 af4dae8ad1227823e1065a835217d5da1353261a0df4ebc1dce92e1c1837541b
CLIENT_TRAFFIC_SECRET_0 ab78de51045032aa3e4d62fca61153d37ba6e914e4ac861288aa03e89269c775 f8be62f09d67c35ca601c1facfefe2a7dcead9f65a1edf8c2464900b86f7d29e
SERVER_TRAFFIC_SECRET_0 ab78de51045032aa3e4d62fca61153d37ba6e914e4ac861288aa03e89269c775 e673aa4f4c770950d96377a651bf80fa13814ad4289793c6f93d1afa81eeb923
CLIENT_HANDSHAKE_TRAFFIC_SECRET f3fef9950291ab1e3170605d9b084715a957c2ac0bb7f71c0b391416b5180d89 11311a6e41c4e1d3e3c4d24cbd2b4820f7da7f36b557361bd0f4e5be80280665
SERVER_HANDSHAKE_TRAFFIC_SECRET f3fef9950291ab1e3170605d9b084715a957c2ac0bb7f71c0b391416b5180d89 1b5a03a63cc4d2f4a0274660f09d72ca4ae186d2aca46223f6d57896501c071c
CLIENT_TRAFFIC_SECRET_0 f3fef9950291ab1e3170605d9b084715a957c2ac0bb7f71c0b391416b5180d89 60fe620a0ddb253a25b897e1fa8a2375511c1345a98f55a829142f65a3eac71b
SERVER_TRAFFIC_SECRET_0 f3fef9950291ab1e3170605d9b084715a957c2ac0bb7f71c0b391416b5180d89 e658d7d8c34815fb6bf2de0c3b5fb258f2c83541f9a82f53373f794d7125c05a
CLIENT_HANDSHAKE_TRAFFIC_SECRET 036b851932dff331124159072faf7ac2c91bde634d0c21c492583b1241012a1c 3e650e00bd9da4865a3252cbbd131fc504225d03604de73750a112fe864a47f5
SERVER_HANDSHAKE_TRAFFIC_SECRET 036b851932dff331124159072faf7ac2c91bde634d0c21c492583b1241012a1c 5d0a0afae5f17a287a0799bf6aa80657e81b0ccbd2efa4e57b58881cb658b121
CLIENT_TRAFFIC_SECRET_0 036b851932dff331124159072faf7ac2c91bde634d0c21c492583b1241012a1c 0e4e52ec0c4d0945cc9430c9af7b1f884d744c9b32f0566394ae54c60120dcb4
SERVER_TRAFFIC_SECRET_0 036b851932dff331124159072faf7ac2c91bde634d0c21c492583b1241012a1c ab79b80c3031e2581c8c9059f2961f37e56d1b77459ea7664a9bdc6ab590fea5
CLIENT_HANDSHAKE_TRAFFIC_SECRET 4857e462cbd9b31067007e94a409888ea4d358f7eb2a08b3348cd0c6aeada67d 63d9239c107782b084085be23b9e9be74dce2e6f8c6a8e46308d685519c585cd
SERVER_HANDSHAKE_TRAFFIC_SECRET 4857e462cbd9b31067007e94a409888ea4d358f7eb2a08b3348cd0c6aeada67d 4f8fffc0c1a6e68689477d2395877f5646802de475495b1e75b6d42931442038
CLIENT_TRAFFIC_SECRET_0 4857e462cbd9b31067007e94a409888ea4d358f7eb2a08b3348cd0c6aeada67d 4ba6ff549d4dc63fa9a5c7bace1699471ed5847acdf46f205c1429944f25deb0
SERVER_TRAFFIC_SECRET_0 4857e462cbd9b31067007e94a409888ea4d358f7eb2a08b3348cd0c6aeada67d 6a3473833ddc1afc557bf7f4dcb008e04b56e47bda4b6d44fd555bf2a3b56cfe
CLIENT_HANDSHAKE_TRAFFIC_SECRET 0d93a9559e6eb3c4a756c68b902ece2d8a5582110cd5dc59a5352dea4b6efc83 080c57926d152abb198893c02a798af6c5680210a3690b2ae5f5438d4fd58be8
SERVER_HANDSHAKE_TRAFFIC_SECRET 0d93a9559e6eb3c4a756c68b902ece2d8a5582110cd5dc59a5352dea4b6efc83 8b10d1422610dc1b88e7d5b96c5e64038ed0df431c38edcc89169a4db0ec5f28
CLIENT_TRAFFIC_SECRET_0 0d93a9559e6eb3c4a756c68b902ece2d8a5582110cd5dc59a5352dea4b6efc83 ce3c08ae80407540c56fb689d7445e2f98cbde83c4a4fa8e8139980fe8160bca
SERVER_TRAFFIC_SECRET_0 0d93a9559e6eb3c4a756c68b902ece2d8a5582110cd5dc59a5352dea4b6efc83 8b4a112cd2b364e45cad8b5263398a03b55aff6a66ca535626061d6016c2a264
CLIENT_HANDSHAKE_TRAFFIC_SECRET c182f76820deef93c47623ea7dc1a581e8e23a2a913587a80caa3620a0934de2 d7a0d365768dde7cfeb46626ceb5508f47c73da73e8e2f18fa00a23fa32f6265
SERVER_HANDSHAKE_TRAFFIC_SECRET c182f76820deef93c47623ea7dc1a581e8e23a2a913587a80caa3620a0934de2 77500c7052f3c8ca32fde431566d57794d5f7736a98705ca2b02e7f1040caf4c
CLIENT_TRAFFIC_SECRET_0 c182f76820deef93c47623ea7dc1a581e8e23a2a913587a80caa3620a0934de2 3a1837fd3edc1735a1bad93f27ef82b833b558f6875d80cc9bdd5f8e33bc5cbc
SERVER_TRAFFIC_SECRET_0 c182f76820deef93c47623ea7dc1a581e8e23a2a913587a80caa3620a0934de2 854943558693ed9e58430aee181d8a4749dd356605b670fb03c936500734633c
CLIENT_HANDSHAKE_TRAFFIC_SECRET 90ef6a452162e55c89d7587f5e99b9bbf585e33c0e27021a20b5cb5cf4cc78a2 a95e9bd1198e6633d9b78e946252d58bd84037704e825dee2b1dc7dc092b8147
SERVER_HANDSHAKE_TRAFFIC_SECRET 90ef6a452162e55c89d7587f5e99b9bbf585e33c0e27021a20b5cb5cf4cc78a2 e1854a022307cc01c05199f573df610bad2c147a0f3ebec079c957e6684a4d4b
CLIENT_TRAFFIC_SECRET_0 90ef6a452162e55c89d7587f5e99b9bbf585e33c0e27021a20b5cb5cf4cc78a2 cd3a118b8136738b84bc2e5569d39e43155ba6fde7e64206e1a08d4c3f56a54a
SERVER_TRAFFIC_SECRET_0 90ef6a452162e55c89d7587f5e99b9bbf585e33c0e27021a20b5cb5cf4cc78a2 526ad2b674366cfab3e0021718bcb8dc57434e94ffc38462223173633ee20cf0
CLIENT_HANDSHAKE_TRAFFIC_SECRET 7b891ef83f92e8d02907c60a582845968e53351cfeeae25a9b0fec33051f1670 887e2343ad6093f9625ac45918fcd22a4ae3581510fc279b99b057966a3211c2
SERVER_HANDSHAKE_TRAFFIC_SECRET 7b891ef83f92e8d02907c60a582845968e53351cfeeae25a9b0fec33051f1670 d8f6d618a6ee28f85c000381af87bf3d939bfdb50263855a6f903fd95e3cabee
CLIENT_TRAFFIC_SECRET_0 7b891ef83f92e8d02907c60a582845968e53351cfeeae25a9b0fec33051f1670 946b7b049de3a3f6788f0644a3bd965b6a550e8fdb72cdbb2ec6b07d8a974bbd
SERVER_TRAFFIC_SECRET_0 7b891ef83f92e8d02907c60a582845968e53351cfeeae25a9b0fec33051f1670 0c458405edfe930c5018d32fcc5929ce19fa5a6c090d236cf45d2a95cfb51394
CLIENT_HANDSHAKE_TRAFFIC_SECRET d4157bfea57db651e03b321e8b094466493449191467f5a7ccc9440cf0bab75a 596123e1344d13133e965dac16790d483eb107a6e670fa3c40894bac8d429717
SERVER_HANDSHAKE_TRAFFIC_SECRET d4157bfea57db651e03b321e8b094466493449191467f5a7ccc9440cf0bab75a 41258187786a59f7a5ebbf9b0b1f1b969dbaf66753cf9bf5d47f2c57425fbb7e
CLIENT_TRAFFIC_SECRET_0 d4157bfea57db651e03b321e8b094466493449191467f5a7ccc9440cf0bab75a 7cc29b995de4e19304ebd419ceb6576ddf6a1c96f64d2a19a0ad988a2a73aa4f
SERVER_TRAFFIC_SECRET_0 d4157bfea57db651e03b321e8b094466493449191467f5a7ccc9440cf0bab75a b2e977120101e192f390f6c008f4cee858b68bc5fbe1ca2e40fdb86540feb8e7
CLIENT_HANDSHAKE_TRAFFIC_SECRET a0388de447de8887df4235b647a517d2cfb77504c9b1ba1ed8ee34ddb9afe8ec 55ea9133971b99d8c8524542fe95195e6b345519002d6b64d9dafc91e521858e
SERVER_HANDSHAKE_TRAFFIC_SECRET a0388de447de8887df4235b647a517d2cfb77504c9b1ba1ed8ee34ddb9afe8ec 678bae7f2fffebece74a15317064c7bf4dd6f32e78300fed602946199257d7b8
CLIENT_TRAFFIC_SECRET_0 a0388de447de8887df4235b647a517d2cfb77504c9b1ba1ed8ee34ddb9afe8ec caa546d9780ec534d39822db85cb469a0cb1c40cba71a2fdfc2d4a678d52b485
SERVER_TRAFFIC_SECRET_0 a0388de447de8887df4235b647a517d2cfb77504c9b1ba1ed8ee34ddb9afe8ec 7043559f6f45d0e3180c72cbc25a9d7ee8b3bf9f849b981c5548792a9893ec10
CLIENT_HANDSHAKE_TRAFFIC_SECRET 4c672816f65abb9c4e096d8c077f305fda336d6934c1937092e45bdf5cc9dbe8 23face88e79772745970e6697221df7748cd5fc2e9000e5170112136a92b3c57
SERVER_HANDSHAKE_TRAFFIC_SECRET 4c672816f65abb9c4e096d8c077f305fda336d6934c1937092e45bdf5cc9dbe8 a2ecdfca8f7b2228d93a2f345110fcc5094038f2efd161af5815c549ddd1284a
CLIENT_TRAFFIC_SECRET_0 4c672816f65abb9c4e096d8c077f305fda336d6934c1937092e45bdf5cc9dbe8 b06dbd6b309afa1d46898e4d4e015f6cbb66673f40e1d10a781dd223205970a8
SERVER_TRAFFIC_SECRET_0 4c672816f65abb9c4e096d8c077f305fda336d6934c1937092e45bdf5cc9dbe8 f50c4e0da165b55a681320107689906403e5673a4efc457256ab09fd244854da
CLIENT_HANDSHAKE_TRAFFIC_SECRET d6f1f3ab1d49fd05d82967b5d489d7ac5d188db682881e753eee73d3f5b33216 abf3fd6be068d31242afa3035b58bc567d7a059aebfc0b51675636f7e36dcfa4
SERVER_HANDSHAKE_TRAFFIC_SECRET d6f1f3ab1d49fd05d82967b5d489d7ac5d188db682881e753eee73d3f5b33216 66c3d916895f4eda8837dc84a2c244e199c2691e15797ff52fb5873abfdb065a
CLIENT_TRAFFIC_SECRET_0 d6f1f3ab1d49fd05d82967b5d489d7ac5d188db682881e753eee73d3f5b33216 fa10b1e3dea230a854e327dc0b783d180b0765281c61250827c18ea609d4fae0
SERVER_TRAFFIC_SECRET_0 d6f1f3ab1d49fd05d82967b5d489d7ac5d188db682881e753eee73d3f5b33216 61a64a25dcdb57ba95f1d70bfe238295a63da21eed979ad1de5f7b2664ea5298
CLIENT_HANDSHAKE_TRAFFIC_SECRET 337c7d66612c49eda2a77af82098f404d53c96681045ca857d44db43b4e2a695 e3f95014d88aef61aafe176b98c3507bddc69a9fb65954fbe86d8f3a52bbaac7
SERVER_HANDSHAKE_TRAFFIC_SECRET 337c7d66612c49eda2a77af82098f404d53c96681045ca857d44db43b4e2a695 8b641c9e834dc2d100160919fd572dd3d6169367d89426edb2542c07c2b5817c
CLIENT_TRAFFIC_SECRET_0 337c7d66612c49eda2a77af82098f404d53c96681045ca857d44db43b4e2a695 7a927070536c1b9e32aa785a7f2c1e5c76273341e607ad99af2f0ba7adff8eec
SERVER_TRAFFIC_SECRET_0 337c7d66612c49eda2a77af82098f404d53c96681045ca857d44db43b4e2a695 f91b0c20105d4e9f34576f8195e18f9fcbcbfc498eda8333699a116a053f9333
CLIENT_HANDSHAKE_TRAFFIC_SECRET 8bb0192614c3c91297bf36c3ab09c9d450be94932da49886d2f7829820ae88e2 f33b30ac12929b5e7d16ac5ceeca4905279aea269ec0526f4d193817406a1b51
SERVER_HANDSHAKE_TRAFFIC_SECRET 8bb0192614c3c91297bf36c3ab09c9d450be94932da49886d2f7829820ae88e2 48877e08edc088dd0dfbe067b49270dee23e86a9273c3e195916964a47a114cb
CLIENT_TRAFFIC_SECRET_0 8bb0192614c3c91297bf36c3ab09c9d450be94932da49886d2f7829820ae88e2 31dd6b04312106ae43254b76132e1dae986e2bcf121a1097722c3ce45ad41aef
SERVER_TRAFFIC_SECRET_0 8bb0192614c3c91297bf36c3ab09c9d450be94932da49886d2f7829820ae88e2 3a5b9335eafd20a90602c7f77c5bf31bba2183bca654795554c6cffb47af4240
CLIENT_HANDSHAKE_TRAFFIC_SECRET e6ba3f5f41458edf24ecd83efbfd74ea9065ae9778e7d1ff1dac75bd2b101240 33327ad8f6f56daf489c7a1adeadb4d4bc82285f9cb17afb8a81a3429d196f44
SERVER_HANDSHAKE_TRAFFIC_SECRET e6ba3f5f41458edf24ecd83efbfd74ea9065ae9778e7d1ff1dac75bd2b101240 3cca22d69b40b417d69d711f4d9a2d22ecd192559f2e7696a78554e345253f5f
CLIENT_TRAFFIC_SECRET_0 e6ba3f5f41458edf24ecd83efbfd74ea9065ae9778e7d1ff1dac75bd2b101240 3536f264581c77c13a4b78c88be5e298f39b7c25ce54d718e077ccddfb5645ee
SERVER_TRAFFIC_SECRET_0 e6ba3f5f41458edf24ecd83efbfd74ea9065ae9778e7d1ff1dac75bd2b101240 caed9a579ef4febc16a24597e7d406c14f1b51d87847f97955257303722d7de0
CLIENT_HANDSHAKE_TRAFFIC_SECRET 1d422ab25d4806e85b704d64c3d40db10b4772ebbfdf61f4d1f0be638a63c7c1 bbe5542c63a829af342c52e3b8b16120810297a66c902870ee57e2338ae04afd
SERVER_HANDSHAKE_TRAFFIC_SECRET 1d422ab25d4806e85b704d64c3d40db10b4772ebbfdf61f4d1f0be638a63c7c1 7ec7129da0ceec437e64e42e95fa5c7cdd1620afa901cc42a4e9c6c184163944
CLIENT_TRAFFIC_SECRET_0 1d422ab25d4806e85b704d64c3d40db10b4772ebbfdf61f4d1f0be638a63c7c1 370e549f919449dca13e1b5d24e58139c38db11857640b3a4777970e5365e895
SERVER_TRAFFIC_SECRET_0 1d422ab25d4806e85b704d64c3d40db10b4772ebbfdf61f4d1f0be638a63c7c1 381838d5c32743a53bf75ff9f5340c02f101c7a88d29c984ab3f94c0dff65cfd
CLIENT_HANDSHAKE_TRAFFIC_SECRET 8a8ba66eb66cf840d13dbf1a545f459420f2571e0899a88bb3985c9c0f4dc188 d940ddb1b10813a67c87d673bc655c16733aa04501adebef0c8a4603e1ddc9e9
SERVER_HANDSHAKE_TRAFFIC_SECRET 8a8ba66eb66cf840d13dbf1a545f459420f2571e0899a88bb3985c9c0f4dc188 f9345ef360c2bfacaa64ff00722a8f5db6df879cd29bd25d8209d4551a5c20e1
CLIENT_TRAFFIC_SECRET_0 8a8ba66eb66cf840d13dbf1a545f459420f2571e0899a88bb3985c9c0f4dc188 b6639d253669842ff3be256ec70bb8e30bc90435a0df10c26be3d6ecd03e27e1
SERVER_TRAFFIC_SECRET_0 8a8ba66eb66cf840d13dbf1a545f459420f2571e0899a88bb3985c9c0f4dc188 238e6c92d02b6319cfa2180ee77c5fc5bded6d2514a94e8579bacc872db4ad51
CLIENT_HANDSHAKE_TRAFFIC_SECRET dd50736bd9a0c68fd9b909373fc50c920f17d08336a090e5a9a65cd2475de606 b554168497adaa671a4c6530f94e55512af4635c0998693441956f1b9c5d5fc2
SERVER_HANDSHAKE_TRAFFIC_SECRET dd50736bd9a0c68fd9b909373fc50c920f17d08336a090e5a9a65cd2475de606 5007ddd4b4b0d0f4422628edbf15b500643bd5e0a81755b538ae462c5fbacabd
CLIENT_TRAFFIC_SECRET_0 dd50736bd9a0c68fd9b909373fc50c920f17d08336a090e5a9a65cd2475de606 90013935daf3450c8e347c17bb4731682ef185e4b5950d2a6a97457950161227
SERVER_TRAFFIC_SECRET_0 dd50736bd9a0c68fd9b909373fc50c920f17d08336a090e5a9a65cd2475de606 7283675842b607a42371f61c53ffe1289e5d5485f3ba4315f96cb03e66181a0d
CLIENT_HANDSHAKE_TRAFFIC_SECRET 90477ccf86df3fe46ba9f30a76c26150d8bf951091a36f64c7af23ee8b22ea00 7a262b09eb1754951096645e97b51831fa75a67608da1361186eebc1db4c3499
SERVER_HANDSHAKE_TRAFFIC_SECRET 90477ccf86df3fe46ba9f30a76c26150d8bf951091a36f64c7af23ee8b22ea00 f71d4f688d6c91265c32d3065c29bc4f4caaae1551dfbdba44496f2b5c06b861
CLIENT_TRAFFIC_SECRET_0 90477ccf86df3fe46ba9f30a76c26150d8bf951091a36f64c7af23ee8b22ea00 f9429a7d0b02825fe6b94c66b39b2226598c73a0f2ec4495ad93fd3a9cef5cc2
SERVER_TRAFFIC_SECRET_0 90477ccf86df3fe46ba9f30a76c26150d8bf951091a36f64c7af23ee8b22ea00 3b33d706d81bc848fc73923ccf9f22b1a5edf7bf57adee86ce8037d8a13b197c
CLIENT_HANDSHAKE_TRAFFIC_SECRET 5ba3744ab7a1f486f274d7c0c256115a71b78cd579d91287c1faa5b2432aa46d 8b6d556851d12de49d2949ebd5aeba5885a0b514c74f0e49edf5b5e119dff012
SERVER_HANDSHAKE_TRAFFIC_SECRET 5ba3744ab7a1f486f274d7c0c256115a71b78cd579d91287c1faa5b2432aa46d 95bd313f7699a1972d716bd018b8818f0023c63e2787dba211984360b8348d58
CLIENT_TRAFFIC_SECRET_0 5ba3744ab7a1f486f274d7c0c256115a71b78cd579d91287c1faa5b2432aa46d 5dc08a9aaad9c5892c628d0a13f07d3bc381aebafea5df9ce1c6134cf12025f9
SERVER_TRAFFIC_SECRET_0 5ba3744ab7a1f486f274d7c0c256115a71b78cd579d91287c1faa5b2432aa46d 2ec8a14eaba6b8f9ed4654cf3d3b4f9cdd45dbaa79e1f082a8df548252b642f3
CLIENT_HANDSHAKE_TRAFFIC_SECRET d063c1a29bb92b0f5304f77ca84c7a6d77827f3091b11eeb763ce335dc20dbab 388204f2d48727d096f49916bb785873590fb547c8edeea0d619f75eee3489e8
SERVER_HANDSHAKE_TRAFFIC_SECRET d063c1a29bb92b0f5304f77ca84c7a6d77827f3091b11eeb763ce335dc20dbab d2651be5140410790228d62c8a3140906e343ec98d5d185a2ee5b1a5e446341b
CLIENT_TRAFFIC_SECRET_0 d063c1a29bb92b0f5304f77ca84c7a6d77827f3091b11eeb763ce335dc20dbab 5a45a6edfb90aa22ee54e7a91b6e49bcae5b02d90ed127240a49ea509833e127
SERVER_TRAFFIC_SECRET_0 d063c1a29bb92b0f5304f77ca84c7a6d77827f3091b11eeb763ce335dc20dbab 08d6524dbc0c3f633ef5095066dfdab5b2297975358bec0ffc0ba8bbb6ebc71d
CLIENT_HANDSHAKE_TRAFFIC_SECRET 897cb0c4aaf58d1b7d1749523a55f3aa08df82ae05a1e4a32b5e8bd4b3a5e0e4 ceaee0b24d280ac0f2307d55ea6467ea5d9e293137a645d3bb944c25d869d372
SERVER_HANDSHAKE_TRAFFIC_SECRET 897cb0c4aaf58d1b7d1749523a55f3aa08df82ae05a1e4a32b5e8bd4b3a5e0e4 a8dcffcda0562921f261f332ce7953696da90a7b6b5dbe36961b3e84aa01aede
CLIENT_TRAFFIC_SECRET_0 897cb0c4aaf58d1b7d1749523a55f3aa08df82ae05a1e4a32b5e8bd4b3a5e0e4 cd11ddfdb130febd7e0c1246ef2e6cb7a2e8f2fbd520184e4b3b7108506ab4b0
SERVER_TRAFFIC_SECRET_0 897cb0c4aaf58d1b7d1749523a55f3aa08df82ae05a1e4a32b5e8bd4b3a5e0e4 195871a332ff38391fba00910bbbc2244da49b020146c812ca6426049d63ce90
CLIENT_HANDSHAKE_TRAFFIC_SECRET 646fa3d5b18780661327a9faee4a4063cdc334c38f829b25fef22846c024a8c2 ef1115f334f4df50562bf54dd83b085b69db12fba81d62d11b30207a3e21da0b
SERVER_HANDSHAKE_TRAFFIC_SECRET 646fa3d5b18780661327a9faee4a4063cdc334c38f829b25fef22846c024a8c2 2177d6460636982ec5f27a7b0815bf68ba28674c64f8b8b135f9d51eb39fd96e
CLIENT_TRAFFIC_SECRET_0 646fa3d5b18780661327a9faee4a4063cdc334c38f829b25fef22846c024a8c2 68e4a5cac8febc53ebcdbc7be32bb7142ca0b0889cbaec052b0bc14543e118e8
SERVER_TRAFFIC_SECRET_0 646fa3d5b18780661327a9faee4a4063cdc334c38f829b25fef22846c024a8c2 fb9f713672cdd6fe458226ee47d8f321e33717c9ff9172c106d567ce73d95ff1
CLIENT_HANDSHAKE_TRAFFIC_SECRET 75758869ee51e7d2e9722475b316539403c1eba0f9bc1734b7b470ff65131295 58a114cbc4d1c2e6d5983b22eefc6b7abd19e5d2a5d57cadc431ddfe45e87653
SERVER_HANDSHAKE_TRAFFIC_SECRET 75758869ee51e7d2e9722475b316539403c1eba0f9bc1734b7b470ff65131295 de8abd3ee1ca103ff44b5aaf2d3bc73109ec1ede3132fef5c34cec1649418d16
CLIENT_TRAFFIC_SECRET_0 75758869ee51e7d2e9722475b316539403c1eba0f9bc1734b7b470ff65131295 c348c5655446dc0652507f307192f5f0c5229838a2194301e2a494ac4bb78cce
SERVER_TRAFFIC_SECRET_0 75758869ee51e7d2e9722475b316539403c1eba0f9bc1734b7b470ff65131295 fa1c9866da1f742c2ee867ade2af32d938e6652736cc5bf223db3a367ae4bfff
CLIENT_HANDSHAKE_TRAFFIC_SECRET 09dee9e3289691c5a8f5c655f33b08c9542ba3efcf4db57a77aced5178a0c6ad 9d354731ba4d70ad38c487c2ca21b8166c3beb31f82f0e8661227bd248e5aba5
SERVER_HANDSHAKE_TRAFFIC_SECRET 09dee9e3289691c5a8f5c655f33b08c9542ba3efcf4db57a77aced5178a0c6ad 309ce45e1032ecbf919b8f65c90006785f525c0f14eb88a6baf3f962ae2e5d7d
CLIENT_TRAFFIC_SECRET_0 09dee9e3289691c5a8f5c655f33b08c9542ba3efcf4db57a77aced5178a0c6ad 4f16006163565c938e3afdcca075e7319e1a2684f33a14d4176cd5cbfd1a0a9a
SERVER_TRAFFIC_SECRET_0 09dee9e3289691c5a8f5c655f33b08c9542ba3efcf4db57a77aced5178a0c6ad 274c42ac3ff00e805462ae2bd94edb995abd07ac2ea3f5ca8aac27f4a7295a94
CLIENT_HANDSHAKE_TRAFFIC_SECRET 5b714987dc81f795a49c5b064a98d9241539250b662156a266dd6f3d5faffaa8 7571747b453f0f1ee28112bb3e65b82aeaac6a3bab5e904d5b2f3ea1592262fa
SERVER_HANDSHAKE_TRAFFIC_SECRET 5b714987dc81f795a49c5b064a98d9241539250b662156a266dd6f3d5faffaa8 fb5408e1f31c6270f733e3cc08ccd74dcd68fcb0d42e3d65b8f028dff13a8971
CLIENT_TRAFFIC_SECRET_0 5b714987dc81f795a49c5b064a98d9241539250b662156a266dd6f3d5faffaa8 e46c8aec5e8acb3e8d08f813e9ebd53c175edc9e86d4c73938a0e83937fcfe51
SERVER_TRAFFIC_SECRET_0 5b714987dc81f795a49c5b064a98d9241539250b662156a266dd6f3d5faffaa8 bf36920e92b230f35103c8a468629a9b0816f895e97264c7c36d52aa2c77b343
CLIENT_HANDSHAKE_TRAFFIC_SECRET 11050eb647cdeedf88e5a5ed3ef6148f61c5f398281000bbf3ed405e25fc73ae 5654c7139c183b708843f87455dcff53f5462092baccd7c1a96a1452b4ada2b5
SERVER_HANDSHAKE_TRAFFIC_SECRET 11050eb647cdeedf88e5a5ed3ef6148f61c5f398281000bbf3ed405e25fc73ae fd4929fb482c85a5e870a075250f81ded15f9f903ebab1865006d11eb68505df
CLIENT_TRAFFIC_SECRET_0 11050eb647cdeedf88e5a5ed3ef6148f61c5f398281000bbf3ed405e25fc73ae 5c1e0e349f9a1d2727de02acfc20076c023d7e1ce9d971e5e59e7c15f8ff36e4
SERVER_TRAFFIC_SECRET_0 11050eb647cdeedf88e5a5ed3ef6148f61c5f398281000bbf3ed405e25fc73ae 89f4fe247a1eabd51f94151140a2d4d8ec0fda50eab5b8dd4775526bc8c4b95b
CLIENT_HANDSHAKE_TRAFFIC_SECRET 9f7ead9f7296e144046561af9d9ca5d8f6f498b6f27a086d8ef0278cf740bb3a 9c29bdf12d33810cc13e901e67ebfafde62e3bb034b660ce85a6273e20898abc
SERVER_HANDSHAKE_TRAFFIC_SECRET 9f7ead9f7296e144046561af9d9ca5d8f6f498b6f27a086d8ef0278cf740bb3a f65c7f741c4a3819dfa09284e28fe97f6aab5c1c623acec9aca72799704d90db
CLIENT_TRAFFIC_SECRET_0 9f7ead9f7296e144046561af9d9ca5d8f6f498b6f27a086d8ef0278cf740bb3a d7e77f7ff3e3a39bbde4245241721e13bb6f4bc9b427433f382739645836f259
SERVER_TRAFFIC_SECRET_0 9f7ead9f7296e144046561af9d9ca5d8f6f498b6f27a086d8ef0278cf740bb3a 476e514f749ad9d8a005966fbe3ef2200af9d3ce572597eabf8f8f3b69fe627c
CLIENT_HANDSHAKE_TRAFFIC_SECRET eafea37e1f47e3eb3b8a3bbdb12938d1fc5291608d5ac318784c798dd63c9b6a de11925b310d4a6168e9f01b37944731a7b8f1f33f64574018944d087f9500ba
SERVER_HANDSHAKE_TRAFFIC_SECRET eafea37e1f47e3eb3b8a3bbdb12938d1fc5291608d5ac318784c798dd63c9b6a f91ecea2afeb6a7b2ea1b76842dcec7f9fdd6ac13cbfa8bd36fad595d665e95b
CLIENT_TRAFFIC_SECRET_0 eafea37e1f47e3eb3b8a3bbdb12938d1fc5291608d5ac318784c798dd63c9b6a b95dd6213376fe675e506e3a5e4ad3c8996cc250bc272d37b01da404ac9a2ea5
SERVER_TRAFFIC_SECRET_0 eafea37e1f47e3eb3b8a3bbdb12938d1fc5291608d5ac318784c798dd63c9b6a 2a77d595aede095dd2e3a21eb5f179a732346dd5c7761231163e166cba71fb51
CLIENT_HANDSHAKE_TRAFFIC_SECRET 35d54a783f439662acc5340dcc3fbae0eca886f68a6b5392507f4c2ebaa2dfe4 f61c96b7a4e275a56b0865fdfe2d7defbbcbee241a63634d67b54af968e28c43
SERVER_HANDSHAKE_TRAFFIC_SECRET 35d54a783f439662acc5340dcc3fbae0eca886f68a6b5392507f4c2ebaa2dfe4 292d969025295ac28ae8b76f06946ac06c7a86b5e63ce3ad84f48adaced51211
CLIENT_TRAFFIC_SECRET_0 35d54a783f439662acc5340dcc3fbae0eca886f68a6b5392507f4c2ebaa2dfe4 149e4030ac30afa3e9df59a35f4f9e11683524c85c10ea22e84267d83e3493ce
SERVER_TRAFFIC_SECRET_0 35d54a783f439662acc5340dcc3fbae0eca886f68a6b5392507f4c2ebaa2dfe4 cd136a9df02b76fc03cee74353ab0a78794c5b7e3c6d5c7d42964005244a74ad
CLIENT_HANDSHAKE_TRAFFIC_SECRET 2450d99ec50a66e1e8914587403a399b02bd7e523711c2564bc297e3827157c8 b69d9cdaa570dbfa240cc092f7122738caf5c0f1a5dd99f433d8b916b2627a83
SERVER_HANDSHAKE_TRAFFIC_SECRET 2450d99ec50a66e1e8914587403a399b02bd7e523711c2564bc297e3827157c8 4674a74de3deb4c28218ca46543ad918ad4b08920d85490521588fe22e630065
CLIENT_TRAFFIC_SECRET_0 2450d99ec50a66e1e8914587403a399b02bd7e523711c2564bc297e3827157c8 d2bc37c5de4176edf94cecf1b4d0db474b7c1cdd8ddf08f9f8eeecee43e64eea
SERVER_TRAFFIC_SECRET_0 2450d99ec50a66e1e8914587403a399b02bd7e523711c2564bc297e3827157c8 1fbd7e026a7d7a48a5c946a1d7095a5291dcd1a98a52cb50e4867b25eb0914f5
CLIENT_HANDSHAKE_TRAFFIC_SECRET 76645f6894988b7132a2d792a8bcf23ad0d89a6decfefa930b4d38127f2576e8 0e6b447251dc9600d8a84cf86c4527aa99f1ea926db7953e4d1580275d314182
SERVER_HANDSHAKE_TRAFFIC_SECRET 76645f6894988b7132a2d792a8bcf23ad0d89a6decfefa930b4d38127f2576e8 259a996278f30c872a39551db703b2d4ba5c71bc7ee7a51c990b440ade556fe6
CLIENT_TRAFFIC_SECRET_0 76645f6894988b7132a2d792a8bcf23ad0d89a6decfefa930b4d38127f2576e8 f187295892a8ee230e20232eddc7890a4640bcfb6eff825a290772508b84e091
SERVER_TRAFFIC_SECRET_0 76645f6894988b7132a2d792a8bcf23ad0d89a6decfefa930b4d38127f2576e8 f8191b46e6bced5d368fa5a267202d5a29b3da93755e9d126ad16aba1b8fa92d
CLIENT_HANDSHAKE_TRAFFIC_SECRET a8cc68d6519db83758770babd459f491a860194c21da2c1f37e8ac10e26dc150 ff7ddce80f5e6968f2dae2289e1d028b1d5629e58f9aacd108756be96bcedcbd
SERVER_HANDSHAKE_TRAFFIC_SECRET a8cc68d6519db83758770babd459f491a860194c21da2c1f37e8ac10e26dc150 be7f48fc94485fa825d9727cfbf17d5c89e87246e1495d0cfc897e45288fda94
CLIENT_TRAFFIC_SECRET_0 a8cc68d6519db83758770babd459f491a860194c21da2c1f37e8ac10e26dc150 af8af9590d75e88225d440b63ca5284e15092a9bd78db0b6f52a089bdda4746b
SERVER_TRAFFIC_SECRET_0 a8cc68d6519db83758770babd459f491a860194c21da2c1f37e8ac10e26dc150 0c352a97cc14be89eb68c1233c74bd998addddc9ac23ab7e487e308023c6e14b
CLIENT_HANDSHAKE_TRAFFIC_SECRET e0eaf494a439bb5f054dccec129768576026c797fe0ed5372012a1a549904481 8cb9250c8b5cc681a8b0878d62b80911262c8d197ec596b4ddccecf2175df914
SERVER_HANDSHAKE_TRAFFIC_SECRET e0eaf494a439bb5f054dccec129768576026c797fe0ed5372012a1a549904481 10237543540985b7319b98a3365bfe5e4a2756d5769ab70edd3a17b9c42e7ea0
CLIENT_TRAFFIC_SECRET_0 e0eaf494a439bb5f054dccec129768576026c797fe0ed5372012a1a549904481 1c907f2ffe29cebf05711ba40fb5694faf06a18644834dcdacfcb93e50edf685
SERVER_TRAFFIC_SECRET_0 e0eaf494a439bb5f054dccec129768576026c797fe0ed5372012a1a549904481 0c2beb1cc9a010481c78c94963716ace8a78d56e7848cf9dbde01495900fd3da
CLIENT_HANDSHAKE_TRAFFIC_SECRET cff584b3cadf3d91e7c95acda257ea7a989b544a47936dc2ccca01b3b0f7afe5 1574a7f6340d7d824568b9dba88388be8fee78d809dee44a31fac5788b9df5be
SERVER_HANDSHAKE_TRAFFIC_SECRET cff584b3cadf3d91e7c95acda257ea7a989b544a47936dc2ccca01b3b0f7afe5 64bb64e6bababb98b4805cda8787b32494de2d708f6c345fe20f00ba9b33d7d5
CLIENT_TRAFFIC_SECRET_0 cff584b3cadf3d91e7c95acda257ea7a989b544a47936dc2ccca01b3b0f7afe5 59b46ed87bca5d1bdae3c3235431ee327085dfbff61eeab38cc5e66ff23b9fdf
SERVER_TRAFFIC_SECRET_0 cff584b3cadf3d91e7c95acda257ea7a989b544a47936dc2ccca01b3b0f7afe5 f17bbbe5f002c85c6bef3980483c9a9a2b1ed339095ec8ebb1232db4b08c9a93
CLIENT_HANDSHAKE_TRAFFIC_SECRET b8ecb01079327afdbf83c5a66458151e9ec7976ce69439af58ff57178420c077 48767861cf31d6fe751b76e9412663f0756372310c7ac2dcfafac76c9ad3841e
SERVER_HANDSHAKE_TRAFFIC_SECRET b8ecb01079327afdbf83c5a66458151e9ec7976ce69439af58ff57178420c077 850a9f1ad4715156b334dd0cfe8a4e94e70ed184618204956398c436c42552b9
CLIENT_TRAFFIC_SECRET_0 b8ecb01079327afdbf83c5a66458151e9ec7976ce69439af58ff57178420c077 6f08478a317fd2ce7f807c61249e76a73307241a55a6ac46f0527401753ee2ac
SERVER_TRAFFIC_SECRET_0 b8ecb01079327afdbf83c5a66458151e9ec7976ce69439af58ff57178420c077 3434bf9e232bb404f4b23945600db2754a7688f24545a364cce22a842c530373
CLIENT_HANDSHAKE_TRAFFIC_SECRET 823115908fadab1918a71bf0abf76e2e6276ec849b199ca1ca5752f651b4288e 007002439358fe26c9f5a35bf0e6a7d5d565ab3fef0a53c8b32fedbe4bcadd25
SERVER_HANDSHAKE_TRAFFIC_SECRET 823115908fadab1918a71bf0abf76e2e6276ec849b199ca1ca5752f651b4288e bb4ccd5cfd60f846f240f8f00abde56865ffd9a43e590b8a49cf4f0909348ae2
CLIENT_TRAFFIC_SECRET_0 823115908fadab1918a71bf0abf76e2e6276ec849b199ca1ca5752f651b4288e b658c8d04890bc3a68d66cf0aacf4fd16e5f4e0b893ab580ae549d6e72d149ee
SERVER_TRAFFIC_SECRET_0 823115908fadab1918a71bf0abf76e2e6276ec849b199ca1ca5752f651b4288e 44244e044d485aac2fe57bee3cc48934a79c3eeb4b23972aed0af73b0e030a0f
CLIENT_HANDSHAKE_TRAFFIC_SECRET 4e7bd14e27c93bd950e754fc4d1a2f29512e9c683e58c4c06ead0ab7eebc176a 1e1b772d4f6d63ea1d626b9cf47348ce1e8040ed89f6fa2bc1b18b2b532b761b
SERVER_HANDSHAKE_TRAFFIC_SECRET 4e7bd14e27c93bd950e754fc4d1a2f29512e9c683e58c4c06ead0ab7eebc176a aca961d679a6da2af0597a317817208c77a33897a2f004ca32c2aaa78cc78b29
CLIENT_TRAFFIC_SECRET_0 4e7bd14e27c93bd950e754fc4d1a2f29512e9c683e58c4c06ead0ab7eebc176a 08720ae32dbcb49b9eeb28d9ebc3216cec2db36fd97259c8ba153b0dbb0216cd
SERVER_TRAFFIC_SECRET_0 4e7bd14e27c93bd950e754fc4d1a2f29512e9c683e58c4c06ead0ab7eebc176a 5ab7179b5a4a9b71873a060c26abe9e600b2d5e5ea271775c458f129225698b5
CLIENT_HANDSHAKE_TRAFFIC_SECRET 93ba8632fb30dd2cede8bee064a70e378a5447137fb05f99e98e1980c352fb3b 9b56f6e97aed5ffe1fe0247d11239570eac2a111a2665e7e6f9094dce4ea7229
SERVER_HANDSHAKE_TRAFFIC_SECRET 93ba8632fb30dd2cede8bee064a70e378a5447137fb05f99e98e1980c352fb3b 4e3724a2ca5ae0f321478c519c7fea6366f66aa74f88407c1b46c375409171a9
CLIENT_TRAFFIC_SECRET_0 93ba8632fb30dd2cede8bee064a70e378a5447137fb05f99e98e1980c352fb3b 3538a7bd048581ef8ed0b6aeaa0cf13ae1545386b1e1fecb90797dec725318a8
SERVER_TRAFFIC_SECRET_0 93ba8632fb30dd2cede8bee064a70e378a5447137fb05f99e98e1980c352fb3b d7b49016e91174a477553967579dcb15cd5d6916af8c8c872012cfc4af77e97a
CLIENT_HANDSHAKE_TRAFFIC_SECRET 62ff750b385ffc03aaa34cac54652c2822423a5245a8cc05b3dae2e156b5a135 60abd27ea2479f77549085269fae67719cf27026274afb49bc6b7fea7b4395f3
SERVER_HANDSHAKE_TRAFFIC_SECRET 62ff750b385ffc03aaa34cac54652c2822423a5245a8cc05b3dae2e156b5a135 7543737fe9f328f483c20b935b26396fc361e343f9f763487355ca0c69c00da3
CLIENT_TRAFFIC_SECRET_0 62ff750b385ffc03aaa34cac54652c2822423a5245a8cc05b3dae2e156b5a135 c95b3f2820e521bd1560602acdbb59bfdf4c4940bb5bc0775f17435da22b767b
SERVER_TRAFFIC_SECRET_0 62ff750b385ffc03aaa34cac54652c2822423a5245a8cc05b3dae2e156b5a135 011d8e810eabde1b6ebc76870b5722e07d83a4e15f58df7e9fbf16a7208d37da
CLIENT_HANDSHAKE_TRAFFIC_SECRET 0948101c281f544156175b563845e61c9cc916b766a630a375c0909b9eb7d23c 9886580460f7cae9a81a63b34de652ba0a7abbec6c848a09fd450a2bcc25540e
SERVER_HANDSHAKE_TRAFFIC_SECRET 0948101c281f544156175b563845e61c9cc916b766a630a375c0909b9eb7d23c 622fc5d5cd0d516c3a4f9455031bd3e4d4ecd34d01d979e885248d150fb947ea
CLIENT_TRAFFIC_SECRET_0 0948101c281f544156175b563845e61c9cc916b766a630a375c0909b9eb7d23c 0f4d84deec978a6d63035df7a2505cc14adb15f8f5b66250ac6e5d6ccda41c9e
SERVER_TRAFFIC_SECRET_0 0948101c281f544156175b563845e61c9cc916b766a630a375c0909b9eb7d23c af185a8bad352dbc281814e2476256716f163cdeedfbd31f5b44c5135b623043
CLIENT_HANDSHAKE_TRAFFIC_SECRET babb236390680d34985b5bc1ebf9051239a6612e12a754de9fbb1fe9d4d36ab5 51bde8df8681ba6eac49ac5c430f1b2a634181aed7f542729d239570617704e9
SERVER_HANDSHAKE_TRAFFIC_SECRET babb236390680d34985b5bc1ebf9051239a6612e12a754de9fbb1fe9d4d36ab5 c83d62d6701215cc5ee6e837853a1eb4508ba3001df49cfb9e338754b6c79fcb
CLIENT_TRAFFIC_SECRET_0 babb236390680d34985b5bc1ebf9051239a6612e12a754de9fbb1fe9d4d36ab5 b5278af406d80e7f893c093a580818220a3f46e6191c86f2a60f1c25c99fb99c
SERVER_TRAFFIC_SECRET_0 babb236390680d34985b5bc1ebf9051239a6612e12a754de9fbb1fe9d4d36ab5 a4b1b6261ea0f06b6e261e4a23dc7ca0a8f09ff4b43c0432de908914d044a6dd
CLIENT_HANDSHAKE_TRAFFIC_SECRET 4a9e788c144bb4b738248b617aeba74bcf2f1da1a3d7d0323caac8446723d79e febe8ba7d9c6a2a29d5a437e83c3d05d7234ba3e2521b537b426938f25a0f297
SERVER_HANDSHAKE_TRAFFIC_SECRET 4a9e788c144bb4b738248b617aeba74bcf2f1da1a3d7d0323caac8446723d79e ed5771dc76804c9ff62fc25f19f972f18fe98b2ae49f6e1a6fcae6dc360095a7
CLIENT_TRAFFIC_SECRET_0 4a9e788c144bb4b738248b617aeba74bcf2f1da1a3d7d0323caac8446723d79e 8c00b54f0cc215bf074c9b72737b4007c6c409bf328c0c486c51190a007be7cd
SERVER_TRAFFIC_SECRET_0 4a9e788c144bb4b738248b617aeba74bcf2f1da1a3d7d0323caac8446723d79e 96f86698f5411128b109b957cb4d2370e4de6fa8e803d1f32765029e3b15dacc
CLIENT_HANDSHAKE_TRAFFIC_SECRET ab70c59a78d388620c21a330146aab1a7329a481b08b27a5bc3ed65ef00acf4e 2467b81aab6d523d07287f0339570433b07e9363eada1c38d251aa2b750da048
SERVER_HANDSHAKE_TRAFFIC_SECRET ab70c59a78d388620c21a330146aab1a7329a481b08b27a5bc3ed65ef00acf4e 61b4e4ed8ef01c322c730fbc7eee1d2e561dfe6ec0761c3e1af079244d0a019c
CLIENT_TRAFFIC_SECRET_0 ab70c59a78d388620c21a330146aab1a7329a481b08b27a5bc3ed65ef00acf4e e856b98359394abdfce70c48ea1689344f00f705cb2adbd462e4528d11562362
SERVER_TRAFFIC_SECRET_0 ab70c59a78d388620c21a330146aab1a7329a481b08b27a5bc3ed65ef00acf4e e39420d24b7c1fbd9e5ac9a403fec6c88b02943a996b0344a2016c47bfd7eed3
CLIENT_HANDSHAKE_TRAFFIC_SECRET 83dd64f5c6cb321c69d5bf7a9d871918a28b501848bc7554ea5df806d408e1b5 cae82c9965eee4c47128397ea22251d547a0638f13c86361712481eca038f566
SERVER_HANDSHAKE_TRAFFIC_SECRET 83dd64f5c6cb321c69d5bf7a9d871918a28b501848bc7554ea5df806d408e1b5 5ae210005df2651789544c5a7e4a5317b6c20a1420cd9fcbc1e3706a7cba8616
CLIENT_TRAFFIC_SECRET_0 83dd64f5c6cb321c69d5bf7a9d871918a28b501848bc7554ea5df806d408e1b5 2483720829aea0134653886c473c1125a47326f7ebffdc113013e56d6d23cc4e
SERVER_TRAFFIC_SECRET_0 83dd64f5c6cb321c69d5bf7a9d871918a28b501848bc7554ea5df806d408e1b5 8a170381a49040a3bc918bcad6b33b27b56657090c549c687b8af1887878c449
CLIENT_HANDSHAKE_TRAFFIC_SECRET 48d8f5e713948f8b59f17046c3143e5c7e02427d5b0f6b576db1422e928b636a 410ec3e0197dc4fd997d1591ac29e836ffe5998a13d16a8801425af36d498431
SERVER_HANDSHAKE_TRAFFIC_SECRET 48d8f5e713948f8b59f17046c3143e5c7e02427d5b0f6b576db1422e928b636a 45c9f17f8db451cf83220c0a38f062edea94715759f807e07dfa117f5c830ef2
CLIENT_TRAFFIC_SECRET_0 48d8f5e713948f8b59f17046c3143e5c7e02427d5b0f6b576db1422e928b636a 8dab831648e44df65127e121f03400b92b53e7de8eb9eb437caa4517ec1cd536
SERVER_TRAFFIC_SECRET_0 48d8f5e713948f8b59f17046c3143e5c7e02427d5b0f6b576db1422e928b636a 7d04fcf8a6633eb66d992878209ebeca90e3f47ae119edb11b2d31505d976681
CLIENT_HANDSHAKE_TRAFFIC_SECRET a4c110eac1b6dfab83633ff61f2d22d5fb1823ee2584a5624df6d3fbb69d14af 30708d923e7fe32aca1e26a4e9410e941dfaad4f9a156e83fb80ea99f34fc7b3
SERVER_HANDSHAKE_TRAFFIC_SECRET a4c110eac1b6dfab83633ff61f2d22d5fb1823ee2584a5624df6d3fbb69d14af 3a69ebce75a6c5af55a6d4f03cdf8b71d048c2cfb13eb6fedaa5653317abcfd4
CLIENT_TRAFFIC_SECRET_0 a4c110eac1b6dfab83633ff61f2d22d5fb1823ee2584a5624df6d3fbb69d14af e34e9f3f4dd3e74599f9861d1d821c270acb99c1e8fd54a3cce9cc4f491616a2
SERVER_TRAFFIC_SECRET_0 a4c110eac1b6dfab83633ff61f2d22d5fb1823ee2584a5624df6d3fbb69d14af 2eeb8b645dc488dffbe1cad3b45c38d897324f7d8651ed0f479d734b0431559b
CLIENT_HANDSHAKE_TRAFFIC_SECRET 0efa247122aa4bfe4c291ca9a6639d586617b49da87ca08d389c00f9533cb863 c68c51df0d7429b5826e260af25abf1d8b74cf2721c1fc95490e46f66a04816c
SERVER_HANDSHAKE_TRAFFIC_SECRET 0efa247122aa4bfe4c291ca9a6639d586617b49da87ca08d389c00f9533cb863 ebdc784f9fad55bb979a4ad39bb9cdb359958ef63d0a50a77b00caf25372af8a
CLIENT_TRAFFIC_SECRET_0 0efa247122aa4bfe4c291ca9a6639d586617b49da87ca08d389c00f9533cb863 dbc86a1703a799ace21a2478db42331b1c7700c554900aa89936c54cf9541574
SERVER_TRAFFIC_SECRET_0 0efa247122aa4bfe4c291ca9a6639d586617b49da87ca08d389c00f9533cb863 211bf7bedf9b8a7d1232cdc7e61e0e7c763e37d6120a63a7a4d68ff98468ff56
CLIENT_HANDSHAKE_TRAFFIC_SECRET d36c925e9e1fd68d6de004cc29929274226132cfa61302ccecaa1d8feb465dfb cfaff9182e87d28e26267bcd9c04572afaf13781fa359a530caae67aaf014661
SERVER_HANDSHAKE_TRAFFIC_SECRET d36c925e9e1fd68d6de004cc29929274226132cfa61302ccecaa1d8feb465dfb 36355583ac0dc43ae8c8f978918ed2359bcfb12060e3470d250457bcbf6aad64
CLIENT_TRAFFIC_SECRET_0 d36c925e9e1fd68d6de004cc29929274226132cfa61302ccecaa1d8feb465dfb a50638b826bd985a481e90e0b0efe6ecbb4011f38245660c42c50e6b2b6360fb
SERVER_TRAFFIC_SECRET_0 d36c925e9e1fd68d6de004cc29929274226132cfa61302ccecaa1d8feb465dfb b752d59df82bd680ee46c1606cb43750ab7d9dd70a8e834740f71196ef6755da
CLIENT_HANDSHAKE_TRAFFIC_SECRET 54073e13423c21785c03f0110477ded4cd0ff4e0b84aee18d8886c1fdf23e738 f405d407853a946488c0d66014ffa5e2792e747ff529262088626ac4c0508f7c
SERVER_HANDSHAKE_TRAFFIC_SECRET 54073e13423c21785c03f0110477ded4cd0ff4e0b84aee18d8886c1fdf23e738 461113b961d6d689800932e388a56fe08da4782c86d9d9b86f120fea61450ee1
CLIENT_TRAFFIC_SECRET_0 54073e13423c21785c03f0110477ded4cd0ff4e0b84aee18d8886c1fdf23e738 ffabf050979a84af6742ae8efe27ac6b0549c5274ed87f7de567d15ca767bd39
SERVER_TRAFFIC_SECRET_0 54073e13423c21785c03f0110477ded4cd0ff4e0b84aee18d8886c1fdf23e738 04805cf327962ae2deec33474deaa035d9b15603edf5e8d41ae68797cab1b9d9
CLIENT_HANDSHAKE_TRAFFIC_SECRET 5b54518f3ecc384ad30c79649226bfd2d011f4595275a6b38b7ac2d262eb70ad 212b374af076e30b11ecedbd66b10de4b6a07a540b26984090d9aedfbcf34234
SERVER_HANDSHAKE_TRAFFIC_SECRET 5b54518f3ecc384ad30c79649226bfd2d011f4595275a6b38b7ac2d262eb70ad 41dfe7b2a51cfe9003d93cde264fb5068d2d9c2a26dde55b5582655f57d447c3
CLIENT_TRAFFIC_SECRET_0 5b54518f3ecc384ad30c79649226bfd2d011f4595275a6b38b7ac2d262eb70ad 7409dfcb3c6553935faf7fd271222ffaa8098cba02fb8c8dfccea8d98cb4c6a3
SERVER_TRAFFIC_SECRET_0 5b54518f3ecc384ad30c79649226bfd2d011f4595275a6b38b7ac2d262eb70ad 38f7d46d6b2758ef483d58ee6c9195e981471128f94874251729283b0580b11f
CLIENT_HANDSHAKE_TRAFFIC_SECRET 245990de68903b73ac858c2536e09dd68dfcd323e34fc42b770b2ed6c2a97748 497d165104c9550c6c78dd2e22b77ef4c1222e1f8bf624cda5028b4ed5aa857b
SERVER_HANDSHAKE_TRAFFIC_SECRET 245990de68903b73ac858c2536e09dd68dfcd323e34fc42b770b2ed6c2a97748 f6e27a7cb12608ac6332564d17be93013fda553767f6da130018d9fd777b462f
CLIENT_TRAFFIC_SECRET_0 245990de68903b73ac858c2536e09dd68dfcd323e34fc42b770b2ed6c2a97748 851d3700646fad9c14afa9b06f23c9d9b280479c63f12a2b7915294e8305769f
SERVER_TRAFFIC_SECRET_0 245990de68903b73ac858c2536e09dd68dfcd323e34fc42b770b2ed6c2a97748 213aad4ef27a4b3326937cf301ddb29f4617af4774d4aea334eee8e70fe642ec
CLIENT_HANDSHAKE_TRAFFIC_SECRET db1f27e46936127d4ba4ddfce1fef859af8baec7f38fc2aa5e6d85af84a0535a dc6af90c58bb98765f1a98e6cc9718fad865c0a3b54e4b1bbb55544da392a51f
SERVER_HANDSHAKE_TRAFFIC_SECRET db1f27e46936127d4ba4ddfce1fef859af8baec7f38fc2aa5e6d85af84a0535a 87d6117326d84f07292681708129dcb309c9ce5a039f558f6a59b4efdfe1ac24
CLIENT_TRAFFIC_SECRET_0 db1f27e46936127d4ba4ddfce1fef859af8baec7f38fc2aa5e6d85af84a0535a 3ed0f1e06e07dd6c9e5321f82c24caabbffca4ef1ac0da2418b800b2ca96ceb4
SERVER_TRAFFIC_SECRET_0 db1f27e46936127d4ba4ddfce1fef859af8baec7f38fc2aa5e6d85af84a0535a 2b4ca0ccbab509041776ce762920dd8de4183b601ba25dea5c5da89f8a75811e
CLIENT_HANDSHAKE_TRAFFIC_SECRET 4f7975a7b820643be81924a031eca2b302a8ca81f6cd036970a1c7007fe892a3 b826c4b6ed70c966445e2a7726fed59967bd509bb29bc046bfb48c733cceddd9
SERVER_HANDSHAKE_TRAFFIC_SECRET 4f7975a7b820643be81924a031eca2b302a8ca81f6cd036970a1c7007fe892a3 1154d0853f2ebdf6b99cd3ab521ecf5cf483ec94ea9e7ae3d4709da42d82114d
CLIENT_TRAFFIC_SECRET_0 4f7975a7b820643be81924a031eca2b302a8ca81f6cd036970a1c7007fe892a3 9b5816659c0b37f0d6ac1728edf06631c7b8eb98dc26d118c5666f2441f59efa
SERVER_TRAFFIC_SECRET_0 4f7975a7b820643be81924a031eca2b302a8ca81f6cd036970a1c7007fe892a3 0ae7019a15543f4b868c9bbe1b3bf0c8318a296e318a655e55c56ac0079685fb
CLIENT_HANDSHAKE_TRAFFIC_SECRET d18c54828ed7a15870503724d8c5a103a484b5a58b68b38d663d6ff315a51765 a01aa6d76408793fd4296713922227387bb560d4aa2ddcd198776e0800fff1c0
SERVER_HANDSHAKE_TRAFFIC_SECRET d18c54828ed7a15870503724d8c5a103a484b5a58b68b38d663d6ff315a51765 e576725ea7fb6181efa76c3c76eee6b936ae0327368acc97a0eeee4b957d65d5
CLIENT_TRAFFIC_SECRET_0 d18c54828ed7a15870503724d8c5a103a484b5a58b68b38d663d6ff315a51765 2d7059e03d9401ccf217c73c3efd20f78890072c763480358184bc0d42054aba
SERVER_TRAFFIC_SECRET_0 d18c54828ed7a15870503724d8c5a103a484b5a58b68b38d663d6ff315a51765 7b9d8d6bcbde8e0dafa2d7034c42c1cf6e23de004ee91ea8cdd9f25fd2b7c3b9
CLIENT_HANDSHAKE_TRAFFIC_SECRET 2b5a464a9fe6b3038cfad813263e6b8974e538e01cef377197a919701775c0f3 7c2df66d24a7d9e08eeedd71391ff20197b2af6f41030c7f00c8ae38dbd7746b
SERVER_HANDSHAKE_TRAFFIC_SECRET 2b5a464a9fe6b3038cfad813263e6b8974e538e01cef377197a919701775c0f3 d1f8261c066a9a98dfac8d6a4bac8909b1af530c72006704ac5ebeb62a7f2ed1
CLIENT_TRAFFIC_SECRET_0 2b5a464a9fe6b3038cfad813263e6b8974e538e01cef377197a919701775c0f3 032b2fdb9fb85a6c2aa31a8be82479d7227dc2b294a31914a811911fefe6dcc3
SERVER_TRAFFIC_SECRET_0 2b5a464a9fe6b3038cfad813263e6b8974e538e01cef377197a919701775c0f3 c4e28883712634ecebaaa974b978f065472a901b33c2ae98e433bc3d98a0b7cb
CLIENT_HANDSHAKE_TRAFFIC_SECRET 5f8c6a9a833f59b594361c427d2bfe1d8deb9cb46ca00167c62dc76f54304b5f 7cc3c0e9aaa3dad40d77ec1fdb93553efec5323c546618dd9b0ca6245844ee2b
SERVER_HANDSHAKE_TRAFFIC_SECRET 5f8c6a9a833f59b594361c427d2bfe1d8deb9cb46ca00167c62dc76f54304b5f ccf8706e357b24c56a417cf7b65623f4ba286b78be8bfb7f9b8c5b9a4de6c377
CLIENT_TRAFFIC_SECRET_0 5f8c6a9a833f59b594361c427d2bfe1d8deb9cb46ca00167c62dc76f54304b5f 1f02d3ce75ecc290be245749fe3a7f457bf69aa6a18fa0efbbc9bd390a326289
SERVER_TRAFFIC_SECRET_0 5f8c6a9a833f59b594361c427d2bfe1d8deb9cb46ca00167c62dc76f54304b5f 5b28b6020913b51cd527684f2529ee095cc1a8b7f744e525ae5280976309d98f
CLIENT_HANDSHAKE_TRAFFIC_SECRET a9e12220ef038c099c423c492a611ee29baa3c0dc4854eff872366632095fecf 735b9478851fb7458964ce418776754a37d0134d161c385adbfe815dd7e3b99d
SERVER_HANDSHAKE_TRAFFIC_SECRET a9e12220ef038c099c423c492a611ee29baa3c0dc4854eff872366632095fecf 2d624048d0b46227e47ad24cd058aab7da7f2e9116772290b924c0920f064452
CLIENT_TRAFFIC_SECRET_0 a9e12220ef038c099c423c492a611ee29baa3c0dc4854eff872366632095fecf 12d8afcc082f9ae95f0a27662f91258662ac9043600ca19b368bb6e1a84b706f
SERVER_TRAFFIC_SECRET_0 a9e12220ef038c099c423c492a611ee29baa3c0dc4854eff872366632095fecf fa70c9e8f43bdab1af95a907af9bdf1efc3b803d77502546dd2ff89ba963a421
CLIENT_HANDSHAKE_TRAFFIC_SECRET 063dfb2677d9e69e4ffed94c1171f4384efefe5d096036f2ba0776c31974a4ae fd1f9dcdaab9af1d9d23e20b81a09eae18396a47dfa0f39fc25e6fea4d1a7ac8
SERVER_HANDSHAKE_TRAFFIC_SECRET 063dfb2677d9e69e4ffed94c1171f4384efefe5d096036f2ba0776c31974a4ae f913ce4d040ad4d0b56311fe6963915335650ac217209ee669dd62c47c28d201
CLIENT_TRAFFIC_SECRET_0 063dfb2677d9e69e4ffed94c1171f4384efefe5d096036f2ba0776c31974a4ae ef19da80cb90e0c2cb402a0bebf1c60d81820b3ad7fc87b0a65eedadbb980a27
SERVER_TRAFFIC_SECRET_0 063dfb2677d9e69e4ffed94c1171f4384efefe5d096036f2ba0776c31974a4ae 4ebcf10233a939ea1ea57e328fb640bf6a7768d97cc3020040c7cb021098d927
CLIENT_HANDSHAKE_TRAFFIC_SECRET e1f191ba28dbcb80682a912260424c5aa0ab0e285c5f3541c48989e7eee7560d 1fed3ce1d1a9d15a684a616bd7bc296a54542c5de59b94ee74f1fa6f79e51cf8
SERVER_HANDSHAKE_TRAFFIC_SECRET e1f191ba28dbcb80682a912260424c5aa0ab0e285c5f3541c48989e7eee7560d 8c2dd575f61b5d2bf925c83b46a37dd95cb21d3a2f08e183affa94aac8945d3c
CLIENT_TRAFFIC_SECRET_0 e1f191ba28dbcb80682a912260424c5aa0ab0e285c5f3541c48989e7eee7560d 497bc9a97b7b3f72cc8eed452b5550c34bfb262c02fd2b02af6b7e5ac1795c3f
SERVER_TRAFFIC_SECRET_0 e1f191ba28dbcb80682a912260424c5aa0ab0e285c5f3541c48989e7eee7560d 09f59c7ed7c7c883fde94c42b381e75fafc61d93767f10f73cb5dfd0fa2c4b03
CLIENT_HANDSHAKE_TRAFFIC_SECRET 44ca1531af92c119540707be72db56234244ab73d3075123343c6d9a2b3ba487 99800de2ce1f5f7e45f55a870cf2ca1eca1b6c6a796094dc11d04fdce2629fc0
SERVER_HANDSHAKE_TRAFFIC_SECRET 44ca1531af92c119540707be72db56234244ab73d3075123343c6d9a2b3ba487 5e214b1064d2bb4d8e77feaba3dc3cc5b9a2af1f930aca480a508cb6c2c549e9
CLIENT_TRAFFIC_SECRET_0 44ca1531af92c119540707be72db56234244ab73d3075123343c6d9a2b3ba487 86b6beefa000972db18699b9ecda8f8b607e1a11db4dd6dbf03edf53caa9195b
SERVER_TRAFFIC_SECRET_0 44ca1531af92c119540707be72db56234244ab73d3075123343c6d9a2b3ba487 e024d6a494c31247e6b70a2300f7ee56a26b2eb6dec2d6827914b5deac0610f4
CLIENT_HANDSHAKE_TRAFFIC_SECRET feaf3b8dd4acbf9cb7979e4758c3cae8239cf0c1d2407b1a3ed7068c225567cf d0f8e6e248cedbe4ea815f262990a097eded72986f4da71987a2a2220b68ad00
SERVER_HANDSHAKE_TRAFFIC_SECRET feaf3b8dd4acbf9cb7979e4758c3cae8239cf0c1d2407b1a3ed7068c225567cf 33a9ccf7f1a53957fcf1ee82234197405f5881a1bf3e98eb441905df9c62c587
CLIENT_TRAFFIC_SECRET_0 feaf3b8dd4acbf9cb7979e4758c3cae8239cf0c1d2407b1a3ed7068c225567cf 4560da31540c6e08990ad3cce57ace8e99b90a4d3ab6fb002d7a246755fc829a
SERVER_TRAFFIC_SECRET_0 feaf3b8dd4acbf9cb7979e4758c3cae8239cf0c1d2407b1a3ed7068c225567cf 5e316fc5a074c096e5aef8a9805d2d03d43ff6a1608c35006c8cf765c08c01ea
CLIENT_HANDSHAKE_TRAFFIC_SECRET 6017df30a813d9863caf8032bd7e2040fae44a3e3afa8e3b107bacf4c599f666 52c706f4888b5ef051dd915d90120f7a096debc0110d502ef450fd233a94e010
SERVER_HANDSHAKE_TRAFFIC_SECRET 6017df30a813d9863caf8032bd7e2040fae44a3e3afa8e3b107bacf4c599f666 48908f3cec6e8593bacc71d4ee23e1833cbca810c2f54c1a2884093e9938a794
CLIENT_TRAFFIC_SECRET_0 6017df30a813d9863caf8032bd7e2040fae44a3e3afa8e3b107bacf4c599f666 4c1369bcbb6ce9adb0adf15f12149245e3c424270602d9c37d48edf55e2e24b5
SERVER_TRAFFIC_SECRET_0 6017df30a813d9863caf8032bd7e2040fae44a3e3afa8e3b107bacf4c599f666 4326261290518a52e37c1c5863ca1141bb7d29ac4795019c3187e2d130e1e904
CLIENT_HANDSHAKE_TRAFFIC_SECRET 59a259f065544b426e82732fe89474ddb455711095e68d8d4b1a0e350d9a34ec bc771d95ed8a27a2635d71944d7716247f94965f4c3779a8025d4aeeaa7c2c8d
SERVER_HANDSHAKE_TRAFFIC_SECRET 59a259f065544b426e82732fe89474ddb455711095e68d8d4b1a0e350d9a34ec 68a0eb851481f02fe1333822e7487e87336665714235ecaf28d15a533dff9e2e
CLIENT_TRAFFIC_SECRET_0 59a259f065544b426e82732fe89474ddb455711095e68d8d4b1a0e350d9a34ec 471403b6e007db399440f4abb3622ac50ca7c249056e240d45a5a94109930cd4
SERVER_TRAFFIC_SECRET_0 59a259f065544b426e82732fe89474ddb455711095e68d8d4b1a0e350d9a34ec f8b990af84b0582a15f72056187075e6c0d57c3c7f2cf85f79c147d272f62492
CLIENT_HANDSHAKE_TRAFFIC_SECRET 17db823c0a7be3e694cbda4fb5bec09941dbf6459b66e365fd60a2b2b50184f5 e446671e0292035d998fdb1e851335e1426811941b760193b42bc5ed416416dd
SERVER_HANDSHAKE_TRAFFIC_SECRET 17db823c0a7be3e694cbda4fb5bec09941dbf6459b66e365fd60a2b2b50184f5 7593093a9a25a507ce94a94759fb4a953d44f9092c3a07115c6efdb528ca8213
CLIENT_TRAFFIC_SECRET_0 17db823c0a7be3e694cbda4fb5bec09941dbf6459b66e365fd60a2b2b50184f5 3b90b748709e4bb54155c8800773e3056450b33dc3b984614ba15eff3520dc1f
SERVER_TRAFFIC_SECRET_0 17db823c0a7be3e694cbda4fb5bec09941dbf6459b66e365fd60a2b2b50184f5 a719ee6e71d7950ec65f7297de5b0a979b221e2d333cfd9d5a20fcd949c1c87b
CLIENT_HANDSHAKE_TRAFFIC_SECRET 951a65da4bd407b378d27fdd759e86f186fa220e6fbd865067481738d440da34 914a09dda260713ee01ef0ea85cad83e6804bf1fe8bd64646aa12b3c6f55ded9
SERVER_HANDSHAKE_TRAFFIC_SECRET 951a65da4bd407b378d27fdd759e86f186fa220e6fbd865067481738d440da34 173940348378f196232deec24f52269f1aec1a84911a91b8b4537f21bb828e9c
CLIENT_TRAFFIC_SECRET_0 951a65da4bd407b378d27fdd759e86f186fa220e6fbd865067481738d440da34 3a611af811688465ae9d30be498cc12518f27c3e076fc11fa6905677bc56606d
SERVER_TRAFFIC_SECRET_0 951a65da4bd407b378d27fdd759e86f186fa220e6fbd865067481738d440da34 98b4eb802fee16864ee223122be82eba36a0870bb9ca322360be8e5e181fe23c
CLIENT_HANDSHAKE_TRAFFIC_SECRET 7794c7720eb75ceb19405831703ca7fa69a206c952d2782beb7bae2eff9e0c42 aebbc852e391e49e1a3caef11d510a04ebbfd166d490a9aabd9ed5e6ab312dbb
SERVER_HANDSHAKE_TRAFFIC_SECRET 7794c7720eb75ceb19405831703ca7fa69a206c952d2782beb7bae2eff9e0c42 5783cbb4b6fa5aef4c8299b55201fe26754c807eda79ce58e5bd8806721c3cf7
CLIENT_TRAFFIC_SECRET_0 7794c7720eb75ceb19405831703ca7fa69a206c952d2782beb7bae2eff9e0c42 f8ba1905bda664d494650acf9d8ae88c75f2dc1fb4608b9b116f5122a089dc58
SERVER_TRAFFIC_SECRET_0 7794c7720eb75ceb19405831703ca7fa69a206c952d2782beb7bae2eff9e0c42 50bdaaa953220500ebe2d0160f406373cdc131f63cbd92d1289bdb34c2677571
CLIENT_HANDSHAKE_TRAFFIC_SECRET 29ab7835d628fd656fb5587aab46a89422230f8c3f5b88fb519e01b0399ce8db 08b39b730f2752daf6252406e4a7627808f33e966d33b4c32ace0cbcd2bf793d
SERVER_HANDSHAKE_TRAFFIC_SECRET 29ab7835d628fd656fb5587aab46a89422230f8c3f5b88fb519e01b0399ce8db 0f73e14c175f8273601f0801e7fcd231ef483769a3e374dbfd642f6707427af7
CLIENT_TRAFFIC_SECRET_0 29ab7835d628fd656fb5587aab46a89422230f8c3f5b88fb519e01b0399ce8db f0e8f37cc949cc15297f5fc0a29e24c1cbf4746943e74c82928acd58bfe90204
SERVER_TRAFFIC_SECRET_0 29ab7835d628fd656fb5587aab46a89422230f8c3f5b88fb519e01b0399ce8db f69d40c185f4b46ae8dd1f30db35ebff5fa5af9ba9aa1a46993586af69f412dc
CLIENT_HANDSHAKE_TRAFFIC_SECRET 34d433a186351659b89145428157b631cbb5d8e5571e5dc81725f61e40b90782 45ccc85340469667723080d22c9e98ab59d918376fd3249476a29786d2df3da0
SERVER_HANDSHAKE_TRAFFIC_SECRET 34d433a186351659b89145428157b631cbb5d8e5571e5dc81725f61e40b90782 ac84f754e3614637a825b768dbc030c05c4421c21e5339e0af5411c081d92b33
CLIENT_TRAFFIC_SECRET_0 34d433a186351659b89145428157b631cbb5d8e5571e5dc81725f61e40b90782 1695ac49f03375cfe5ecc2383677457f968ae5a54241adbca2650cfa0ce97b9c
SERVER_TRAFFIC_SECRET_0 34d433a186351659b89145428157b631cbb5d8e5571e5dc81725f61e40b90782 8d5d5fcd2263f24ae76c64e4bf8a77ff6e1bd994d86420bd24bba640449d75da
CLIENT_HANDSHAKE_TRAFFIC_SECRET 39cc8f52a38395a8d41044e29d3ccdb84e453572608d908df8c2c7417ee26c38 2ab51ea3e58b69f795347bf7a26d64e6c2711f8c5bd1d14ca70874ff1b5a482c
SERVER_HANDSHAKE_TRAFFIC_SECRET 39cc8f52a38395a8d41044e29d3ccdb84e453572608d908df8c2c7417ee26c38 74d2a3d0c5e9b6eac21177f2a0ab8d40afe37f2e61906d4cfe9788a6652859cc
CLIENT_TRAFFIC_SECRET_0 39cc8f52a38395a8d41044e29d3ccdb84e453572608d908df8c2c7417ee26c38 0633c59d8f77a0cb0ea4c7d15f3a54301cf830e35ba2fb2f33d1e4b89dd3b813
SERVER_TRAFFIC_SECRET_0 39cc8f52a38395a8d41044e29d3ccdb84e453572608d908df8c2c7417ee26c38 7bb7649c9cab3c470220fcb480846174cfcc0127357bcfbc6abf2b344eddfe9f
CLIENT_HANDSHAKE_TRAFFIC_SECRET 8b9bd62fd431e53f59264387725b8e4af59eaea6604fa709cfe07c5336e8ce51 1f57758b9b57be7b0c81c6ace6ecdef8b2e9953302993ee7787c5b23293ca68f
SERVER_HANDSHAKE_TRAFFIC_SECRET 8b9bd62fd431e53f59264387725b8e4af59eaea6604fa709cfe07c5336e8ce51 a500b957ec553e5d8279cce1376ee059b173d847327ff129d1b10fa058985653
CLIENT_TRAFFIC_SECRET_0 8b9bd62fd431e53f59264387725b8e4af59eaea6604fa709cfe07c5336e8ce51 08738928772533aaf944d17242d900ececddbb85ea4204b55f65d47a1b983ddf
SERVER_TRAFFIC_SECRET_0 8b9bd62fd431e53f59264387725b8e4af59eaea6604fa709cfe07c5336e8ce51 f2c69925201df9f60732e0094ed3176f5b106fbd124ad806137f559633e1f851
CLIENT_HANDSHAKE_TRAFFIC_SECRET 8a203a0ea7a930bc1d57f80926b622fbb7335393a1a67e43194eff5d10800e5b a595af59415c84d258c5aaf51e6d70d5d6a95e1b9ce9b2769591c5809dcbeeba
SERVER_HANDSHAKE_TRAFFIC_SECRET 8a203a0ea7a930bc1d57f80926b622fbb7335393a1a67e43194eff5d10800e5b 609d27cd21ab24601b7aa42c911de76098a3449f3b4a0b71dba9b580471bb587
CLIENT_TRAFFIC_SECRET_0 8a203a0ea7a930bc1d57f80926b622fbb7335393a1a67e43194eff5d10800e5b 1cf0cd9c53277f61241ca5c67feb786045961e1a19fddee7b45664e799381704
SERVER_TRAFFIC_SECRET_0 8a203a0ea7a930bc1d57f80926b622fbb7335393a1a67e43194eff5d10800e5b 17b0915984c09ddb2fbd1d6410077cf4da06915eb252ef2bcc80a2e7eab35f8d
CLIENT_HANDSHAKE_TRAFFIC_SECRET a8d4b5df9635c9113b2fea07f289cb8f9277c25c7b069bbcbf14726e2412eb83 75f318a8fa0f08ba73e4ae88960c8db61156d4aa59a512b6697d1c86d5092b42
SERVER_HANDSHAKE_TRAFFIC_SECRET a8d4b5df9635c9113b2fea07f289cb8f9277c25c7b069bbcbf14726e2412eb83 9e15d516bbc0e8faabf5eed6f23b899de0cb859f03d902a3d797873b203e4ac5
CLIENT_TRAFFIC_SECRET_0 a8d4b5df9635c9113b2fea07f289cb8f9277c25c7b069bbcbf14726e2412eb83 b87e9ea7af8c2d5d27764e3b91393e26bdeed011a004e386c1dec4426e8ddcaf
SERVER_TRAFFIC_SECRET_0 a8d4b5df9635c9113b2fea07f289cb8f9277c25c7b069bbcbf14726e2412eb83 dac9e78a9f42b4193031abc2030fb2890b87ec4715fce0f8dc452be789d92aa2
CLIENT_HANDSHAKE_TRAFFIC_SECRET 7955dc50933415acf87d53e560529e7dd5da62f59a5801d8bfc4d4c0a43bc8da 78950efd5fe7798382c47cf381223c0d2d7c230b6d1344b51c7c9e3f44c33561
SERVER_HANDSHAKE_TRAFFIC_SECRET 7955dc50933415acf87d53e560529e7dd5da62f59a5801d8bfc4d4c0a43bc8da 2104b55966b70c43653d3f9e9ef598a637b9d7374132ae90456e07975d15a49c
CLIENT_TRAFFIC_SECRET_0 7955dc50933415acf87d53e560529e7dd5da62f59a5801d8bfc4d4c0a43bc8da 6d6f6ffaeebf05da08d83becf44aa15ce86382b174d1ac2d484e7666c4e82301
SERVER_TRAFFIC_SECRET_0 7955dc50933415acf87d53e560529e7dd5da62f59a5801d8bfc4d4c0a43bc8da 3443bf7984a6b07d70f0e3b764589e3f7ec359df64f6849c8b273877894cf810
CLIENT_HANDSHAKE_TRAFFIC_SECRET c12c449bf73c9e0273f5108edf3d4d1253cfbd679784461345b072483e07cf06 48545f8cbdf71da80fc31c1c3aaf3eb51c90de83b5032c1cc2d68d1858aeb037
SERVER_HANDSHAKE_TRAFFIC_SECRET c12c449bf73c9e0273f5108edf3d4d1253cfbd679784461345b072483e07cf06 302a38c37bcce2a97a7ebe54da8a9765dd5e4a8f107ece81f4c93c4bad6c9e1b
CLIENT_TRAFFIC_SECRET_0 c12c449bf73c9e0273f5108edf3d4d1253cfbd679784461345b072483e07cf06 fd856243b3330984c09ff4e27a7074d3eded0d8a68c3f0607612576218aa5a0e
SERVER_TRAFFIC_SECRET_0 c12c449bf73c9e0273f5108edf3d4d1253cfbd679784461345b072483e07cf06 9771d5da940bf6eddf94ddf293a8cd544aab5e0fdb507ddfd4dfed8883dcdeaf
CLIENT_HANDSHAKE_TRAFFIC_SECRET 802f8d721e6187c33640fde3c6e8ea6039c2dc4a1849aadfc99148a04b4002f4 e754d2a3ba9191a44e431d1f10dafcc7d69a49aa01a6603c4a2ebcc65ce9bd37
SERVER_HANDSHAKE_TRAFFIC_SECRET 802f8d721e6187c33640fde3c6e8ea6039c2dc4a1849aadfc99148a04b4002f4 401591ad12b68ec94f35ce756f43ae556914fc1e7a8c69d487ed26ce95d32d2c
CLIENT_TRAFFIC_SECRET_0 802f8d721e6187c33640fde3c6e8ea6039c2dc4a1849aadfc99148a04b4002f4 6f469128db42801753293bb1321db50767241d9907fdeb2dcd4edbf63ba42046
SERVER_TRAFFIC_SECRET_0 802f8d721e6187c33640fde3c6e8ea6039c2dc4a1849aadfc99148a04b4002f4 926503e2cd9370c8fc655ff396ac6cf568e7987135c9556b4e27b7587380f08d
CLIENT_HANDSHAKE_TRAFFIC_SECRET f2b14c908ab271801826578ca7e3f951bc9ca49c31d0b8caccc56b79e25fea20 d17fa65c319e499a48982b8db3e63b62f7686d84322d47f2b6848405f5ebfde5
SERVER_HANDSHAKE_TRAFFIC_SECRET f2b14c908ab271801826578ca7e3f951bc9ca49c31d0b8caccc56b79e25fea20 6a260d3c24bae783870d002d80a85cd5f08dc89ba7d1458fcd706cad8e6214ab
CLIENT_TRAFFIC_SECRET_0 f2b14c908ab271801826578ca7e3f951bc9ca49c31d0b8caccc56b79e25fea20 ab0b2a5651935dbfd317d35a6db37225d0c03035527bcea00b12672e24635d42
SERVER_TRAFFIC_SECRET_0 f2b14c908ab271801826578ca7e3f951bc9ca49c31d0b8caccc56b79e25fea20 47aa83c179a69b2d3f3b4e6cb27504eb3e924de3eab521aedfe5d8218f11c645
CLIENT_HANDSHAKE_TRAFFIC_SECRET e67d980ce7199a296f78f644b6f04b20270fe4b773fa2b5ab6c8427f22ac7168 0ad8aec3934050db9db7fc0c0065b26aeb68d670d823fa06ff5bb881375989f4
SERVER_HANDSHAKE_TRAFFIC_SECRET e67d980ce7199a296f78f644b6f04b20270fe4b773fa2b5ab6c8427f22ac7168 e3357261581a32b3c2cd28f98dcd5cb8f37d4ce198ab544ead09c674b06134a0
CLIENT_TRAFFIC_SECRET_0 e67d980ce7199a296f78f644b6f04b20270fe4b773fa2b5ab6c8427f22ac7168 c88442cd41ca6092baff0800f50ce74b1d15b975d80c2daee973576b1343355b
SERVER_TRAFFIC_SECRET_0 e67d980ce7199a296f78f644b6f04b20270fe4b773fa2b5ab6c8427f22ac7168 90603a1868ac4ac69e6c48db7edabdb9a8b50d6d9b513e0da56f0c7d60377fe8
CLIENT_HANDSHAKE_TRAFFIC_SECRET b3015a87615c42eeff7197dd7be023d4bfcc794ce40019ed48ee85aeb4a84190 1a87c687d848b646f37da01ee3efc5cc56cbba281c739d5455ced9671073eb58
SERVER_HANDSHAKE_TRAFFIC_SECRET b3015a87615c42eeff7197dd7be023d4bfcc794ce40019ed48ee85aeb4a84190 06193a00a61434a2efafae990097ca465bb913c750ce7f8c6dea937c3badf5ba
CLIENT_TRAFFIC_SECRET_0 b3015a87615c42eeff7197dd7be023d4bfcc794ce40019ed48ee85aeb4a84190 fc4bf34da4d932708afc85e4b15d08087a81c2c34d5cc9daf9714960743c82e6
SERVER_TRAFFIC_SECRET_0 b3015a87615c42eeff7197dd7be023d4bfcc794ce40019ed48ee85aeb4a84190 85457bda420f4c8a2a38e013938d194b34dee450a9d36001969022e2ca40a5fd
CLIENT_HANDSHAKE_TRAFFIC_SECRET 8bb2671d89882a8fbbcb2b9e0e89b445eb8d2c385c7d7af607ad72ed4c4084ea 73df0ede45fd00b80cc2fd9586c6c17ccc82d72b6bad10db56cbc30341c32818
SERVER_HANDSHAKE_TRAFFIC_SECRET 8bb2671d89882a8fbbcb2b9e0e89b445eb8d2c385c7d7af607ad72ed4c4084ea 38a6167caa02437082bcf4f0f01ba8b87f796ca292f469ba1fb784350abc6d91
CLIENT_TRAFFIC_SECRET_0 8bb2671d89882a8fbbcb2b9e0e89b445eb8d2c385c7d7af607ad72ed4c4084ea aec9fe8c9ff3fdc5912c50636334865352719daa78f0a58c8ded43b7a8fe34a0
SERVER_TRAFFIC_SECRET_0 8bb2671d89882a8fbbcb2b9e0e89b445eb8d2c385c7d7af607ad72ed4c4084ea a22077db39a15492a6637de234d93132cb2daab23ea87525429b7bebecde5ecc
CLIENT_HANDSHAKE_TRAFFIC_SECRET 5cf96211e59b5657fa3230705509fc8c5a1f396cfafe909aa3a99794d4c355de 6a1b2a8fa54039485ee6c09bc7f05e643f87ffe8e24cc7cd72aba92ee476574b
SERVER_HANDSHAKE_TRAFFIC_SECRET 5cf96211e59b5657fa3230705509fc8c5a1f396cfafe909aa3a99794d4c355de 2668c8899ea44047fe19aa3f96c23c30b632c32ba7744ad05e5e263ed3b11cd4
CLIENT_TRAFFIC_SECRET_0 5cf96211e59b5657fa3230705509fc8c5a1f396cfafe909aa3a99794d4c355de 68c579666ab4bf7e52f5ba445dc00e92e03507298b507f7f45cd0f142fc05d8f
SERVER_TRAFFIC_SECRET_0 5cf96211e59b5657fa3230705509fc8c5a1f396cfafe909aa3a99794d4c355de 0e77df5292d2f24bddaa905b3daee8dc2674849b72f5f8407cd5c7d1ca0c2395
CLIENT_HANDSHAKE_TRAFFIC_SECRET 50c2ffe820bd7c16843b026a98938d70a4c43b8043feb76e6e52c418c33fa932 07173cfca140c9611589a962bd1497f0ec002a79b148fcc0df628fd1dc2b62fa
SERVER_HANDSHAKE_TRAFFIC_SECRET 50c2ffe820bd7c16843b026a98938d70a4c43b8043feb76e6e52c418c33fa932 46eb17c166ceb25e85e61caee33d7dc008d9c8a539e36f862db231c63b99c6cb
CLIENT_TRAFFIC_SECRET_0 50c2ffe820bd7c16843b026a98938d70a4c43b8043feb76e6e52c418c33fa932 c0f59d610a3ca373c6828120827630073d6fca304d26dd9aaf435b99b8833100
SERVER_TRAFFIC_SECRET_0 50c2ffe820bd7c16843b026a98938d70a4c43b8043feb76e6e52c418c33fa932 0424a8dd0e250d948d14779c5117ac572950784ac2c006f218dde4b4cd1755af
CLIENT_HANDSHAKE_TRAFFIC_SECRET 833df2a57ea3547ad21fe1e5ead6cae02a957b6bfb5fbea9b1e8df725ccef8f9 f42f5bc070364f99693ee71d852c85848b93f5c082dec831ea7d2941aa969d6a
SERVER_HANDSHAKE_TRAFFIC_SECRET 833df2a57ea3547ad21fe1e5ead6cae02a957b6bfb5fbea9b1e8df725ccef8f9 8622756e17135c2e52d5d93df4d84f53879071b6757b33590a6e5b2d2ba0a53e
CLIENT_TRAFFIC_SECRET_0 833df2a57ea3547ad21fe1e5ead6cae02a957b6bfb5fbea9b1e8df725ccef8f9 5ea147b0bcecc5795f2c65006d4be026955bea414892990fa23fe90706d74f93
SERVER_TRAFFIC_SECRET_0 833df2a57ea3547ad21fe1e5ead6cae02a957b6bfb5fbea9b1e8df725ccef8f9 38cd58799890b2fb67227708ae9961d2c1a8a63e200026e61523733c8036df41
CLIENT_HANDSHAKE_TRAFFIC_SECRET 0e4ca093dad95a18c0f9dc1f6280aebfff21bc767cfc00c1fc35ec39ccc5f854 d08b562cb94a50712864668adb72dd734a014a0218f7f7d30be1b31529533039
SERVER_HANDSHAKE_TRAFFIC_SECRET 0e4ca093dad95a18c0f9dc1f6280aebfff21bc767cfc00c1fc35ec39ccc5f854 72122a3d535858bffceb38be5a40638acfb4acb588587de0b4a71aa50ddeb653
CLIENT_TRAFFIC_SECRET_0 0e4ca093dad95a18c0f9dc1f6280aebfff21bc767cfc00c1fc35ec39ccc5f854 67d0bba7a56b9a84cf8580ce12cf3cad69d04a281216b7463c9a9a87e7f70918
SERVER_TRAFFIC_SECRET_0 0e4ca093dad95a18c0f9dc1f6280aebfff21bc767cfc00c1fc35ec39ccc5f854 337b3468563889dd6b59428e34057650683a1917aa56293af227ccffd072692c
CLIENT_HANDSHAKE_TRAFFIC_SECRET 699c4effe9daacf8b20eb23e9c52224d318ccdf8851617184d48d9429ab35917 65a635d18873175bfd97018e47e45d8e24958e6dde3867e4a8ade35cf2780586
SERVER_HANDSHAKE_TRAFFIC_SECRET 699c4effe9daacf8b20eb23e9c52224d318ccdf8851617184d48d9429ab35917 68ecf17fd95063f6c36ea5ec93fd5b109b81a74c3de62f3e47dd83750d1ef96b
CLIENT_TRAFFIC_SECRET_0 699c4effe9daacf8b20eb23e9c52224d318ccdf8851617184d48d9429ab35917 43466bbb3cce55eb249f0fa870a608163f074184fa5c2b4bd273b522c4ec6fca
SERVER_TRAFFIC_SECRET_0 699c4effe9daacf8b20eb23e9c52224d318ccdf8851617184d48d9429ab35917 5c17c1ba522c4053743d6a05d91cc2208e617c00a7f757b6e8805da477e89e38
CLIENT_HANDSHAKE_TRAFFIC_SECRET 7ce688f5139bc1fc828c67e3624b20fa655a116eb1f9616a45290413adf6510b cc8daa515f509691cdab600710a8c4d7a340b4a45c6c43499347af9f85415bda
SERVER_HANDSHAKE_TRAFFIC_SECRET 7ce688f5139bc1fc828c67e3624b20fa655a116eb1f9616a45290413adf6510b d846b6ccb5d8373651445abdc94dabf8f2de911016bd7d4125339476e26a636e
CLIENT_TRAFFIC_SECRET_0 7ce688f5139bc1fc828c67e3624b20fa655a116eb1f9616a45290413adf6510b 05d65da86f32b637e661eec512238e24d5467d6212585ec2a64d02110c3343b3
SERVER_TRAFFIC_SECRET_0 7ce688f5139bc1fc828c67e3624b20fa655a116eb1f9616a45290413adf6510b 3f229b6f74675b6c76664cca378de15d4653d91574a180eafc32f840a5db4b0a
CLIENT_HANDSHAKE_TRAFFIC_SECRET 3114198a24ee553f7ff149cca5af0b1aee2b66ea6c228fe9a7701bf83f776148 61420e040751cb0c8c73837f16a94eb9bf648121997a3b391934e8f6210ab04b
SERVER_HANDSHAKE_TRAFFIC_SECRET 3114198a24ee553f7ff149cca5af0b1aee2b66ea6c228fe9a7701bf83f776148 6845396dfeb8e0ff47d4991fa74b8bce3ca70aa7601047a0307f0aed7f8094e1
CLIENT_TRAFFIC_SECRET_0 3114198a24ee553f7ff149cca5af0b1aee2b66ea6c228fe9a7701bf83f776148 298f7d3ddfd9bfd218a8a3e3763f41403a265426b229b3e6b2177d713750c6c9
SERVER_TRAFFIC_SECRET_0 3114198a24ee553f7ff149cca5af0b1aee2b66ea6c228fe9a7701bf83f776148 9382d2b254fdae91b6b282537c992171e66cfa7d1a1b3289357e9f8312cb9f58
CLIENT_HANDSHAKE_TRAFFIC_SECRET acf2042a5a3c642ab0e2401af09074b974c8810469b17e26cc0049b05178da0f 95312a90fbfab073337c3d7177da7a675138884c1258630e67509e1c57094556
SERVER_HANDSHAKE_TRAFFIC_SECRET acf2042a5a3c642ab0e2401af09074b974c8810469b17e26cc0049b05178da0f 867ca1f3e5e9401239f27df7409e78ec996261a607cf2dcdc5c33bf1c8e81b40
CLIENT_TRAFFIC_SECRET_0 acf2042a5a3c642ab0e2401af09074b974c8810469b17e26cc0049b05178da0f f542b6ce9e6377bb03df3e7c934a6e4cc7de1b9d0db35937394353f38ff80ccd
SERVER_TRAFFIC_SECRET_0 acf2042a5a3c642ab0e2401af09074b974c8810469b17e26cc0049b05178da0f 24e4b25828ee990b929e296a1a1fe2e950de82552f2eef0ea74d64cb48ece98a
CLIENT_HANDSHAKE_TRAFFIC_SECRET 6e76fa0d5f868f6a25bb31d5fc2c50aec6261498ca542f6f271e185e8ab31ad4 f2ec171c4b070c9d91f6e40d607b3a4df4e728b7c5016d82ff50086ef9576d31
SERVER_HANDSHAKE_TRAFFIC_SECRET 6e76fa0d5f868f6a25bb31d5fc2c50aec6261498ca542f6f271e185e8ab31ad4 d18d38b1a14efe96bf7a0bd78135adbe9579b7440597ee8f5802c3f9de54c45a
CLIENT_TRAFFIC_SECRET_0 6e76fa0d5f868f6a25bb31d5fc2c50aec6261498ca542f6f271e185e8ab31ad4 745cf8c49a6cb429f0df56b518b57d2791104042ba185ae1de265c7a30b7d123
SERVER_TRAFFIC_SECRET_0 6e76fa0d5f868f6a25bb31d5fc2c50aec6261498ca542f6f271e185e8ab31ad4 ecbb25c997f78b3ea6a3dec2e83873297b1cf8223eab287263268f2f1200df8c
CLIENT_HANDSHAKE_TRAFFIC_SECRET 24a24373aefa4066bc55b4f962945170b80c7a36c4c8388396b525c010e2223e b0e12a360f55384ca435d49c3974d6393e694bd433fe24898246424ff1b5faff
SERVER_HANDSHAKE_TRAFFIC_SECRET 24a24373aefa4066bc55b4f962945170b80c7a36c4c8388396b525c010e2223e 22dc8969fc20c842ec71bc6458fc8d97c0d73e28e0cda75ef6117812c276c52a
CLIENT_TRAFFIC_SECRET_0 24a24373aefa4066bc55b4f962945170b80c7a36c4c8388396b525c010e2223e 741978843052bc88721d7937f0d2f08e56e2872bd4e71d771852b0d2c5239ba3
SERVER_TRAFFIC_SECRET_0 24a24373aefa4066bc55b4f962945170b80c7a36c4c8388396b525c010e2223e bfaa61069a0765f283ea1a87220b7538906f46dec575024bb946a2c08949fc4c
CLIENT_HANDSHAKE_TRAFFIC_SECRET 9e8a85d49d10eea045138d49d47e6b6219a0f10dcc49cecadb75c7abdbca5118 8f2c1d3639dfd494e3a8333aaf3f5173833f24b941a903adbb39426aacf29d27
SERVER_HANDSHAKE_TRAFFIC_SECRET 9e8a85d49d10eea045138d49d47e6b6219a0f10dcc49cecadb75c7abdbca5118 fe515b9689d8df4fc54e9ee1b7cc88759b01f9e32510f0d2574edf50e4e000c5
CLIENT_TRAFFIC_SECRET_0 9e8a85d49d10eea045138d49d47e6b6219a0f10dcc49cecadb75c7abdbca5118 991bc162afe8c69a7e54a73986a0e3c11ffe7f55c46554b71bed9b69d52bec26
SERVER_TRAFFIC_SECRET_0 9e8a85d49d10eea045138d49d47e6b6219a0f10dcc49cecadb75c7abdbca5118 66ea53adda6bbb1e1842501a8ef84b87264c464975ace5f2ee3eadf7aa4380c0
CLIENT_HANDSHAKE_TRAFFIC_SECRET ad4e1a4f4cc224f9ffaf35e8ccf078ba3df36c8cca282eaa243efb7a6aad1d74 ed8583a981eb1bad053cf9a8949b2ea9643aefe52f03374cddd55f4c2e9ea5c9
SERVER_HANDSHAKE_TRAFFIC_SECRET ad4e1a4f4cc224f9ffaf35e8ccf078ba3df36c8cca282eaa243efb7a6aad1d74 d2a39198b547f845a1c3fabd1d3175e79434fd69f5295b0b8f394cbfd07042bf
CLIENT_TRAFFIC_SECRET_0 ad4e1a4f4cc224f9ffaf35e8ccf078ba3df36c8cca282eaa243efb7a6aad1d74 20ce32d1952806709ab6c46a7af0331d67bced693ccbf5583c94c0df8346ebe8
SERVER_TRAFFIC_SECRET_0 ad4e1a4f4cc224f9ffaf35e8ccf078ba3df36c8cca282eaa243efb7a6aad1d74 c48620bd6361441f14a2163976e51984eb08132dfe3748cbcdb6d0b3b0da386b
CLIENT_HANDSHAKE_TRAFFIC_SECRET 70f6d66d1922752ddd7f816a6070527cb490a2f5fb2e85d55c146b5c2716771d 38a003f947c4f5d7e18640f1f23722825cbe05ead7bbfa899812958918ba1915
SERVER_HANDSHAKE_TRAFFIC_SECRET 70f6d66d1922752ddd7f816a6070527cb490a2f5fb2e85d55c146b5c2716771d ef489bb12a02500528e1a4fb53555cb76041db57fbde108a3872005dec8cee47
CLIENT_TRAFFIC_SECRET_0 70f6d66d1922752ddd7f816a6070527cb490a2f5fb2e85d55c146b5c2716771d eb5d01586956cc75f4106e20649b2f44e2dae5d74927caf8dfb0acfd8db01761
SERVER_TRAFFIC_SECRET_0 70f6d66d1922752ddd7f816a6070527cb490a2f5fb2e85d55c146b5c2716771d 797a873d4128322afd459925c8b7945da23793bc090acb92c20937c574c2ac4d
CLIENT_HANDSHAKE_TRAFFIC_SECRET dd5bb252ec187cafab1f392f828671b99bd2b830862a2139c30ea99b35ebca2c 1f11c0588eae6f4dc574c0b48d74e97fcbb05a662044da124c277b772afdfced
SERVER_HANDSHAKE_TRAFFIC_SECRET dd5bb252ec187cafab1f392f828671b99bd2b830862a2139c30ea99b35ebca2c d09f24b47b12e699ec53c5f1b33d92f580cfa7a3b79fec233949769ce5f5e565
CLIENT_TRAFFIC_SECRET_0 dd5bb252ec187cafab1f392f828671b99bd2b830862a2139c30ea99b35ebca2c 99ebeba192be5bc35cfacdf839113ad57d1452f89e493751476fc0f7f6494d0d
SERVER_TRAFFIC_SECRET_0 dd5bb252ec187cafab1f392f828671b99bd2b830862a2139c30ea99b35ebca2c 968adc09f64c99e7c72105f4d0c3c35ff50cc08aea6682c3d3a27143fd6eedee
CLIENT_HANDSHAKE_TRAFFIC_SECRET 9de3522a233d9739f620d1173ae73c1acb643cf9887ed3f7afa614525a4d611c 32f8f2cfc4dc8219ec2746c93a1095ad34121ee6d890c67c53cb8725bdf1841c
SERVER_HANDSHAKE_TRAFFIC_SECRET 9de3522a233d9739f620d1173ae73c1acb643cf9887ed3f7afa614525a4d611c e964713bc388547f8da4f699fd932385b7c8a3806a2284796f786669cee54421
CLIENT_TRAFFIC_SECRET_0 9de3522a233d9739f620d1173ae73c1acb643cf9887ed3f7afa614525a4d611c ee6d3f7b76a18a045013e6bc07b2e03410ef57219fdb67e1a078dcd78a0dd5e4
SERVER_TRAFFIC_SECRET_0 9de3522a233d9739f620d1173ae73c1acb643cf9887ed3f7afa614525a4d611c d15620d33b7ead9774503c74eec56724973bc02744ba2b8d346e6daa95905e4e
CLIENT_HANDSHAKE_TRAFFIC_SECRET e1c97a5ea245be86e20d2d11a47aa61849c9612767d049d8410d2822030b251d 35a849af73ff782ce6b57e91c4c2328597c131693a92b28d0272904fa462bba9
SERVER_HANDSHAKE_TRAFFIC_SECRET e1c97a5ea245be86e20d2d11a47aa61849c9612767d049d8410d2822030b251d 38ac72518a8b6dac4f90bb2c3f36fae28cda9f02e666d262003cf20d9c5df46c
CLIENT_TRAFFIC_SECRET_0 e1c97a5ea245be86e20d2d11a47aa61849c9612767d049d8410d2822030b251d cfcf3f9ea02c8060760883c807804e4b76ef5784fd3b0c83c251bae3027f198e
SERVER_TRAFFIC_SECRET_0 e1c97a5ea245be86e20d2d11a47aa61849c9612767d049d8410d2822030b251d 42ca02149ab6fcd7479295aa41a898fb247ce3079eb18ff30ba70089787f4188
CLIENT_HANDSHAKE_TRAFFIC_SECRET 8b041c374d8c8b252fb1c96e39795f10a66632e95c963eca6fbaacf26242448d a7254b91d5f2f31dc9b0addbb50e23b390d02db67a83f63c34d014eed59f64d7
SERVER_HANDSHAKE_TRAFFIC_SECRET 8b041c374d8c8b252fb1c96e39795f10a66632e95c963eca6fbaacf26242448d ff83bc1181b24b23584318a1625604fbb6c0971b66fdcf47c748e3f3c66a9e7b
CLIENT_TRAFFIC_SECRET_0 8b041c374d8c8b252fb1c96e39795f10a66632e95c963eca6fbaacf26242448d ef3e7784b1dbe005ac5ffeafaa339203ea7ee70d8a9822276e38cd68b0f9745f
SERVER_TRAFFIC_SECRET_0 8b041c374d8c8b252fb1c96e39795f10a66632e95c963eca6fbaacf26242448d 3ee12a1caa6b63f3b79438d5349a3ddb28e4d94f2c687bea932554652db6512f
CLIENT_HANDSHAKE_TRAFFIC_SECRET 22b94483564b13cb588416d67111a2c180c3858c04efdac2e22b6e59d72e93d4 39152cfc5c49f62341bfdb2914898e8e746a6d993caae33a5886d1ee40e5dc24
SERVER_HANDSHAKE_TRAFFIC_SECRET 22b94483564b13cb588416d67111a2c180c3858c04efdac2e22b6e59d72e93d4 e84373b7596514a798c3965db02812e36b5224a51cf5a9ace214be0571ad1dbf
CLIENT_TRAFFIC_SECRET_0 22b94483564b13cb588416d67111a2c180c3858c04efdac2e22b6e59d72e93d4 e4febf572c279e380cf9379a52417718121cc0b0d5326d46121c4eaae4ffdb47
SERVER_TRAFFIC_SECRET_0 22b94483564b13cb588416d67111a2c180c3858c04efdac2e22b6e59d72e93d4 aacc156a80bd2ec3baca558b78fff6a7bf1bd338c0c3800ebbf0de94ebd792da
CLIENT_HANDSHAKE_TRAFFIC_SECRET 8246e0ab78dc495feb5a98d390e436ad1ffadafa16e1daa13c69bd9ba62f3408 7122fcc773a3dc38bc94e9ef6bf4f3814d23298a12b2d7b5cdabfa40b3d73e94
SERVER_HANDSHAKE_TRAFFIC_SECRET 8246e0ab78dc495feb5a98d390e436ad1ffadafa16e1daa13c69bd9ba62f3408 e8a4df8e0aa28d206af29e230f5dad18cae8f5426c1ca04ea5223c23c0803f33
CLIENT_TRAFFIC_SECRET_0 8246e0ab78dc495feb5a98d390e436ad1ffadafa16e1daa13c69bd9ba62f3408 90d7e953c3cd6f079e57683b333330e4a2600f76db213b6f09f54006c98b236e
SERVER_TRAFFIC_SECRET_0 8246e0ab78dc495feb5a98d390e436ad1ffadafa16e1daa13c69bd9ba62f3408 0be88c0fb719137f824561619c6a162345911326c9e077baf84813b400fe2d1b
CLIENT_HANDSHAKE_TRAFFIC_SECRET 85dce821c0cdc891f9b1f8722a05f30586ae9a0d0f3c1c17deb3252f78f0ac73 b1b249cb46cae781485ebb903509caa5f1a7482f46ca557c4674fecf559e7ab8
SERVER_HANDSHAKE_TRAFFIC_SECRET 85dce821c0cdc891f9b1f8722a05f30586ae9a0d0f3c1c17deb3252f78f0ac73 0ff8339290593dd7cd0357bb3e48f14ff64e347da4630f44f32bf0e9ccbda3f0
CLIENT_TRAFFIC_SECRET_0 85dce821c0cdc891f9b1f8722a05f30586ae9a0d0f3c1c17deb3252f78f0ac73 6f2cf284a75aea67464d5656032e585e479cad52c395cfc22a9554a15d837b8a
SERVER_TRAFFIC_SECRET_0 85dce821c0cdc891f9b1f8722a05f30586ae9a0d0f3c1c17deb3252f78f0ac73 dff05108f819b1e90114a17137152cff7ce130f4ea01cef06d52920e39afe462
CLIENT_HANDSHAKE_TRAFFIC_SECRET 6289e1085575fd7d5569d960cff1dc88c21f8f40075f5237bb4728c54f4c11c5 df02a2e1d20a95352ba0d9346d71f531ede5a63e8c81b3869cec9d63ff4ef8d5
SERVER_HANDSHAKE_TRAFFIC_SECRET 6289e1085575fd7d5569d960cff1dc88c21f8f40075f5237bb4728c54f4c11c5 6f93969e3c0f95110a62a91adfc987dc19c1a0f8f0f5f3ca45ccbe3b35b0a1d0
CLIENT_TRAFFIC_SECRET_0 6289e1085575fd7d5569d960cff1dc88c21f8f40075f5237bb4728c54f4c11c5 f35547b8b5bb02090740c8a7d1814549a8ef7f632b309f1005635ff0ea55a201
SERVER_TRAFFIC_SECRET_0 6289e1085575fd7d5569d960cff1dc88c21f8f40075f5237bb4728c54f4c11c5 70e4db0db8f5be9415a139ab8aee2cd89d5ab3249bf0059a309da5f1aaeb85f9
CLIENT_HANDSHAKE_TRAFFIC_SECRET d239d32e44ddc24432e1ed127f91dfc9865608e4cba2924d920e097159dcaacb a99e6721df7b4465ad5f33d4f5d41b8eff28d089050d902ce45c452a5a06eee6
SERVER_HANDSHAKE_TRAFFIC_SECRET d239d32e44ddc24432e1ed127f91dfc9865608e4cba2924d920e097159dcaacb d84da068dd93cbd495cd60247ad7f7844071ee72c62c156792b72898e401c486
CLIENT_TRAFFIC_SECRET_0 d239d32e44ddc24432e1ed127f91dfc9865608e4cba2924d920e097159dcaacb f0ea06bb584429d5677b6fc67706a24b115480d3917af2978840a2c392c0f700
SERVER_TRAFFIC_SECRET_0 d239d32e44ddc24432e1ed127f91dfc9865608e4cba2924d920e097159dcaacb bb7052cb55d73817fc52c67d00af4d1f1456b8feab5ff623293fa39d8b0c3b69
CLIENT_HANDSHAKE_TRAFFIC_SECRET 1a1f6617d30a42a9db1eddf858e4d47f4c2acc1e55d091e9b8566adf9bcc89bd adcdc82571610e15964236fdcc20359615f45fbc8b440cae5f06f6465c44fe9a
SERVER_HANDSHAKE_TRAFFIC_SECRET 1a1f6617d30a42a9db1eddf858e4d47f4c2acc1e55d091e9b8566adf9bcc89bd ee529fbac04655d172b7122b377d3fb37c672849018628f9cc4f1766e942732c
CLIENT_TRAFFIC_SECRET_0 1a1f6617d30a42a9db1eddf858e4d47f4c2acc1e55d091e9b8566adf9bcc89bd 0cc14f3d740cef8f4f8b7971e5ae746ada1510a025e3b879691f24d62b800d58
SERVER_TRAFFIC_SECRET_0 1a1f6617d30a42a9db1eddf858e4d47f4c2acc1e55d091e9b8566adf9bcc89bd a3e9a2b15f05e0ce58ef762b21f66c3c5fb67efce43a383f44b4d09aa375996c
CLIENT_HANDSHAKE_TRAFFIC_SECRET de2ee69ef066bf518380c984a103fb194b2805939380a5889c83b34e4ffffca1 fb223dd771ef34c30c9643e8f9ce6511719ff0630ebcbaf3ffe87685f2853363
SERVER_HANDSHAKE_TRAFFIC_SECRET de2ee69ef066bf518380c984a103fb194b2805939380a5889c83b34e4ffffca1 f3c2e48637996b773594873c730c2fb6305ebb27c3ce228a883eb096fa3ffe4e
CLIENT_TRAFFIC_SECRET_0 de2ee69ef066bf518380c984a103fb194b2805939380a5889c83b34e4ffffca1 6c55b2f8a99d3e70d2a2d57c6dd9ca6e6defe9a62cb766e3c269d024aa9187b9
SERVER_TRAFFIC_SECRET_0 de2ee69ef066bf518380c984a103fb194b2805939380a5889c83b34e4ffffca1 e8f473fc236cfd56b2e83bd486dfe2e917a005fd375fef31e73f69ba0407aa6c
CLIENT_HANDSHAKE_TRAFFIC_SECRET 5c4ef040b6e7648974989e740e552edaae83930d4622c1e70f6fc14e23e29e7e 454b52440382ba636ac2b85a55020f8d101c80c76c8652fa8587fb79a8e2b41f
SERVER_HANDSHAKE_TRAFFIC_SECRET 5c4ef040b6e7648974989e740e552edaae83930d4622c1e70f6fc14e23e29e7e fd0f7262fbb27c0260ecb45c1320b6948652732a1662acbf9d134c5fbdf3553c
CLIENT_TRAFFIC_SECRET_0 5c4ef040b6e7648974989e740e552edaae83930d4622c1e70f6fc14e23e29e7e aa885dd25437fc1f90de4f4576a44e984e2e8db333095a6957499c5f538bd58c
SERVER_TRAFFIC_SECRET_0 5c4ef040b6e7648974989e740e552edaae83930d4622c1e70f6fc14e23e29e7e 85c2fc5f0293fec3df2b0cef4cf87b8b639d55d5d3a17e8e5c44cf33e88c6bc4
CLIENT_HANDSHAKE_TRAFFIC_SECRET 5b6b4edc57058ed6981a3eb3e9aa9bfe789db9da1a3e7d7a159c814b3009e832 f16d8058d87f5355b022f31a473c10b01e73d7be6b2a7362548f67984eb2f5ae
SERVER_HANDSHAKE_TRAFFIC_SECRET 5b6b4edc57058ed6981a3eb3e9aa9bfe789db9da1a3e7d7a159c814b3009e832 81b945abf478cc1259c12fc5ea416be2e62db17616ce01e64d448582b940486c
CLIENT_TRAFFIC_SECRET_0 5b6b4edc57058ed6981a3eb3e9aa9bfe789db9da1a3e7d7a159c814b3009e832 88a8a3b0ca465431d7fa7ab2dc8845f824683b167f11a69590f02301fc59c2f6
SERVER_TRAFFIC_SECRET_0 5b6b4edc57058ed6981a3eb3e9aa9bfe789db9da1a3e7d7a159c814b3009e832 b91890fb96d620d86544e5479f432f59d797de7704eec854e069031a9228e934
CLIENT_HANDSHAKE_TRAFFIC_SECRET ec2274268817911d338fd46fcca58ca4a82c55d0c54a37754efb126326d0beb1 dae2ac044d3f6898604ccbc320e1d55213b4f48ebe96eca3cdef65c8320c5876
SERVER_HANDSHAKE_TRAFFIC_SECRET ec2274268817911d338fd46fcca58ca4a82c55d0c54a37754efb126326d0beb1 d5319677a83ffa13a4bcd1db7b79c6080e788b09d16a74ba4a589a992f6a4d24
CLIENT_TRAFFIC_SECRET_0 ec2274268817911d338fd46fcca58ca4a82c55d0c54a37754efb126326d0beb1 8611b1edf7c39f23871e79e7ba3840fe4d609a9cc9465c298781f4d3da31cde8
SERVER_TRAFFIC_SECRET_0 ec2274268817911d338fd46fcca58ca4a82c55d0c54a37754efb126326d0beb1 badd6012860b7132ce4330fe567626ac4b4925e59e6faf9eab3edec95c98581b
CLIENT_HANDSHAKE_TRAFFIC_SECRET 5a7aa61b7f688f926178eeb6c0d00bf5385349b4850d702c0500558da1fc4382 3bb7cd3ef864bcbabc160a1210c931b5f4f3113da343d22597be8aedd9b792d5
SERVER_HANDSHAKE_TRAFFIC_SECRET 5a7aa61b7f688f926178eeb6c0d00bf5385349b4850d702c0500558da1fc4382 6c2d7abb1c7a46996039aa5fe6ca015d3b21b5d2826f33d198cdd54ece477c56
CLIENT_TRAFFIC_SECRET_0 5a7aa61b7f688f926178eeb6c0d00bf5385349b4850d702c0500558da1fc4382 19f3ebe46007966f765d5d51f1fd96d708a05fa3df81295cff43c318580006df
SERVER_TRAFFIC_SECRET_0 5a7aa61b7f688f926178eeb6c0d00bf5385349b4850d702c0500558da1fc4382 72340162c29bf65d11aae1f6efd28ee5bbf8f7e3925fce4716813fce7fd2a91a
CLIENT_HANDSHAKE_TRAFFIC_SECRET e43e08a8fb406dedb04ee6b78797ebbf5a41a52e5cbf8c8aafcb09f84863f42d 5652b6c2d20558ecc880317c39f16fbae1fdd3d78f6c7655b9f32249b4cbf754
SERVER_HANDSHAKE_TRAFFIC_SECRET e43e08a8fb406dedb04ee6b78797ebbf5a41a52e5cbf8c8aafcb09f84863f42d 9fa639d41d05cf8b1a8a1a4e5948494d5c558c9878d1a629b6d23f7de5318097
CLIENT_TRAFFIC_SECRET_0 e43e08a8fb406dedb04ee6b78797ebbf5a41a52e5cbf8c8aafcb09f84863f42d 6a0d97a5ee88be672a23ec06f688f7fb9eb6d0c43a2a7c8a99296b72cda0db71
SERVER_TRAFFIC_SECRET_0 e43e08a8fb406dedb04ee6b78797ebbf5a41a52e5cbf8c8aafcb09f84863f42d 4f9df6c85ade95c08cad58a9bd79ac0407da95865d5ce0a24db5889f9dee7829
CLIENT_HANDSHAKE_TRAFFIC_SECRET a5b57a7c7940be645da4fd2d756effe413f12cf94759d75ba40c791db7058b01 a84a94a4ae038e81abf2df93de58a87b1f46d478e2d313f5c790bb3ec9540a0c
SERVER_HANDSHAKE_TRAFFIC_SECRET a5b57a7c7940be645da4fd2d756effe413f12cf94759d75ba40c791db7058b01 7e1f725a26bf041ec5c8719368ef4645171893c6f1c85c7a36eef1285e6964a2
CLIENT_TRAFFIC_SECRET_0 a5b57a7c7940be645da4fd2d756effe413f12cf94759d75ba40c791db7058b01 8fb97218b838da62ed9cadfa7f9ed31f950fd1d847371fa3c2509007f48b8341
SERVER_TRAFFIC_SECRET_0 a5b57a7c7940be645da4fd2d756effe413f12cf94759d75ba40c791db7058b01 38a25e3a1253faec9728247ed854b58ed362fa0c29c14e4e3f1159a9633553d5
CLIENT_HANDSHAKE_TRAFFIC_SECRET 1f205617ccd234cd9244f1562ef125b61222fd9bd1a1a7806360bb86cd4c483a 2b53d2f4c9457716d0be69f175025c44422f6cb09bf81a577948631752310305
SERVER_HANDSHAKE_TRAFFIC_SECRET 1f205617ccd234cd9244f1562ef125b61222fd9bd1a1a7806360bb86cd4c483a 4b456b3be2fafeee7e011b5d851d0bd10d58e8bc02ce267a88c058a3f3eb4a3f
CLIENT_TRAFFIC_SECRET_0 1f205617ccd234cd9244f1562ef125b61222fd9bd1a1a7806360bb86cd4c483a 24cb4d38aba23ac82ecbc10eb7bca55aa94663b15ea8356b463e28b31a1d3e8e
SERVER_TRAFFIC_SECRET_0 1f205617ccd234cd9244f1562ef125b61222fd9bd1a1a7806360bb86cd4c483a 3524decf0e4e69327f4178daf660225a708d20804f90e1a5919b32f26a43774b
CLIENT_HANDSHAKE_TRAFFIC_SECRET ec6370694c699dbb0b11ec3691767a7ed723f524957e8c2a806f1572816c5313 972f8d54e11e88a3e9e027dceefb9749444cd18f8b7f861f84db2d990821c7cf
SERVER_HANDSHAKE_TRAFFIC_SECRET ec6370694c699dbb0b11ec3691767a7ed723f524957e8c2a806f1572816c5313 903a6f14ee4187ce227f12c8751f3017d7afbaf731fced500ad82d647bf352ec
CLIENT_TRAFFIC_SECRET_0 ec6370694c699dbb0b11ec3691767a7ed723f524957e8c2a806f1572816c5313 8ea4f90e32d81fbe2378bd4e4aa7f3e323108216f4bd63d836048f35fa22f2d7
SERVER_TRAFFIC_SECRET_0 ec6370694c699dbb0b11ec3691767a7ed723f524957e8c2a806f1572816c5313 779746cfbd6cb9cfad989999d4394223e6562748c806f622d1fd0829b035157a
CLIENT_HANDSHAKE_TRAFFIC_SECRET a43c682ce6bc085fcc4cf00dad50a46751d4ff92f9949ab1803593b131b1ce65 a45e2427b3dec86a3fbc61582cbd6d70e180f000cf8fa9b4974309358f74e5a6
SERVER_HANDSHAKE_TRAFFIC_SECRET a43c682ce6bc085fcc4cf00dad50a46751d4ff92f9949ab1803593b131b1ce65 69458b04504abd623cc8d39a17f4f737e81a3c5e6e3ac513188c361ab0787257
CLIENT_TRAFFIC_SECRET_0 a43c682ce6bc085fcc4cf00dad50a46751d4ff92f9949ab1803593b131b1ce65 f3e5e7b3b1d94158ded1c1f2b67c0e2b523d8513b16c9190f71e53dd32c4b1d6
SERVER_TRAFFIC_SECRET_0 a43c682ce6bc085fcc4cf00dad50a46751d4ff92f9949ab1803593b131b1ce65 b6bb29706d802074a7454b75f181ff5e21b7cce9cb727cbe8ef9f1b1291d3a78
CLIENT_HANDSHAKE_TRAFFIC_SECRET c7799ede8495c58dc4fde2e25ed90badafc2baa16abcc9a039661a5e4eab3c08 578f0c30d097b655abe09b66f11bfec676c4583de7716aa2799378e00a7fe9ca
SERVER_HANDSHAKE_TRAFFIC_SECRET c7799ede8495c58dc4fde2e25ed90badafc2baa16abcc9a039661a5e4eab3c08 3694859496c4a47a203ac6792eada71c8cf13fa2e93b2784ab629bbd46057e7b
CLIENT_TRAFFIC_SECRET_0 c7799ede8495c58dc4fde2e25ed90badafc2baa16abcc9a039661a5e4eab3c08 77864a52da708cdb80feae3ffcecc080b34bd044e3286d467a2194b43b6ffb3c
SERVER_TRAFFIC_SECRET_0 c7799ede8495c58dc4fde2e25ed90badafc2baa16abcc9a039661a5e4eab3c08 45b00e7c00515392acd0bc5c36471c68372867e94c11566e7810fb504514d86f
CLIENT_HANDSHAKE_TRAFFIC_SECRET f770cd4420b1a3a4f50be952f3174a44af5f795981972997a329d2cefc1cbfd3 00b3fe89ec070f4722c2a01c94235dcc5359cef177994168740c5b6e3fec4a3e
SERVER_HANDSHAKE_TRAFFIC_SECRET f770cd4420b1a3a4f50be952f3174a44af5f795981972997a329d2cefc1cbfd3 2e0bda42029b780c5f44d533d504e5391ad0d6945b92427995496b12f5144e18
CLIENT_TRAFFIC_SECRET_0 f770cd4420b1a3a4f50be952f3174a44af5f795981972997a329d2cefc1cbfd3 6c0611aa123885154458d861c45088194e234255c4842cbb012a555bf27d0537
SERVER_TRAFFIC_SECRET_0 f770cd4420b1a3a4f50be952f3174a44af5f795981972997a329d2cefc1cbfd3 708368bfa4b9693582f899b047b93e20b0be5c552a6b48f761156b1e79b66626
CLIENT_HANDSHAKE_TRAFFIC_SECRET 5180f942243ad6473dd927fb5b492e8a7858d83f523776148e3acfa46f5a3ba8 88e2d4b78f6a434bff5392de7451b412a739b7e9579afe98d8a9973f43942705
SERVER_HANDSHAKE_TRAFFIC_SECRET 5180f942243ad6473dd927fb5b492e8a7858d83f523776148e3acfa46f5a3ba8 40818706418b2d4eb6dead2ed83045b62bfe7a4de6d751fb02069d4ee5aaa669
CLIENT_TRAFFIC_SECRET_0 5180f942243ad6473dd927fb5b492e8a7858d83f523776148e3acfa46f5a3ba8 bf3f4fc7d801d1456964da0f434d819df2dd592a78d8eff5816fbb37e874c3a6
SERVER_TRAFFIC_SECRET_0 5180f942243ad6473dd927fb5b492e8a7858d83f523776148e3acfa46f5a3ba8 5836b577d27a5b499204d694eae4a605f54c99032408636a9010282eede618c9
CLIENT_HANDSHAKE_TRAFFIC_SECRET 9aac3160d350b000eddcf82660ec940f03c07d2e7732b619d0b6c4788e7ad7c7 ed7952336b5337d8dd2c6e41c17d08096f745182ad8afbea3cce69d81b50b21d
SERVER_HANDSHAKE_TRAFFIC_SECRET 9aac3160d350b000eddcf82660ec940f03c07d2e7732b619d0b6c4788e7ad7c7 7e28f0e2ecf11b12079c79833b41e8ba272476b6c7d87554505c6e1fc7aae046
CLIENT_TRAFFIC_SECRET_0 9aac3160d350b000eddcf82660ec940f03c07d2e7732b619d0b6c4788e7ad7c7 780013134c6b487bdb494124ad4d611d301bcb762e0a0b224c898153aff43b49
SERVER_TRAFFIC_SECRET_0 9aac3160d350b000eddcf82660ec940f03c07d2e7732b619d0b6c4788e7ad7c7 b5bd5351e8a04ccc9fbe44ddf57bfaa566ebbff68b390a9cf38f7674e16ee789
CLIENT_HANDSHAKE_TRAFFIC_SECRET 1331aa2fc1dc909c1f77198408edb09b90eb83ccdea0b551f3a1a8fecb57ba50 429d4d13b28240fc3852f5319c3e5485f0711f6e1368a13093603a1b1470bba3
SERVER_HANDSHAKE_TRAFFIC_SECRET 1331aa2fc1dc909c1f77198408edb09b90eb83ccdea0b551f3a1a8fecb57ba50 539f11f36ec860fbcf0ac8649dbe6b3157deae11ef658ad4305d638394e1ac3a
CLIENT_TRAFFIC_SECRET_0 1331aa2fc1dc909c1f77198408edb09b90eb83ccdea0b551f3a1a8fecb57ba50 4c7db299807eb6bfa2eca692f344df41804e6f33fde1723a9dd247ac610bc579
SERVER_TRAFFIC_SECRET_0 1331aa2fc1dc909c1f77198408edb09b90eb83ccdea0b551f3a1a8fecb57ba50 74146786a037ed7f7d2cd27ca7a93935aab40c025a8ca8cfc7f616a7839f9419
CLIENT_HANDSHAKE_TRAFFIC_SECRET 365cc70d3f9573ec584f99b8dbad4f7e1a4743c822fe514b01bbf589a46c189c acdab94ebbb76b5411a672bffcdde099f6471fbfd34329944b591699a51690fb
SERVER_HANDSHAKE_TRAFFIC_SECRET 365cc70d3f9573ec584f99b8dbad4f7e1a4743c822fe514b01bbf589a46c189c 19cf77b85a00a8f6d2598f97e48cf9501d0d08e90b858f52e6344626498c0656
CLIENT_TRAFFIC_SECRET_0 365cc70d3f9573ec584f99b8dbad4f7e1a4743c822fe514b01bbf589a46c189c fd2727f9ea838df12b315df322b44a9a1076aadb3f371d4b1d66748a367a1169
SERVER_TRAFFIC_SECRET_0 365cc70d3f9573ec584f99b8dbad4f7e1a4743c822fe514b01bbf589a46c189c 78cce09d9c2c190b58509b59102195b4e1143ebec665f09fff0cd80373ac8a91
CLIENT_HANDSHAKE_TRAFFIC_SECRET 075100535bf46ae2f14bb36d29ddad3937ec774f66eb3acc54034d762222f488 f817bd062eb6a2d4632cb283398465a99586c571352ee87843fc493bbddec884
SERVER_HANDSHAKE_TRAFFIC_SECRET 075100535bf46ae2f14bb36d29ddad3937ec774f66eb3acc54034d762222f488 851d264b310e7e5ee321898df635c33427ca355e028c9c47c00de3ef9b49ae74
CLIENT_TRAFFIC_SECRET_0 075100535bf46ae2f14bb36d29ddad3937ec774f66eb3acc54034d762222f488 3da47f115a45da4dfe471df70e8b33abb18cc110ac309e2f74c96a32b9194cc3
SERVER_TRAFFIC_SECRET_0 075100535bf46ae2f14bb36d29ddad3937ec774f66eb3acc54034d762222f488 841ce9925c6e8529de1712b7eb1b6d3d241dcbab5b93f7da93cc0bfa37ac33fd
CLIENT_HANDSHAKE_TRAFFIC_SECRET e8a6d820f77d0d5b6142a09b8ed7ae00c571d31e0d61e1aff9294edd6448aac1 cd830206f1cb14c878ca586842644f3120c27976ac1b4b26c9a98b2b29439ccc
SERVER_HANDSHAKE_TRAFFIC_SECRET e8a6d820f77d0d5b6142a09b8ed7ae00c571d31e0d61e1aff9294edd6448aac1 b9370352164692c77e2fe32f6b53c29f2a759f7f6fd60459b14bad0e6f9f06a3
CLIENT_TRAFFIC_SECRET_0 e8a6d820f77d0d5b6142a09b8ed7ae00c571d31e0d61e1aff9294edd6448aac1 a644305ad667dc0f5e82db4c9c9f1fd5abfe8be01df9c3778194152e64256761
SERVER_TRAFFIC_SECRET_0 e8a6d820f77d0d5b6142a09b8ed7ae00c571d31e0d61e1aff9294edd6448aac1 f9ef86563ab0facaa1d3b3807d19a4e9eb474ed39ddb3ddfeb19797ef8f75177
CLIENT_HANDSHAKE_TRAFFIC_SECRET e65ada99f500e9e8cd7a39f17348f8c8aa54149499b143ca4240e1d8b6cec286 acc6806199b433f2d80c577b705fbfb942d122497085b167d80071b81e7cd5fc
SERVER_HANDSHAKE_TRAFFIC_SECRET e65ada99f500e9e8cd7a39f17348f8c8aa54149499b143ca4240e1d8b6cec286 1fb3d1eb53fe47173a8946ae765c51ec083a847940e12ade5ac1634c69779894
CLIENT_TRAFFIC_SECRET_0 e65ada99f500e9e8cd7a39f17348f8c8aa54149499b143ca4240e1d8b6cec286 ea5a316b9a72e5cc77c71672c1ef25feccb0656230757c81d60debe515acf698
SERVER_TRAFFIC_SECRET_0 e65ada99f500e9e8cd7a39f17348f8c8aa54149499b143ca4240e1d8b6cec286 4acbcfac7e98403bc688b62f42bbef8f7a011713a9523fc6ae15c9dcb455c75e
CLIENT_HANDSHAKE_TRAFFIC_SECRET 237fc8a8b75327f9609bc65beba19b0d9e3eca2e09ea343f89392a3de242fe2c 8996772e23f140be2f5e6ba6e750f3c97bff52728bee4b30cfa9618dd7408024
SERVER_HANDSHAKE_TRAFFIC_SECRET 237fc8a8b75327f9609bc65beba19b0d9e3eca2e09ea343f89392a3de242fe2c faffb8259e6c8b68ee0a7b912eaf34e8ea081545a5c834561e4ad3bb3a27dcc7
CLIENT_TRAFFIC_SECRET_0 237fc8a8b75327f9609bc65beba19b0d9e3eca2e09ea343f89392a3de242fe2c fd4c5c87943eef3058e9088dc63af6e623548e3c7aaa56512a629246f3cfa9e7
SERVER_TRAFFIC_SECRET_0 237fc8a8b75327f9609bc65beba19b0d9e3eca2e09ea343f89392a3de242fe2c ecd7e91e6a132cb6c487ab43a1bd9ef2ca781a2b575c6c9172122036f23b430d
CLIENT_HANDSHAKE_TRAFFIC_SECRET 615d68cb01c98f5fefacb3ad8493d2b6a4217fa1e6b79a53278680d09343a177 2e4684585d0419413047eeb47498cc61fcb73e53e039aa3c9cea676f8ddfd9dd
SERVER_HANDSHAKE_TRAFFIC_SECRET 615d68cb01c98f5fefacb3ad8493d2b6a4217fa1e6b79a53278680d09343a177 96cbd5669749796aa218a0ac9548ebe611e52a050c507b350b31c33b4f460fff
CLIENT_TRAFFIC_SECRET_0 615d68cb01c98f5fefacb3ad8493d2b6a4217fa1e6b79a53278680d09343a177 48adbfb9e8e22835ac06b2c2b2abd9e04e026cca96069d53ee833720f7bfd2f9
SERVER_TRAFFIC_SECRET_0 615d68cb01c98f5fefacb3ad8493d2b6a4217fa1e6b79a53278680d09343a177 f12fb9daf1b6678b3c8979e3a84c53dea766e398435505880a2b21c8498b24a7
CLIENT_HANDSHAKE_TRAFFIC_SECRET 78e9832b5c4753b5bb70baea687ff8b1f835dcd80d5f4642d3db0c7f6a63b87a 0533e8d791308342481cf19e28897c57bceed94277b83e2d5ef520b05e1677c2
SERVER_HANDSHAKE_TRAFFIC_SECRET 78e9832b5c4753b5bb70baea687ff8b1f835dcd80d5f4642d3db0c7f6a63b87a 3b694842e9083439bde70f5644baee06621a18d2ef887a56cd467c6b156af631
CLIENT_TRAFFIC_SECRET_0 78e9832b5c4753b5bb70baea687ff8b1f835dcd80d5f4642d3db0c7f6a63b87a 35f01be1134bb813f66d298d1a804ee48ec0cb4cc55aeba6ef6cc42c8e67b263
SERVER_TRAFFIC_SECRET_0 78e9832b5c4753b5bb70baea687ff8b1f835dcd80d5f4642d3db0c7f6a63b87a ec61b3cc84e616bebe15106fa951e2634016bca52ff0215606f80532880f7d8e
CLIENT_HANDSHAKE_TRAFFIC_SECRET 79cd853d119a8765b86584a11d11f8f792515ec07c6b72d3873917cff768438d fc0ad1236dc4467d04f701b89c7ee6fdd40f5e5afeefa715ad9ef4b4bbd02f22
SERVER_HANDSHAKE_TRAFFIC_SECRET 79cd853d119a8765b86584a11d11f8f792515ec07c6b72d3873917cff768438d 8359c0f8b5cb52577d0dd36c8aec7b639b541809226b1fdb90c51590909f21ee
CLIENT_TRAFFIC_SECRET_0 79cd853d119a8765b86584a11d11f8f792515ec07c6b72d3873917cff768438d bdd71731b6b0e696cc5f05f558a2adceebb16bca4eabc1ca616d980dbd36ab0c
SERVER_TRAFFIC_SECRET_0 79cd853d119a8765b86584a11d11f8f792515ec07c6b72d3873917cff768438d a9314be107e5798a58e28512836b24900cb887fba152dc1a7f47671e2abb9876
CLIENT_HANDSHAKE_TRAFFIC_SECRET 9057bf6602efb40a869396ea27e573f3c302ce45a200bbfe5d1616697b6fa0d4 490508cae9c0c25eeb5f529499d723ceb2d65988e6dbcbf3750b43f27300cda0
SERVER_HANDSHAKE_TRAFFIC_SECRET 9057bf6602efb40a869396ea27e573f3c302ce45a200bbfe5d1616697b6fa0d4 5dc2e4b8fe094aaeee7da8d27b5b6863d691d09f899262195067b7bb4e9b49d5
CLIENT_TRAFFIC_SECRET_0 9057bf6602efb40a869396ea27e573f3c302ce45a200bbfe5d1616697b6fa0d4 8cd02a6024f964a7e342f094e56aa936f95be69e6642a423e3e2852c9c8c73bb
SERVER_TRAFFIC_SECRET_0 9057bf6602efb40a869396ea27e573f3c302ce45a200bbfe5d1616697b6fa0d4 bcf30c7b244026458ebbf348b49deb1499ecba7992f44b2a72bfc34ec3046247
CLIENT_HANDSHAKE_TRAFFIC_SECRET d99ddb169f5a70d7310d25446d000433540540d199a99d86c57cdafae90d435c 720d008291da09f3295671bd487ec79fcb2ae4d75fb841a28ba2876983a9d545
SERVER_HANDSHAKE_TRAFFIC_SECRET d99ddb169f5a70d7310d25446d000433540540d199a99d86c57cdafae90d435c 4dcf3e4214f3a6aa1d1f74ed8b46b74de999cfa4316e39a1dc333ed800368636
CLIENT_TRAFFIC_SECRET_0 d99ddb169f5a70d7310d25446d000433540540d199a99d86c57cdafae90d435c a16a162ed447f69ef08fbe4d6836dcee71b10c472caff68d94b9e20cfb3f3be8
SERVER_TRAFFIC_SECRET_0 d99ddb169f5a70d7310d25446d000433540540d199a99d86c57cdafae90d435c ed669119b55585d848a7d21b3db556912d8463dede3274d742661c8aa4d05ae8
CLIENT_HANDSHAKE_TRAFFIC_SECRET e492f481bd05aed24e25f1c35a66e5552ce80e5a3bc4147fc5ad0692fed7b63b 5c1cd91458fcac2600caee539fd07bdbbf90cafbf7d7683f5f31b73965cb1d72
SERVER_HANDSHAKE_TRAFFIC_SECRET e492f481bd05aed24e25f1c35a66e5552ce80e5a3bc4147fc5ad0692fed7b63b b1c482ccde9f6b45fe61820a3ba5260202f59a181e07fcde559a1982d764d2ce
CLIENT_TRAFFIC_SECRET_0 e492f481bd05aed24e25f1c35a66e5552ce80e5a3bc4147fc5ad0692fed7b63b 6cb4e00f59ecb94a08e8333c38b656f48ec42e1cd381107f5ea05f0ebb6c9e2f
SERVER_TRAFFIC_SECRET_0 e492f481bd05aed24e25f1c35a66e5552ce80e5a3bc4147fc5ad0692fed7b63b fcdf181b6e86c41d52e2bc62aa0c7583e6e9bb97d9bf905309d39cae525123b5
CLIENT_HANDSHAKE_TRAFFIC_SECRET f33c4d2231c37dcce7ad714d69a848533e227cf29922edf7cce92b0d87ab6740 b2477dc93e1bbe6cdbba0267aa6f6094ba005fcb3b67ee47ce5c37999daffa97
SERVER_HANDSHAKE_TRAFFIC_SECRET f33c4d2231c37dcce7ad714d69a848533e227cf29922edf7cce92b0d87ab6740 17762f195ce5b4f3b983ab8deab67fb0ef224748573883e3ea5574f2283fb596
CLIENT_TRAFFIC_SECRET_0 f33c4d2231c37dcce7ad714d69a848533e227cf29922edf7cce92b0d87ab6740 d036daf0f8dccc53ef27bb4132f2f69b0e9efa66ceabde5d9e6b66339752c870
SERVER_TRAFFIC_SECRET_0 f33c4d2231c37dcce7ad714d69a848533e227cf29922edf7cce92b0d87ab6740 3f297568eb8320031909ac1c6477e7afdb3ac37e967ddc3aab5390fe2aa92d45
CLIENT_HANDSHAKE_TRAFFIC_SECRET 840b71a3ded8a4f98741bea2ae2118ac4d97d61aba8916185b4dfb59ccb91688 4743a7281956c65aa494c5eb766f0e8fffe8a2ce8bfbd9ae6d85316103344e75
SERVER_HANDSHAKE_TRAFFIC_SECRET 840b71a3ded8a4f98741bea2ae2118ac4d97d61aba8916185b4dfb59ccb91688 2e8c9ab069d49416a67ec5987749a0b5138f1110cf274ad69e9d99ff4a3fd66c
CLIENT_TRAFFIC_SECRET_0 840b71a3ded8a4f98741bea2ae2118ac4d97d61aba8916185b4dfb59ccb91688 875755cda07e473f6e47b22151f0df52c7b65f653cc8cd2c71f806b9201b7d3a
SERVER_TRAFFIC_SECRET_0 840b71a3ded8a4f98741bea2ae2118ac4d97d61aba8916185b4dfb59ccb91688 419e6e42bffafd722bc32dfa18f47a2286f16ea7e8fdc9976eafd23a337aebce
CLIENT_HANDSHAKE_TRAFFIC_SECRET b2c8ee1ae44e7148965fca7a779e4977e85675ddf7072c37f35653562cbcc5e3 5ecf0c3f85d3d67fd67cf8ac09b1e47683e0474fd5be88fb6410820961ed57dd
SERVER_HANDSHAKE_TRAFFIC_SECRET b2c8ee1ae44e7148965fca7a779e4977e85675ddf7072c37f35653562cbcc5e3 254d989a4cda17c5336143c638016905c98d11e30dadc22eb1dfe7c7258c9717
CLIENT_TRAFFIC_SECRET_0 b2c8ee1ae44e7148965fca7a779e4977e85675ddf7072c37f35653562cbcc5e3 bb91be0975f50070e92ece02878a7cf586c3bee140f762155ef9eb8e68e264ec
SERVER_TRAFFIC_SECRET_0 b2c8ee1ae44e7148965fca7a779e4977e85675ddf7072c37f35653562cbcc5e3 a1693533595347ea9718c6eceba5bd6a0285bf735d544d911f72b9fcf817c7a7
CLIENT_HANDSHAKE_TRAFFIC_SECRET 6249270ed4f13ffa75335df20591e6861537836f05430956e96bf5204d9c179c ae45421f1c559f597cf10ebfa2fd9b37bcd98f4c31185bbcd66ed28eecce272a
SERVER_HANDSHAKE_TRAFFIC_SECRET 6249270ed4f13ffa75335df20591e6861537836f05430956e96bf5204d9c179c d2e0b1f46f802a97c5aad2fa6771448f723508295d76199239d36030ab782f25
CLIENT_TRAFFIC_SECRET_0 6249270ed4f13ffa75335df20591e6861537836f05430956e96bf5204d9c179c 62871eff15cc21a37c0e4633e0b358cc3a64d1596d3f2da8763a890ace974508
SERVER_TRAFFIC_SECRET_0 6249270ed4f13ffa75335df20591e6861537836f05430956e96bf5204d9c179c 4494ec9e330ff470092bd90b7741229fcf70882b67fcfca128a0b796524424ea
CLIENT_HANDSHAKE_TRAFFIC_SECRET deb7e8c17c777e7562fffa8fbd3e67b1148d90b33eacb782f3f0863f388ddddd 4a972d84a2a8749f0a5ef45e9168326ad9d8a8dd245f52ad7f5e06df2726d1db
SERVER_HANDSHAKE_TRAFFIC_SECRET deb7e8c17c777e7562fffa8fbd3e67b1148d90b33eacb782f3f0863f388ddddd 24b5a7f109246790ab8df1d133a5bf02eb26f6bccc0efb6104829c6733957b0e
CLIENT_TRAFFIC_SECRET_0 deb7e8c17c777e7562fffa8fbd3e67b1148d90b33eacb782f3f0863f388ddddd d33f9f6e8a6f68fa7894d8d1eab1d15ea2fe53b533977a9780adc3a11357fe62
SERVER_TRAFFIC_SECRET_0 deb7e8c17c777e7562fffa8fbd3e67b1148d90b33eacb782f3f0863f388ddddd 19303a156a4a235e3a68c3e746e36a15d5f747fa694be99897005a6fc89f4141
CLIENT_HANDSHAKE_TRAFFIC_SECRET d8f095d314c4c89f725e2b8095cd0af726da6bb9b062af8d07524ceb223400f7 422ea34150de8d70b3b91a9593ba85c2477665befbac0e4b38816ca0a4d0b6d6
SERVER_HANDSHAKE_TRAFFIC_SECRET d8f095d314c4c89f725e2b8095cd0af726da6bb9b062af8d07524ceb223400f7 3b16dd106343fdd80d6f72f8b2be3d8d584fd87cb952851fa46727dd14e0d9d4
CLIENT_TRAFFIC_SECRET_0 d8f095d314c4c89f725e2b8095cd0af726da6bb9b062af8d07524ceb223400f7 67d3047d583d1fd587e3a462b270835e97c035b1ca3e11547e79b34f56c811d5
SERVER_TRAFFIC_SECRET_0 d8f095d314c4c89f725e2b8095cd0af726da6bb9b062af8d07524ceb223400f7 eeff9d7b9bc248e437b65f6d6471692b95f6c6db61dc6cded7deb3362a414d02
CLIENT_HANDSHAKE_TRAFFIC_SECRET 70b8f2d67073eabfadeb18edc136f424a79ded284b2768ad59c97bdfd9fc57dd f0463bbf4f5303687e51cd9bd65c7374017eb8e4d81ac12d9125f478ec18f6bc
SERVER_HANDSHAKE_TRAFFIC_SECRET 70b8f2d67073eabfadeb18edc136f424a79ded284b2768ad59c97bdfd9fc57dd 7b998268409efa508811694e718e20d99eca9d42663795d18ffd0ef70feb8b7f
CLIENT_TRAFFIC_SECRET_0 70b8f2d67073eabfadeb18edc136f424a79ded284b2768ad59c97bdfd9fc57dd f885dc4a4d1ed0a1717e41a3c3fc95c81c21f2e72a0c55ee691c37398afdd0a4
SERVER_TRAFFIC_SECRET_0 70b8f2d67073eabfadeb18edc136f424a79ded284b2768ad59c97bdfd9fc57dd 7b46c1ef00bb5ae49376367c6b90a0e41bc4e1fcb3778e300cd7bb0308cc5db5
CLIENT_HANDSHAKE_TRAFFIC_SECRET a794e2151a09b206bccfd5a7f449a339539fa1bfb3d30e03aa35d61bf12cc1ad 9a3fe6b966145b8ac324629c228456818af2b2d6dd7f3b7b496a4dade18d64bb
SERVER_HANDSHAKE_TRAFFIC_SECRET a794e2151a09b206bccfd5a7f449a339539fa1bfb3d30e03aa35d61bf12cc1ad 341e42ca30ca0f9f0d54406ef0520449171ca99f87ebdb50f719f1023d3db645
CLIENT_TRAFFIC_SECRET_0 a794e2151a09b206bccfd5a7f449a339539fa1bfb3d30e03aa35d61bf12cc1ad 0e77c27937744b2baf625dda9d4950bc9f8e624a15b1d1ca2815c25344d87dbc
SERVER_TRAFFIC_SECRET_0 a794e2151a09b206bccfd5a7f449a339539fa1bfb3d30e03aa35d61bf12cc1ad e038820e42f208d77ebc32932492155276a41a7d6df20fafd8ac433cf22169cb
CLIENT_HANDSHAKE_TRAFFIC_SECRET 50d9f1892f77070ff4aa93e885d3e7fa282a080e6cfbad3e2e781236e0ec0baf 1cc266e1afce0fdf19aceb14bbc74e16092f00ddbf26a83de92fa55b944ae6bf
SERVER_HANDSHAKE_TRAFFIC_SECRET 50d9f1892f77070ff4aa93e885d3e7fa282a080e6cfbad3e2e781236e0ec0baf 0e33e4eff45a9f8c0ce5ce0fa7bef4f45a4ab1742a67c62d2affedb8e4a5416f
CLIENT_TRAFFIC_SECRET_0 50d9f1892f77070ff4aa93e885d3e7fa282a080e6cfbad3e2e781236e0ec0baf d8c469a78bd04060b6d6f9aeb64806fd239b0b91a7790369639ed78bd12946f1
SERVER_TRAFFIC_SECRET_0 50d9f1892f77070ff4aa93e885d3e7fa282a080e6cfbad3e2e781236e0ec0baf bae5366c4249893336227a67e4f0600b426347e8421caf63579cac9675902084
CLIENT_HANDSHAKE_TRAFFIC_SECRET 956cc6d9c9be99c08e05be86e842e2f33816536cc5480cd7de1ae99e9da0bcb3 ba8ec5e212f30ae92c9dd9eb76b829460313cc0261cc0fa463dac5b7c1190a06
SERVER_HANDSHAKE_TRAFFIC_SECRET 956cc6d9c9be99c08e05be86e842e2f33816536cc5480cd7de1ae99e9da0bcb3 aa89057c176a7fa8feecc7b2e4d0ba1a608789a4b337260916c2b3b26b599d2d
CLIENT_TRAFFIC_SECRET_0 956cc6d9c9be99c08e05be86e842e2f33816536cc5480cd7de1ae99e9da0bcb3 1a4021401b4e735b3fcf285a4413155a26cf863d0906367a385e301c6aceb1c1
SERVER_TRAFFIC_SECRET_0 956cc6d9c9be99c08e05be86e842e2f33816536cc5480cd7de1ae99e9da0bcb3 a04ac458493af30215b3122b663d6ec39fb7ccfb8edf37667f3bb9a42392adff
CLIENT_HANDSHAKE_TRAFFIC_SECRET afbcabe5ba973390ea32eb047ccaa6d7b21755630836391bc7ce7d7a5692329f 486692c99b65a0b10b7600998c11fd5655952596730df36e22c38558bc10e072
SERVER_HANDSHAKE_TRAFFIC_SECRET afbcabe5ba973390ea32eb047ccaa6d7b21755630836391bc7ce7d7a5692329f 76012ba082a6b243c662fa75e3554535cd59ddf949a7ddba9881873117fe969d
CLIENT_TRAFFIC_SECRET_0 afbcabe5ba973390ea32eb047ccaa6d7b21755630836391bc7ce7d7a5692329f 7ea399212ba527c29dd66d1bf1794c853c48da2153d1ed247bf8800cb76eb856
SERVER_TRAFFIC_SECRET_0 afbcabe5ba973390ea32eb047ccaa6d7b21755630836391bc7ce7d7a5692329f 660b170d8a6f7d2575f6ee7a6a9288a7438125dda6c95146c525b8600ec8f79c
CLIENT_HANDSHAKE_TRAFFIC_SECRET de80cbf4c520149e10a99c923dab4ef19e15e61d3ed6d5323d800dba84f76413 012be042a22452370860d882af480c9d3b28454fc00658a878326227ecbdf42a
SERVER_HANDSHAKE_TRAFFIC_SECRET de80cbf4c520149e10a99c923dab4ef19e15e61d3ed6d5323d800dba84f76413 071bfd83bc5b28816c9c6f5947bea47ef954d05324cec808d7117e1d2cb22af3
CLIENT_TRAFFIC_SECRET_0 de80cbf4c520149e10a99c923dab4ef19e15e61d3ed6d5323d800dba84f76413 f00d2338b53b361ff379eb4eb5cce688c4e6707907bda1b851ef121a85c78df0
SERVER_TRAFFIC_SECRET_0 de80cbf4c520149e10a99c923dab4ef19e15e61d3ed6d5323d800dba84f76413 ad552061592b23d84a0e91aca8a3dc586d3ad7d6868e772de158570048a53978
CLIENT_HANDSHAKE_TRAFFIC_SECRET 5657edccbbc3698e2297693e003bc724ad45d2526ab777e8787aa57271301891 be0c3445874d6fd10a4140bdcb232d7687d3fc184db14416e409344fb3d4e082
SERVER_HANDSHAKE_TRAFFIC_SECRET 5657edccbbc3698e2297693e003bc724ad45d2526ab777e8787aa57271301891 fd5b7f109db9d6154653e54f0959d1877550ff039cdbdac3b2bdb146badaf9cc
CLIENT_TRAFFIC_SECRET_0 5657edccbbc3698e2297693e003bc724ad45d2526ab777e8787aa57271301891 5511d16023713a942ed0afedd47e4d377b5cb3178ab1f064d7d496523656eb9c
SERVER_TRAFFIC_SECRET_0 5657edccbbc3698e2297693e003bc724ad45d2526ab777e8787aa57271301891 62c3b074534a1f70638b68de2ff58802e138a7deeb409f9c90ee5ccd47c3fd4b
CLIENT_HANDSHAKE_TRAFFIC_SECRET e6f3e2de590936779d9c7491cc63fc3db0a6a4621ff98f15c0e529f3fea9ec18 0edcce89c099b4053671ef0de74bc77e4f00469bdd146ebd35869f235cf9c38c
SERVER_HANDSHAKE_TRAFFIC_SECRET e6f3e2de590936779d9c7491cc63fc3db0a6a4621ff98f15c0e529f3fea9ec18 f2e4b06da2cd438668a7541ff43868f3a62a8a56f3570614d089ee82a2aa8a2c
CLIENT_TRAFFIC_SECRET_0 e6f3e2de590936779d9c7491cc63fc3db0a6a4621ff98f15c0e529f3fea9ec18 2d1662879b501d571ee44243e989b896f6ad25cb9f041484b417a1fe8f1b3f71
SERVER_TRAFFIC_SECRET_0 e6f3e2de590936779d9c7491cc63fc3db0a6a4621ff98f15c0e529f3fea9ec18 98ba78cf894d2498be85ab206a00c72b945175c83ecf0c2557952f22d0753de3
CLIENT_HANDSHAKE_TRAFFIC_SECRET cff8cd467837085dbe0f417f02f9729d9cf731259574715440243eef1c172746 ad3bfe7d6c083225fc4abe47523cda396354ff90e523979b5a9097ed766b2fc4
SERVER_HANDSHAKE_TRAFFIC_SECRET cff8cd467837085dbe0f417f02f9729d9cf731259574715440243eef1c172746 6d0417b9c3aa8f3b813b5b191bf775ed2ae2142c956b421fc92939cc3b9de008
CLIENT_TRAFFIC_SECRET_0 cff8cd467837085dbe0f417f02f9729d9cf731259574715440243eef1c172746 42f01b6d943bbb8e80c0cc5fac2dcc1931e28a449be0f8390bea6162fdb83196
SERVER_TRAFFIC_SECRET_0 cff8cd467837085dbe0f417f02f9729d9cf731259574715440243eef1c172746 d43f230c520226288b4d5f74d20ac1b7005cadb47a302f26f742d036e777dcc4
CLIENT_HANDSHAKE_TRAFFIC_SECRET bcf102426dd8ea58f01ebe5c1383d622cfc9ab3c600b9734dcbbce5e6f5e8980 5d09ec7351cfca55e42e10e62f2e07f0d065bb41e649e3385b10d07cbfa5f298
SERVER_HANDSHAKE_TRAFFIC_SECRET bcf102426dd8ea58f01ebe5c1383d622cfc9ab3c600b9734dcbbce5e6f5e8980 8c42ffa815e941fbfdb2f11ea2dc079d67c80a0339d9b14aa089de493837c8f4
CLIENT_TRAFFIC_SECRET_0 bcf102426dd8ea58f01ebe5c1383d622cfc9ab3c600b9734dcbbce5e6f5e8980 d64705b0814a76df9ea22d28a99e527679c31ef7433ccaab059d9c7e1b9c3986
SERVER_TRAFFIC_SECRET_0 bcf102426dd8ea58f01ebe5c1383d622cfc9ab3c600b9734dcbbce5e6f5e8980 213429de6ebb3b43b1e14ea39da82679545fc9f124635469ea15abe58df01ae5
CLIENT_HANDSHAKE_TRAFFIC_SECRET c8571ddd7b3003de04ef5fb53ee727e336490114e2d131b292839b10079b81aa 422c1fac316538cde7f69cfdf248b8e65fdeb7a7819832b99ce99561cee4928b
SERVER_HANDSHAKE_TRAFFIC_SECRET c8571ddd7b3003de04ef5fb53ee727e336490114e2d131b292839b10079b81aa 09ad34f8dd0bcd805ea14158bc26a040e479929d5ddf49242780d6d630b16d29
CLIENT_TRAFFIC_SECRET_0 c8571ddd7b3003de04ef5fb53ee727e336490114e2d131b292839b10079b81aa 9ae32b2b33d76f88981d72f36f13f5a240dcc8bc0ac7b727e88b82c75566405f
SERVER_TRAFFIC_SECRET_0 c8571ddd7b3003de04ef5fb53ee727e336490114e2d131b292839b10079b81aa 684072c072e9e8743a57987091451a89199bbcaea99da3c4189efa210d929d1b
CLIENT_HANDSHAKE_TRAFFIC_SECRET 0c7da73fd46ba47bc29c2c4a7c88306077cf6f92f772394d902e8cb41d141746 70b77162099476bc8dc59866a97030930a2b291109ce2b79589863eefbf3126f
SERVER_HANDSHAKE_TRAFFIC_SECRET 0c7da73fd46ba47bc29c2c4a7c88306077cf6f92f772394d902e8cb41d141746 3ccd245c299fc068f13763999f9093ca356c6508b69b6022265248cac07b3ad0
CLIENT_TRAFFIC_SECRET_0 0c7da73fd46ba47bc29c2c4a7c88306077cf6f92f772394d902e8cb41d141746 4604331e6837d212620b7e680052d0107226f1fde43e8eeef93f94410d776d21
SERVER_TRAFFIC_SECRET_0 0c7da73fd46ba47bc29c2c4a7c88306077cf6f92f772394d902e8cb41d141746 6ee8d2f2ccd342a666cae257967097bf0997459796870c63ad5d4085c534a0ca
CLIENT_HANDSHAKE_TRAFFIC_SECRET fc28d72f0b5a704f6bbd10dfa72c8fb919ffa5f244974f84591ca3f1faf10cc5 8d30cce5e55624550ef906df7508fc6017549ee985efe9ecc4dcaa5549503d63
SERVER_HANDSHAKE_TRAFFIC_SECRET fc28d72f0b5a704f6bbd10dfa72c8fb919ffa5f244974f84591ca3f1faf10cc5 b5094ce18b3ea0d0d393acfe5b12bb0a3e8afa47e79f19318e0ec7dce22aa26e
CLIENT_TRAFFIC_SECRET_0 fc28d72f0b5a704f6bbd10dfa72c8fb919ffa5f244974f84591ca3f1faf10cc5 7bf07c30f8bfa1a3e4005864b68769de7dd39bf9a2a920fd217b191fe77e7698
SERVER_TRAFFIC_SECRET_0 fc28d72f0b5a704f6bbd10dfa72c8fb919ffa5f244974f84591ca3f1faf10cc5 8ec4302b5b358d8c4848a9439af8efa7835c12366343528cabafe68829f2172b
CLIENT_HANDSHAKE_TRAFFIC_SECRET eca47b9daa59d1b5d0c852bae169e0f8654dddbc26f2be86156905f7f44cc1dc 57e61a98042c926af175010c0e2eb6d2fbcc36b24a95d04446139d93e7a26a28
SERVER_HANDSHAKE_TRAFFIC_SECRET eca47b9daa59d1b5d0c852bae169e0f8654dddbc26f2be86156905f7f44cc1dc d32d4266836c98845a2cc59c6d41ac4a43db79190500a110c6925039e3da004d
CLIENT_TRAFFIC_SECRET_0 eca47b9daa59d1b5d0c852bae169e0f8654dddbc26f2be86156905f7f44cc1dc 4d7219bbad2e3a39680acb79fc2b6e4eec46414ebc896a5ee3a3c99c02d84918
SERVER_TRAFFIC_SECRET_0 eca47b9daa59d1b5d0c852bae169e0f8654dddbc26f2be86156905f7f44cc1dc 76ca577e87fb854aaabe600bac5ce5180c72fa841269253a21dd3575b24d0fe7
CLIENT_HANDSHAKE_TRAFFIC_SECRET 38d8feee481594d6cb86ad821448689437cdc0bb153c3de35b932ede5063329e b6a642783b68e490170f71dca65c0b5158fa67ece0f13f100e0a942fb67506c1
SERVER_HANDSHAKE_TRAFFIC_SECRET 38d8feee481594d6cb86ad821448689437cdc0bb153c3de35b932ede5063329e 481eaab566d5e52348ec434e49b07c50a2e0c39795394b9244ff1ddbf87a64e9
CLIENT_TRAFFIC_SECRET_0 38d8feee481594d6cb86ad821448689437cdc0bb153c3de35b932ede5063329e e0f3477f2314c7aad0c5b9416890f22b14eaa020d7f4c62802f57ff013d50b2c
SERVER_TRAFFIC_SECRET_0 38d8feee481594d6cb86ad821448689437cdc0bb153c3de35b932ede5063329e d7db60720ec532080c26298c4656e6bb94785d66ddd18ea3a80f8f336b73e98f
CLIENT_HANDSHAKE_TRAFFIC_SECRET 590ac3dbf048b19555e9079835ceb997791dfaacb052eae8061681866074b690 9a3150ac32ff294c1542f884e51be56719bcee3b092525df61c6b003230349b0
SERVER_HANDSHAKE_TRAFFIC_SECRET 590ac3dbf048b19555e9079835ceb997791dfaacb052eae8061681866074b690 c15f44dd0094660f2198165dc68e5933d84e38cde4ec76901231e6cbf6940a7d
CLIENT_TRAFFIC_SECRET_0 590ac3dbf048b19555e9079835ceb997791dfaacb052eae8061681866074b690 6239749d83a5ae22426db05472063ecef4f0c7f73cfe34666e66c0b047462989
SERVER_TRAFFIC_SECRET_0 590ac3dbf048b19555e9079835ceb997791dfaacb052eae8061681866074b690 987e2e83173d41071fc8e25bf0a195f50bd06e5343f16c2c9178bd98206da099
CLIENT_HANDSHAKE_TRAFFIC_SECRET 8eb3f1dd9f0956347249607c4f8745374fc459c383c2464c5dbf35273cd0ba75 c6bfc5f27d0410ecb2bfe36e8e70382c43941de91ae243de9b8fdc4b57922740
SERVER_HANDSHAKE_TRAFFIC_SECRET 8eb3f1dd9f0956347249607c4f8745374fc459c383c2464c5dbf35273cd0ba75 6c0527e192ae37332bd2511eade6aac6ba471e098c8bff60dd990e2555a45fe1
CLIENT_TRAFFIC_SECRET_0 8eb3f1dd9f0956347249607c4f8745374fc459c383c2464c5dbf35273cd0ba75 12d7d8a51c85b9faf05ea4cf86a6a0981176bd9e5db2ebe6b94172b2d56e2baa
SERVER_TRAFFIC_SECRET_0 8eb3f1dd9f0956347249607c4f8745374fc459c383c2464c5dbf35273cd0ba75 064a372b404b2e7912d863a18a0694218c90cf970d1ab87fb174bb2fc7b64a53
CLIENT_HANDSHAKE_TRAFFIC_SECRET 9041ec9594c1e1be1bebf0423020707cb64ddcc89c45ee744fd7c14b7d6287e3 82245f54e5a42489ea4da06152f7fc190572b45253db09a8b262dc38b52238ec
SERVER_HANDSHAKE_TRAFFIC_SECRET 9041ec9594c1e1be1bebf0423020707cb64ddcc89c45ee744fd7c14b7d6287e3 fb38a516f45e78b2391251640d671b083f412fe2f9d7711f9aa3450f2c0593a3
CLIENT_TRAFFIC_SECRET_0 9041ec9594c1e1be1bebf0423020707cb64ddcc89c45ee744fd7c14b7d6287e3 d043aafc223432bd1288d7d0809db870a1edb970971d5c293b86c22ba13bfa27
SERVER_TRAFFIC_SECRET_0 9041ec9594c1e1be1bebf0423020707cb64ddcc89c45ee744fd7c14b7d6287e3 d5ee960fcdc565c0340cf524948850f02f9e739d0a571c823f12b53ddbbee742
CLIENT_HANDSHAKE_TRAFFIC_SECRET 7a401e0bc4eb281b70fecc3a7899e7b10f2242b4a5b136c98d926d234fc198e2 2a63f14a1b6d6e2f8b585b7fe5af58fc95c11b5ef3394f8e0f177864d493ce34
SERVER_HANDSHAKE_TRAFFIC_SECRET 7a401e0bc4eb281b70fecc3a7899e7b10f2242b4a5b136c98d926d234fc198e2 210272deb840ebb254207542c966bec1fc0a37221540b1f6d92bd567dc0436ef
CLIENT_TRAFFIC_SECRET_0 7a401e0bc4eb281b70fecc3a7899e7b10f2242b4a5b136c98d926d234fc198e2 320f478cadca93ce6d7b036f21e20ea3834c38129035d1efaea0cf31b6972c15
SERVER_TRAFFIC_SECRET_0 7a401e0bc4eb281b70fecc3a7899e7b10f2242b4a5b136c98d926d234fc198e2 a66dc72221121d5df22ec5da036e105b87ec640c866f256f8796bef88d266aed
CLIENT_HANDSHAKE_TRAFFIC_SECRET 72b3b70103c82cfbc6c57dbccea78a3968bed0fcf4ab8d389c1f148c80dcfbd1 456b3e8bab0172a5a406405b995947ad926be938ff39c6cf0b837c10883281bf
SERVER_HANDSHAKE_TRAFFIC_SECRET 72b3b70103c82cfbc6c57dbccea78a3968bed0fcf4ab8d389c1f148c80dcfbd1 84295d99de66a0954f8452169ef164f9fa70838d9595df434f269617c7d97f30
CLIENT_TRAFFIC_SECRET_0 72b3b70103c82cfbc6c57dbccea78a3968bed0fcf4ab8d389c1f148c80dcfbd1 b1aee9c9157f26c947683d0573c5a48f56e9c88fd53f105f58543cbc1512e1af
SERVER_TRAFFIC_SECRET_0 72b3b70103c82cfbc6c57dbccea78a3968bed0fcf4ab8d389c1f148c80dcfbd1 da6dedeed5147ca94c4ff1287ad8c841f91a293e86c65d5b65fac8fd189974a6
CLIENT_HANDSHAKE_TRAFFIC_SECRET a983516536543f7c0335aafa5d074344a4263a375836f83926c352047d925d6b 9cf02f78e47b99a9135dc574707d33a979cc8fc016fa37e00e471e50b2b74cc3
SERVER_HANDSHAKE_TRAFFIC_SECRET a983516536543f7c0335aafa5d074344a4263a375836f83926c352047d925d6b 256544f7e1b68a5ca5e71495d9b07ebe4035fc48f7f111a9cbf794e6633800ae
CLIENT_TRAFFIC_SECRET_0 a983516536543f7c0335aafa5d074344a4263a375836f83926c352047d925d6b 50b80c12eaf115d6e646571903ba95ae893d6c76f277110e0ab74aa9a162db82
SERVER_TRAFFIC_SECRET_0 a983516536543f7c0335aafa5d074344a4263a375836f83926c352047d925d6b 2a20886ae6bdd7729786526ee44173a8761ec27815d75251951c501c337cb7aa
CLIENT_HANDSHAKE_TRAFFIC_SECRET b7b50c970fcc7d0557dcc1fe08ca906ed643b4e93d1c9213311ff6e27efd71bb 484edd3b0437dd76a6478e90c011245de28789370d3c7cacbfca98c6228a9f80
SERVER_HANDSHAKE_TRAFFIC_SECRET b7b50c970fcc7d0557dcc1fe08ca906ed643b4e93d1c9213311ff6e27efd71bb 7373bd4dd2d4e1e36128cebbeb2bcde0eaaccdf5952b4c29badbba280d14d934
CLIENT_TRAFFIC_SECRET_0 b7b50c970fcc7d0557dcc1fe08ca906ed643b4e93d1c9213311ff6e27efd71bb 27a002a81962ccff4ea477e13d1497bdd2be62e8f388ddd71ee4315446e34902
SERVER_TRAFFIC_SECRET_0 b7b50c970fcc7d0557dcc1fe08ca906ed643b4e93d1c9213311ff6e27efd71bb b1f120ac4d774b1ae5812203888912fd08dc011d81e554977ad19fd2237f44f9
CLIENT_HANDSHAKE_TRAFFIC_SECRET 45c5175a9f9f150730d16a72e2e4e6b6e36aeca473c04e3909684c324116300d 8334054d40da8d3ab37166864f7b600124da9faac40e28af110df5fdfbc52e31
SERVER_HANDSHAKE_TRAFFIC_SECRET 45c5175a9f9f150730d16a72e2e4e6b6e36aeca473c04e3909684c324116300d 91149dd30f6f5e871a210039cbc15992b75b14a88c402f3521c21c63d05581e1
CLIENT_TRAFFIC_SECRET_0 45c5175a9f9f150730d16a72e2e4e6b6e36aeca473c04e3909684c324116300d 23f2e2bc00c1282c3fd9fad292085fe308d63a9ae5e8d3a3bfe39bff0ae2c9f5
SERVER_TRAFFIC_SECRET_0 45c5175a9f9f150730d16a72e2e4e6b6e36aeca473c04e3909684c324116300d f409dc996929c4874e043fdcf75a56a1f94deb623a62f85710c5d3ef3da3ba5a
CLIENT_HANDSHAKE_TRAFFIC_SECRET a4472852d94b94cca2eb9a53be0a1a9f8b425f06ab39231ce5198409b7ef4117 ec754b8c75e1718767f3d4ef20ff2a06f0a243c42cfcb14e968fe142ac0a9ddd
SERVER_HANDSHAKE_TRAFFIC_SECRET a4472852d94b94cca2eb9a53be0a1a9f8b425f06ab39231ce5198409b7ef4117 ef0d86c132a4c016c57d01c36243514bbafbb7f63cd7bbb3bc2a5ce7438eece2
CLIENT_TRAFFIC_SECRET_0 a4472852d94b94cca2eb9a53be0a1a9f8b425f06ab39231ce5198409b7ef4117 94562316c37aa32f1158c0c68d5a477dab07ea568ecfa0a60bcc4d2be1c5c20a
SERVER_TRAFFIC_SECRET_0 a4472852d94b94cca2eb9a53be0a1a9f8b425f06ab39231ce5198409b7ef4117 5db374dc638c0d085a129c79b925033fc371d586b9c7774a2918fe01ff0e6e4f
CLIENT_HANDSHAKE_TRAFFIC_SECRET 60117540524974ee6ca8b5df7c917225086027e167b5e1558180154c7e052c6c 9602b627bf9f45cecac0a0ad05bb9348af4b3ff0c7f27d8d7570ae00fcb95ae6
SERVER_HANDSHAKE_TRAFFIC_SECRET 60117540524974ee6ca8b5df7c917225086027e167b5e1558180154c7e052c6c 22beee8c24dba5a30b349e6ad3e4fba69e11f859a750b2cf2aba0cf848a870a3
CLIENT_TRAFFIC_SECRET_0 60117540524974ee6ca8b5df7c917225086027e167b5e1558180154c7e052c6c eeb48b8cca728146031cc671a35b85fa58203fef1ac195a6e85d82a7335c9754
SERVER_TRAFFIC_SECRET_0 60117540524974ee6ca8b5df7c917225086027e167b5e1558180154c7e052c6c 18db07829d8a9e340c3f05d214feb7927c6aed6728e727e2894061ddd7491dc8
CLIENT_HANDSHAKE_TRAFFIC_SECRET 0c0785468ec730396b9e89515dc449de777820035cd47decbf009de5dee1607a 47e18cbb5cb583fd7b24acafe16437ecf6271da13169d93839066ed9f5cd3746
SERVER_HANDSHAKE_TRAFFIC_SECRET 0c0785468ec730396b9e89515dc449de777820035cd47decbf009de5dee1607a b32c3a02971aec89406695006b9b5a4adc7df97d2d5adcdd328eaa8a180c9fef
CLIENT_TRAFFIC_SECRET_0 0c0785468ec730396b9e89515dc449de777820035cd47decbf009de5dee1607a 9b9dde27590488b92641374494a1f8901b16680bf7d23d21aa280ac8524121dd
SERVER_TRAFFIC_SECRET_0 0c0785468ec730396b9e89515dc449de777820035cd47decbf009de5dee1607a 6acaebd154a3d5b66032ed67c2c77ee3dcd000f9a3f6f0104d2151ab6cdcb3b0
CLIENT_HANDSHAKE_TRAFFIC_SECRET 0bbcc9c6e1d6719946770789f8c68f01a0c4dc658fed59dc984c5b46937a2825 5f9597b808bf69767a0429302ef7ca5489043848b7494441064b6d47c5df7024
SERVER_HANDSHAKE_TRAFFIC_SECRET 0bbcc9c6e1d6719946770789f8c68f01a0c4dc658fed59dc984c5b46937a2825 958a587bd82ee9b568a22660ab1f2ab22fba11022c62fdb9c9014b53fa3174bc
CLIENT_TRAFFIC_SECRET_0 0bbcc9c6e1d6719946770789f8c68f01a0c4dc658fed59dc984c5b46937a2825 05cc8f1131bd0ba7ee25dd24086418ed4f93ace06cf0eb407d220e8ee64383d8
SERVER_TRAFFIC_SECRET_0 0bbcc9c6e1d6719946770789f8c68f01a0c4dc658fed59dc984c5b46937a2825 8773da297d671fcddf5a03c2205f5414d2d6408e7a233e804e9ad37c342ddcb0
CLIENT_HANDSHAKE_TRAFFIC_SECRET 61c773ee9d550cecd5a440360ab0642e0da459f391607584aaf97cb58ed4ccb2 bf84deb0155b5ce4dc818a23de4f2ca4e5811c9ec4c2025a991b08b1bc74a6b3
SERVER_HANDSHAKE_TRAFFIC_SECRET 61c773ee9d550cecd5a440360ab0642e0da459f391607584aaf97cb58ed4ccb2 2ff589aacec512b589d2d75ee61d892c91a47789c2b82608af02b9e046b519be
CLIENT_TRAFFIC_SECRET_0 61c773ee9d550cecd5a440360ab0642e0da459f391607584aaf97cb58ed4ccb2 b0ab1037d4b31fa154da7243cb432a55bb0ff63045b5ab8568a3aabad6dd97b5
SERVER_TRAFFIC_SECRET_0 61c773ee9d550cecd5a440360ab0642e0da459f391607584aaf97cb58ed4ccb2 edb99bfd23aaaee3c19782c9108fd7ab0ac3dc85647bc69a7c9923c0d1a28cf3
CLIENT_HANDSHAKE_TRAFFIC_SECRET 852bfbeb08733271ee70fc2c4e4c83e0f5bedcc1fef3df5fb2707ec882437f7c 63faae1fd7b344a91aaf2af66044b7ce8800ecfe3ae298e3726397ef159bb02d
SERVER_HANDSHAKE_TRAFFIC_SECRET 852bfbeb08733271ee70fc2c4e4c83e0f5bedcc1fef3df5fb2707ec882437f7c d0f5d09277df4056e66f8c3524aa11c0efe5fb62b8f6bdeb76e8f45d1c78ad14
CLIENT_TRAFFIC_SECRET_0 852bfbeb08733271ee70fc2c4e4c83e0f5bedcc1fef3df5fb2707ec882437f7c aad97c386dac6cb57fa8cd95a3c2a913abc0ea43445cbef39663eb6929bf5732
SERVER_TRAFFIC_SECRET_0 852bfbeb08733271ee70fc2c4e4c83e0f5bedcc1fef3df5fb2707ec882437f7c 0159f2d4978800eaac44baeb68144fa1061feb3b7c97aa158115888b6c822b41
CLIENT_HANDSHAKE_TRAFFIC_SECRET a7d69e4479250f7d307c2ff5a9abb3ada183f977289ff80c4fc9c1c180b289bb c12074bb764355431269d349941da008e3e184d490990ad12a853304b85d8191
SERVER_HANDSHAKE_TRAFFIC_SECRET a7d69e4479250f7d307c2ff5a9abb3ada183f977289ff80c4fc9c1c180b289bb 5f74b28516471a94389986aaf7d76fc37d71fbc516dd19a9438aaac66c2d58e0
CLIENT_TRAFFIC_SECRET_0 a7d69e4479250f7d307c2ff5a9abb3ada183f977289ff80c4fc9c1c180b289bb 863a84ae19ca50a4388af3458732798007f8b5db4623ad28ee29024d797a70b6
SERVER_TRAFFIC_SECRET_0 a7d69e4479250f7d307c2ff5a9abb3ada183f977289ff80c4fc9c1c180b289bb 9f78341725efd6d4fbdf04eeb06cbfde79433ff482320dd7dec1f63a8a255cf8
CLIENT_HANDSHAKE_TRAFFIC_SECRET 0eafb4fafa9c0a3229784e6ded9e43caff1fe518fa2c1bb646977724a13919d5 fafad350aa8f54b3b6e3e621a829f73590a2846879885889c9dbe90a9dcd1541
SERVER_HANDSHAKE_TRAFFIC_SECRET 0eafb4fafa9c0a3229784e6ded9e43caff1fe518fa2c1bb646977724a13919d5 cf69c5bd9da595f277d7d55ed281144ed2c54d3d10519bd9476a6c7044593922
CLIENT_TRAFFIC_SECRET_0 0eafb4fafa9c0a3229784e6ded9e43caff1fe518fa2c1bb646977724a13919d5 79746a801752bdc64d5edabafaad53cfd8daf7d166219e77418eeb905109cc60
SERVER_TRAFFIC_SECRET_0 0eafb4fafa9c0a3229784e6ded9e43caff1fe518fa2c1bb646977724a13919d5 b45f92cc3a625ecf29fbfc0a3969dd0fd923768f11b062374b530769cc2156b0
CLIENT_HANDSHAKE_TRAFFIC_SECRET 7abe653bf6c4e99a0d20eebd318ee9a2f014bd8f3d56876f9ac275a40bdc11cb f12f3695f4fd15bbd3da919ab5479448127321228b3bd72cf5871faf6916bdf1
SERVER_HANDSHAKE_TRAFFIC_SECRET 7abe653bf6c4e99a0d20eebd318ee9a2f014bd8f3d56876f9ac275a40bdc11cb ca55aa6b854437b2253840b79d7013a93e6e6b4f148b9810a8be7a81928fa27b
CLIENT_TRAFFIC_SECRET_0 7abe653bf6c4e99a0d20eebd318ee9a2f014bd8f3d56876f9ac275a40bdc11cb fea3fa0f762881bf9e355732df984cf58bfb35ac6149aab1a2e5d3ec05a55545
SERVER_TRAFFIC_SECRET_0 7abe653bf6c4e99a0d20eebd318ee9a2f014bd8f3d56876f9ac275a40bdc11cb f10c39500878dbd8322852493f4fcfb14bbfd1c33a99a44ed23612140cdc290b
CLIENT_HANDSHAKE_TRAFFIC_SECRET f473ab11b8ae08be6f7eb986553690c8984e34b687ba59ee729fc61a751a1f66 0b1e0808b84cac6c98a94c0c64c8634f1ad6019519d4198ef09f0cd54f13b881
SERVER_HANDSHAKE_TRAFFIC_SECRET f473ab11b8ae08be6f7eb986553690c8984e34b687ba59ee729fc61a751a1f66 ec0c0841dd4379d6355ca7b8b8d692dad270dac3a520490ddfb7110d266990f3
CLIENT_TRAFFIC_SECRET_0 f473ab11b8ae08be6f7eb986553690c8984e34b687ba59ee729fc61a751a1f66 c7ddf86fd10c86dce3b2a44071a0e96d19d0beaaed481eb97851cc7449c171d8
SERVER_TRAFFIC_SECRET_0 f473ab11b8ae08be6f7eb986553690c8984e34b687ba59ee729fc61a751a1f66 e8d5f9dc023070e1a46c2e6eeb58559c66b619b5df60351015e6fb0994fca5b5
CLIENT_HANDSHAKE_TRAFFIC_SECRET e61d33b6b7428b9e44e87099879660790d4dc4e3eb03edc34a0b7fce9d6ca9bf e4151d027b631fa0f6ce493c7b72bedd01005bf4200d26369724bcc272085c86
SERVER_HANDSHAKE_TRAFFIC_SECRET e61d33b6b7428b9e44e87099879660790d4dc4e3eb03edc34a0b7fce9d6ca9bf 4825d7ae149006cb9f7852e3477038a8cf003fc4646608f8d6dce353ea54d34b
CLIENT_TRAFFIC_SECRET_0 e61d33b6b7428b9e44e87099879660790d4dc4e3eb03edc34a0b7fce9d6ca9bf 430a01ca6afd9160cb436711d10521de04c9b8258201020f1ac36c5cf443d9bb
SERVER_TRAFFIC_SECRET_0 e61d33b6b7428b9e44e87099879660790d4dc4e3eb03edc34a0b7fce9d6ca9bf 7cfc3abaab2f585306882d8ce87353098b24a85b20cfc7beb216f6e70ee8e4cb
CLIENT_HANDSHAKE_TRAFFIC_SECRET 77ff86007464e47227e1c834a68aee713fd97626604352fc088cd71c5d5a8a1e 8f1873cbb2888156a3ca3cf6d9bb450dad15d7d93b0baec68798c034a6f1a896
SERVER_HANDSHAKE_TRAFFIC_SECRET 77ff86007464e47227e1c834a68aee713fd97626604352fc088cd71c5d5a8a1e 66f778f53aa1edd3ac2966b3ab7e96100e4294e2d8f63905f66d65ec7dda078f
CLIENT_TRAFFIC_SECRET_0 77ff86007464e47227e1c834a68aee713fd97626604352fc088cd71c5d5a8a1e af5507d0cdc2b1dcb1451e0472b8230fe8d214d7393429c382c6460aeaa29430
SERVER_TRAFFIC_SECRET_0 77ff86007464e47227e1c834a68aee713fd97626604352fc088cd71c5d5a8a1e d337928af6cb677cfbb3b26447e43a3ab0b86f5830d52631497ef3234b9ee87f
CLIENT_HANDSHAKE_TRAFFIC_SECRET 54434b48f852d42d49867d03d446a68d969520cc00a0514484d1781483a3273c acff0b4af6e4aef825823f5bb90dd56f30ebe51b0c5450130c02eca94db1c8c6
SERVER_HANDSHAKE_TRAFFIC_SECRET 54434b48f852d42d49867d03d446a68d969520cc00a0514484d1781483a3273c 96b7569748ea09755b27e74949207133ecc3093901b179b8028d12675671fcf6
CLIENT_TRAFFIC_SECRET_0 54434b48f852d42d49867d03d446a68d969520cc00a0514484d1781483a3273c c0858dcb22709ab31cc49c467669d67d6a42518572495b0a08c7993105135991
SERVER_TRAFFIC_SECRET_0 54434b48f852d42d49867d03d446a68d969520cc00a0514484d1781483a3273c 39b451522f12b1f01d4b9ebd80a6b40d5b81ab1ccb36d9961f4fdb3963f4a16b
CLIENT_HANDSHAKE_TRAFFIC_SECRET 5457b48cc407793394234f9fd8f36d92e9bed9d3051d6e6ddfcc16098d961a88 f20f322faa4813f72d41518e0de987ace50b0929e3b5fa45888e6f61b014c950
SERVER_HANDSHAKE_TRAFFIC_SECRET 5457b48cc407793394234f9fd8f36d92e9bed9d3051d6e6ddfcc16098d961a88 37afc0d8c4f445535dd4e831c217e85f33bc00af7611e35e52e961fb9d8baa52
CLIENT_TRAFFIC_SECRET_0 5457b48cc407793394234f9fd8f36d92e9bed9d3051d6e6ddfcc16098d961a88 6acfa989e143b3e1ae0f92cbf018e07bc7675f1a9f9ec5a6eee5d9d9cbd0a659
SERVER_TRAFFIC_SECRET_0 5457b48cc407793394234f9fd8f36d92e9bed9d3051d6e6ddfcc16098d961a88 5365174a2a895018af5e322d298a96028cccb7b0b67a1fffee0001bdb17c6b7c
CLIENT_HANDSHAKE_TRAFFIC_SECRET c6e12d45f899c43aa3837f529c0994d235172460cbf07953fdc9c6490d2ba31c 3da5a80fbe105cafbe57fb47cc3d4016168909ad40ee34165770002f56a4507d
SERVER_HANDSHAKE_TRAFFIC_SECRET c6e12d45f899c43aa3837f529c0994d235172460cbf07953fdc9c6490d2ba31c 25d5492c5e8985624746d4c9bfaebd6fb8ebff10681830933bf118774e1d8505
CLIENT_TRAFFIC_SECRET_0 c6e12d45f899c43aa3837f529c0994d235172460cbf07953fdc9c6490d2ba31c 11db4ff7ac818536e57c2c275607c8f2d92400e1a488a1b9299506f94c46e7a3
SERVER_TRAFFIC_SECRET_0 c6e12d45f899c43aa3837f529c0994d235172460cbf07953fdc9c6490d2ba31c 8c80b36165ccd7fc918d70dbc28d904c1d7c08d41a5ad2cdf90563458a9a8b88
CLIENT_HANDSHAKE_TRAFFIC_SECRET 619e0b4b59068066049490fd6c3f03f1da930764a2e6e3faa3fb6908a17d84c2 44005aa7fb17f446c6e351b4e393125ea9cc676d3ced5a18a3823216d2832e3d
SERVER_HANDSHAKE_TRAFFIC_SECRET 619e0b4b59068066049490fd6c3f03f1da930764a2e6e3faa3fb6908a17d84c2 a94785f5b38ab3186eb5c67aed26d49657124a6dad9e5a5807d44f0fd9a489fc
CLIENT_TRAFFIC_SECRET_0 619e0b4b59068066049490fd6c3f03f1da930764a2e6e3faa3fb6908a17d84c2 262e1fec5831f158e18438266102ec02ea04b1b43da3fb389d4417ffd23c7b06
SERVER_TRAFFIC_SECRET_0 619e0b4b59068066049490fd6c3f03f1da930764a2e6e3faa3fb6908a17d84c2 c7f391d338eb08564d6652aff6f8c9337c2b6109426f9e40821728c16eed45ce
CLIENT_HANDSHAKE_TRAFFIC_SECRET 58ec7d8768834388d43ef1d44b5076fc6d40f89f9a05e291f36571e711519ed5 2412e81cf8e2aeb05863cad379f425cfd77deaf9a887d374566722159af401ea
SERVER_HANDSHAKE_TRAFFIC_SECRET 58ec7d8768834388d43ef1d44b5076fc6d40f89f9a05e291f36571e711519ed5 39e5b7346d3bd503844c6edd3eee32f9b3fca7017b63cd68dd08ff3d8a81876c
CLIENT_TRAFFIC_SECRET_0 58ec7d8768834388d43ef1d44b5076fc6d40f89f9a05e291f36571e711519ed5 7f3b608b832943535805367c2b62ddd5fdabc00980852ab27ac48d65a37914c3
SERVER_TRAFFIC_SECRET_0 58ec7d8768834388d43ef1d44b5076fc6d40f89f9a05e291f36571e711519ed5 70f51c04293e0106bd2af44db40804e6318b88e29c7412889ae4d6b116f7302d
CLIENT_HANDSHAKE_TRAFFIC_SECRET ef53e9105ab8f559a5c1194d414468e82040291d7c9a134012dcc413bf615bc7 d214566d407e32f0376a3adc7709061b968fbf25d37e032c7eea6a69e946c9c1
SERVER_HANDSHAKE_TRAFFIC_SECRET ef53e9105ab8f559a5c1194d414468e82040291d7c9a134012dcc413bf615bc7 15a9300c055e4af9659ebe76b8054ea8fa04c7ebf462aff2a4e4ad8d72eca223
CLIENT_TRAFFIC_SECRET_0 ef53e9105ab8f559a5c1194d414468e82040291d7c9a134012dcc413bf615bc7 23531677c15e39b9af9a26dfc44cf09eb19cc8f97ab200e743afe7b37255d759
SERVER_TRAFFIC_SECRET_0 ef53e9105ab8f559a5c1194d414468e82040291d7c9a134012dcc413bf615bc7 ca1dbefdb9c20fd35607781ed6203bfb07618826e9831898fa45269ad506ba20
CLIENT_HANDSHAKE_TRAFFIC_SECRET 17de03d4eff691283de17ff4601ee20cf091fa119a42cfb7d4b2086c8fdcd0ad b1a9d80f4d0d39a3f6916ebf0568bd40b481d1399dd95e9e5b570520884d64fa
SERVER_HANDSHAKE_TRAFFIC_SECRET 17de03d4eff691283de17ff4601ee20cf091fa119a42cfb7d4b2086c8fdcd0ad 9db3525722888137757609220cae0b16e98fb45ed51eb8af77fae2631050d070
CLIENT_TRAFFIC_SECRET_0 17de03d4eff691283de17ff4601ee20cf091fa119a42cfb7d4b2086c8fdcd0ad 0de5a26fbc656efbb0bcbc838bc3eaa69fb16819a69cb3e867cad107b7d4f608
SERVER_TRAFFIC_SECRET_0 17de03d4eff691283de17ff4601ee20cf091fa119a42cfb7d4b2086c8fdcd0ad de03510151ab9db04329bcd2b580e1e0855a43239c8cf8aaa607cc43a30a48dc
CLIENT_HANDSHAKE_TRAFFIC_SECRET fe73be8b9ff391eb1b3ac1eadbac5f36927a5a86241010c18afcf969ece723cc 95a2b3821aff7a9f9db48867bff934155d6a482787369224d3a9c5f22a2022b5
SERVER_HANDSHAKE_TRAFFIC_SECRET fe73be8b9ff391eb1b3ac1eadbac5f36927a5a86241010c18afcf969ece723cc 34e6abd33fc89709ee51d27047117cd86bd6bb6fa07d3754ffca5c6c8f6a2856
CLIENT_TRAFFIC_SECRET_0 fe73be8b9ff391eb1b3ac1eadbac5f36927a5a86241010c18afcf969ece723cc 22e85138a47ad59ee382754dbd4dce2cac23a48feb04f5b65983fa98e1c7bc0d
SERVER_TRAFFIC_SECRET_0 fe73be8b9ff391eb1b3ac1eadbac5f36927a5a86241010c18afcf969ece723cc 70c2099393388f9cf741996531a088337fa4ad99b729de48cf9ea2403d50aa35
CLIENT_HANDSHAKE_TRAFFIC_SECRET 20e0964ad095f3c45fca1c1b8e3b8ea83d230f97c07eca8128ecf4299d5fc3a1 c9b681356d7b271e3c206d89da03e273275a1db4e8a277e6e31cb731f22ba4ff
SERVER_HANDSHAKE_TRAFFIC_SECRET 20e0964ad095f3c45fca1c1b8e3b8ea83d230f97c07eca8128ecf4299d5fc3a1 759b0a2990e6aa16976d113ab5481803ba9665ca682fa2b6c32a1603fb6895da
CLIENT_TRAFFIC_SECRET_0 20e0964ad095f3c45fca1c1b8e3b8ea83d230f97c07eca8128ecf4299d5fc3a1 c09046958b9372912d9007aa4dbecdde0d49b35e2d51110272645d261e6d8c08
SERVER_TRAFFIC_SECRET_0 20e0964ad095f3c45fca1c1b8e3b8ea83d230f97c07eca8128ecf4299d5fc3a1 831902b39a6d3843df8102f5d15a1a1d3697911b42136c40acff145656abd287
CLIENT_HANDSHAKE_TRAFFIC_SECRET eb05fcbe23b30ed475267054997d5159c57fc7982531b7ffc89ca22008be0e0f 55e02b21ac399e5377ed7d766605080c114e426e306e8979eaf9d56e2085a1cb
SERVER_HANDSHAKE_TRAFFIC_SECRET eb05fcbe23b30ed475267054997d5159c57fc7982531b7ffc89ca22008be0e0f 48c7a58af04ee82e1ff461dac8bc98805c7b5e9070dc814e265946ca77548022
CLIENT_TRAFFIC_SECRET_0 eb05fcbe23b30ed475267054997d5159c57fc7982531b7ffc89ca22008be0e0f f6393f1acbc0bcfd0b1a0e149ae6d226ca095c126d84395f027b61c732c516ba
SERVER_TRAFFIC_SECRET_0 eb05fcbe23b30ed475267054997d5159c57fc7982531b7ffc89ca22008be0e0f 428faf7ca4bc7cf0148ce2d6cee55cfcfd7a4900b068e9d65dcd1c03e132a8d1
CLIENT_HANDSHAKE_TRAFFIC_SECRET 0b1b8b22481b2c71dca239c7d3702f732c3218d865a89ab0ad70da7ce7564fb1 c0604ee6c693b77ed0916c224100a141693602b82a7754ae0c2aae53db4b7a36
SERVER_HANDSHAKE_TRAFFIC_SECRET 0b1b8b22481b2c71dca239c7d3702f732c3218d865a89ab0ad70da7ce7564fb1 6ded2b208ebef8e60818db8248a4fbe7a565597fa30ddfab19b97b4d0f71d65f
CLIENT_TRAFFIC_SECRET_0 0b1b8b22481b2c71dca239c7d3702f732c3218d865a89ab0ad70da7ce7564fb1 84a61819b63a8eb0ef7cc0fe61959e63a6a976c26f624fa934f021096dc97572
SERVER_TRAFFIC_SECRET_0 0b1b8b22481b2c71dca239c7d3702f732c3218d865a89ab0ad70da7ce7564fb1 c8ced76dbf2631da33b7bb4ca952c59296a2cc09ff166b22676e679af9968d84
CLIENT_HANDSHAKE_TRAFFIC_SECRET a710beec8fd7baa321cbaf77cc337c5d44380e545a0918683400f90a15bd2871 8b29dc2f7af33cdebcaf9ec200bda002d761a6406d83bc5f65f5f5ff384cd0af
SERVER_HANDSHAKE_TRAFFIC_SECRET a710beec8fd7baa321cbaf77cc337c5d44380e545a0918683400f90a15bd2871 a5c9518dc1d5df52f883040b8afbfe1a947574c6b7082ef01b16876f1373ce62
CLIENT_TRAFFIC_SECRET_0 a710beec8fd7baa321cbaf77cc337c5d44380e545a0918683400f90a15bd2871 d51398ed570edcf78e3618d94377cc03b851da58b354f0f2a271fed4e6699f7e
SERVER_TRAFFIC_SECRET_0 a710beec8fd7baa321cbaf77cc337c5d44380e545a0918683400f90a15bd2871 64b4884a8528d4f23f00a711453faabc8266cf729b708dfc1c7fa312f3747fe2
CLIENT_HANDSHAKE_TRAFFIC_SECRET b72cbde874590cd0414998b7c254bd78483016f5e431135ea56d492dcd104d18 bf80a1d38f7e515806ff3a0123b5a655e9bdfbcec4f4e6d10b649ec6f9a474ee
SERVER_HANDSHAKE_TRAFFIC_SECRET b72cbde874590cd0414998b7c254bd78483016f5e431135ea56d492dcd104d18 73c7de46037e2315099afd6dbb4bcfbf7f11656f92d7bd20498575af7df1422d
CLIENT_TRAFFIC_SECRET_0 b72cbde874590cd0414998b7c254bd78483016f5e431135ea56d492dcd104d18 f68bc769e4223daddaf43033b9c1bf221b78b49d97ac89db870ab4c15236cf9f
SERVER_TRAFFIC_SECRET_0 b72cbde874590cd0414998b7c254bd78483016f5e431135ea56d492dcd104d18 0a90e04347374ca3a923763d7ca0090049f5c771c9cd34b5803e71b195174804
CLIENT_HANDSHAKE_TRAFFIC_SECRET a6d359efada6f5efaaf37edbaff12293c52e5b3500e69e23ed4c22394e0890ac 87a36c8251d95aac1a905c0b9e1a1e88336b1db9829b840c8d5fdc321aa5a2d7
SERVER_HANDSHAKE_TRAFFIC_SECRET a6d359efada6f5efaaf37edbaff12293c52e5b3500e69e23ed4c22394e0890ac 88f4dc639052c3feeb4956b95793edecf46c77a4eae222408be6517ebc26e4e6
CLIENT_TRAFFIC_SECRET_0 a6d359efada6f5efaaf37edbaff12293c52e5b3500e69e23ed4c22394e0890ac e9fd9d6d9fc36ba0e382f7cdb126a547cc83119bbc57e08f02c0861fa2135130
SERVER_TRAFFIC_SECRET_0 a6d359efada6f5efaaf37edbaff12293c52e5b3500e69e23ed4c22394e0890ac cf29e142d3a3a24bfe1fc9ddf9aa595ecd5304b5ca870a535a50327c3e5c048c
CLIENT_HANDSHAKE_TRAFFIC_SECRET 8d3f83d30a8fa4893b0e399ee95e67a0c47e7937f71c16723af8c61ecd84dd72 3152ea413585f9282741594a108572b97a6d6e6d6de0f1339e7aa051f99770e9
SERVER_HANDSHAKE_TRAFFIC_SECRET 8d3f83d30a8fa4893b0e399ee95e67a0c47e7937f71c16723af8c61ecd84dd72 8f5e384e2c23cfce976cafc62ac7d01d59e219d128d3da278e09b084621686c3
CLIENT_TRAFFIC_SECRET_0 8d3f83d30a8fa4893b0e399ee95e67a0c47e7937f71c16723af8c61ecd84dd72 db0a032cc0a6f5567a75b09fe43f9691305a83b3734d82219af4f3d705045342
SERVER_TRAFFIC_SECRET_0 8d3f83d30a8fa4893b0e399ee95e67a0c47e7937f71c16723af8c61ecd84dd72 2f1ae7351f2d12b49b462a279f2462efc38c6c6225f29c5b2f9398ded6b3fe7e
CLIENT_HANDSHAKE_TRAFFIC_SECRET 8c1779fc650d19e1159b03453975bf66610d2e90da3d1f6303b981fac18b5983 204bebe7c8f89d0735923bb8627226e86a812db93c3f008db92ad92a36dd050c
SERVER_HANDSHAKE_TRAFFIC_SECRET 8c1779fc650d19e1159b03453975bf66610d2e90da3d1f6303b981fac18b5983 ab1f2edcb5b3839d98d66f08d113f7315ca312dc9360994876239f7420f1f0f4
CLIENT_TRAFFIC_SECRET_0 8c1779fc650d19e1159b03453975bf66610d2e90da3d1f6303b981fac18b5983 5410e31e52e120146f253b9861bcbc3c47f8d4b63e600051d37487eab1553539
SERVER_TRAFFIC_SECRET_0 8c1779fc650d19e1159b03453975bf66610d2e90da3d1f6303b981fac18b5983 065e0c5fb19b76e58c3054e73e4d485a924da1c10f99519fe289515bdef1469d
CLIENT_HANDSHAKE_TRAFFIC_SECRET 0fdc56e2ae1b2c2348924105c008163a9211564285bc745d47b764da4ba15552 ed24254ce6ca195fe9de2b154e74c39f3f6431defe4fd00561c374dfc5ccb80e
SERVER_HANDSHAKE_TRAFFIC_SECRET 0fdc56e2ae1b2c2348924105c008163a9211564285bc745d47b764da4ba15552 b02ba2e8597d76723a1966fb889d2d22c869e947424b05dc2b6c8727aaafb907
CLIENT_TRAFFIC_SECRET_0 0fdc56e2ae1b2c2348924105c008163a9211564285bc745d47b764da4ba15552 402f58a2b251b90f7e4c8f7bfb9205feb454561e4c8192db50565e6def19bd07
SERVER_TRAFFIC_SECRET_0 0fdc56e2ae1b2c2348924105c008163a9211564285bc745d47b764da4ba15552 4453035bf6bbefe15b76bfe82c4c0110ef549a09a52654790100fb38cf705bcf
CLIENT_HANDSHAKE_TRAFFIC_SECRET 83728500751962df2b86da9b1564e6260c3d0c24d88f93954b58249dd2c6bef8 f298d984c94900b5aa6c8055446adfb6de56361d58e875265f65bcad1f2e0dc3
SERVER_HANDSHAKE_TRAFFIC_SECRET 83728500751962df2b86da9b1564e6260c3d0c24d88f93954b58249dd2c6bef8 e47a79ea322a79873cafa84ff8478b6acaa76316fb2800c0283cb834bb72bdae
CLIENT_TRAFFIC_SECRET_0 83728500751962df2b86da9b1564e6260c3d0c24d88f93954b58249dd2c6bef8 2227fa72feeda44305e7411415dfa1b14c6746f7152023e3f000af39dbe5f3e4
SERVER_TRAFFIC_SECRET_0 83728500751962df2b86da9b1564e6260c3d0c24d88f93954b58249dd2c6bef8 1e2df3382f8278012e46835cd3803b5e84e7bee1f0289bde4b1eb947af062237
CLIENT_HANDSHAKE_TRAFFIC_SECRET 5426d9d546bf6230af2375d0a301c0bd6394579d84f0eac1b86cfba24fcf489a 1baafbba329d829f3bca813a6d47488ca08565ae5caad06a309384d4326f9d4c
SERVER_HANDSHAKE_TRAFFIC_SECRET 5426d9d546bf6230af2375d0a301c0bd6394579d84f0eac1b86cfba24fcf489a 83b36aae0f19da7188fa6ce47b36fbccdb03ed97d149f0fd49b6ed63efdf8c2a
CLIENT_TRAFFIC_SECRET_0 5426d9d546bf6230af2375d0a301c0bd6394579d84f0eac1b86cfba24fcf489a a76bbd2973a989b58fc62548e40bf6827a0a0bc81214e88c15db5a9dca4b8ee2
SERVER_TRAFFIC_SECRET_0 5426d9d546bf6230af2375d0a301c0bd6394579d84f0eac1b86cfba24fcf489a e6809392e317359673fbb6f3ac0b4cadf3a47d93d04748468ab30373f85a8d73
CLIENT_HANDSHAKE_TRAFFIC_SECRET ca1ea080baa09247eeeb2d5148437c49d4611247f2d86309ab139fc9b1bb53bb 9d566e38bf933dd8207821021b66de1838a19520751a733f846cfe869c1f04dc
SERVER_HANDSHAKE_TRAFFIC_SECRET ca1ea080baa09247eeeb2d5148437c49d4611247f2d86309ab139fc9b1bb53bb f048cfa82a32b7c03df1903428dbb97b5df407e98875df414840c248998ba9a2
CLIENT_TRAFFIC_SECRET_0 ca1ea080baa09247eeeb2d5148437c49d4611247f2d86309ab139fc9b1bb53bb e10350f51db110f6269642a1037b409cd565b09ac075f0ee436f446a94c88c36
SERVER_TRAFFIC_SECRET_0 ca1ea080baa09247eeeb2d5148437c49d4611247f2d86309ab139fc9b1bb53bb 5525517225c483464827d17c9b13da603661820a5daf086fb3d93c6da1bd9bb2
CLIENT_HANDSHAKE_TRAFFIC_SECRET 5779797d3c9bd56ce6400de5cae3082ddcd9c2d22d6b0f2dd1cbccbe149f10da fcdcda65298aac25628745f53761150142d51f55b901636d714fef1e6d74454c
SERVER_HANDSHAKE_TRAFFIC_SECRET 5779797d3c9bd56ce6400de5cae3082ddcd9c2d22d6b0f2dd1cbccbe149f10da 7b170c7e4247a756395570137f6c5a7ff2548b117dbfe25156ed112a92589242
CLIENT_TRAFFIC_SECRET_0 5779797d3c9bd56ce6400de5cae3082ddcd9c2d22d6b0f2dd1cbccbe149f10da 48b8e8731a8367164deddd2cbc89e4ed1c30acfabd0136f4a5fa91bcb4660181
SERVER_TRAFFIC_SECRET_0 5779797d3c9bd56ce6400de5cae3082ddcd9c2d22d6b0f2dd1cbccbe149f10da 9eea70f0ab63347094292ba191a4fde2e08759f95baf0e94c7a52ac4b79bb4c5
CLIENT_HANDSHAKE_TRAFFIC_SECRET 9af0f09f0f3c0522ff2b22d0ba09fcca70e01260fc2ac7efd261e6c323949fd0 9d3b8c0c24c727ec784e977cf9bf1db622d5bbaa4a7c22f2c8ee5d6ae8bd0322
SERVER_HANDSHAKE_TRAFFIC_SECRET 9af0f09f0f3c0522ff2b22d0ba09fcca70e01260fc2ac7efd261e6c323949fd0 7240e41215ec4e2bb1ae95bffd66ec42c37a9549062f9eca70f5cdaa3903fa66
CLIENT_TRAFFIC_SECRET_0 9af0f09f0f3c0522ff2b22d0ba09fcca70e01260fc2ac7efd261e6c323949fd0 129fee2c89071f88d6987298378cd75a1ebb20da1aed00302f61e34b1802eb80
SERVER_TRAFFIC_SECRET_0 9af0f09f0f3c0522ff2b22d0ba09fcca70e01260fc2ac7efd261e6c323949fd0 47239dbd312a8d714a03162d6b019da96533e560e962aaa472667ab162ce2e3a
CLIENT_HANDSHAKE_TRAFFIC_SECRET e9585da7de426dac488fe78a4faec23e360160fd59fc7e58bc54bc6439d453b1 c2e159850a1f4711ec5dfe0b4a07b6b15ac0e2a560f114752f19f02dbb79ff10
SERVER_HANDSHAKE_TRAFFIC_SECRET e9585da7de426dac488fe78a4faec23e360160fd59fc7e58bc54bc6439d453b1 6ba777a07dbbccb297ce66738528303805c9f5b15849b910d3a641de9ced567c
CLIENT_TRAFFIC_SECRET_0 e9585da7de426dac488fe78a4faec23e360160fd59fc7e58bc54bc6439d453b1 e1eb6693cd56a984ed3128726e6b1d764390598ad32b2a08f222d66ad0c42555
SERVER_TRAFFIC_SECRET_0 e9585da7de426dac488fe78a4faec23e360160fd59fc7e58bc54bc6439d453b1 6c305b0bc308cbe99b4eaaedb883e93d8988c6d8ed3274ee0af84d24acec508a
CLIENT_HANDSHAKE_TRAFFIC_SECRET e6d7020752f1371f0d27a00e90bfd40d475e460c906365cde78e2a8a175b8554 7c76ad57bb9f41863d8788c90dfc3a2dc90a539f4f5638586c234dde44894c20
SERVER_HANDSHAKE_TRAFFIC_SECRET e6d7020752f1371f0d27a00e90bfd40d475e460c906365cde78e2a8a175b8554 287d2331108decaff7984b3ede47485d1214dd3f0f8760845fdfb7a4ef179d8d
CLIENT_TRAFFIC_SECRET_0 e6d7020752f1371f0d27a00e90bfd40d475e460c906365cde78e2a8a175b8554 99f3f3357d010a0c10e94474bcc4bc97a53867a7ee54e76c0932dd17293f3fee
SERVER_TRAFFIC_SECRET_0 e6d7020752f1371f0d27a00e90bfd40d475e460c906365cde78e2a8a175b8554 03a65cbe88a57c9f8f8f14d9a4a214d857fe649aecd9439615864c72deedcf06
CLIENT_HANDSHAKE_TRAFFIC_SECRET 56e6888c195d6afe93306a286a6e786637189e95882ece941885b3c7fd6610b7 132a15419580800d8bccf8c57346620ba370a4e9719bddaebd291483d1a3ee96
SERVER_HANDSHAKE_TRAFFIC_SECRET 56e6888c195d6afe93306a286a6e786637189e95882ece941885b3c7fd6610b7 7e34b6739f7fc3d36193675510dd5fa5c05ec9a03e3c9ade64a4033a6f99cd3f
CLIENT_TRAFFIC_SECRET_0 56e6888c195d6afe93306a286a6e786637189e95882ece941885b3c7fd6610b7 f27cfda055441874b4b6971628dd085fd4397b785fc49b2c684c064563a08a18
SERVER_TRAFFIC_SECRET_0 56e6888c195d6afe93306a286a6e786637189e95882ece941885b3c7fd6610b7 ad209adb6e49a1c049d8c2da099249a236a2a5d7a421fb01fcedada9e25bc3e9
CLIENT_HANDSHAKE_TRAFFIC_SECRET 40431a2ae60b3652ab27e9858e5cd4af90089f217f1e356b152827bad567d778 bf4fe51561d1788b7d813384e9c316f36627910af82d1f9a7c5484bb03ae4c5d
SERVER_HANDSHAKE_TRAFFIC_SECRET 40431a2ae60b3652ab27e9858e5cd4af90089f217f1e356b152827bad567d778 4b95a0e8a5cc61ebaa9e91353e0a4b1b636940e301fd5b96558a9e8066128615
CLIENT_TRAFFIC_SECRET_0 40431a2ae60b3652ab27e9858e5cd4af90089f217f1e356b152827bad567d778 f0012d292361333ceeb337cd548d3219b8eeb04d4a2fdd405a081694ceeb46d3
SERVER_TRAFFIC_SECRET_0 40431a2ae60b3652ab27e9858e5cd4af90089f217f1e356b152827bad567d778 ed34ba8da4a248690ad2d9dcb706e043903d97d5e91038da0bee2c72fb121d2c
CLIENT_HANDSHAKE_TRAFFIC_SECRET 9d4b1582b9847e0560bfa9ab86e58a5d029b81c852e88421a791cd16603e70cf 4fdec12228f95c40879a70809462e31a0bd22b7feab086796555fe7948524581
SERVER_HANDSHAKE_TRAFFIC_SECRET 9d4b1582b9847e0560bfa9ab86e58a5d029b81c852e88421a791cd16603e70cf 8461d3307f61fec5ab2be2e2627a628088e0098f0b85fecb60c23ef1354e57d4
CLIENT_TRAFFIC_SECRET_0 9d4b1582b9847e0560bfa9ab86e58a5d029b81c852e88421a791cd16603e70cf d3d75e610b6f7785d34a3e39441bbb1158a2a5310d6922fb583db8edb5500fe8
SERVER_TRAFFIC_SECRET_0 9d4b1582b9847e0560bfa9ab86e58a5d029b81c852e88421a791cd16603e70cf e1f63cf61d281c8de002eac465b792c1361746eb89e13a212aee2f63fb5c4ade
CLIENT_HANDSHAKE_TRAFFIC_SECRET f493b26b122eb988fcf28548b6a528bb4dfe103212dbd3d54d2aca9542973595 6b0610f3dcd50302f8fc9bcdb351362e013bb0f301299066d1f9f44aa1eb2c34
SERVER_HANDSHAKE_TRAFFIC_SECRET f493b26b122eb988fcf28548b6a528bb4dfe103212dbd3d54d2aca9542973595 4a185e546c341856928e4e9863a53ff120e27ad5a6036099dcdf55e90ed5c899
CLIENT_TRAFFIC_SECRET_0 f493b26b122eb988fcf28548b6a528bb4dfe103212dbd3d54d2aca9542973595 7105062150606f3b938d36c791b3c186de050d0ca2c4e8ccc7c90804302f02d0
SERVER_TRAFFIC_SECRET_0 f493b26b122eb988fcf28548b6a528bb4dfe103212dbd3d54d2aca9542973595 68e41c2bf05f498639adacc015e9f34e8ae8f0f82e4bcd38153d576daea6ea55
CLIENT_HANDSHAKE_TRAFFIC_SECRET a9535f4af7e11a892a2c856eaf72856080ea83c284c91383f3d52cbbe5e88921 c11a93657291b5886fe413a3c8ea9247e6db5915c05d000aa6fb7c1868bc803d
SERVER_HANDSHAKE_TRAFFIC_SECRET a9535f4af7e11a892a2c856eaf72856080ea83c284c91383f3d52cbbe5e88921 68161c2e67fb52cdfc3308d7be43b2bb9592fc1cffe5767ce160d790ddb5b84b
CLIENT_TRAFFIC_SECRET_0 a9535f4af7e11a892a2c856eaf72856080ea83c284c91383f3d52cbbe5e88921 64b5b5d0844ef890b9cb69602a5874d8f790cf770881512ed143a5426161c3b7
SERVER_TRAFFIC_SECRET_0 a9535f4af7e11a892a2c856eaf72856080ea83c284c91383f3d52cbbe5e88921 cc6c76d27d3b611b581377ce63e0994bc1fa8d8b2be22dde766c7fe2b3a9c9a4
CLIENT_HANDSHAKE_TRAFFIC_SECRET 88a6374980860e13d88ff38911022ccdb14e83b21184d98944ca71c9928d6d72 ffadbafa341b082a323fa210205cb90eb7f908e4a2c5128f098d34d04908e13a
SERVER_HANDSHAKE_TRAFFIC_SECRET 88a6374980860e13d88ff38911022ccdb14e83b21184d98944ca71c9928d6d72 c7c5a373abc9b5af463b767962a1909e1c242386753dfdc1c109e76325025a0e
CLIENT_TRAFFIC_SECRET_0 88a6374980860e13d88ff38911022ccdb14e83b21184d98944ca71c9928d6d72 7fd11690d2ed3839c6910145ecfa68cb6bf87d9e50f698a95e67d952d7fe3cf2
SERVER_TRAFFIC_SECRET_0 88a6374980860e13d88ff38911022ccdb14e83b21184d98944ca71c9928d6d72 0913a135ef12b71e9a532fcf68e2c803dd6cb05975724c49c6af77c3688ebd78
CLIENT_HANDSHAKE_TRAFFIC_SECRET 028a252b8ec7e4c1bd5efff5b3c224d19fd7eb3ade908fb0c47a56644bace48c baa920589af1b56b9e36939c39de796051295d4042ae7c4b6a31ab12eabc9d89
SERVER_HANDSHAKE_TRAFFIC_SECRET 028a252b8ec7e4c1bd5efff5b3c224d19fd7eb3ade908fb0c47a56644bace48c 4435e62782f4101d27616339dfeac3a011edd90140eb3a3584f25c35361b95de
CLIENT_TRAFFIC_SECRET_0 028a252b8ec7e4c1bd5efff5b3c224d19fd7eb3ade908fb0c47a56644bace48c 6bd481eade39af1b46023d06091734901907ba0e19191977e44726010395081c
SERVER_TRAFFIC_SECRET_0 028a252b8ec7e4c1bd5efff5b3c224d19fd7eb3ade908fb0c47a56644bace48c 8d3a078605bec1fcf8d1c0df203f89fdb85f3dbfa9868a2fd54c3ec0d945e0dd
CLIENT_HANDSHAKE_TRAFFIC_SECRET eaf12d81c324d287447eaeeb39416620c8768c24f94bbc52a993caf4dace3b71 927a6bdd0627da8c417067fd41542be69f01f090e5430f4af7f8f37a71437db9
SERVER_HANDSHAKE_TRAFFIC_SECRET eaf12d81c324d287447eaeeb39416620c8768c24f94bbc52a993caf4dace3b71 48804118541b58879d1d72eaf85abb6d6b6b371e23bb9f36802bff649f6c96cc
CLIENT_TRAFFIC_SECRET_0 eaf12d81c324d287447eaeeb39416620c8768c24f94bbc52a993caf4dace3b71 dfb08dfde9219ad6c128aa8c1d1ec3d0ef928f586ea4a9772cadf67c0da16612
SERVER_TRAFFIC_SECRET_0 eaf12d81c324d287447eaeeb39416620c8768c24f94bbc52a993caf4dace3b71 f2039e6378e50ec3ffce444d0e1b1489628ed90dc1a40768c8598abe28126553
CLIENT_HANDSHAKE_TRAFFIC_SECRET 0fde95560982d1eb3803f49898f1eea9a63a06b860ced3c5ed8ae32df6546c8c d5947ca73855a12e2c8944be4df485d06b829190eb1f10b3e77474863533bde8
SERVER_HANDSHAKE_TRAFFIC_SECRET 0fde95560982d1eb3803f49898f1eea9a63a06b860ced3c5ed8ae32df6546c8c c72017229d97de3d1568c26f1b09be513d0d677a34efa0e4bac706ccea01ad0c
CLIENT_TRAFFIC_SECRET_0 0fde95560982d1eb3803f49898f1eea9a63a06b860ced3c5ed8ae32df6546c8c cd314ce55deebfd7d78a897dfeaf4943b26dad6863dda434d259eb87cc0565a5
SERVER_TRAFFIC_SECRET_0 0fde95560982d1eb3803f49898f1eea9a63a06b860ced3c5ed8ae32df6546c8c f5780791c06f70989bf7f7f0c69f570a76ce6aa1549e7b4f34b3d5e0f48fc258
CLIENT_HANDSHAKE_TRAFFIC_SECRET e5a1345a2708ec6725b40e57f1ce45fad0fe9ccd1808206f7f4f25916e3d95bd a9c4c8a0d92a01b20d21f88ae9c3302573aa62996e9cae1abbe913a247bb55ef
SERVER_HANDSHAKE_TRAFFIC_SECRET e5a1345a2708ec6725b40e57f1ce45fad0fe9ccd1808206f7f4f25916e3d95bd 15c3b7139411b1804022888f0118faea95c886ae0ff653f296054a5e348e8d32
CLIENT_TRAFFIC_SECRET_0 e5a1345a2708ec6725b40e57f1ce45fad0fe9ccd1808206f7f4f25916e3d95bd 887ea74f69cb5e0184b1a31c0de5a3361fe46e1b3d15bb9c106b8904a8d0013f
SERVER_TRAFFIC_SECRET_0 e5a1345a2708ec6725b40e57f1ce45fad0fe9ccd1808206f7f4f25916e3d95bd 9d3a185314d0eaa0028f0713ce407f514f4f498a48eb88588e04b9b26ce0b912
CLIENT_HANDSHAKE_TRAFFIC_SECRET 6ae1cf9f492d3e473f01d375d06d05368f5d3389ada92823609630aaff77c699 21f74bea41ddc68c63a74957f17f37d7d05db3bd0d4bcff3789311e8ff1bb0f5
SERVER_HANDSHAKE_TRAFFIC_SECRET 6ae1cf9f492d3e473f01d375d06d05368f5d3389ada92823609630aaff77c699 370475ea2b1d4bfcc6ca1809655cec84ba2448df2c0df766539c1ed1f3736754
CLIENT_TRAFFIC_SECRET_0 6ae1cf9f492d3e473f01d375d06d05368f5d3389ada92823609630aaff77c699 ad70fcf8b9397f656ded815cab7e2dda49417002219301de98a8b13faaadf166
SERVER_TRAFFIC_SECRET_0 6ae1cf9f492d3e473f01d375d06d05368f5d3389ada92823609630aaff77c699 ec1dc7ce028ca75586e57771a59fc60366ec6eafb5c6177f716a7ca7a24a0b52
CLIENT_HANDSHAKE_TRAFFIC_SECRET 7316ff7fd7e6e8a3750fb3e89040bd7d400556c7a82f82eff1cc93732f63ad82 5619534c61f1dfd4cddf2d7bf51051447c34753c7180f9cab0a6685a48e3b9a9
SERVER_HANDSHAKE_TRAFFIC_SECRET 7316ff7fd7e6e8a3750fb3e89040bd7d400556c7a82f82eff1cc93732f63ad82 62192ceccc185241a1885207d2803985a0e03fc37096ff85a53d971680993705
CLIENT_TRAFFIC_SECRET_0 7316ff7fd7e6e8a3750fb3e89040bd7d400556c7a82f82eff1cc93732f63ad82 fd969676fccde5300260a48b0fb0cfac9c3d7c63cbb3f9281cd6064e1377b1c8
SERVER_TRAFFIC_SECRET_0 7316ff7fd7e6e8a3750fb3e89040bd7d400556c7a82f82eff1cc93732f63ad82 2642c59b7f3620e2df7464b24b1da50127c78c58d182632665bb141871b5bb39
CLIENT_HANDSHAKE_TRAFFIC_SECRET 95ca219de5ef3c24970f702bdbe6e54885de6b53ecfd3da480c85e24a3b04433 a7f2c758c1598f1684c911bd0d0416361eafb76ce70324605fdf97c1d136d76f
SERVER_HANDSHAKE_TRAFFIC_SECRET 95ca219de5ef3c24970f702bdbe6e54885de6b53ecfd3da480c85e24a3b04433 570907cfd50069a814d728c1b6e26b10828ce79cf3f2b581847090739e719436
CLIENT_TRAFFIC_SECRET_0 95ca219de5ef3c24970f702bdbe6e54885de6b53ecfd3da480c85e24a3b04433 c9f1842472349b29cba10fc00f3afc905d12d17e89ec7b1763a0de61f4f59384
SERVER_TRAFFIC_SECRET_0 95ca219de5ef3c24970f702bdbe6e54885de6b53ecfd3da480c85e24a3b04433 f2665ca1e5f086a028f215785995c0e573b3fcb81a500d1f829a2ff1c093fc54
CLIENT_HANDSHAKE_TRAFFIC_SECRET cad6d288ff14bdddbc6d51b0a16683b3b55ee32b100baa34f3eb197866dcb5b2 7730f73ea764bba415f58d0bc92f0d8d7c873f77488f162f1c31d53363bd6e6f
SERVER_HANDSHAKE_TRAFFIC_SECRET cad6d288ff14bdddbc6d51b0a16683b3b55ee32b100baa34f3eb197866dcb5b2 96d6e12a2d3d3c531e75c9ef1a537864e1f6071cead847915e7b9671919dbe51
CLIENT_TRAFFIC_SECRET_0 cad6d288ff14bdddbc6d51b0a16683b3b55ee32b100baa34f3eb197866dcb5b2 114e014e4c1fd75bec84090ac8b65e3275de5c9eb1c647c2ab49bfd7ce0a06fd
SERVER_TRAFFIC_SECRET_0 cad6d288ff14bdddbc6d51b0a16683b3b55ee32b100baa34f3eb197866dcb5b2 03cf77a524c340831bfab7c5c9b5ef771d5fdd047ab5c782f542448553ba5343
CLIENT_HANDSHAKE_TRAFFIC_SECRET 92009b8a66e06d12cd83a60860582984abdde6a82abc76e38c67f8e903bb71fa 0f2a2a69e60aa4175e4b36ff9d006cf252b7b1012d7d11ec78dcc9aec17b3c4e
SERVER_HANDSHAKE_TRAFFIC_SECRET 92009b8a66e06d12cd83a60860582984abdde6a82abc76e38c67f8e903bb71fa 57d59e6131f4910b791dfc4747f3d63ae04e58f0988bfb28a61ab429162434a2
CLIENT_TRAFFIC_SECRET_0 92009b8a66e06d12cd83a60860582984abdde6a82abc76e38c67f8e903bb71fa a1a1fdc7c57ce192445111a427714c389483ebb5ad41c3da6017d90129824df2
SERVER_TRAFFIC_SECRET_0 92009b8a66e06d12cd83a60860582984abdde6a82abc76e38c67f8e903bb71fa ad45d7ccc507e5cb0216c1571f7e02f7d1e315a5e91ffb003e7b8c06474a836e
CLIENT_HANDSHAKE_TRAFFIC_SECRET 56be096f9bb54bc6503a2a9394d60d8ac3e3e967de9f241fc8e552d213e52c38 207c97f1e8b0ea529759d7485633120271c2d7906b9eb0d65cbddd9bc884827f
SERVER_HANDSHAKE_TRAFFIC_SECRET 56be096f9bb54bc6503a2a9394d60d8ac3e3e967de9f241fc8e552d213e52c38 947d9b095e64fc05fca0713f17375b4b6180bfa8353aabd531d30002cf247510
CLIENT_TRAFFIC_SECRET_0 56be096f9bb54bc6503a2a9394d60d8ac3e3e967de9f241fc8e552d213e52c38 6edb65a988fa21359089abb17860699cf74c3c5f1826cee8ed88b395c50c78c9
SERVER_TRAFFIC_SECRET_0 56be096f9bb54bc6503a2a9394d60d8ac3e3e967de9f241fc8e552d213e52c38 bf5c2249170c16fb66f3bd1291de60e0788f3e96b8d5013ad83c62161040aa97
CLIENT_HANDSHAKE_TRAFFIC_SECRET a8ecba70efa092a5074eaee5056750aa20b02ccda9558cde33666cc302ede1fc cccb84c1e4e970a66a9549911bddf9b5b9a1bb44780466c69a61ab2ed858f5f6
SERVER_HANDSHAKE_TRAFFIC_SECRET a8ecba70efa092a5074eaee5056750aa20b02ccda9558cde33666cc302ede1fc f20e150e81d59a045e1f36e8ab42d1fd9a024ce1b90b36cb5e3dab548aa7bf42
CLIENT_TRAFFIC_SECRET_0 a8ecba70efa092a5074eaee5056750aa20b02ccda9558cde33666cc302ede1fc 6daedba0be1020aca971543d53629770ff9410b7c96cf9f62bed62a859880f99
SERVER_TRAFFIC_SECRET_0 a8ecba70efa092a5074eaee5056750aa20b02ccda9558cde33666cc302ede1fc 3295d78a6629e47353989286e8635e674c545ea4b8b161d8b3d971499d2fcd77
CLIENT_HANDSHAKE_TRAFFIC_SECRET 50cb76eba3429555a86ccaac8f2b4ba91e43d14de02cb9555f2e215649488b1e 39d013169dfb562475c3f66f446d0c72fad7bdb0dcab059b4e9d114394f55028
SERVER_HANDSHAKE_TRAFFIC_SECRET 50cb76eba3429555a86ccaac8f2b4ba91e43d14de02cb9555f2e215649488b1e 093bc4bff1429a4712e301ca696a6ab0bdad2fce75102b9d92f18ed76cd4a3a4
CLIENT_TRAFFIC_SECRET_0 50cb76eba3429555a86ccaac8f2b4ba91e43d14de02cb9555f2e215649488b1e 7dbff8064838df37194f5a7c07107d552eeeeda5a69816543e3ee2524279979a
SERVER_TRAFFIC_SECRET_0 50cb76eba3429555a86ccaac8f2b4ba91e43d14de02cb9555f2e215649488b1e ce2283531b5b2f2c9c5c9aafea175232a9d6bd3286b240c6492929474f9b5ae2
CLIENT_HANDSHAKE_TRAFFIC_SECRET f8f7e287de439eb7386b45e687fd935001ebf12427d4348841e4019644546188 207bf007d9f196de5f7d3585e0de28cc22a6fdc98e5f4fe7a04030b40c355f45
SERVER_HANDSHAKE_TRAFFIC_SECRET f8f7e287de439eb7386b45e687fd935001ebf12427d4348841e4019644546188 ce4af16bfba71eef3fa5171afed3bc560410322bde08497d7432763c37d346ac
CLIENT_TRAFFIC_SECRET_0 f8f7e287de439eb7386b45e687fd935001ebf12427d4348841e4019644546188 5ab8b3514bfcc969b37793aa9730108865ea9518d91142e05f00a2a9543d78b8
SERVER_TRAFFIC_SECRET_0 f8f7e287de439eb7386b45e687fd935001ebf12427d4348841e4019644546188 09d466fc304f2b6a87dfd5c2f17c8cf699f3a4512f1d5366571bfc57f6e3343b
CLIENT_HANDSHAKE_TRAFFIC_SECRET c347233c33ac6c78007187f9d017d314daa3b29406391ac9b4a2d109da774851 4570919c1a76a0e448d9c3e7bb020ae7aafcd8f3fc69790d0a57c29009789af5
SERVER_HANDSHAKE_TRAFFIC_SECRET c347233c33ac6c78007187f9d017d314daa3b29406391ac9b4a2d109da774851 73f3234a75f6d9a2fd0e078a6c71ff077b3807cec1f5411e62ff19fec95b5b53
CLIENT_TRAFFIC_SECRET_0 c347233c33ac6c78007187f9d017d314daa3b29406391ac9b4a2d109da774851 d87a0f3e9366c0161a2071ca674b211cb8934472e376074d720a678302113f06
SERVER_TRAFFIC_SECRET_0 c347233c33ac6c78007187f9d017d314daa3b29406391ac9b4a2d109da774851 7b5aa239107a8347ec6327c9561c5077addcb4be89dbfcbda081964559587327
CLIENT_HANDSHAKE_TRAFFIC_SECRET dcd2f952ab4c36362774a862bfec65a9eb9623ee6ed9236f10077b2533f9156c ffe9a644088129dc942f2ecd0d78e8ef1437c76f60ae75f4fd5528187390bb51
SERVER_HANDSHAKE_TRAFFIC_SECRET dcd2f952ab4c36362774a862bfec65a9eb9623ee6ed9236f10077b2533f9156c 0847e4ce0f7c78a3f304c13f7e3cbe54cdd3ff92347624b5f5e10cc898371107
CLIENT_TRAFFIC_SECRET_0 dcd2f952ab4c36362774a862bfec65a9eb9623ee6ed9236f10077b2533f9156c fd06e49520fb04658e976fea0816102b169e0f73c548f0b1cef82ef1b2eb5551
SERVER_TRAFFIC_SECRET_0 dcd2f952ab4c36362774a862bfec65a9eb9623ee6ed9236f10077b2533f9156c a8075bf0330c47efbc4dbd1cb68124f79b3b219d3e2a9d4048237fc4c021549b
CLIENT_HANDSHAKE_TRAFFIC_SECRET 8392a13c2f769286a0b9db1761a48bb94d1484d5d99371898796ef1c34db848f 0be5de3859912bda28860b7a4d702fdab6a7934ec992d9719e909ed4ea2fa872
SERVER_HANDSHAKE_TRAFFIC_SECRET 8392a13c2f769286a0b9db1761a48bb94d1484d5d99371898796ef1c34db848f 0868ed1ef57b5fc6c310663166c90f36881b118cf6784416feddcd278b61849e
CLIENT_TRAFFIC_SECRET_0 8392a13c2f769286a0b9db1761a48bb94d1484d5d99371898796ef1c34db848f d36a6fb23fefa06d186bd3e8d49abafb70303bd9aa05c9a4f09df6977c1a1536
SERVER_TRAFFIC_SECRET_0 8392a13c2f769286a0b9db1761a48bb94d1484d5d99371898796ef1c34db848f fa388083c1f2a7eae5e04c8d9a62c69ac847bc01119c3e78b7eb99f6250711d4
CLIENT_HANDSHAKE_TRAFFIC_SECRET b3b6f5e5db71c35da32fe397bd35bc67661984a3d4e2285ccddca156e17625c2 c49e776708f5aee60ecda2b6a198fde6f1e57e51062c1224ab55d912ab202bc8
SERVER_HANDSHAKE_TRAFFIC_SECRET b3b6f5e5db71c35da32fe397bd35bc67661984a3d4e2285ccddca156e17625c2 b58f0dda783d760fca6924b8641e9e13af32dba1c91f09202c4226e246353a45
CLIENT_TRAFFIC_SECRET_0 b3b6f5e5db71c35da32fe397bd35bc67661984a3d4e2285ccddca156e17625c2 8de3ff29c19a19edac33988141fc9405a2c73e9736dedb74b96e3ffc56d4110b
SERVER_TRAFFIC_SECRET_0 b3b6f5e5db71c35da32fe397bd35bc67661984a3d4e2285ccddca156e17625c2 0cdc07988a9ec8b7f4484c1c2edfc1c5a7ca6a8a3b885250ded8e5454aebd8f9
CLIENT_HANDSHAKE_TRAFFIC_SECRET f66fff3f1673f936c4d57bfaa1e1fd3063b2aa64639dbb269e67aa23a4068772 8ed4671d1d5a220abaebfef9643c5c3d859dba2290f4c5d2dc981e64ffa3c00b
SERVER_HANDSHAKE_TRAFFIC_SECRET f66fff3f1673f936c4d57bfaa1e1fd3063b2aa64639dbb269e67aa23a4068772 797b5a2f245341cfbdbe4d2017c74cc9d3b390680df0dbc439155451ffa553e0
CLIENT_TRAFFIC_SECRET_0 f66fff3f1673f936c4d57bfaa1e1fd3063b2aa64639dbb269e67aa23a4068772 ce161fd876351d3f8f19c048072db8bc300518d98c817f8a5467e62fcc4ba13c
SERVER_TRAFFIC_SECRET_0 f66fff3f1673f936c4d57bfaa1e1fd3063b2aa64639dbb269e67aa23a4068772 ee708cee5ae1ab9e8b675bf1d70ef5427493df777954c9931b521db95b8bcb40
CLIENT_HANDSHAKE_TRAFFIC_SECRET 7f281667d5d2cc0bf39e51d188db89e5b8c5259a09eb8a40f5c40ec2f52cb2d1 9ac44924847b792ae4483d9027ae1fb940a67325cfe78e3aef9788721204ee3c
SERVER_HANDSHAKE_TRAFFIC_SECRET 7f281667d5d2cc0bf39e51d188db89e5b8c5259a09eb8a40f5c40ec2f52cb2d1 4d8b069acab38300b4b814d413ebaca1626ad4fe6c4decf8d6849850253761ef
CLIENT_TRAFFIC_SECRET_0 7f281667d5d2cc0bf39e51d188db89e5b8c5259a09eb8a40f5c40ec2f52cb2d1 91a081383df7bde3f83e6fee39445d276f8919b4f7b708822576a47091bf31c9
SERVER_TRAFFIC_SECRET_0 7f281667d5d2cc0bf39e51d188db89e5b8c5259a09eb8a40f5c40ec2f52cb2d1 dce3c9ccb47e3b040825b8f51802fe9847a0ae998983f193769ef03eeafd3c2b
CLIENT_HANDSHAKE_TRAFFIC_SECRET f8215d6bbbe875372379ab1086b9f49037136c09e91b29e502462ca25fa810d8 14bd54116c86740a37bc94b7470e6913475b432e767ed577175918ecabf4b746
SERVER_HANDSHAKE_TRAFFIC_SECRET f8215d6bbbe875372379ab1086b9f49037136c09e91b29e502462ca25fa810d8 7468d2e5bc71ca9a11c9348efe3704f51c4dc016e6f29bd48628de3d71aaffc6
CLIENT_TRAFFIC_SECRET_0 f8215d6bbbe875372379ab1086b9f49037136c09e91b29e502462ca25fa810d8 695947e05a8ca4e888c52cb94a73f1a3b784c24e3537b14c535687ad8f798784
SERVER_TRAFFIC_SECRET_0 f8215d6bbbe875372379ab1086b9f49037136c09e91b29e502462ca25fa810d8 2dfaf426b537b553b1979e862aa86313012a473ab17370dbb0d89351f386023e
CLIENT_HANDSHAKE_TRAFFIC_SECRET 7188094dd8743a72d060be62512fe21f6fc8885f43d353e08ef35dd13d62e43c f34f3c3614554008917875d48a8870cb9bcd2611f375a7c548701b4c0213bb17
SERVER_HANDSHAKE_TRAFFIC_SECRET 7188094dd8743a72d060be62512fe21f6fc8885f43d353e08ef35dd13d62e43c bad1a9fe7086170540689a16c4263785c8e5a10bdd5f031e0d31c659c41b04fb
CLIENT_TRAFFIC_SECRET_0 7188094dd8743a72d060be62512fe21f6fc8885f43d353e08ef35dd13d62e43c 16961c24324822fa5e8a4edb5b3e7d75ef96cf19be0f3707a42ba5fc1401dd40
SERVER_TRAFFIC_SECRET_0 7188094dd8743a72d060be62512fe21f6fc8885f43d353e08ef35dd13d62e43c 5159aaa2ce19c3d91b53281cbf566e5cf62e27ee0c385e42c8489d6f6a88a04a
CLIENT_HANDSHAKE_TRAFFIC_SECRET f5c0dc0ac946f019ca0cec9257ae711cd17ecb7b494e152d1af1dab98d3e82bb c92a08bb14ec2c7ebd4d21e98a8a7ff96f3a6744d82c87b668a2283614f07996
SERVER_HANDSHAKE_TRAFFIC_SECRET f5c0dc0ac946f019ca0cec9257ae711cd17ecb7b494e152d1af1dab98d3e82bb 83667257ccab6af60ecbc7c1d6ad3070379cd4fde4a7e3c4ab4712da0ccbcf9a
CLIENT_TRAFFIC_SECRET_0 f5c0dc0ac946f019ca0cec9257ae711cd17ecb7b494e152d1af1dab98d3e82bb 087c6fdd416d568ad523c2d407af6769d402dae98f6c6351663b4cf27e9cf64c
SERVER_TRAFFIC_SECRET_0 f5c0dc0ac946f019ca0cec9257ae711cd17ecb7b494e152d1af1dab98d3e82bb eb215c45d23365b6633f6123762cda06c257be5596935a40f87176aa7066d441
CLIENT_HANDSHAKE_TRAFFIC_SECRET 263406df5db8a44b07b8013cfc83ca5e895942e63b7657a32064881cc5a1028c 210c3d45859e8da02f6c395c1563784bf8890ab5b3234e722abe5d1fd6e0a3f2
SERVER_HANDSHAKE_TRAFFIC_SECRET 263406df5db8a44b07b8013cfc83ca5e895942e63b7657a32064881cc5a1028c 45c75b55277a1de7da1509f4b85691311b1ecc184bee66390f19ee2250bb7695
CLIENT_TRAFFIC_SECRET_0 263406df5db8a44b07b8013cfc83ca5e895942e63b7657a32064881cc5a1028c 681ba27bd91c7e990d8dd86d4841a4155e6e90a07fc290a5ff5d63616760ae21
SERVER_TRAFFIC_SECRET_0 263406df5db8a44b07b8013cfc83ca5e895942e63b7657a32064881cc5a1028c f3a91bacc2f19cc1f90b782713b7338e553cefa2a6bb43c860fd7d3af9f3c19b
CLIENT_HANDSHAKE_TRAFFIC_SECRET 59f0e2f5164919d3c3d98e7cfdb7ab65c402a21647a2bb9ac85b860f73154e0c 0fa336b0f3c2b27a13513ff6cd408e8686ce7da555650cc503c1bb2488158eca
SERVER_HANDSHAKE_TRAFFIC_SECRET 59f0e2f5164919d3c3d98e7cfdb7ab65c402a21647a2bb9ac85b860f73154e0c 17e88faefa38fea6fa93253ce7ddf19c8d40e8af3899bdf0e4dfb6a166e810bc
CLIENT_TRAFFIC_SECRET_0 59f0e2f5164919d3c3d98e7cfdb7ab65c402a21647a2bb9ac85b860f73154e0c 33045fcfd39b5c2c67906ec1f9d05563700e7be2d1de77a579e8c168c288aa24
SERVER_TRAFFIC_SECRET_0 59f0e2f5164919d3c3d98e7cfdb7ab65c402a21647a2bb9ac85b860f73154e0c 2f91500f902302b89e121e4e02111ac1e26d0a32b078ce36f1c270551b6a1f11
CLIENT_HANDSHAKE_TRAFFIC_SECRET d952613f79abb5349ade5d58d863983bbe339d1ead545120733928bba37c1028 dbaeda64486a6881a339a25da566fa6afc0d65f85618efcd112e22611012fdcb
SERVER_HANDSHAKE_TRAFFIC_SECRET d952613f79abb5349ade5d58d863983bbe339d1ead545120733928bba37c1028 f7101947c6ad97e68eebead0f446d86d156285107f8263a869d207cb67cd06d2
CLIENT_TRAFFIC_SECRET_0 d952613f79abb5349ade5d58d863983bbe339d1ead545120733928bba37c1028 ad982234a5fddff5134c5c8dba629558dffc7536c47678938f8480438ef90df3
SERVER_TRAFFIC_SECRET_0 d952613f79abb5349ade5d58d863983bbe339d1ead545120733928bba37c1028 4426908106cf3559b12d317defe95a74af2304636d355e92dbfc6a703082e3b2
CLIENT_HANDSHAKE_TRAFFIC_SECRET 2e2cb8c6f9f3e96b15ed99ae555bc146da1145f117fca48d5b2a0cd0b77e86ef b2552026297e2a1c1923ca6c3dcfbf74319adb91930ceda96d90a813ffeeddb9
SERVER_HANDSHAKE_TRAFFIC_SECRET 2e2cb8c6f9f3e96b15ed99ae555bc146da1145f117fca48d5b2a0cd0b77e86ef c400b71b72af4f716cb4f62f4ddbba87e6bdbf76304039cd3ac451ca771ee452
CLIENT_TRAFFIC_SECRET_0 2e2cb8c6f9f3e96b15ed99ae555bc146da1145f117fca48d5b2a0cd0b77e86ef 885c372643de6e060e5eabb7a0617e09adf5638369a809d168b58a0d7b20d0c2
SERVER_TRAFFIC_SECRET_0 2e2cb8c6f9f3e96b15ed99ae555bc146da1145f117fca48d5b2a0cd0b77e86ef 9001e59fb4732defc42e091578ebf8f84a2fd29142c3b96a6efc053487269102
CLIENT_HANDSHAKE_TRAFFIC_SECRET f8c64f4c6521488b2cfa38108dee7d01e0f0fb9727b7120412497a2b24fc69f5 563a5b405b8263b2c7d2e08d9eb972a606870e3b6cfa98adfc80e8fcb6260b0e
SERVER_HANDSHAKE_TRAFFIC_SECRET f8c64f4c6521488b2cfa38108dee7d01e0f0fb9727b7120412497a2b24fc69f5 10e1b106ff7d53271f16dc1f54f6869805e13263ecc85ebc1a0d4aab58f62770
CLIENT_TRAFFIC_SECRET_0 f8c64f4c6521488b2cfa38108dee7d01e0f0fb9727b7120412497a2b24fc69f5 f7a320dc41efd75db0e61dacd28bc4e0399168fe9d311e5b73d469a331b52755
SERVER_TRAFFIC_SECRET_0 f8c64f4c6521488b2cfa38108dee7d01e0f0fb9727b7120412497a2b24fc69f5 10c080f81c4a62f0abed92bdb0fef94adb11d6101e4dec5b0b60d47439723d91
CLIENT_HANDSHAKE_TRAFFIC_SECRET 72b17e8381efc23266ec16e9a4ca80c99ef5e3da6f9364e53aab7bfeb93e5c98 5ef887cb7329704b998539a649365707f888a780095fa72123e58ac88dad3435
SERVER_HANDSHAKE_TRAFFIC_SECRET 72b17e8381efc23266ec16e9a4ca80c99ef5e3da6f9364e53aab7bfeb93e5c98 2edb0d6520d0a38bf9cbb92547ee170e5a70c3808173b7510ffed088f318e85a
CLIENT_TRAFFIC_SECRET_0 72b17e8381efc23266ec16e9a4ca80c99ef5e3da6f9364e53aab7bfeb93e5c98 4b525cc443f45518d27ba65be709d26472ab2fa87ef664538d4ad8e03c9053ba
SERVER_TRAFFIC_SECRET_0 72b17e8381efc23266ec16e9a4ca80c99ef5e3da6f9364e53aab7bfeb93e5c98 bf397acbcac35bb1871f5f41b3e4f840d02013a5036008a5223090e74626dc43
CLIENT_HANDSHAKE_TRAFFIC_SECRET c0a37098d8a0229cf23051cc2f6b0aa86c08fd67f34810e93c05b8a31130ed43 4bc65ed7d0c0f46b13fa7b7d1d2dc81dc6db8855c0a558fed8e29f2bb4e08114
SERVER_HANDSHAKE_TRAFFIC_SECRET c0a37098d8a0229cf23051cc2f6b0aa86c08fd67f34810e93c05b8a31130ed43 5e928b9232bcfd261975653cfa61733c15552e5c3741acf9b475691c42255334
CLIENT_TRAFFIC_SECRET_0 c0a37098d8a0229cf23051cc2f6b0aa86c08fd67f34810e93c05b8a31130ed43 bc8dc7e669abe3e63213bf8c53d167f482865c5745ce3b326f5a81b2664c68e4
SERVER_TRAFFIC_SECRET_0 c0a37098d8a0229cf23051cc2f6b0aa86c08fd67f34810e93c05b8a31130ed43 eda8e2bbf827da5cf7c22371a30d0f25221982f7f56b5f841a85cc1df4f4c46a
CLIENT_HANDSHAKE_TRAFFIC_SECRET 0930eccdfd0c9af62d050961e2a226af86173720dfa515117063fd7dffdeda94 a61f395eb5ee063bf8f54791d8d1434ae011a2ca46e3dcf91070fed422939a3b
SERVER_HANDSHAKE_TRAFFIC_SECRET 0930eccdfd0c9af62d050961e2a226af86173720dfa515117063fd7dffdeda94 6565c3f91adf99be241236ecf92f9bb97861c080322a77b7d8d298feb903161f
CLIENT_TRAFFIC_SECRET_0 0930eccdfd0c9af62d050961e2a226af86173720dfa515117063fd7dffdeda94 89a73f1ea869993c8fd3ec593b5cee7c4efa7253b2f5ed442cca77ed2936ff0c
SERVER_TRAFFIC_SECRET_0 0930eccdfd0c9af62d050961e2a226af86173720dfa515117063fd7dffdeda94 97d963e249c464c2392180db5a709f0c65f5859fbbdfc24cebd9acb5881dcf3c
CLIENT_HANDSHAKE_TRAFFIC_SECRET f87d7e7bf8b2f07150fa372bc24277b0aeca2653aec700604d004ad0174d93a3 9d5e406e836b16bb188136846d31a0e26f80cfa8bcb616323bec05cf9e2c6597
SERVER_HANDSHAKE_TRAFFIC_SECRET f87d7e7bf8b2f07150fa372bc24277b0aeca2653aec700604d004ad0174d93a3 87c75b59fa3e384886c6c58163603818eb8fb6a69da7d3f48cd20d97e9a161d2
CLIENT_TRAFFIC_SECRET_0 f87d7e7bf8b2f07150fa372bc24277b0aeca2653aec700604d004ad0174d93a3 467cd6ef9b639578b7b012631f96a8c56a47e0b92589ff6879ef1c48284b87a7
SERVER_TRAFFIC_SECRET_0 f87d7e7bf8b2f07150fa372bc24277b0aeca2653aec700604d004ad0174d93a3 14c76f314e8b6e284fbc868b8e0b6454a1befa5447108b2b65dd93dfc521daaf
CLIENT_HANDSHAKE_TRAFFIC_SECRET 29c1d4cccff4d9e5f0051edb3d159f8a41642fd152862b294804e3ee296d8937 c1dd5e83c0a11fa092153ad6ebf64974d140110e66051e8d4836d56e2a89fae4
SERVER_HANDSHAKE_TRAFFIC_SECRET 29c1d4cccff4d9e5f0051edb3d159f8a41642fd152862b294804e3ee296d8937 7dc0fc67da31bc4e49c9012d009659ec891f071b35f27740d1575adddb411e3e
CLIENT_TRAFFIC_SECRET_0 29c1d4cccff4d9e5f0051edb3d159f8a41642fd152862b294804e3ee296d8937 391048a5d14ac395f0f784be94d0218871a38c61912cf80ed1692aa7d5175445
SERVER_TRAFFIC_SECRET_0 29c1d4cccff4d9e5f0051edb3d159f8a41642fd152862b294804e3ee296d8937 780a53ed525d1bfb7cff66aeea1b3dadfc0eba64b48672620227c77c4bfd7504
CLIENT_HANDSHAKE_TRAFFIC_SECRET e155e7cc07da8b3c1f0e3f91c43c46ce140e3f3d61e42a199ebedf900641bc60 48a932485683dba0ec83f68e35f72652ea77dfb2ec796141c986a4b37d1ac8f3
SERVER_HANDSHAKE_TRAFFIC_SECRET e155e7cc07da8b3c1f0e3f91c43c46ce140e3f3d61e42a199ebedf900641bc60 8fc86e0ddf9fe65a0d1751185ff7fc0bf5910ca70bd4ba7c5fc37d8cd1f9f827
CLIENT_TRAFFIC_SECRET_0 e155e7cc07da8b3c1f0e3f91c43c46ce140e3f3d61e42a199ebedf900641bc60 dfc943d2d46b3f4948e3d02493e2932cef61c1247ebd964fb5efd0198c7cae80
SERVER_TRAFFIC_SECRET_0 e155e7cc07da8b3c1f0e3f91c43c46ce140e3f3d61e42a199ebedf900641bc60 75db17077c8ea9b0d3a598533c63cbb5adf1e33a61d4f69c553be14d6a084d7c
CLIENT_HANDSHAKE_TRAFFIC_SECRET eca9332d0f3f16301b3f22f6066b292d5cf1865a2b00a20ede92c16e39596f3e 55c6a71bcc8008b379d8bd3562b2d3fab8750366ea0c2c80838d8fd6072bd2f8
SERVER_HANDSHAKE_TRAFFIC_SECRET eca9332d0f3f16301b3f22f6066b292d5cf1865a2b00a20ede92c16e39596f3e 1ae47d349f03b7384e2ac28c9eb5c2cc5e22fbf89a8d23e7d81778696b5b644c
CLIENT_TRAFFIC_SECRET_0 eca9332d0f3f16301b3f22f6066b292d5cf1865a2b00a20ede92c16e39596f3e bac0c77303b6dd304d73ab3d588dd8af0a50f46dece41b01a8e8c44e9cee88cc
SERVER_TRAFFIC_SECRET_0 eca9332d0f3f16301b3f22f6066b292d5cf1865a2b00a20ede92c16e39596f3e 73d2dfab53048a5c1b9152cd18964ccecc90c7de6723c0f9c36880109334eb04
CLIENT_HANDSHAKE_TRAFFIC_SECRET b2b868bf5a0badbf931f7a59725706c7633fb1eab4386f259f34b01c8396997b 339996b20230b8326539ad2b3159b76608b8b876f1acf70963fa28b42435c175
SERVER_HANDSHAKE_TRAFFIC_SECRET b2b868bf5a0badbf931f7a59725706c7633fb1eab4386f259f34b01c8396997b 8eaafd67bfd66950b7cf3eecb6e41e6d09676af8384bc8e1f691b67972c9f76a
CLIENT_TRAFFIC_SECRET_0 b2b868bf5a0badbf931f7a59725706c7633fb1eab4386f259f34b01c8396997b 14173271daa19ea3f16b3d60473ad8b017da2972e25354cd5a0c8134e25a4e85
SERVER_TRAFFIC_SECRET_0 b2b868bf5a0badbf931f7a59725706c7633fb1eab4386f259f34b01c8396997b a925b6231cf43ecef52d1cb39b2399e9d187218e942bd4c2d900f6ace42add65
CLIENT_HANDSHAKE_TRAFFIC_SECRET 72d2a47118b3fed53250fe89c7a782dfc86c9762f72aa04d6bd2b98c6856a192 d5822e8d16f9b31c4ed8cbddc0f13f74d4aeb65c78e85edf2bd0f1a09adbeed3
SERVER_HANDSHAKE_TRAFFIC_SECRET 72d2a47118b3fed53250fe89c7a782dfc86c9762f72aa04d6bd2b98c6856a192 ca6cfab53bc022f3fdb435d69e202811d4ff82e5b05821f18f54aeb57fde140b
CLIENT_TRAFFIC_SECRET_0 72d2a47118b3fed53250fe89c7a782dfc86c9762f72aa04d6bd2b98c6856a192 8cbc29a049e8c24c1852ad0798a0f12b2fbd61b145cac42912d5e859f9e4675c
SERVER_TRAFFIC_SECRET_0 72d2a47118b3fed53250fe89c7a782dfc86c9762f72aa04d6bd2b98c6856a192 11544ac4aaadd47b5eb90e2444e93d5edd7edae3d52777930c2d30d6cce40e81
CLIENT_HANDSHAKE_TRAFFIC_SECRET 1c2c99503c5b60448a88a1c25f90057ef03571f2247c296ba3423aaef37a2f60 7c123aec633214a7406293b498eadac8ac8b74fc74099a107228e5c4352a8382
SERVER_HANDSHAKE_TRAFFIC_SECRET 1c2c99503c5b60448a88a1c25f90057ef03571f2247c296ba3423aaef37a2f60 a1e1db941b01044c5fcfeff72252642a1a2679433188b1266ca95734557e1137
CLIENT_TRAFFIC_SECRET_0 1c2c99503c5b60448a88a1c25f90057ef03571f2247c296ba3423aaef37a2f60 f9350aef9e3e22d8f361d3ba1ed0e8414870566cc29ab0e6f681c158fc934d37
SERVER_TRAFFIC_SECRET_0 1c2c99503c5b60448a88a1c25f90057ef03571f2247c296ba3423aaef37a2f60 07c3c2dffdd019f7188c655e9d05d357a5059042bb646793bbee971c5324886f
CLIENT_HANDSHAKE_TRAFFIC_SECRET 3bed08af7c6b3c1c6f79dce3bd1e6c9e96797d1818740414eccb69305db8fbfb e6517710f0e9f4efde73fe3b53aa406735e3b16210299ac2cbe99f18634198f4
SERVER_HANDSHAKE_TRAFFIC_SECRET 3bed08af7c6b3c1c6f79dce3bd1e6c9e96797d1818740414eccb69305db8fbfb e72d1cb4e697c07be4581b71cc83f6c689207030044a38641e3048e0b89aa46f
CLIENT_TRAFFIC_SECRET_0 3bed08af7c6b3c1c6f79dce3bd1e6c9e96797d1818740414eccb69305db8fbfb 21b128fe4aead9efce4a78fac437610a64ee672c8c3951affad8064d9816891d
SERVER_TRAFFIC_SECRET_0 3bed08af7c6b3c1c6f79dce3bd1e6c9e96797d1818740414eccb69305db8fbfb 784346939fcf506bc97f1fe39740d7748f8a4363f40eaa7dc5938cdfd755034b
CLIENT_HANDSHAKE_TRAFFIC_SECRET 777655012ec98269186404b2833af28644aa996580a6cb3f03d4f6ec605fa3b8 c3ad291603ed136413cdf19ef4e62215bd86fa6a7a8069ddf7606410f2a0d681
SERVER_HANDSHAKE_TRAFFIC_SECRET 777655012ec98269186404b2833af28644aa996580a6cb3f03d4f6ec605fa3b8 e1f936c1679a8dbf799312f8600630897df9c5baf7d43ea000bb87bf32906475
CLIENT_TRAFFIC_SECRET_0 777655012ec98269186404b2833af28644aa996580a6cb3f03d4f6ec605fa3b8 e828026d060acc8e2ebdf3ae85f95b2374e7f874bbce6cde6317f573f5750b4d
SERVER_TRAFFIC_SECRET_0 777655012ec98269186404b2833af28644aa996580a6cb3f03d4f6ec605fa3b8 f5895a9d47bcb97bd34f469d98f0fc729121757733d0521f5e7e24e19ad3fec1
CLIENT_HANDSHAKE_TRAFFIC_SECRET 995f9d904879eb0bd614b6b884e3bd34f555f7ac1503151286bb43a3bf9f117a 8660ddd8cde94c94bb005376aa19618f90ef911a7137303915440f0d6661c22f
SERVER_HANDSHAKE_TRAFFIC_SECRET 995f9d904879eb0bd614b6b884e3bd34f555f7ac1503151286bb43a3bf9f117a 64959cf90c52aac1fa0a8b2f971ad8b168d37090eec2b3b915a01b2feac0844a
CLIENT_TRAFFIC_SECRET_0 995f9d904879eb0bd614b6b884e3bd34f555f7ac1503151286bb43a3bf9f117a 946f7f89f6300fd0e086c451be71bf9f098225bd5dbacfce23c25f00fd2aef1b
SERVER_TRAFFIC_SECRET_0 995f9d904879eb0bd614b6b884e3bd34f555f7ac1503151286bb43a3bf9f117a 2d7f68909666a955a743e195b4d29166ff30d32ad9606ea1b7bbcbd2b2a0eb30
CLIENT_HANDSHAKE_TRAFFIC_SECRET d2e51dd88839f00c223015c9c6729dffdd09a22b5e116382257d1d4486dc1a29 aca9341ac2790c03d6a38c01039f32702a99988ed8e1382985ea883705553136
SERVER_HANDSHAKE_TRAFFIC_SECRET d2e51dd88839f00c223015c9c6729dffdd09a22b5e116382257d1d4486dc1a29 0129a58b6dfc3ac794a4b3a2e7d4997903dfab054a5fb0e06f24fa876a1911ad
CLIENT_TRAFFIC_SECRET_0 d2e51dd88839f00c223015c9c6729dffdd09a22b5e116382257d1d4486dc1a29 a6ebc40e567a0a61fddd49a5cba8086423171d1c382bc0820e1aeacec4ebd25f
SERVER_TRAFFIC_SECRET_0 d2e51dd88839f00c223015c9c6729dffdd09a22b5e116382257d1d4486dc1a29 573590d0d2f439993eca96b820350e51021b7ad70ce462b6f67b295d507c9fe0
CLIENT_HANDSHAKE_TRAFFIC_SECRET 095dbc8e8dba9ea916619fca4c887dfbeca988b994c448efe735b102dae986ca 250662065f6b2d57942936aee686d6dfc29ee6445248ab2298ce0191cfe5a32c
SERVER_HANDSHAKE_TRAFFIC_SECRET 095dbc8e8dba9ea916619fca4c887dfbeca988b994c448efe735b102dae986ca 354f8c778d0dd2549b5d2a5cc412144efb25ca9b5daa87b7ac9f734783edcf1c
CLIENT_TRAFFIC_SECRET_0 095dbc8e8dba9ea916619fca4c887dfbeca988b994c448efe735b102dae986ca beae52e05d8926668c7c5575b1f0c6e455eb3bdca721ac260169749f0eba7cc1
SERVER_TRAFFIC_SECRET_0 095dbc8e8dba9ea916619fca4c887dfbeca988b994c448efe735b102dae986ca 09a4b4e90922dae119dd00fd2e292b3ffa8ccad4abd8f13db14beb730d9b37cc
CLIENT_HANDSHAKE_TRAFFIC_SECRET 9caa0d747dac6dd672e63f63107126c3fbd3af02beca60b73803da3085fa49dd 2dabec98aa90e7f9c33cf5f0f0945a90d61071b82fce8114161286e27987a42a
SERVER_HANDSHAKE_TRAFFIC_SECRET 9caa0d747dac6dd672e63f63107126c3fbd3af02beca60b73803da3085fa49dd f331ddf9b187aa30946ba5fd261a78c8faa1255ecae9a7c53cf1f4d49d08f303
CLIENT_TRAFFIC_SECRET_0 9caa0d747dac6dd672e63f63107126c3fbd3af02beca60b73803da3085fa49dd 9b19d7d012a71a7ecbdcef75eba10d2168b44cb58290c359b9f118c3031c0c23
SERVER_TRAFFIC_SECRET_0 9caa0d747dac6dd672e63f63107126c3fbd3af02beca60b73803da3085fa49dd beebc1863198f3707d76e841745319d5ec09c75971bbffafd3e4e7018b409129
CLIENT_HANDSHAKE_TRAFFIC_SECRET 2c53e56edcd0c824f2f90dff9da8b322ea62d14680179647ac84731ef4968f56 a3a0ec97e78b2605d2a01bc1797118d8bb5769ce23cf299df8f971a1d76df6e6
SERVER_HANDSHAKE_TRAFFIC_SECRET 2c53e56edcd0c824f2f90dff9da8b322ea62d14680179647ac84731ef4968f56 89dbe56a053f27262eed8502bbd8c9747ee10df76fcb4584e774a442785ac0d4
CLIENT_TRAFFIC_SECRET_0 2c53e56edcd0c824f2f90dff9da8b322ea62d14680179647ac84731ef4968f56 9395fab193d60c6c0f1d2249ae8a1d7b9018a02c99ff0aec6c524358bbd9e7c4
SERVER_TRAFFIC_SECRET_0 2c53e56edcd0c824f2f90dff9da8b322ea62d14680179647ac84731ef4968f56 97455acf7924e066d6f1b94caf00fc0fd20f8ec84d35aa7319777031160e5904
CLIENT_HANDSHAKE_TRAFFIC_SECRET 8fcb78bc81ac1462e40cc1a2fd471adc69dcca8dcea3c79e9884427a3024155f b3023e0420bca55b723fd486770d6ede4612f9b61712ae392bb081110978066f
SERVER_HANDSHAKE_TRAFFIC_SECRET 8fcb78bc81ac1462e40cc1a2fd471adc69dcca8dcea3c79e9884427a3024155f 24b3b199aa82bd79275ed2ab0d86028c9da25cca61e6300df1150665f534954b
CLIENT_TRAFFIC_SECRET_0 8fcb78bc81ac1462e40cc1a2fd471adc69dcca8dcea3c79e9884427a3024155f 5d8d82354dac3f5d97fe03d5fad574683e5b61f4342141911f071d7232325276
SERVER_TRAFFIC_SECRET_0 8fcb78bc81ac1462e40cc1a2fd471adc69dcca8dcea3c79e9884427a3024155f a2e70292b03b2537f406fae816843312855ddb8b87b4b0ac033443e4c00dc7ef
CLIENT_HANDSHAKE_TRAFFIC_SECRET 40b2f3cd0d9b28534946cca46496adc02f069c9fcfb92b9141733d2fd78c64a0 34e71655959e618ad1343ba8f1982f037f48d27c5f56c89c182a32bb964168d0
SERVER_HANDSHAKE_TRAFFIC_SECRET 40b2f3cd0d9b28534946cca46496adc02f069c9fcfb92b9141733d2fd78c64a0 e50a10fec94d3460d74229c409bb400ab906a225b1eee90793c36983c9216a9c
CLIENT_TRAFFIC_SECRET_0 40b2f3cd0d9b28534946cca46496adc02f069c9fcfb92b9141733d2fd78c64a0 e2e59adf2423c5b41e41465f39c9e8443afbc08e89a0682d9b594b412b7d7884
SERVER_TRAFFIC_SECRET_0 40b2f3cd0d9b28534946cca46496adc02f069c9fcfb92b9141733d2fd78c64a0 c624e78aebce9047dfa533b514ac91c68124cab131d092bd9086ffdc37ca3b00
CLIENT_HANDSHAKE_TRAFFIC_SECRET 221a8956eb48b4b88ab94fa50d67fa7f1b5fad146e7bd012d69f2d9d81dd401b 877bd61f2588c786377617eeb51fb81563ecdf77fe63a5d56150d4ae4d471d20
SERVER_HANDSHAKE_TRAFFIC_SECRET 221a8956eb48b4b88ab94fa50d67fa7f1b5fad146e7bd012d69f2d9d81dd401b ed2a7eefd0fbc0246d05d69ff75f1768e463d7ef6b4076e451e7136a96fc8eed
CLIENT_TRAFFIC_SECRET_0 221a8956eb48b4b88ab94fa50d67fa7f1b5fad146e7bd012d69f2d9d81dd401b 5f3a026f8ce9c1d6958f69f90a269555ec74bbfe71b944db82ccf1bac968b925
SERVER_TRAFFIC_SECRET_0 221a8956eb48b4b88ab94fa50d67fa7f1b5fad146e7bd012d69f2d9d81dd401b aca63a875a2aa90d6835131a7e5c32a322de58df88471715c22e59b03be5b20c
CLIENT_HANDSHAKE_TRAFFIC_SECRET c7a066c8b85c2ebdc841008639876ac8080b63f0d50444b2c107ddd480da94fc 89ffe6ccf315e48593c63273b1ae134654f7e500085cc15962a02d3979ad7563
SERVER_HANDSHAKE_TRAFFIC_SECRET c7a066c8b85c2ebdc841008639876ac8080b63f0d50444b2c107ddd480da94fc 8a6002f34fae7e4d43fb313b9ff6d44eb7d58f5333a3801463b9de0a976ad0dc
CLIENT_TRAFFIC_SECRET_0 c7a066c8b85c2ebdc841008639876ac8080b63f0d50444b2c107ddd480da94fc 1b95ad7512b4f25e919510c36cd5f9eb995175debc02a964a3c94e20f2f8d688
SERVER_TRAFFIC_SECRET_0 c7a066c8b85c2ebdc841008639876ac8080b63f0d50444b2c107ddd480da94fc e55f7e1beda239f6ac17c95a35fc83c35d87ebe720eb98254c084508878ff2ab
CLIENT_HANDSHAKE_TRAFFIC_SECRET 7f5019cdb8b8e55177f178b0df9461ad39cf48c551987f21a3a39bb1df406970 6cc9f59a7f783d265218174ab244a08d606e98385f6ef7b013d6d12cb3bf31fc
SERVER_HANDSHAKE_TRAFFIC_SECRET 7f5019cdb8b8e55177f178b0df9461ad39cf48c551987f21a3a39bb1df406970 c29ccf263e35fc352c71244ff8704001b338ecca5c3c73a78b6c111b83447e76
CLIENT_TRAFFIC_SECRET_0 7f5019cdb8b8e55177f178b0df9461ad39cf48c551987f21a3a39bb1df406970 9e522e421bcb25ea63e445a79c293a891c4154faf90e8e7a0a127b31e931a95d
SERVER_TRAFFIC_SECRET_0 7f5019cdb8b8e55177f178b0df9461ad39cf48c551987f21a3a39bb1df406970 c9cf197b03d57bc59e438a8f8418becfec951da1bb0fda2ea002c39d5ddb4b1a
CLIENT_HANDSHAKE_TRAFFIC_SECRET 1e75a284bd8c05ef302f701f707dcc202604d879313026d802ce3d41baae5b67 ec9e7c3416bd382a394b787e043531c74c262967ac69b2ba31679f55391d18d2
SERVER_HANDSHAKE_TRAFFIC_SECRET 1e75a284bd8c05ef302f701f707dcc202604d879313026d802ce3d41baae5b67 15194d80f6ecbb7b694ddadcf87fdd3c92d14b6844ae14905007efc2404c999c
CLIENT_TRAFFIC_SECRET_0 1e75a284bd8c05ef302f701f707dcc202604d879313026d802ce3d41baae5b67 daa4e4c7ee03b3a0a5f734f751ec3c0bfdc924e819e2cd0787a600384c7f2402
SERVER_TRAFFIC_SECRET_0 1e75a284bd8c05ef302f701f707dcc202604d879313026d802ce3d41baae5b67 9d39210e6a5eb4791e83e9d9949cd109e2e78689528cf09078bff74a2e4d8312
CLIENT_HANDSHAKE_TRAFFIC_SECRET dd29cc1e86bb1824069c295c1e7e635a2efc1c8a0aec6ca6e0dfab3140c1bf36 ffd536893ed5f29f492d06b0e2b101d4704f11b82fe8e287342e83fae3feec60
SERVER_HANDSHAKE_TRAFFIC_SECRET dd29cc1e86bb1824069c295c1e7e635a2efc1c8a0aec6ca6e0dfab3140c1bf36 218336eb3c88be40de333d2ac210763520900a88cfdd8a5c9a56cd5bd1414a44
CLIENT_TRAFFIC_SECRET_0 dd29cc1e86bb1824069c295c1e7e635a2efc1c8a0aec6ca6e0dfab3140c1bf36 ea889be797bf1c4ea2113b3570af7154d31c23087354004b3c5be7d9c37aa172
SERVER_TRAFFIC_SECRET_0 dd29cc1e86bb1824069c295c1e7e635a2efc1c8a0aec6ca6e0dfab3140c1bf36 591aace7690d334b9b0f75b034ae8442b8595fa2771b81fdae3aab1e6e3530b3
CLIENT_HANDSHAKE_TRAFFIC_SECRET 653106a4656c23becee189d16dd2e16d89b369fd5b8b5c7bfe2c74410a33fcb8 ccdb12865397bd49db7eb7de1c55a8add9f2d8aa25e9d30ce8c308099208fea2
SERVER_HANDSHAKE_TRAFFIC_SECRET 653106a4656c23becee189d16dd2e16d89b369fd5b8b5c7bfe2c74410a33fcb8 aa7d9df2e5339ee7bb532d16799ba71a70b0b814306cf4be9a191dedc2e071e8
CLIENT_TRAFFIC_SECRET_0 653106a4656c23becee189d16dd2e16d89b369fd5b8b5c7bfe2c74410a33fcb8 db10977182a531ceab1d62adad9ec98b8e0a0ba4ed7bf7f48177bd4e97d87515
SERVER_TRAFFIC_SECRET_0 653106a4656c23becee189d16dd2e16d89b369fd5b8b5c7bfe2c74410a33fcb8 dab0a33909ad6b690b22e064aa350e51af8f5936644b0319351daad119ae0e76
CLIENT_HANDSHAKE_TRAFFIC_SECRET 26c7ded5732795acbced575592ee49554decd499d14ebad5f76dd5f43132e99b 63aa9eaef7ae446ea8983b80ad96c14dbf7151f2e4b18a06aad00f68d88398a8
SERVER_HANDSHAKE_TRAFFIC_SECRET 26c7ded5732795acbced575592ee49554decd499d14ebad5f76dd5f43132e99b c399c9ca0cb29aa91a1ab8fae510bef93a9ca139a22bfe94a6b3f457f3f8cfa9
CLIENT_TRAFFIC_SECRET_0 26c7ded5732795acbced575592ee49554decd499d14ebad5f76dd5f43132e99b daa8fcd1ea96660ac843624de0d78631c3d2e9cd5e10324e213308576a42132c
SERVER_TRAFFIC_SECRET_0 26c7ded5732795acbced575592ee49554decd499d14ebad5f76dd5f43132e99b 0888642322032c4ab108a40f36a6474831520668a7c58a15e87dd5ef4f16b9de
CLIENT_HANDSHAKE_TRAFFIC_SECRET addde820c653958250f10f5f2afbb2ecf9ffcb27ae4465cdb4cb107a23bb68ff 4a96662b112a7e528184def9b985804c42f39bbdd5f48dfa8e60395958e0ab60
SERVER_HANDSHAKE_TRAFFIC_SECRET addde820c653958250f10f5f2afbb2ecf9ffcb27ae4465cdb4cb107a23bb68ff 56a308f03ce241362a550075496b507cf8611dd962557606d259184c66d3d3c1
CLIENT_TRAFFIC_SECRET_0 addde820c653958250f10f5f2afbb2ecf9ffcb27ae4465cdb4cb107a23bb68ff b0281bb844cb0d4687d818407bba3a6555b1cd88012c63202b4c203c44f2688a
SERVER_TRAFFIC_SECRET_0 addde820c653958250f10f5f2afbb2ecf9ffcb27ae4465cdb4cb107a23bb68ff 64fda6d98dd12f0538fac90e997964924417ca5cfc2836b50412c2b0bb2b87f4
CLIENT_HANDSHAKE_TRAFFIC_SECRET 7e4157eb2e2cd673402da9570982311c241d41ab130e79d52310e0e53f66a488 6ca0e14dfb9b81e86ab91512ecf2b2b0a9f238bad7da52c83c15b76700c3524a
SERVER_HANDSHAKE_TRAFFIC_SECRET 7e4157eb2e2cd673402da9570982311c241d41ab130e79d52310e0e53f66a488 15407f64af94fb46dc7425fa180184b6f6cc8c33b06895a71405ec866c08db75
CLIENT_TRAFFIC_SECRET_0 7e4157eb2e2cd673402da9570982311c241d41ab130e79d52310e0e53f66a488 1ec8121b09ae2dd7d462f87ed9a43862a7826d8a060f5c31b4e289693ddd1636
SERVER_TRAFFIC_SECRET_0 7e4157eb2e2cd673402da9570982311c241d41ab130e79d52310e0e53f66a488 e480172263c24089807ba53d18309080bc3ad8ceb8ed88b0b7a5ecc1862e4522
CLIENT_HANDSHAKE_TRAFFIC_SECRET e75d2f2f2b2b542b5fa4180be7559f5d0e627e6931d96de3798d8a3e4041aad6 248dfec0cf22e1785d504319bf07d229583ec953a1b4f97e2411ff7883fc572b
SERVER_HANDSHAKE_TRAFFIC_SECRET e75d2f2f2b2b542b5fa4180be7559f5d0e627e6931d96de3798d8a3e4041aad6 81cca0404cc22419a6bf708563143e8d96282ccb1fcb81d7a561315d65fd8b39
CLIENT_TRAFFIC_SECRET_0 e75d2f2f2b2b542b5fa4180be7559f5d0e627e6931d96de3798d8a3e4041aad6 79d0702b612a26ec1d906b7d0d8c77287d0d66f4e76041ec3a5559d908849841
SERVER_TRAFFIC_SECRET_0 e75d2f2f2b2b542b5fa4180be7559f5d0e627e6931d96de3798d8a3e4041aad6 8a2952279f957b964c45a525ca9d0497a801004f8dcd6051131d1d2186e4df1a
CLIENT_HANDSHAKE_TRAFFIC_SECRET fb7b69c52beb2c0a38b837fdcce612480b90de50de5e29a41940e9bbd0ef7c01 232b771deef96cb6dd1c37657cd10420bdd01373657b5dcdc9f56b8b3a7a02b0
SERVER_HANDSHAKE_TRAFFIC_SECRET fb7b69c52beb2c0a38b837fdcce612480b90de50de5e29a41940e9bbd0ef7c01 3a138ecb982a67369918ba40a349f6a829f2a4eb4dc068ebc42b714af01561b7
CLIENT_TRAFFIC_SECRET_0 fb7b69c52beb2c0a38b837fdcce612480b90de50de5e29a41940e9bbd0ef7c01 eb5a410e0b69dd4d77ec9414f54385cac6c147728ee3bdf9b854e7aeca320c11
SERVER_TRAFFIC_SECRET_0 fb7b69c52beb2c0a38b837fdcce612480b90de50de5e29a41940e9bbd0ef7c01 1440e1dcd7262ac933db7a3281ff8424e5ca368fc180103291a45ff1d71d8024
CLIENT_HANDSHAKE_TRAFFIC_SECRET 48491e3397507063c2b5804de91d60c32e8c85b6e7d901b76105614a37f5dd6b 7093da6d6bb9784c8769a58713187df91f22581d1ce23d5df1e47ed755548fe8
SERVER_HANDSHAKE_TRAFFIC_SECRET 48491e3397507063c2b5804de91d60c32e8c85b6e7d901b76105614a37f5dd6b 6a0a6d22dfed6a95c7148f194fef556e959968ebf9b349d8bc78d7f702f48333
CLIENT_TRAFFIC_SECRET_0 48491e3397507063c2b5804de91d60c32e8c85b6e7d901b76105614a37f5dd6b 769e8567992f8c2ec4a250ea38c6108caaa866b898a49581a28896c37eb508c6
SERVER_TRAFFIC_SECRET_0 48491e3397507063c2b5804de91d60c32e8c85b6e7d901b76105614a37f5dd6b fd7458fcbac1915d8409f9734a09db8e38493e058bcf8053d26f696a5e36f3a4
CLIENT_HANDSHAKE_TRAFFIC_SECRET 2d69b493410ac81258232582351e8438bea234ade6f487b886a97cebbbcc8762 3204950f1ec2fa86a59e561848ba9caed0b126ceb5882bbd9d7c83ec5ae141b7
SERVER_HANDSHAKE_TRAFFIC_SECRET 2d69b493410ac81258232582351e8438bea234ade6f487b886a97cebbbcc8762 2298d456d0ef673a0a1f1313253c411a241240e98aa6dde9592cf066738f00de
CLIENT_TRAFFIC_SECRET_0 2d69b493410ac81258232582351e8438bea234ade6f487b886a97cebbbcc8762 96870897af7fe7a933f7978a3cdab213ca89b77297fe3ff77c0b5532514834f9
SERVER_TRAFFIC_SECRET_0 2d69b493410ac81258232582351e8438bea234ade6f487b886a97cebbbcc8762 81f89bc8c1e2d9c43bd0c7cab1506415c802b73faa4d999e0d6095231d6bd540
CLIENT_HANDSHAKE_TRAFFIC_SECRET 4b70dce469d08a5e0c7bac1d68ecf83e9e1702086831af3eff4cf955a1324505 463c93aa37d9db6f143f1b7ba2559fd02a123ab3d38477828737ccfd467217c3
SERVER_HANDSHAKE_TRAFFIC_SECRET 4b70dce469d08a5e0c7bac1d68ecf83e9e1702086831af3eff4cf955a1324505 c35aaef36354e2a750174a3529fda3d11384492e319cdd32e426bdf91679fdd8
CLIENT_TRAFFIC_SECRET_0 4b70dce469d08a5e0c7bac1d68ecf83e9e1702086831af3eff4cf955a1324505 841996b5b3adac3ef38817dbdff8eb4e7d70193a11ddaebb79dfbb2932cb99c7
SERVER_TRAFFIC_SECRET_0 4b70dce469d08a5e0c7bac1d68ecf83e9e1702086831af3eff4cf955a1324505 c888d7d5dbc32ce2f343518f42db394e32233a7e7c001104dcc50a1814d5c0c3
CLIENT_HANDSHAKE_TRAFFIC_SECRET 9ebdf2c2e297641b0174cca91b2b10c40a6cfd550df05b711adba90042f629d6 ade84934dbd6dc6323ffee21564f1e2477a14cb796faac649a9cee201cb2ec96
SERVER_HANDSHAKE_TRAFFIC_SECRET 9ebdf2c2e297641b0174cca91b2b10c40a6cfd550df05b711adba90042f629d6 77795994b231e65d60f96d0c9e5a05fae39ce89c343db78026ececebbecde715
CLIENT_TRAFFIC_SECRET_0 9ebdf2c2e297641b0174cca91b2b10c40a6cfd550df05b711adba90042f629d6 f585cb1a357a0d8cbbbcfaae25bfe0d127908e96843b71bbf2897350e54b6841
SERVER_TRAFFIC_SECRET_0 9ebdf2c2e297641b0174cca91b2b10c40a6cfd550df05b711adba90042f629d6 c7c123addf473cbb6fb9104ef7581fec97a30da7fc795fec7c556ceac980394d
CLIENT_HANDSHAKE_TRAFFIC_SECRET bb21c86576b6658de0eb56a764a8f5047fd9bd6c9774d0a7a587e01b4b7bbf2b 4ad0b9437d8fbac4326774eb8fb148424a333961ba4d46da9ed166261fefd8e8
SERVER_HANDSHAKE_TRAFFIC_SECRET bb21c86576b6658de0eb56a764a8f5047fd9bd6c9774d0a7a587e01b4b7bbf2b dbcc9a5a92d163dae1561104a19454345f7a9be50a51e0803a4b23ad8aa81839
CLIENT_TRAFFIC_SECRET_0 bb21c86576b6658de0eb56a764a8f5047fd9bd6c9774d0a7a587e01b4b7bbf2b 887b8c1591d7423fa008dba75b02096f2f3208d4466c338b6aa084c586911d48
SERVER_TRAFFIC_SECRET_0 bb21c86576b6658de0eb56a764a8f5047fd9bd6c9774d0a7a587e01b4b7bbf2b 53d466e193284be36c27e512305bb7c0fc9fa946e1870bcdf678ca33492ab1ec
CLIENT_HANDSHAKE_TRAFFIC_SECRET fe409a5258fa1a5b73876f54fb6ad05ea74c2c7de3cbca705b99e8bf98c3247c b109faa44a0b2d035d4ce74bcbb75c647557c5ef793725032c042954075ff357
SERVER_HANDSHAKE_TRAFFIC_SECRET fe409a5258fa1a5b73876f54fb6ad05ea74c2c7de3cbca705b99e8bf98c3247c b6e325de71212a84742c9867a3b112322d701818fec24af3ee951175df943708
CLIENT_TRAFFIC_SECRET_0 fe409a5258fa1a5b73876f54fb6ad05ea74c2c7de3cbca705b99e8bf98c3247c 1c3fc38f0b3b411c81a28bae073baddc2ac6a152c27104d527ef9012ba211f3d
SERVER_TRAFFIC_SECRET_0 fe409a5258fa1a5b73876f54fb6ad05ea74c2c7de3cbca705b99e8bf98c3247c e75d8093ee04df1fa0be31f8e6c89d6790e9cbc439f3a8fc83f70be5d668b7a2
CLIENT_HANDSHAKE_TRAFFIC_SECRET cdcb7385f1ad4ae490bc384af0aa3729bf6b1b000e5ac9d9a7dfb02118412cc6 94cc4eb42bbc042a63ec0b1c5aed1782c97995de6695c0d727e97a7c52e506f5
SERVER_HANDSHAKE_TRAFFIC_SECRET cdcb7385f1ad4ae490bc384af0aa3729bf6b1b000e5ac9d9a7dfb02118412cc6 dbeff48ddd1db8e9ee0e904ffcd1ac84244c5382336bc1278dbf678deda45a6e
CLIENT_TRAFFIC_SECRET_0 cdcb7385f1ad4ae490bc384af0aa3729bf6b1b000e5ac9d9a7dfb02118412cc6 b8613f444e77aef6155c5c74ccfa4d15942706e659dbdbb2f9de9aa5704ef739
SERVER_TRAFFIC_SECRET_0 cdcb7385f1ad4ae490bc384af0aa3729bf6b1b000e5ac9d9a7dfb02118412cc6 d3fe8e6492f0785475b5db3a78510ba9e8759dbf011497bcc490d13c930a4d0f
CLIENT_HANDSHAKE_TRAFFIC_SECRET 79af243f7c6a3d23e7088720f2b4992efc1341c52e3d9722ffdac0faa2b383a4 3d57b72aaccc86113abf90188ab48f37bc651dd1b941e5edac3995e1b4aa748e
SERVER_HANDSHAKE_TRAFFIC_SECRET 79af243f7c6a3d23e7088720f2b4992efc1341c52e3d9722ffdac0faa2b383a4 0634af288252926067c3cadb6ec8a9a498f0b861092a2079fde2ed1e9b53f5b2
CLIENT_TRAFFIC_SECRET_0 79af243f7c6a3d23e7088720f2b4992efc1341c52e3d9722ffdac0faa2b383a4 6fc9b2321c5ba60b7f7858d8a900b7a7be54fd35a8645b25fa6bb3689704f347
SERVER_TRAFFIC_SECRET_0 79af243f7c6a3d23e7088720f2b4992efc1341c52e3d9722ffdac0faa2b383a4 1b6a398db61d81ab4e8bf569936ffd32180d045e90a921b0472a7b5954d2f8c0
CLIENT_HANDSHAKE_TRAFFIC_SECRET 5d485bb2ff8ade4bd6c0f30bc70a2eb9612a8e85b10e1a8ad38c8f3fb3c7fb41 9f643ea625bfcbbc36359a7801053c2bab86e78e49bf65e13ff3c5fb2c4ef24d
SERVER_HANDSHAKE_TRAFFIC_SECRET 5d485bb2ff8ade4bd6c0f30bc70a2eb9612a8e85b10e1a8ad38c8f3fb3c7fb41 55262afdfd64c42e2c5813ced2fb37a0334c0ae70f2a2273577336487a0c8557
CLIENT_TRAFFIC_SECRET_0 5d485bb2ff8ade4bd6c0f30bc70a2eb9612a8e85b10e1a8ad38c8f3fb3c7fb41 69691c1c52068be3f545cde3c96278a41f65a392902648037ea8e53bea62cb2c
SERVER_TRAFFIC_SECRET_0 5d485bb2ff8ade4bd6c0f30bc70a2eb9612a8e85b10e1a8ad38c8f3fb3c7fb41 1e68b6287972e8514880528e53a7df9ad0651a90898b72933480c0226eec7897
CLIENT_HANDSHAKE_TRAFFIC_SECRET dcffb7672fae5d484ab74715a40d522d0e3ac3f198d8182789995618d131dae8 a40d6fd0bcee2050029a71f322671bdfa587ddb4184e619a2eea3dc0cd4da619
SERVER_HANDSHAKE_TRAFFIC_SECRET dcffb7672fae5d484ab74715a40d522d0e3ac3f198d8182789995618d131dae8 0d08e970c9ca2d3bb17d539cc31d095a324e1996a7247edc389fb5c2ac148160
CLIENT_TRAFFIC_SECRET_0 dcffb7672fae5d484ab74715a40d522d0e3ac3f198d8182789995618d131dae8 872d263c8c7c374b4d8dfad65cb158b7332dd2d1dd575568f30330039685de92
SERVER_TRAFFIC_SECRET_0 dcffb7672fae5d484ab74715a40d522d0e3ac3f198d8182789995618d131dae8 186f0612a8aeb8d45df60d98838aabbc516fd0bd486def46c2e618250eda343f
CLIENT_HANDSHAKE_TRAFFIC_SECRET 416393b1d91f40fa513dc5499b108beaf0916458cad318fab2ff6f1b6bd524d9 3c8b340e38188a59f6a238dbc60b871489b561eda4fd56c2f61ef73ebf65bcf9
SERVER_HANDSHAKE_TRAFFIC_SECRET 416393b1d91f40fa513dc5499b108beaf0916458cad318fab2ff6f1b6bd524d9 62eb3249c546ee2dd38c16d0ce5a0cff3264b8ab1db43dca496f6ce3c96be669
CLIENT_TRAFFIC_SECRET_0 416393b1d91f40fa513dc5499b108beaf0916458cad318fab2ff6f1b6bd524d9 c04538cf13052345614598fad8985dfa1327cf8da70b9e8d40c53550aec4c9ca
SERVER_TRAFFIC_SECRET_0 416393b1d91f40fa513dc5499b108beaf0916458cad318fab2ff6f1b6bd524d9 e33e002303a04a22dc50bf8947ef3a03bcf7b96ecd594d279f97b72e546c153d
CLIENT_HANDSHAKE_TRAFFIC_SECRET 534ade31460c67c0c0caebd8e89af10e6e820eb6a6f9ade171bd9da58c6d386f 6182746ed667fb32acd30f22330943291e7f2b2612e4878dc52c96e89744a948
SERVER_HANDSHAKE_TRAFFIC_SECRET 534ade31460c67c0c0caebd8e89af10e6e820eb6a6f9ade171bd9da58c6d386f c5d79aa1632614cc104460f98b1dfed074c078839f436cd36dccc5e73d7e0686
CLIENT_TRAFFIC_SECRET_0 534ade31460c67c0c0caebd8e89af10e6e820eb6a6f9ade171bd9da58c6d386f 035267fca2677c69f4ebd474b831e5a8e1b8aa8a91052ea8e24bb174d939d69b
SERVER_TRAFFIC_SECRET_0 534ade31460c67c0c0caebd8e89af10e6e820eb6a6f9ade171bd9da58c6d386f 836f8dd26a3e5832ef2f68915655637badc8abd267ba7982ead70e8f4bf2fd00
CLIENT_HANDSHAKE_TRAFFIC_SECRET d9e3af269f59e5055577c9065342ca339de22131ea6c358c18f099c1627d7d36 63c47c1e7a3126ed9341026a9360618e5a7a95c57f76d62a93be2a48b3418684
SERVER_HANDSHAKE_TRAFFIC_SECRET d9e3af269f59e5055577c9065342ca339de22131ea6c358c18f099c1627d7d36 19dc72d84094d26c4bfe3f15ec182a8d4fedb54fd702c4f14d98d4de7d201382
CLIENT_TRAFFIC_SECRET_0 d9e3af269f59e5055577c9065342ca339de22131ea6c358c18f099c1627d7d36 05c212c652c534cbccd3c8069ba07bf3a2b7f5f7f671b7f9d5657c5ab26519e1
SERVER_TRAFFIC_SECRET_0 d9e3af269f59e5055577c9065342ca339de22131ea6c358c18f099c1627d7d36 478238eaf8461818ca2d2b43156554d8368398cb0ba52768256c5e60afbdfaf8
CLIENT_HANDSHAKE_TRAFFIC_SECRET cc967294f191581438ef7321c22a2067fbafa1b502eeb1059e6cfafcf8dd228e 2a0e6f0ea99292bcb2ede3640f024e91baf2d0c03ce66471267c9190a7ab0b8b
SERVER_HANDSHAKE_TRAFFIC_SECRET cc967294f191581438ef7321c22a2067fbafa1b502eeb1059e6cfafcf8dd228e bbc1e46d5aad2754acd0ba0ebdf2f1fcc2d2069582691b8eeca5bf5ad8386d08
CLIENT_TRAFFIC_SECRET_0 cc967294f191581438ef7321c22a2067fbafa1b502eeb1059e6cfafcf8dd228e 62a327f66a420acd1775fb0e073b95b7e1ec810d8a29ba3cb9f3986f262764a6
SERVER_TRAFFIC_SECRET_0 cc967294f191581438ef7321c22a2067fbafa1b502eeb1059e6cfafcf8dd228e 975b640c4ffd3f70ab88bb715003a1b0dd44238980a17a1d5ed169ae88bd0889
CLIENT_HANDSHAKE_TRAFFIC_SECRET c2adb4995c4ac55fd878b4ca572ad6976e8865aaf8ef26b3dc05c65b378e3c63 79542fcc8ec16b1674cc41cca76aef75493dc80617642f7914e7d26420cdffbd
SERVER_HANDSHAKE_TRAFFIC_SECRET c2adb4995c4ac55fd878b4ca572ad6976e8865aaf8ef26b3dc05c65b378e3c63 4310e71146df9072e5457d4125f6b9edf2d8d238124c800bb917ffe15bc4fff9
CLIENT_TRAFFIC_SECRET_0 c2adb4995c4ac55fd878b4ca572ad6976e8865aaf8ef26b3dc05c65b378e3c63 0d1f35704871aafa852d1a0c3103d120643acf44ccd4580727be07a1004001a5
SERVER_TRAFFIC_SECRET_0 c2adb4995c4ac55fd878b4ca572ad6976e8865aaf8ef26b3dc05c65b378e3c63 13f126464c32ac4783027a8822ff5c495c54c385f67e1d614964b1ecd8f58d3b
CLIENT_HANDSHAKE_TRAFFIC_SECRET a9c542ff6ad91a6e29cbadf83d3d8018835a861b1499f0096b23b0fc8c8792d6 442b29b4efbd128c6b1f85ba1b9a2d71149bf1c72318aced603f895526ed7ac4
SERVER_HANDSHAKE_TRAFFIC_SECRET a9c542ff6ad91a6e29cbadf83d3d8018835a861b1499f0096b23b0fc8c8792d6 980314c65d0a4bde3e451e54da5a97e142a3b103a88e4ff6cd3ceaa2c0dc0df6
CLIENT_TRAFFIC_SECRET_0 a9c542ff6ad91a6e29cbadf83d3d8018835a861b1499f0096b23b0fc8c8792d6 acbc59474625445d37ba056273246c6f2ca615f45e240d8c510031a9075f66b1
SERVER_TRAFFIC_SECRET_0 a9c542ff6ad91a6e29cbadf83d3d8018835a861b1499f0096b23b0fc8c8792d6 e9d95cb2431b648865112396ec933dfd4d18b75d09675fe0cf215d5627814862
CLIENT_HANDSHAKE_TRAFFIC_SECRET 2e936a6f9f1d7d22ca5205b0c57d9e093087132172e6cd0e5d7b1b8b5315ce3f b0e9451d1d18a92e236e468e82d95a884be6b72c43045d2e50fae2cbcd19ef79
SERVER_HANDSHAKE_TRAFFIC_SECRET 2e936a6f9f1d7d22ca5205b0c57d9e093087132172e6cd0e5d7b1b8b5315ce3f 687228c961d7898a223798d8a8dacf8afb4eac6a8da5794f4cd93d29115eba58
CLIENT_TRAFFIC_SECRET_0 2e936a6f9f1d7d22ca5205b0c57d9e093087132172e6cd0e5d7b1b8b5315ce3f 13354c0ab2cceb8526eed3798a9bf5ca5c6ac8754b9b9bf103400da715f1fb97
SERVER_TRAFFIC_SECRET_0 2e936a6f9f1d7d22ca5205b0c57d9e093087132172e6cd0e5d7b1b8b5315ce3f 46c3ee9d72f471ce10031784620c90fd3949c30d7b2e02b92cefb96576a0a20a
CLIENT_HANDSHAKE_TRAFFIC_SECRET 7883505a2ceb2a96556b98e86df84c93d3439fb1fefaaf821a6f97ff719f0e08 80c8312e442cab4cdd5ffd11806b7d6245ae1a28e0367223ea82b849923994e4
SERVER_HANDSHAKE_TRAFFIC_SECRET 7883505a2ceb2a96556b98e86df84c93d3439fb1fefaaf821a6f97ff719f0e08 fc93c199f332a7a78db1ae8680b5729547a4b4ad5d622cfb3ceb75901ba6930b
CLIENT_TRAFFIC_SECRET_0 7883505a2ceb2a96556b98e86df84c93d3439fb1fefaaf821a6f97ff719f0e08 5e67751e842e44924748b4671236e4b73c33be1aad0b0d15680de0f726fe37b6
SERVER_TRAFFIC_SECRET_0 7883505a2ceb2a96556b98e86df84c93d3439fb1fefaaf821a6f97ff719f0e08 4224b7bc865cac8c99e4ccc776ceef839275bb6ffd592b8b494798d9dc32cf9b
CLIENT_HANDSHAKE_TRAFFIC_SECRET 172ff8d4e321d975b773156db95c8e6ff7870b724990622585a682fe2fbdb2c5 806b571d1a1521889cb5a71160c9f3290ea85ad7384006698983b7b4dd7e41db
SERVER_HANDSHAKE_TRAFFIC_SECRET 172ff8d4e321d975b773156db95c8e6ff7870b724990622585a682fe2fbdb2c5 55b3f73eb340cc4c2896d50c3998e222d196a13fd237f84047b2d36a0df4f07b
CLIENT_TRAFFIC_SECRET_0 172ff8d4e321d975b773156db95c8e6ff7870b724990622585a682fe2fbdb2c5 b49ac8dd8e1261a99e50c7e2c72fa2cddfaf3ade0d0fdc871eb3feafb912a6ed
SERVER_TRAFFIC_SECRET_0 172ff8d4e321d975b773156db95c8e6ff7870b724990622585a682fe2fbdb2c5 086cb416992a5094de8ad916666660ad34a751c1e0e2fc7b9d36ee703e8c8a9e
CLIENT_HANDSHAKE_TRAFFIC_SECRET f7fac6ea1af3a315cc5e55805134e7a960005606b582cb12fec8bf263b64cdff 896493e22c4a4870c22dee42364ebe4a3b1c92e60ae29b8f3daec653c6df2d80
SERVER_HANDSHAKE_TRAFFIC_SECRET f7fac6ea1af3a315cc5e55805134e7a960005606b582cb12fec8bf263b64cdff 85589367b1196877d13136086415d3242cd1927382a85ebf38710ae199a192b1
CLIENT_TRAFFIC_SECRET_0 f7fac6ea1af3a315cc5e55805134e7a960005606b582cb12fec8bf263b64cdff b3343ba7e634c4b841447ec20b349e9299d834a244ebabbd09cc5a01e5d5a077
SERVER_TRAFFIC_SECRET_0 f7fac6ea1af3a315cc5e55805134e7a960005606b582cb12fec8bf263b64cdff 61c8a822e8d3a3c2d4f3c91c65fcc3c249ea4afbeff06284b20669cfecc4b212
CLIENT_HANDSHAKE_TRAFFIC_SECRET 6d1c3e01948be1427cf425d5d42e4c48476f2ce817b4756777690ee50c9afd46 c59783a19dcd1eaff74ce6a1f02e5290b3ea0c5744c77279df0cbd939c061cc4
SERVER_HANDSHAKE_TRAFFIC_SECRET 6d1c3e01948be1427cf425d5d42e4c48476f2ce817b4756777690ee50c9afd46 74eb2a4351097dcef8bf95785f1379a9312bf891439ffeaf76110e029b70588b
CLIENT_TRAFFIC_SECRET_0 6d1c3e01948be1427cf425d5d42e4c48476f2ce817b4756777690ee50c9afd46 afa0397bab9f5d11473f42fc44195b7f568d58cbfad93829129f1a2076985128
SERVER_TRAFFIC_SECRET_0 6d1c3e01948be1427cf425d5d42e4c48476f2ce817b4756777690ee50c9afd46 3c1f05a3fae3940ed2629b93fc398b54a48bad07134c13f47eab55d0b13c3009
CLIENT_HANDSHAKE_TRAFFIC_SECRET dc47c924f1e813a43114ad242e76373a756402af289d7999206fbcda2c002122 10ba3a902265f0886f61ccde7f63da309b3597894b9b875f4de0f6cee30d7e62
SERVER_HANDSHAKE_TRAFFIC_SECRET dc47c924f1e813a43114ad242e76373a756402af289d7999206fbcda2c002122 4612079c1e3a705cd357514bf417e42bcb8edc13d4fffc3d87d15474825c466b
CLIENT_TRAFFIC_SECRET_0 dc47c924f1e813a43114ad242e76373a756402af289d7999206fbcda2c002122 a3d5161d9bed2aa571ce3b3fa56913a06f544a490c31d4fb62e82169c4e6c030
SERVER_TRAFFIC_SECRET_0 dc47c924f1e813a43114ad242e76373a756402af289d7999206fbcda2c002122 7363a978b0ace989ffaa8d99aad0c9473509f5954503920ac8722e893b054d48
CLIENT_HANDSHAKE_TRAFFIC_SECRET 20280283490bec02cff439b6553398927c2702668c96e22a0968cbc6ffb454cc 63ad4f6f141ceff25217f1b0241d2cf62809ab3bc8cd216464d2f6dad5fd470b
SERVER_HANDSHAKE_TRAFFIC_SECRET 20280283490bec02cff439b6553398927c2702668c96e22a0968cbc6ffb454cc d85df87ee7b4fdac582ea860b362effe26a57b8b4af343f6822f8e407fb87c5a
CLIENT_TRAFFIC_SECRET_0 20280283490bec02cff439b6553398927c2702668c96e22a0968cbc6ffb454cc 4e0d140ee9ea2b72c44adc166871c7e8dac1db21827567141e6eb66c000e98d2
SERVER_TRAFFIC_SECRET_0 20280283490bec02cff439b6553398927c2702668c96e22a0968cbc6ffb454cc e4292a8fa622471afb30be83cb15563f99958a92eaf566cd0a7524e86045d8e5
CLIENT_HANDSHAKE_TRAFFIC_SECRET 303d041e35af2de864b42aa9df367443be2fbc67ac336b08d797cfcb93e450ab 1df676fa30183a9cd8ded6eeddc3ec9281f4a64248c09c2e70aa640527c64848
SERVER_HANDSHAKE_TRAFFIC_SECRET 303d041e35af2de864b42aa9df367443be2fbc67ac336b08d797cfcb93e450ab 8ad4fd34622edfdcbf3d9f131e2fc92126b9201cd94bdc69f707a1c775e74a4e
CLIENT_TRAFFIC_SECRET_0 303d041e35af2de864b42aa9df367443be2fbc67ac336b08d797cfcb93e450ab 52cb615ecf77f0e9894397efb68c06f5033de18543a3bbf8badc3a368740569f
SERVER_TRAFFIC_SECRET_0 303d041e35af2de864b42aa9df367443be2fbc67ac336b08d797cfcb93e450ab 34a0ad09c5f1834fec61293b9aad4f6b27c5d8aa605b5dde04528c2e36e67fa1
CLIENT_HANDSHAKE_TRAFFIC_SECRET 23e69a00fac9c1fe35b88229b3337ea48d3e636d258fbd9418937700b44d0528 4b59b2a4825801fa4b7f3530db426991452be92e1d415ba28e2eb748599a416a
SERVER_HANDSHAKE_TRAFFIC_SECRET 23e69a00fac9c1fe35b88229b3337ea48d3e636d258fbd9418937700b44d0528 535a9c2e25c8b19864d8be0916753ec3485c3f508d9593f0ae48420473016ced
CLIENT_TRAFFIC_SECRET_0 23e69a00fac9c1fe35b88229b3337ea48d3e636d258fbd9418937700b44d0528 310bf3ab993ddfe5f55d4375432849532dd4396785a1fb8dfa1f1434d0204199
SERVER_TRAFFIC_SECRET_0 23e69a00fac9c1fe35b88229b3337ea48d3e636d258fbd9418937700b44d0528 ae8248772c080cd4f07c3bde4e01a7dfd9481f53d5a282145e62cc7ab4ce5196
CLIENT_HANDSHAKE_TRAFFIC_SECRET c73576dc2309713d9811660c4485e3e96c82141773fde55039cdbd849b7548a0 be57750f3a80e4a0d57bef49bed83c2fe8f6c217c0e26e8e3f53504364dd3d72
SERVER_HANDSHAKE_TRAFFIC_SECRET c73576dc2309713d9811660c4485e3e96c82141773fde55039cdbd849b7548a0 96fe7aba0441e164fc79c81a60017789240de8fa726aac132cb406585df53644
CLIENT_TRAFFIC_SECRET_0 c73576dc2309713d9811660c4485e3e96c82141773fde55039cdbd849b7548a0 cebff72731e309c480f5fa9c57e88ba17dd00da0e78973049edf07057a2073fc
SERVER_TRAFFIC_SECRET_0 c73576dc2309713d9811660c4485e3e96c82141773fde55039cdbd849b7548a0 d98531d1e7e8c35cd65d0a53662139b2bf7dc383cb7be02e9fb47e56b01bb361
CLIENT_HANDSHAKE_TRAFFIC_SECRET 642dac1321fba78f6e6f62f4bc7e137405d3d82feefb6731978abc8eb44edd1a d074de822ab04213c4ae75ed556b99787625d86dbf2edbdd14e53bcf5360599a
SERVER_HANDSHAKE_TRAFFIC_SECRET 642dac1321fba78f6e6f62f4bc7e137405d3d82feefb6731978abc8eb44edd1a cbefd3a80f910b8264ad663f245828786748545d5d8b5a1dcb632ab52a60a44f
CLIENT_TRAFFIC_SECRET_0 642dac1321fba78f6e6f62f4bc7e137405d3d82feefb6731978abc8eb44edd1a addad534a0882de87a9e4dc6cb34e1d213cb07262a3b63f6b7791b5d19db0932
SERVER_TRAFFIC_SECRET_0 642dac1321fba78f6e6f62f4bc7e137405d3d82feefb6731978abc8eb44edd1a 51172a53102645de6ec2a98e8596702eb406694a5c63407d84eeb5f6dbd0673f
CLIENT_HANDSHAKE_TRAFFIC_SECRET 2e2b0f17089ee9efb9a582620818573abfe009f65381bdeb6659e49d1fa43673 ac7610938770e2bdc186013f33170e4dcd83eb9ef3acb3986a736ab7d811b6e1
SERVER_HANDSHAKE_TRAFFIC_SECRET 2e2b0f17089ee9efb9a582620818573abfe009f65381bdeb6659e49d1fa43673 8ed574f6a26930223d0f2f6e1f63a05878b7f6ce373aa08efbf0717d7acdef5b
CLIENT_TRAFFIC_SECRET_0 2e2b0f17089ee9efb9a582620818573abfe009f65381bdeb6659e49d1fa43673 e6725668801e2337e81339c21f0a84594e6f5607cd725c5c814235a7609df71d
SERVER_TRAFFIC_SECRET_0 2e2b0f17089ee9efb9a582620818573abfe009f65381bdeb6659e49d1fa43673 01368725b677db73d60f71b512ec174d774d2bfe503bf6995b6e0d43ebf46604
CLIENT_HANDSHAKE_TRAFFIC_SECRET b1e1110bbfe780c3e52270922a5d9d13ae6b81e9221cc0837c8a8c7986e7cf40 aaf4ad456ad7f87ad1957632f21192db0006ee82b401a1646eed1e25983fadb9
SERVER_HANDSHAKE_TRAFFIC_SECRET b1e1110bbfe780c3e52270922a5d9d13ae6b81e9221cc0837c8a8c7986e7cf40 a9c9987d5f5cfbc3a192323bc0bdc01d014cb4d44154374809863ce3b87685c1
CLIENT_TRAFFIC_SECRET_0 b1e1110bbfe780c3e52270922a5d9d13ae6b81e9221cc0837c8a8c7986e7cf40 c9dbd21e6c56bbe48bc9ab820e80b33961e5f1c744b13de36e6d095168f50353
SERVER_TRAFFIC_SECRET_0 b1e1110bbfe780c3e52270922a5d9d13ae6b81e9221cc0837c8a8c7986e7cf40 04f5988fba2515d1cbe65ba8a3e9c89b3ff7ad4e330b58dbad897280b0a740c5
CLIENT_HANDSHAKE_TRAFFIC_SECRET 11159957ca10a27ca453fffa429edc015e87a46a3fb9d50171c567ebba1b108c 14d01dbd38a9ccbe313099ac023c0d4e64bf5df700705a61fcaed842d15502b3
SERVER_HANDSHAKE_TRAFFIC_SECRET 11159957ca10a27ca453fffa429edc015e87a46a3fb9d50171c567ebba1b108c 2e7ae06262e4f092900c4ee69b138afb83d7482f0fd2064c20d42870de16e10d
CLIENT_TRAFFIC_SECRET_0 11159957ca10a27ca453fffa429edc015e87a46a3fb9d50171c567ebba1b108c 4faa629ed891b91bc2d953ebd3c1d05f5590928844ea8aaa21f078353e02c6b6
SERVER_TRAFFIC_SECRET_0 11159957ca10a27ca453fffa429edc015e87a46a3fb9d50171c567ebba1b108c 9c729caf75ea62b61e927e1463579e7852d99062bcc7a390e48cc5b9afc40afa
CLIENT_HANDSHAKE_TRAFFIC_SECRET e2f7c2cbc625d06ac73cb9b311156618496e805c7b0829871a89bff2d1503b58 4644e6330cc2e8bf817416e36de85fd9bcff8104908585347479596701567ffc
SERVER_HANDSHAKE_TRAFFIC_SECRET e2f7c2cbc625d06ac73cb9b311156618496e805c7b0829871a89bff2d1503b58 394b198264c9720f48ff6d7e5ce4db8defc3a0817f555b19cfd044ba211e1b54
CLIENT_TRAFFIC_SECRET_0 e2f7c2cbc625d06ac73cb9b311156618496e805c7b0829871a89bff2d1503b58 cc80dc96972de9b028e37a3b07cd96086e89cfa5c0b787945439765e01e2efd4
SERVER_TRAFFIC_SECRET_0 e2f7c2cbc625d06ac73cb9b311156618496e805c7b0829871a89bff2d1503b58 0ae226d45ef57c8cdcc8f4ddea857825e716cd70f4d333ab56d1f93c32d3b6b8
CLIENT_HANDSHAKE_TRAFFIC_SECRET 9b077083f3c68fa3a2c07a90f9965f036376cf9b3e38db83772f475cad1bee60 fc1968aef8d8748a8880c3f0a97af98ee3c306be4f33251fcaf02ad8ef4bb0ee
SERVER_HANDSHAKE_TRAFFIC_SECRET 9b077083f3c68fa3a2c07a90f9965f036376cf9b3e38db83772f475cad1bee60 2deddd144c37c0a61af2524cef2c8940107fa67fe2d7086b5608299089d100f6
CLIENT_TRAFFIC_SECRET_0 9b077083f3c68fa3a2c07a90f9965f036376cf9b3e38db83772f475cad1bee60 3f3f8cfb5773d8c7434cde80bdcbfc72f833a04f0c372f03a227428608119511
SERVER_TRAFFIC_SECRET_0 9b077083f3c68fa3a2c07a90f9965f036376cf9b3e38db83772f475cad1bee60 58548887ff6a08b919aed27ded0ee29540ad41e5a0d0fef33fa0fdc63b3573c5
CLIENT_HANDSHAKE_TRAFFIC_SECRET 575ef0ab1197eb0fc1a90853dd4ec8e32be2f49ce7cfa1a7f313c9c9d369febe 26daf016553634a18356d8c3895100a8f853d6263a3ef3df7f92ec4f98a7c9e5
SERVER_HANDSHAKE_TRAFFIC_SECRET 575ef0ab1197eb0fc1a90853dd4ec8e32be2f49ce7cfa1a7f313c9c9d369febe 9b0a024b813a6bc38a552535827b4016e7a69632f58e8398e29cefc9c32e3ede
CLIENT_TRAFFIC_SECRET_0 575ef0ab1197eb0fc1a90853dd4ec8e32be2f49ce7cfa1a7f313c9c9d369febe 0203c1e60609fd389e535034c41720b6721c875279e501e8a5b0db3ab6321ec9
SERVER_TRAFFIC_SECRET_0 575ef0ab1197eb0fc1a90853dd4ec8e32be2f49ce7cfa1a7f313c9c9d369febe a9a91ca4fccdfaef6290ed745e69cde319ebdf079d39122073b5b7847f29b904
CLIENT_HANDSHAKE_TRAFFIC_SECRET 9e7b7674e466a9366523faafeadbef96205bd274f6f7976b354d71a6f264ce8c df6ff9c598a3b5917a63daeaf223fcfbed2b9f1a5d5eb9247354b4075660f017
SERVER_HANDSHAKE_TRAFFIC_SECRET 9e7b7674e466a9366523faafeadbef96205bd274f6f7976b354d71a6f264ce8c fc08a7c07a3ff5e29d49e12b6155b1b7f5be851415e505acf3ad4abcb8fae02a
CLIENT_TRAFFIC_SECRET_0 9e7b7674e466a9366523faafeadbef96205bd274f6f7976b354d71a6f264ce8c e227ef1723f9713007840e5f8369902634abf27a8a0a4c944e0961335fef8c03
SERVER_TRAFFIC_SECRET_0 9e7b7674e466a9366523faafeadbef96205bd274f6f7976b354d71a6f264ce8c fac93435bfb8e80e3125eacd52abc24adfa46cf43e5a497b496aa6902eca9146
CLIENT_HANDSHAKE_TRAFFIC_SECRET 164db644b043b827be024a48f23762271a2f427b2fde9ee8b45450b82ee1bbc8 25ff3d9aec32931b4dc749b2b4c04af0a6829feb42e4b48f26fc4d4ba102806f
SERVER_HANDSHAKE_TRAFFIC_SECRET 164db644b043b827be024a48f23762271a2f427b2fde9ee8b45450b82ee1bbc8 144e7fe350c6c270f4786ed1f51f52b8ce8b78b4f63e29f204f147883e08fcd2
CLIENT_TRAFFIC_SECRET_0 164db644b043b827be024a48f23762271a2f427b2fde9ee8b45450b82ee1bbc8 2e10707b705cf8ab5e9bf183d8719ab5b2cf9f292e2bc4d8fa6dda68a4686856
SERVER_TRAFFIC_SECRET_0 164db644b043b827be024a48f23762271a2f427b2fde9ee8b45450b82ee1bbc8 3b2349bd83bdc4fc961916b8689abc0e81ea509949e208d7cd5e32f5330569d3
CLIENT_HANDSHAKE_TRAFFIC_SECRET 6f442dbd308332d70489843a5e3d4036306656308135987c0d3dd22f79b291ee d178db2e2a7cc0f956aef16169371c7d2b8b852470268efb0971f2d761c57d06
SERVER_HANDSHAKE_TRAFFIC_SECRET 6f442dbd308332d70489843a5e3d4036306656308135987c0d3dd22f79b291ee 68adca6a639cabe86468b1b3aeacb5469a9e5accb74f5e5dfedba7204a88ccd4
CLIENT_TRAFFIC_SECRET_0 6f442dbd308332d70489843a5e3d4036306656308135987c0d3dd22f79b291ee d725eac595f482206ead91cf16bf2ed8ef75d0734c8c48ec9d7cd0195cc395e4
SERVER_TRAFFIC_SECRET_0 6f442dbd308332d70489843a5e3d4036306656308135987c0d3dd22f79b291ee f3827b00170eb9794fa901eba34eebca6217a4f419a554f754d291ebfd882516
CLIENT_HANDSHAKE_TRAFFIC_SECRET dff450e53720300092e46e86e66318f8957d939e05deb1aa2efdb711c16f586b 067f7adacaf022d0fc61db769097ef481e1024083d83909d9117a889dadabc30
SERVER_HANDSHAKE_TRAFFIC_SECRET dff450e53720300092e46e86e66318f8957d939e05deb1aa2efdb711c16f586b 45e7c26ae5315edca1b54857d37d349c0b0ae1f4d3cefadbe6b3295fea6a7af5
CLIENT_TRAFFIC_SECRET_0 dff450e53720300092e46e86e66318f8957d939e05deb1aa2efdb711c16f586b 5cf01555ccb9843a61ee0283e0a526da721db5797dff026e0baa24442099b458
SERVER_TRAFFIC_SECRET_0 dff450e53720300092e46e86e66318f8957d939e05deb1aa2efdb711c16f586b 4f3d641054376d094ac51071be49711f9aca98d3e983f2cd391bf5bb7d541ed2
CLIENT_HANDSHAKE_TRAFFIC_SECRET c2756a26ef9d9b370de97facd15f230f7077488c5697320cd16c99ba52a19fe3 e449ef8fd99354f1de1210df0ff1d010c9cfbd35446be778d9c911babc988fb1
SERVER_HANDSHAKE_TRAFFIC_SECRET c2756a26ef9d9b370de97facd15f230f7077488c5697320cd16c99ba52a19fe3 4ef34e6f7531eb35917d3c508dd836d279d39cd636218b8b44b0beb2abc65899
CLIENT_TRAFFIC_SECRET_0 c2756a26ef9d9b370de97facd15f230f7077488c5697320cd16c99ba52a19fe3 aebe6069be459337d5ad31287f3839c7b0fec781ff17968a33b5af9ad8d62be7
SERVER_TRAFFIC_SECRET_0 c2756a26ef9d9b370de97facd15f230f7077488c5697320cd16c99ba52a19fe3 2c02ddf816cde6d0b1338bce44e3270dfc86708e151d74604392d6b030ef8f53
CLIENT_HANDSHAKE_TRAFFIC_SECRET 4f997635a5e0f43f8025d1aa99c3a066ae81fd27bedafd619c33f4de0ad2f214 026900b73deae73d73e7d78b804370c9da9cd1b4eebaa4ad44b8c94f5e443bc3
SERVER_HANDSHAKE_TRAFFIC_SECRET 4f997635a5e0f43f8025d1aa99c3a066ae81fd27bedafd619c33f4de0ad2f214 9b57ececaee744bf09c44c406f1058dfe08df2c96bba4711866ffa2a143bf3e0
CLIENT_TRAFFIC_SECRET_0 4f997635a5e0f43f8025d1aa99c3a066ae81fd27bedafd619c33f4de0ad2f214 7236190b556784d69792fc9fda901cbf788522c7c8f3e5378bc1a7bd5b743777
SERVER_TRAFFIC_SECRET_0 4f997635a5e0f43f8025d1aa99c3a066ae81fd27bedafd619c33f4de0ad2f214 34d666b84260e83db5c428ef85ed3e2b11d4a49debc52179341b15c6a53e0825
CLIENT_HANDSHAKE_TRAFFIC_SECRET c63617a6730645bb3d3531149915cbf3aecb07e650a0b85c8c9f3d58e0e4dd6b 580824bdd6f7d02937b3e2f6b723b1780a983b133f5d22706675c9ca2636de74
SERVER_HANDSHAKE_TRAFFIC_SECRET c63617a6730645bb3d3531149915cbf3aecb07e650a0b85c8c9f3d58e0e4dd6b db39fe0a17ad31216c45bd7f241abefc0c02a2809d3e3fe9732ab308aea4ee53
CLIENT_TRAFFIC_SECRET_0 c63617a6730645bb3d3531149915cbf3aecb07e650a0b85c8c9f3d58e0e4dd6b dc31e81a5e103a4bc1849d64e07f0f291c9e7606d809e32262f82f7a6f62ead0
SERVER_TRAFFIC_SECRET_0 c63617a6730645bb3d3531149915cbf3aecb07e650a0b85c8c9f3d58e0e4dd6b 8ef20bebe75ac144b5b50fb78bd129bc6a8896ee2daf7c687421689b5fc3dc0e
CLIENT_HANDSHAKE_TRAFFIC_SECRET 4e09a1b2abea5d9e63315f2d43a8232282efe345195bd208d123fb9e9e633e1a 2193215381d3ee72404844f9d44bf4d697e3fbc40cc1e818b70f1a69036aa968
SERVER_HANDSHAKE_TRAFFIC_SECRET 4e09a1b2abea5d9e63315f2d43a8232282efe345195bd208d123fb9e9e633e1a dc64f29090eb7f83a63ec8ee4e8c9d70fb2a14004d6b5dcd8ff5298677e239ef
CLIENT_TRAFFIC_SECRET_0 4e09a1b2abea5d9e63315f2d43a8232282efe345195bd208d123fb9e9e633e1a 70132f89c4bddbfc80aaf780d424c076cf078c6ed8260975f0227236ece3994a
SERVER_TRAFFIC_SECRET_0 4e09a1b2abea5d9e63315f2d43a8232282efe345195bd208d123fb9e9e633e1a b81abfca9b32d327bbdc4fb1bb326532a9b575d8558572300f9521cd18e484cc
CLIENT_HANDSHAKE_TRAFFIC_SECRET 5369708fb38050d1cd4ac9641f342a720fa45760c1581322b7a0d008d11da9d0 1cdb4823ddd1b7a63e9024489366243b61b1eabcc0b2ffacbc3f184ad101cf3a
SERVER_HANDSHAKE_TRAFFIC_SECRET 5369708fb38050d1cd4ac9641f342a720fa45760c1581322b7a0d008d11da9d0 5a4dc4f85e83d5350bc8e9181666d08efe1621916b837fdf5bcc5bc1ccc5b10e
CLIENT_TRAFFIC_SECRET_0 5369708fb38050d1cd4ac9641f342a720fa45760c1581322b7a0d008d11da9d0 859032a244f03ed265f77a8d0fefabccd6bf9356e43730cdbd45506510873b31
SERVER_TRAFFIC_SECRET_0 5369708fb38050d1cd4ac9641f342a720fa45760c1581322b7a0d008d11da9d0 bfedd7d4a833e53f2bdb23f5c73fe579704b2f216877498aa970c5c53561aea2
CLIENT_HANDSHAKE_TRAFFIC_SECRET 446668341006bda19b2421e92a27f32b15e50829b74693d556c61e60984d95ad 132cc0f65ffddb6f1bdc4f71f1cd929791354a29b13b3af5a826d0f23652ac05
SERVER_HANDSHAKE_TRAFFIC_SECRET 446668341006bda19b2421e92a27f32b15e50829b74693d556c61e60984d95ad 284a2e43af3be02408d1273dc6944e732c75edaf37af3196b80d680d3809f6f6
CLIENT_TRAFFIC_SECRET_0 446668341006bda19b2421e92a27f32b15e50829b74693d556c61e60984d95ad 88e110b00a4b572003acc7a4a6e74befaad09673789217ba623f877df51335a9
SERVER_TRAFFIC_SECRET_0 446668341006bda19b2421e92a27f32b15e50829b74693d556c61e60984d95ad 7d43f6b82fe67b815716774a32f4244ce6bbd3649308ec1ae608731766e805aa
CLIENT_HANDSHAKE_TRAFFIC_SECRET cfba7b05318a7b98780c787aa76b6fe54912c50764b1e6ab4bd2229d8bfb7ef3 5acd42b298ec08f8de824086d2f13299a0dd8ab52bff575585ec794e66ba9a4c
SERVER_HANDSHAKE_TRAFFIC_SECRET cfba7b05318a7b98780c787aa76b6fe54912c50764b1e6ab4bd2229d8bfb7ef3 558ec066602deed3315d371bd9e21c0cd9c84b5ed1bb1b0585ffdcba173ab4e4
CLIENT_TRAFFIC_SECRET_0 cfba7b05318a7b98780c787aa76b6fe54912c50764b1e6ab4bd2229d8bfb7ef3 4aedb5c8c34f96164872f9832a4218ef3f9dfc29c1b8122ae6d0d34f46d2cb54
SERVER_TRAFFIC_SECRET_0 cfba7b05318a7b98780c787aa76b6fe54912c50764b1e6ab4bd2229d8bfb7ef3 22c35406f2e17f036eb43bada8ab9d277e77b845698e9da45ac4b02ae4a5b8a4
CLIENT_HANDSHAKE_TRAFFIC_SECRET 3972162110552166cf5c04f690a0bfc0ecbf4fb1b31473917d46bcb413424657 afe6eb75f0301489a21605d3a4896df957a0b55222d79cd02b5298cf5186d7c4
SERVER_HANDSHAKE_TRAFFIC_SECRET 3972162110552166cf5c04f690a0bfc0ecbf4fb1b31473917d46bcb413424657 13562df341b493812f63df77bbd87b98ce4f532a1a3314d687496595ad938bc4
CLIENT_TRAFFIC_SECRET_0 3972162110552166cf5c04f690a0bfc0ecbf4fb1b31473917d46bcb413424657 6aee07c4b90903f2d34f0a73d34c4083a201534cd596ce53e085ab4578d3cc82
SERVER_TRAFFIC_SECRET_0 3972162110552166cf5c04f690a0bfc0ecbf4fb1b31473917d46bcb413424657 4799d783525a30d64276010a911eb00ec7a8d518c8ea0a89da75d424c2888b6e
CLIENT_HANDSHAKE_TRAFFIC_SECRET 43589c8ba4738e712fbc3207b03611934480fe36a664742a46ed6914f97ada97 00fbba0449cc7471901f76b734888556362a6c098029a17770e357d6a74e085b
SERVER_HANDSHAKE_TRAFFIC_SECRET 43589c8ba4738e712fbc3207b03611934480fe36a664742a46ed6914f97ada97 a1406bdec28666cef920b9806b6e8203db4f2a38f84285233789bdc1e761e808
CLIENT_TRAFFIC_SECRET_0 43589c8ba4738e712fbc3207b03611934480fe36a664742a46ed6914f97ada97 547e5c58925910fdc773de717980e36ac8a73ae22642bd4f4acfc200a2bfed29
SERVER_TRAFFIC_SECRET_0 43589c8ba4738e712fbc3207b03611934480fe36a664742a46ed6914f97ada97 8fe5dbb55db9f287e71571a509e518dc8bc3f818c7cbc3f012eb813de83a2f50
CLIENT_HANDSHAKE_TRAFFIC_SECRET e6e98fa2d2a85d22c68ac728758b6c4aa58a1e6b7e2e5fc1c66f1fd351ed76c9 81eabfccb7a255cdb81f469e82a540a8f15bfa5257645372213f9847a3309584
SERVER_HANDSHAKE_TRAFFIC_SECRET e6e98fa2d2a85d22c68ac728758b6c4aa58a1e6b7e2e5fc1c66f1fd351ed76c9 bb9f72c39a3a08bdf83606e8609bd0babd408f202e89f50a1578bd55ca7abc5b
CLIENT_TRAFFIC_SECRET_0 e6e98fa2d2a85d22c68ac728758b6c4aa58a1e6b7e2e5fc1c66f1fd351ed76c9 ffc47544ecc0bebb9a6d4ce874faf7eb7974b9dd3d71379a2ccda52459e0d10d
SERVER_TRAFFIC_SECRET_0 e6e98fa2d2a85d22c68ac728758b6c4aa58a1e6b7e2e5fc1c66f1fd351ed76c9 ef65e54f031bfb1cde243c9d9456ec4578aef3b46e2aca758b7fc1b2f6f7db98
CLIENT_HANDSHAKE_TRAFFIC_SECRET 38ebf3c8a782a115595407cc88215d7cbe56bac9c001f44dfb50c32b4cfd9950 68a22f01b03b009d7a4a50e1b9c701902d00d691991953f62d19bd3132caad6a
SERVER_HANDSHAKE_TRAFFIC_SECRET 38ebf3c8a782a115595407cc88215d7cbe56bac9c001f44dfb50c32b4cfd9950 40fd1b6f4326ca75eaaf210a8595ee1593aa0af9d704838a84493936651f5ea7
CLIENT_TRAFFIC_SECRET_0 38ebf3c8a782a115595407cc88215d7cbe56bac9c001f44dfb50c32b4cfd9950 178219c2062fdae910353c372911258caa3c051b8148f2237d83719fd5dc5fe6
SERVER_TRAFFIC_SECRET_0 38ebf3c8a782a115595407cc88215d7cbe56bac9c001f44dfb50c32b4cfd9950 394cceee8a54c331843e4cdbb5a6513a12ae3d9ba98f0a566d141b338224923e
CLIENT_HANDSHAKE_TRAFFIC_SECRET 5711185400c1d4f041091bc5288da3450e6ac2acc196e0d4dd5059fcb57efd72 6cd6d490d40a3f13e38b39ebce7cb66acc6da6e74ef30716af0017272f375aa2
SERVER_HANDSHAKE_TRAFFIC_SECRET 5711185400c1d4f041091bc5288da3450e6ac2acc196e0d4dd5059fcb57efd72 4821266a4825f7cfd55c7fb2cae4787d67f461e586954eb9bc9071294f1c0407
CLIENT_TRAFFIC_SECRET_0 5711185400c1d4f041091bc5288da3450e6ac2acc196e0d4dd5059fcb57efd72 6a36f2050b77fea5cc944dd691153ea452e004b6e026afa2b1a64454182db039
SERVER_TRAFFIC_SECRET_0 5711185400c1d4f041091bc5288da3450e6ac2acc196e0d4dd5059fcb57efd72 7daa5c0b4811d8e68b2c07e1c0997e970fd9153a47d3d021e38c0506f6f44319
CLIENT_HANDSHAKE_TRAFFIC_SECRET a5bef8a99d586bddfa3b1aacedfa70fe5bf860ccc142119f97d45af490b7c6e8 eeb12151fe5e4ae8be0dfe307f949368bdf6c4f77b99582e4e8bc4f34d700610
SERVER_HANDSHAKE_TRAFFIC_SECRET a5bef8a99d586bddfa3b1aacedfa70fe5bf860ccc142119f97d45af490b7c6e8 4208202c932f0092f43e61ea5c8058e07cbfc364b69cd829dda39985a481dd33
CLIENT_TRAFFIC_SECRET_0 a5bef8a99d586bddfa3b1aacedfa70fe5bf860ccc142119f97d45af490b7c6e8 9d49e078aac41617314820603f632876e167ad4cce80f3ca307b1d357fa1132d
SERVER_TRAFFIC_SECRET_0 a5bef8a99d586bddfa3b1aacedfa70fe5bf860ccc142119f97d45af490b7c6e8 9bc964b8cc09e67d5cc4d23adf883aa5122fc1c8374999a20999f138f33b67d0
CLIENT_HANDSHAKE_TRAFFIC_SECRET 5ddd16cb5df4d260b794b2681a3371903f7504d438b5c5876799ef40f7657ff9 18e061ce54bb1ab128dae82fced1594047d689c269f4e7a64627f85f72837c6c
SERVER_HANDSHAKE_TRAFFIC_SECRET 5ddd16cb5df4d260b794b2681a3371903f7504d438b5c5876799ef40f7657ff9 26b37f5e39ded6e718c223e21aad083e90279267f16e95253d5d136ea5483256
CLIENT_TRAFFIC_SECRET_0 5ddd16cb5df4d260b794b2681a3371903f7504d438b5c5876799ef40f7657ff9 f09721e33b5fb2097388105b9943c09770372e3c72a97170e03af18d7531141b
SERVER_TRAFFIC_SECRET_0 5ddd16cb5df4d260b794b2681a3371903f7504d438b5c5876799ef40f7657ff9 7fb78a888057dddd387c5f1247f45181112807492b1ae0b96bb01aa9cb5e8b43
CLIENT_HANDSHAKE_TRAFFIC_SECRET 1e2e615a71a42468481c851c7abb239e06a58faa0d4aa7e217f2b8ce33c209d2 1ba3114ef51de54236f14c495ad5780da9084d5fc96ad463cb440274d528444e
SERVER_HANDSHAKE_TRAFFIC_SECRET 1e2e615a71a42468481c851c7abb239e06a58faa0d4aa7e217f2b8ce33c209d2 6b9e11d45081d614f97583dea6ec7aaf0f82d8e2de3df9e595da7f758fca1241
CLIENT_TRAFFIC_SECRET_0 1e2e615a71a42468481c851c7abb239e06a58faa0d4aa7e217f2b8ce33c209d2 1ddbad2e47caaafda837cbb250b30f9109d0b9c2f87c30907c65706d4b11fcd1
SERVER_TRAFFIC_SECRET_0 1e2e615a71a42468481c851c7abb239e06a58faa0d4aa7e217f2b8ce33c209d2 b28f05d09231209ed108d0dee18be2e70a449f4064f2fc982fa690527194700d
CLIENT_HANDSHAKE_TRAFFIC_SECRET 775a369811ee58a7a09ea5d6a8234f1c661bfc06b060f79cc3fedc664232d005 c8b43c622baeda935c8d3c5888e01d668ce3d2e41c607507846a278ea9941d0d
SERVER_HANDSHAKE_TRAFFIC_SECRET 775a369811ee58a7a09ea5d6a8234f1c661bfc06b060f79cc3fedc664232d005 59171e240afefde21b86c67e6b0228807b2942f35e1558c9f2b1d3af24dd4246
CLIENT_TRAFFIC_SECRET_0 775a369811ee58a7a09ea5d6a8234f1c661bfc06b060f79cc3fedc664232d005 cdf5118546405bb976f45d9048e52799ccaa155d86a6390051b77c1e1ce6357b
SERVER_TRAFFIC_SECRET_0 775a369811ee58a7a09ea5d6a8234f1c661bfc06b060f79cc3fedc664232d005 3a1f049bf6037c2c878edf375d49336ca996e5295e4f667405f98e02ef01df04
CLIENT_HANDSHAKE_TRAFFIC_SECRET ee80d4b152106581784de7ac9ada6f1ae685f5efdf86fea7b54a8b0e18ab222f 638567ecd6845adcb7770fec39e0dc5deed507cb1c9e5d915bedc331184ef9a0
SERVER_HANDSHAKE_TRAFFIC_SECRET ee80d4b152106581784de7ac9ada6f1ae685f5efdf86fea7b54a8b0e18ab222f 0a4b1574139f22d3788d4a2985c847ee2ba44a17451d0744481287e20d0f1ab3
CLIENT_TRAFFIC_SECRET_0 ee80d4b152106581784de7ac9ada6f1ae685f5efdf86fea7b54a8b0e18ab222f cd83b890678d191afa8aad5110866a2ec9a20cb9a19d930b9c8a9cbf8b48c2d1
SERVER_TRAFFIC_SECRET_0 ee80d4b152106581784de7ac9ada6f1ae685f5efdf86fea7b54a8b0e18ab222f eddcdd94eaf78d43cf19ac0ac2f3676116e6243570ec4a30fb7eaeab1cf9ce8e
CLIENT_HANDSHAKE_TRAFFIC_SECRET 3f429dd7b136bbf5e909417f697761535959568b612834fc6c5ee316d85fce68 2f54b866176c8704a1186c1190ecc51a1b9cd8d79dd12ef7346f5c6fab0c45eb
SERVER_HANDSHAKE_TRAFFIC_SECRET 3f429dd7b136bbf5e909417f697761535959568b612834fc6c5ee316d85fce68 2a024c17dc99a57667efb4ad749734c81f05f6f8d947a6d8e24c7b7d68da8d67
CLIENT_TRAFFIC_SECRET_0 3f429dd7b136bbf5e909417f697761535959568b612834fc6c5ee316d85fce68 1a3d4d5d7f805b35f52dc1c84eb32c862a331ad6c4d677634f5506a1286565fb
SERVER_TRAFFIC_SECRET_0 3f429dd7b136bbf5e909417f697761535959568b612834fc6c5ee316d85fce68 659a9287c57b97a4d913abd90c0524b047c004a0f24dd5aa97ab50f3fdbb6bbc
CLIENT_HANDSHAKE_TRAFFIC_SECRET 2bb4e776d3e9ab939665f9a9a21de39e63ca53b9f59f181e470f12926e42faac d81fefcbe95b17a2c1be56a76b932b14596c81fd71489c78ba130d59a0b0f827
SERVER_HANDSHAKE_TRAFFIC_SECRET 2bb4e776d3e9ab939665f9a9a21de39e63ca53b9f59f181e470f12926e42faac d6991bc1b38fc6fdc877518053664a0caaaa34e6b2ba679a131653d155354581
CLIENT_TRAFFIC_SECRET_0 2bb4e776d3e9ab939665f9a9a21de39e63ca53b9f59f181e470f12926e42faac 0f822e6ded4f7a1076b14f841104c262cc8775262a7453d100b30312ad4b3c4d
SERVER_TRAFFIC_SECRET_0 2bb4e776d3e9ab939665f9a9a21de39e63ca53b9f59f181e470f12926e42faac 9e0b5132cd1ac238287fece4f1db4be58f4b9e7c5b2141ea09234ea099029897
CLIENT_HANDSHAKE_TRAFFIC_SECRET f662ceb49fa68e32d4250eff15fc1bf81db5b2534b1f8c22e2786a8660feb8c7 5356604376c07906cac3a2f175a7de455a2dd8c547a772e80eaa0055c6d6498c
SERVER_HANDSHAKE_TRAFFIC_SECRET f662ceb49fa68e32d4250eff15fc1bf81db5b2534b1f8c22e2786a8660feb8c7 6656bff55acdaff6ea60dffd75ddfb82129b7a56388063393fe770d1716e6b97
CLIENT_TRAFFIC_SECRET_0 f662ceb49fa68e32d4250eff15fc1bf81db5b2534b1f8c22e2786a8660feb8c7 4b9812e14c34c970c0f642390d51a4a04e1098ddaa6d332765ddbbe60f9a1390
SERVER_TRAFFIC_SECRET_0 f662ceb49fa68e32d4250eff15fc1bf81db5b2534b1f8c22e2786a8660feb8c7 021fb44da8f6b23752cfa4defc72ae8ac62a0e2ad146ba9ec3b1fde7b49115ac
CLIENT_HANDSHAKE_TRAFFIC_SECRET 1d2bfe1ec7ce0ea4c770199a71d82dc0dc24210fc3b7fb805bbe41f2b3e75272 036042e67860cb58096167a99ac91c606c645b387ae1dbce03cf21f41cec00b8
SERVER_HANDSHAKE_TRAFFIC_SECRET 1d2bfe1ec7ce0ea4c770199a71d82dc0dc24210fc3b7fb805bbe41f2b3e75272 102945d6c6322ac5d2c76ef5599afc45aa0f5ac126be68ce028b52086ecfbedb
CLIENT_TRAFFIC_SECRET_0 1d2bfe1ec7ce0ea4c770199a71d82dc0dc24210fc3b7fb805bbe41f2b3e75272 2038cb43fe723e67bb80e25d0512e6484dccf696a31879f7f521df882f595610
SERVER_TRAFFIC_SECRET_0 1d2bfe1ec7ce0ea4c770199a71d82dc0dc24210fc3b7fb805bbe41f2b3e75272 bebcc7ed0bbf1aba7b2b5d9bbf0d94281ce27c2454024248f599f6efc8844b30
CLIENT_HANDSHAKE_TRAFFIC_SECRET b1ac879a47f792a111993eb392aa091c36769d48472da5a090adf71aa5bd9034 0467ac05101f267f0058422a7dc52954940c23f102ea353fa402c6ef92dac343
SERVER_HANDSHAKE_TRAFFIC_SECRET b1ac879a47f792a111993eb392aa091c36769d48472da5a090adf71aa5bd9034 441567198bf6dbec36f8342ba891b982f50fbbd06704e35d373e441cbf1da0b8
CLIENT_TRAFFIC_SECRET_0 b1ac879a47f792a111993eb392aa091c36769d48472da5a090adf71aa5bd9034 339d687d0515afe93263cc7245dc01e4f07a1f51e4a979c1c6b9dcab3e38b512
SERVER_TRAFFIC_SECRET_0 b1ac879a47f792a111993eb392aa091c36769d48472da5a090adf71aa5bd9034 907f9256886606f952ea396d74096b7b40e9bf03aa5b67eb3ede20527f083088
CLIENT_HANDSHAKE_TRAFFIC_SECRET 0058e7f22541766e597afb13b92be59add6fba6e473493753e1b82ab7654e9ac 0a130fdfae85ff63080e710cf30414006343a5d02d43f73af5becfd69d8f94af
SERVER_HANDSHAKE_TRAFFIC_SECRET 0058e7f22541766e597afb13b92be59add6fba6e473493753e1b82ab7654e9ac 3965151f071cb9873c775c2d37baa65f4ac3a3a0884efb92a9e87d5b35ec7d11
CLIENT_TRAFFIC_SECRET_0 0058e7f22541766e597afb13b92be59add6fba6e473493753e1b82ab7654e9ac 8acd93eebad05eb6323fe1e931b1333bd0bb20cd7fe559da9f1b744208800191
SERVER_TRAFFIC_SECRET_0 0058e7f22541766e597afb13b92be59add6fba6e473493753e1b82ab7654e9ac a7c3d50019ff3880a3398882639b2c43b93ded8ec43d833dff372c15ae10083d
CLIENT_HANDSHAKE_TRAFFIC_SECRET 4ee3a3fd53768d5f04800b5486a27997a6d0e34445ec6f2808236e56d749e0c0 d189f378c8f6be5cc4a607b5d00fb8df7e7aba870eaf5e2ac62d0189dab73e6e
SERVER_HANDSHAKE_TRAFFIC_SECRET 4ee3a3fd53768d5f04800b5486a27997a6d0e34445ec6f2808236e56d749e0c0 6ce83298a083e499eba0f462c7ee422dec7943be9fbc870c008694d3c610477b
CLIENT_TRAFFIC_SECRET_0 4ee3a3fd53768d5f04800b5486a27997a6d0e34445ec6f2808236e56d749e0c0 01090a4ee1abd53da51e566ca88d636cdb6ad031c92d98f883e97bd4c9a12625
SERVER_TRAFFIC_SECRET_0 4ee3a3fd53768d5f04800b5486a27997a6d0e34445ec6f2808236e56d749e0c0 e00da6ad2ec831bb62102950238cea0f71f2d6f160a071ee98eeece54cd7dbc2
CLIENT_HANDSHAKE_TRAFFIC_SECRET e211aafb1fabcd1ac775ea116a6d1f578c652063d6ea74f56f2f1404f8bbcee1 b8e8b26afd6de9faf7b032ea0dcd398e0f9b5340257af8b5cea1b3543d74e746
SERVER_HANDSHAKE_TRAFFIC_SECRET e211aafb1fabcd1ac775ea116a6d1f578c652063d6ea74f56f2f1404f8bbcee1 bbcd240e28bde15d9ac0734d912745e589311d00c55162ae999f3ba29f3cfd01
CLIENT_TRAFFIC_SECRET_0 e211aafb1fabcd1ac775ea116a6d1f578c652063d6ea74f56f2f1404f8bbcee1 0ac087aa41e9974e3c3ab0b1f07e9429adb9f506c7fa1d800acfc95abf9d7524
SERVER_TRAFFIC_SECRET_0 e211aafb1fabcd1ac775ea116a6d1f578c652063d6ea74f56f2f1404f8bbcee1 08ce02acf1704040f084344c42b3ac72867bf29560de0ae1dc10a80a24ca619a
CLIENT_HANDSHAKE_TRAFFIC_SECRET d234435ec5ee94441983e1d531b8008f2aff0abf2783ece85814035a0a85795d 46cfa7a488d16d6b3e1c52520c32d635e928545c163f3c88a4844dc36754c2cb
SERVER_HANDSHAKE_TRAFFIC_SECRET d234435ec5ee94441983e1d531b8008f2aff0abf2783ece85814035a0a85795d 9e03179d1bcf26aa5836f06d42571d2ea7b8fcf672ae8dff759e554310d6af1f
CLIENT_TRAFFIC_SECRET_0 d234435ec5ee94441983e1d531b8008f2aff0abf2783ece85814035a0a85795d c7d0bb6421e19277db3c24bd0cfadcc1f5898e153e7d8e9cc17cdf6a517c094c
SERVER_TRAFFIC_SECRET_0 d234435ec5ee94441983e1d531b8008f2aff0abf2783ece85814035a0a85795d 20c70d45b2b82dcc2c005b732bdca2d38ea6334cf132d127d092c7ce15ce2e06
CLIENT_HANDSHAKE_TRAFFIC_SECRET 0e879e57cd8543b199fa3ce2018777cdd5a57c9148ddf028a91328c5157af585 7aefb2811599b4bc59f0e1758c50c72a599f92aad30165626e219531ac1f50cb
SERVER_HANDSHAKE_TRAFFIC_SECRET 0e879e57cd8543b199fa3ce2018777cdd5a57c9148ddf028a91328c5157af585 b808e74c49b77b7341fef2e2d31389b1933158f1b0f598815567189f74fe2c58
CLIENT_TRAFFIC_SECRET_0 0e879e57cd8543b199fa3ce2018777cdd5a57c9148ddf028a91328c5157af585 aa3faa3cfad8ad06d6bf1f36d8b5b1de305f7f6d724200f8dc1366a31f488267
SERVER_TRAFFIC_SECRET_0 0e879e57cd8543b199fa3ce2018777cdd5a57c9148ddf028a91328c5157af585 4f728629f3b4d3f3abdc7b7a3c8e4d5c1dca17c3bb74c508118fcc52450fa2ca
CLIENT_HANDSHAKE_TRAFFIC_SECRET 9b53a7f2e74cbffb92f759a1e4c27530b94871c894986d68db4ac776f0ff6941 64ef3c6c2e44352edd6071eb3b81e72c892933c70b3cd94a0ce5b4faed6a8c92
SERVER_HANDSHAKE_TRAFFIC_SECRET 9b53a7f2e74cbffb92f759a1e4c27530b94871c894986d68db4ac776f0ff6941 945ae45bb11c38c49b66eb71627a53c37fd403c3fbeda01206ae646f6813e686
CLIENT_TRAFFIC_SECRET_0 9b53a7f2e74cbffb92f759a1e4c27530b94871c894986d68db4ac776f0ff6941 12398684c03b8d1399a7c18a5592666cc5e73b6f7d7a76775c8fa905f562855c
SERVER_TRAFFIC_SECRET_0 9b53a7f2e74cbffb92f759a1e4c27530b94871c894986d68db4ac776f0ff6941 b9a6665b2d7ce89c37deb0bf998dfffe5aed4d84eac636d6feaef24aee24f08f
CLIENT_HANDSHAKE_TRAFFIC_SECRET 71d847657d471eb8131cec0820c3eb0da92ddea9a1e3a8e11a0c89864df79bce 786a7a80518a940bf36444aca34d0ebfd77b303050357b7fdb219af7e9b5761a
SERVER_HANDSHAKE_TRAFFIC_SECRET 71d847657d471eb8131cec0820c3eb0da92ddea9a1e3a8e11a0c89864df79bce f34f1e41de0691b3e1f05274dd0e5331b1ab3cd219842999b8e2927d7c307f1a
CLIENT_TRAFFIC_SECRET_0 71d847657d471eb8131cec0820c3eb0da92ddea9a1e3a8e11a0c89864df79bce ff24859ae2404d1f6c9d3a42283296caa37434dac69937e843fcc43f5a85919c
SERVER_TRAFFIC_SECRET_0 71d847657d471eb8131cec0820c3eb0da92ddea9a1e3a8e11a0c89864df79bce 2fd5f38e4382b7c64348c6af0cfaf938373fcf8f04bc3c3bfef6dec32c58a5ac
CLIENT_HANDSHAKE_TRAFFIC_SECRET db76b5be44e1465f1db628c24f0a76bc8bd55a3373cba016ae23d6910ef57f4e 39fe30f17b9083892b0b400a78187d684f07a4b00fc2c2b9dae49b877f0424f4
SERVER_HANDSHAKE_TRAFFIC_SECRET db76b5be44e1465f1db628c24f0a76bc8bd55a3373cba016ae23d6910ef57f4e 3ce27503caa28aeb0e6f5ef6c9784ed9223f11bceb0665e2f75ab09567cbe072
CLIENT_TRAFFIC_SECRET_0 db76b5be44e1465f1db628c24f0a76bc8bd55a3373cba016ae23d6910ef57f4e b2252b3163c1305822d6395e510c2cabb854e10edf519f208155c2231009d2cb
SERVER_TRAFFIC_SECRET_0 db76b5be44e1465f1db628c24f0a76bc8bd55a3373cba016ae23d6910ef57f4e f701c4bf313cafcbcef01a08658f476351ef39fb36b7583208a8a29a46c8bde3
CLIENT_HANDSHAKE_TRAFFIC_SECRET 07327bc24ce22512bc623f65f897d503ba08073b3e9ed61a740999ef3ed1e1bd c7898bb5a35a2bb6a116515b9e84d2e3f96cf67013ebc4df94b62dad8f41b055
SERVER_HANDSHAKE_TRAFFIC_SECRET 07327bc24ce22512bc623f65f897d503ba08073b3e9ed61a740999ef3ed1e1bd 1a7b80345970795aeba49161c9a6d58f4a20e06ea3fac6c2feb78e410d0642e0
CLIENT_TRAFFIC_SECRET_0 07327bc24ce22512bc623f65f897d503ba08073b3e9ed61a740999ef3ed1e1bd ba8eb7e7f31fb4a42f88267a3cc3dd83ce223ae47ac8a19959d64fbf040c3e8b
SERVER_TRAFFIC_SECRET_0 07327bc24ce22512bc623f65f897d503ba08073b3e9ed61a740999ef3ed1e1bd dbb29b3c5f2f586d22ae2744ef40969536847bb6cdedd0d854f00d36ccbc0206
CLIENT_HANDSHAKE_TRAFFIC_SECRET 4e3e28d61a00a05ac4f46d147afc145b3ee6212e6e22f5d201cdc2fa7d9703a2 405383edd1c3a9f42a098c2e790997823d16ebfdc37a92e9cdafdac84b81d9a3
SERVER_HANDSHAKE_TRAFFIC_SECRET 4e3e28d61a00a05ac4f46d147afc145b3ee6212e6e22f5d201cdc2fa7d9703a2 eac8080857a3dc995190ffa05b183f6bb862c1585cb744cd7e476be1ee1f0a4f
CLIENT_TRAFFIC_SECRET_0 4e3e28d61a00a05ac4f46d147afc145b3ee6212e6e22f5d201cdc2fa7d9703a2 2c0ce91375c7726fbadeea202acf3f08bfefed82f7defcc2ffbce7731fd2a30a
SERVER_TRAFFIC_SECRET_0 4e3e28d61a00a05ac4f46d147afc145b3ee6212e6e22f5d201cdc2fa7d9703a2 fd0a3d48de2706b01f7717caa3a2443388238b8a8a94c8052c9bdb5af95811fc
CLIENT_HANDSHAKE_TRAFFIC_SECRET 7ef3167229b026f8e9b8aab7c660e93af7580515dcc29963eca7d6cab7716749 2921f2a53d414641f88b6eb668aa683e6e03657a96c809c39a5879fd2aacd836
SERVER_HANDSHAKE_TRAFFIC_SECRET 7ef3167229b026f8e9b8aab7c660e93af7580515dcc29963eca7d6cab7716749 ffeba43e0844728c47cb2f91c0e52c0698c4add02db6f0fd0c0ba7c8dbc92ac4
CLIENT_TRAFFIC_SECRET_0 7ef3167229b026f8e9b8aab7c660e93af7580515dcc29963eca7d6cab7716749 0b5147609d6a95ac677543e74e34f97742ad410c698c57854cc7082d328b6cd6
SERVER_TRAFFIC_SECRET_0 7ef3167229b026f8e9b8aab7c660e93af7580515dcc29963eca7d6cab7716749 dcb68163e6fcd12aa734db830c8009f7f0ee3f2a90cb714f4691850c01eb814a
CLIENT_HANDSHAKE_TRAFFIC_SECRET a3d3aec938f065e6899147bbfcc81eeafb777480eb5d4b5c4d8d9da74668b2dc 0edcddbc577c898bee89f66af787f51f4ca420763e979ff87662cdd96086f5d9
SERVER_HANDSHAKE_TRAFFIC_SECRET a3d3aec938f065e6899147bbfcc81eeafb777480eb5d4b5c4d8d9da74668b2dc 386e915d294f3890710074e8535a4a1dd181ed665ad29672952b2d721c9a94f2
CLIENT_TRAFFIC_SECRET_0 a3d3aec938f065e6899147bbfcc81eeafb777480eb5d4b5c4d8d9da74668b2dc 5316bd0749c6f9f1c6528842e95b6dfa46e1a437793910ff165f5c52d4a923c1
SERVER_TRAFFIC_SECRET_0 a3d3aec938f065e6899147bbfcc81eeafb777480eb5d4b5c4d8d9da74668b2dc 20171e8bdfadc6d3a7892ad314120864d636e021704121b912bfc84ee1a8334b
CLIENT_HANDSHAKE_TRAFFIC_SECRET 8cde43a05dd2c063adfd5768b0f410f88b2aecea58cb020818b1f156a7443158 6094a706baf1a1816896fde7bfcdfe881a9c7fdaa92f479281c34a58327127cb
SERVER_HANDSHAKE_TRAFFIC_SECRET 8cde43a05dd2c063adfd5768b0f410f88b2aecea58cb020818b1f156a7443158 67f6ecf9d137407b8e78ec547677fb91dc84f1e2f6b356245481d01c2f4e2ec6
CLIENT_TRAFFIC_SECRET_0 8cde43a05dd2c063adfd5768b0f410f88b2aecea58cb020818b1f156a7443158 e59bb3a0f4c6954e118aff32ef779811f036d8c756c511f9a09cad33b386200f
SERVER_TRAFFIC_SECRET_0 8cde43a05dd2c063adfd5768b0f410f88b2aecea58cb020818b1f156a7443158 480c59384998d2def5493469c71cda47c49461ead3a44de103b201140385320e
CLIENT_HANDSHAKE_TRAFFIC_SECRET f515db93899927caf1b4b4547e33e2c874d9e0a678751b4e90fb4e3d67dcdaf1 eb6f9ca96eab3eaa965a68c19cde84e33474e813c7347054ca85fceb53485053
SERVER_HANDSHAKE_TRAFFIC_SECRET f515db93899927caf1b4b4547e33e2c874d9e0a678751b4e90fb4e3d67dcdaf1 e407b941f18054b04e1f7ecbcd7565a2ce56a4bf5f0b0dab869945c772518347
CLIENT_TRAFFIC_SECRET_0 f515db93899927caf1b4b4547e33e2c874d9e0a678751b4e90fb4e3d67dcdaf1 8cb4adbfbc4dbe36add582a7e667aeb8f9dcb9bad3bfb41945402f0621f9703c
SERVER_TRAFFIC_SECRET_0 f515db93899927caf1b4b4547e33e2c874d9e0a678751b4e90fb4e3d67dcdaf1 19243f42492676c7941f86f6ae632ad63dcfee16fceb96a391ea1fa199c2a004
CLIENT_HANDSHAKE_TRAFFIC_SECRET 1fb55139b0c83b12e8d9faea50b5932df56fd92b4419dae0fb52e8e863d2edc4 e349be930ed0064c21ee8a5167fd1c38b4e1072050e4027765314db64617914e
SERVER_HANDSHAKE_TRAFFIC_SECRET 1fb55139b0c83b12e8d9faea50b5932df56fd92b4419dae0fb52e8e863d2edc4 da71f9c5a6a3350c8f6a36effe2c2a98fea5e70f01dc1b72d56836516f2dd5c8
CLIENT_TRAFFIC_SECRET_0 1fb55139b0c83b12e8d9faea50b5932df56fd92b4419dae0fb52e8e863d2edc4 26e2d008d266d6067fcbba8ef07df99cd97928cd63ce7ee6cecee7ce8c046154
SERVER_TRAFFIC_SECRET_0 1fb55139b0c83b12e8d9faea50b5932df56fd92b4419dae0fb52e8e863d2edc4 f855cb75267cfe1d0f323d150f834c99814a84734c476053f955253b5af979aa
CLIENT_HANDSHAKE_TRAFFIC_SECRET 70db3110d3a0acce7ea8ab95a5c5764a68a339a5ef5ed2afc80a9783d96ee88a 9154f04112ee909a87998458e712334364bf45adafb66ed2e8762accbb8ce007
SERVER_HANDSHAKE_TRAFFIC_SECRET 70db3110d3a0acce7ea8ab95a5c5764a68a339a5ef5ed2afc80a9783d96ee88a 3745f0a85b371d8205e9c9eb2adc42f9175fb8a9f64a2c5c7e6b4d3f7c365d40
CLIENT_TRAFFIC_SECRET_0 70db3110d3a0acce7ea8ab95a5c5764a68a339a5ef5ed2afc80a9783d96ee88a b3eb7372483c8ad34c1d95198e10ff64065a4117f76a11717ad2b672c7f83fb3
SERVER_TRAFFIC_SECRET_0 70db3110d3a0acce7ea8ab95a5c5764a68a339a5ef5ed2afc80a9783d96ee88a ff9cffb9fb3fe85faeb7142a0ebc6c1120bcdc62e09c872ca499a1c24d8006f9
CLIENT_HANDSHAKE_TRAFFIC_SECRET 985f3e808cebdc1ba3cfdce947f8f74ee20fab2e5cc9be51f293b67acc93a095 96673d474685662bc2af4cbb9c07f516b4714c7bd9d466879e1cda197ecb2817
SERVER_HANDSHAKE_TRAFFIC_SECRET 985f3e808cebdc1ba3cfdce947f8f74ee20fab2e5cc9be51f293b67acc93a095 2b1e5efee634d052b7edddbfc57f31c307c85bd2a4560a818766d15767bfadf4
CLIENT_TRAFFIC_SECRET_0 985f3e808cebdc1ba3cfdce947f8f74ee20fab2e5cc9be51f293b67acc93a095 b8d3864f17bf87a133162e335b5df5c0d34b4146121d814b675cf04ebd4b5a63
SERVER_TRAFFIC_SECRET_0 985f3e808cebdc1ba3cfdce947f8f74ee20fab2e5cc9be51f293b67acc93a095 00586512864eb061b2887e2124b314809a739328f8a4533c942d07df8a9ecaa2
CLIENT_HANDSHAKE_TRAFFIC_SECRET e5bfeb57dc11a927fa995464cb9e73e81b33966281eb8c5cc7e0c97dae5cc51f e85f60bd056fc07d91f7dd957a108a7d6f03728caed1fe5cdf39b3790f799f71
SERVER_HANDSHAKE_TRAFFIC_SECRET e5bfeb57dc11a927fa995464cb9e73e81b33966281eb8c5cc7e0c97dae5cc51f 6a29be08e105187c6ea04ed476419e4fc0022409d9986c5d313fbbc3685deb5b
CLIENT_TRAFFIC_SECRET_0 e5bfeb57dc11a927fa995464cb9e73e81b33966281eb8c5cc7e0c97dae5cc51f f13023b6c852259a0230d5d3872ac7ae24eb12545880ad4312ff86fe54510d22
SERVER_TRAFFIC_SECRET_0 e5bfeb57dc11a927fa995464cb9e73e81b33966281eb8c5cc7e0c97dae5cc51f c4a28fe418d17a40b65563e2fffff1064afe7e8b32bc2f0f0799d14454d6d24f
CLIENT_HANDSHAKE_TRAFFIC_SECRET c5b39cf436a4556d7005533db71781b1e3c22e6bf7f58ccbc652703db8a02b9e 52986a2fb79d848039087f83bce72de71137542474321a1c5ef052528ff6f687
SERVER_HANDSHAKE_TRAFFIC_SECRET c5b39cf436a4556d7005533db71781b1e3c22e6bf7f58ccbc652703db8a02b9e 85207d2ea36170413a4c98ad3256d1e7d636e69ec76ae9ea5903e181f4a27558
CLIENT_TRAFFIC_SECRET_0 c5b39cf436a4556d7005533db71781b1e3c22e6bf7f58ccbc652703db8a02b9e 61cd69262b8c7866b7657153eedef1145372c068e2cc82c4e0049512b6e2de35
SERVER_TRAFFIC_SECRET_0 c5b39cf436a4556d7005533db71781b1e3c22e6bf7f58ccbc652703db8a02b9e c3c7d81527c9dcb91f99c5dcc784e6312410064f1795fd59037380d723718723
CLIENT_HANDSHAKE_TRAFFIC_SECRET 76057b963e453c6caab6290fbca2acdc63c7db5078b71694e28221ff13e5ba71 87d0d4b3aa819230385bd9eac98ccd5e28c133b741d4a86667b4bdae36af16ed
SERVER_HANDSHAKE_TRAFFIC_SECRET 76057b963e453c6caab6290fbca2acdc63c7db5078b71694e28221ff13e5ba71 2f8517e321ced8bb7143ee667ed07455c1a6f84b481a0a06746936aba20b5d9a
CLIENT_TRAFFIC_SECRET_0 76057b963e453c6caab6290fbca2acdc63c7db5078b71694e28221ff13e5ba71 677d537018a00aee8bd8777ca2cd58dcc469332d01618e86b3847c28aee27bdf
SERVER_TRAFFIC_SECRET_0 76057b963e453c6caab6290fbca2acdc63c7db5078b71694e28221ff13e5ba71 f9cdda1720477d59b9eb19fdd50250912fd3452582ca32377962aca61d394aa1
CLIENT_HANDSHAKE_TRAFFIC_SECRET 86e6e10f035e6443f1cc7c2dc34b8a509113e15d1321cbe5cc5b7a2a2aefa1b1 526ea4267d84c8655ddbe0a91935e6c559aa20b21f1c9f2e0e85cf4a074cf690
SERVER_HANDSHAKE_TRAFFIC_SECRET 86e6e10f035e6443f1cc7c2dc34b8a509113e15d1321cbe5cc5b7a2a2aefa1b1 1a46f0bbb3e22ce0369a25ef0612aedfdb0d10208b65789949e5f345c553ff3b
CLIENT_TRAFFIC_SECRET_0 86e6e10f035e6443f1cc7c2dc34b8a509113e15d1321cbe5cc5b7a2a2aefa1b1 b75c47428996ef95adf76c58fbdd072c325bebcf6b74224bbf0ac1030cf7a05a
SERVER_TRAFFIC_SECRET_0 86e6e10f035e6443f1cc7c2dc34b8a509113e15d1321cbe5cc5b7a2a2aefa1b1 dfc9c2effc8684d11ea0773d295ccb43e4361697b092899e82decb54e7951f12
CLIENT_HANDSHAKE_TRAFFIC_SECRET b7db61410bc269f5082db31e9f01a3a500b81ab7c5880ad1daef14ad56d996f2 d79082824f8077d536794b23aa8276f5ffcbba946ce5c3fdf14a2db8b0304f8b
SERVER_HANDSHAKE_TRAFFIC_SECRET b7db61410bc269f5082db31e9f01a3a500b81ab7c5880ad1daef14ad56d996f2 18464f0d848d06015d439f3031d724f50fc612c66cc7762e9cd1a147a2fabb76
CLIENT_TRAFFIC_SECRET_0 b7db61410bc269f5082db31e9f01a3a500b81ab7c5880ad1daef14ad56d996f2 1cbe4ce07a1dad43f586be4b8a3520f889bde4189c0746080e591734cefa1829
SERVER_TRAFFIC_SECRET_0 b7db61410bc269f5082db31e9f01a3a500b81ab7c5880ad1daef14ad56d996f2 99c5e90183392195022d433c3869e6a06892fe3ca2350a7b7828d93aab1a4e51
CLIENT_HANDSHAKE_TRAFFIC_SECRET 93b153fd05b2355000fa3c2ef22d33fe90d1c2a573c6f68d3579ce480815dcf5 e9a1b7c237f5688bcc339226881143ac4bdec0df0f588b16749a9165064436c0
SERVER_HANDSHAKE_TRAFFIC_SECRET 93b153fd05b2355000fa3c2ef22d33fe90d1c2a573c6f68d3579ce480815dcf5 fe7d2a3c716bded5af5a523490d877c1d03757c2395dd4a03f11c1af3515f552
CLIENT_TRAFFIC_SECRET_0 93b153fd05b2355000fa3c2ef22d33fe90d1c2a573c6f68d3579ce480815dcf5 7344f03b0f673e485cc437b52ff7d8a438963da0f42b5eea203a05ec22f99031
SERVER_TRAFFIC_SECRET_0 93b153fd05b2355000fa3c2ef22d33fe90d1c2a573c6f68d3579ce480815dcf5 967c6a9568f8d1f28a1e163594f8f4aae593c98544b2a910d7ee70cf56166e59
CLIENT_HANDSHAKE_TRAFFIC_SECRET 0301a2409b40960da38bb4fed5fe57d45d9eae64193aca27d0f2b09aa9f503c5 cd870a8a395971be33dbaad5a36e0614d4a6f5f43e2eec12b25b8d0f5a7b12c0
SERVER_HANDSHAKE_TRAFFIC_SECRET 0301a2409b40960da38bb4fed5fe57d45d9eae64193aca27d0f2b09aa9f503c5 b1de7b84c9a15291869dd65996584a36f01e05ecd96c94dc5c32114ecba155bc
CLIENT_TRAFFIC_SECRET_0 0301a2409b40960da38bb4fed5fe57d45d9eae64193aca27d0f2b09aa9f503c5 36ef144806470eb7f22677a8bdb8715b6da6f762c05b9ff44fcff6d06b07d939
SERVER_TRAFFIC_SECRET_0 0301a2409b40960da38bb4fed5fe57d45d9eae64193aca27d0f2b09aa9f503c5 dc1857d71e54bad3e7efd0b9bc63b31882a37bb33d8916671c712803739c6a4c
CLIENT_HANDSHAKE_TRAFFIC_SECRET dd25351b219466440b2c59ce6cecb63d46bbefcafc190b1bd4ca7991286cd2dd 278130b252fa6275af3db28efd9cbe1fbec540c027fbd7780b3796aab9669c51
SERVER_HANDSHAKE_TRAFFIC_SECRET dd25351b219466440b2c59ce6cecb63d46bbefcafc190b1bd4ca7991286cd2dd 437ab703572a018ea567eda60f148b7853d4c55d2249c8eae97f23fb9a462803
CLIENT_TRAFFIC_SECRET_0 dd25351b219466440b2c59ce6cecb63d46bbefcafc190b1bd4ca7991286cd2dd 41421363db151a96fe9204725c92c6505105bc9ea60ab6ebfb93dc1e905faea5
SERVER_TRAFFIC_SECRET_0 dd25351b219466440b2c59ce6cecb63d46bbefcafc190b1bd4ca7991286cd2dd 993ce55376d4471a8be03e767bc45888d0a715614a94d6d09c0fbc4487e0ec2b
CLIENT_HANDSHAKE_TRAFFIC_SECRET 14ff00335111fe2c5b76e5154ac5735402c91d50174cf7213f5b75bf51e21ebb b915602a5bb3fe35474e989ab0770b94eace1f9b5f09bd5a50c395fef4741250
SERVER_HANDSHAKE_TRAFFIC_SECRET 14ff00335111fe2c5b76e5154ac5735402c91d50174cf7213f5b75bf51e21ebb 7cc9b6ed5b83d5963807a933cfe769bfe7bb52d6c67cf490c571b5982d18beec
CLIENT_TRAFFIC_SECRET_0 14ff00335111fe2c5b76e5154ac5735402c91d50174cf7213f5b75bf51e21ebb e4f979f579a6c17d50fed521c8b3ba3a2387818adae74ce11ed2ea199799a2d7
SERVER_TRAFFIC_SECRET_0 14ff00335111fe2c5b76e5154ac5735402c91d50174cf7213f5b75bf51e21ebb db235d16b22c477ede4827dd4ab5416384848cba7cf0f1d82c0360ff03d1109c
CLIENT_HANDSHAKE_TRAFFIC_SECRET c242dfbcdbff6c90abaae59336cceddf86c5469e9a0b53f796c08af23132bd71 a101760d371f803d052aaa9773db503419039c7f4f5627ca46c0dfe67083b44c
SERVER_HANDSHAKE_TRAFFIC_SECRET c242dfbcdbff6c90abaae59336cceddf86c5469e9a0b53f796c08af23132bd71 a556bb3564b27cdc1787aa40a544ca12bbfd09f44e5f881add1d7d5ab1e55372
CLIENT_TRAFFIC_SECRET_0 c242dfbcdbff6c90abaae59336cceddf86c5469e9a0b53f796c08af23132bd71 a5c6bd826327b3b68b951bc702160e2d0b1473f30da7b96c192a31cebe3214af
SERVER_TRAFFIC_SECRET_0 c242dfbcdbff6c90abaae59336cceddf86c5469e9a0b53f796c08af23132bd71 89dccf147f6cd075d05cfbd70d897b7da903dd9bfbee234296adb6a5de801adc
CLIENT_HANDSHAKE_TRAFFIC_SECRET 22726f1a9ec95dbda202a9d31cdbd8c4cd0bb6942e8e3848c13a7b17d4fb5d70 ffb19a3bb2b1be6e69a34a0eaf2160765447dd7ec76119f81d934ccdb9c3ce7d
SERVER_HANDSHAKE_TRAFFIC_SECRET 22726f1a9ec95dbda202a9d31cdbd8c4cd0bb6942e8e3848c13a7b17d4fb5d70 5f81af1072530a376801cc454ccf4716ddbad4b466487da76f8b99f5e0d475bc
CLIENT_TRAFFIC_SECRET_0 22726f1a9ec95dbda202a9d31cdbd8c4cd0bb6942e8e3848c13a7b17d4fb5d70 f646eb79f07f46f992bb20930d975de7f25c13f18505e45c70e75d0286991c6a
SERVER_TRAFFIC_SECRET_0 22726f1a9ec95dbda202a9d31cdbd8c4cd0bb6942e8e3848c13a7b17d4fb5d70 262bbe8f13f62d76c2895fe00f4d56170180bd1e031dad14feb652c2b611f6b9
CLIENT_HANDSHAKE_TRAFFIC_SECRET b7b1003be01b1120afd858873063a0de26fead258424b590ddd5a18857ab6a5f 62de44acdc116325cf3555bacfed4af65016fb236740df5cae8a7650a98ca3ad
SERVER_HANDSHAKE_TRAFFIC_SECRET b7b1003be01b1120afd858873063a0de26fead258424b590ddd5a18857ab6a5f 76fb9710a448f228a970735468e75b06c82cdb4bf98e2636c2173a3dbcbfe3c5
CLIENT_TRAFFIC_SECRET_0 b7b1003be01b1120afd858873063a0de26fead258424b590ddd5a18857ab6a5f 8507e76b6f4dd73f751ef5518e468a5c11eb16c649d4cd9907a8d047e07753f8
SERVER_TRAFFIC_SECRET_0 b7b1003be01b1120afd858873063a0de26fead258424b590ddd5a18857ab6a5f f3ef3d292619692937215b20cd5a9261510c8d5b468c338f57b368aa97fc0b36
CLIENT_HANDSHAKE_TRAFFIC_SECRET 505dfdcd3576dc43b620770c46062d1ff74f89a5095c52a7e7bd4e804b412d72 064abe1391f828c8b9f588ba19a886327704e77a0ec5e34514f34c8e551e5e0e
SERVER_HANDSHAKE_TRAFFIC_SECRET 505dfdcd3576dc43b620770c46062d1ff74f89a5095c52a7e7bd4e804b412d72 b0dca5d00627519f413e032922973847c4d688ce4f0b92a14a67d844824c354c
CLIENT_TRAFFIC_SECRET_0 505dfdcd3576dc43b620770c46062d1ff74f89a5095c52a7e7bd4e804b412d72 0ce9078265fef4487ad0036221e567deb0b594ca7ed6ed7cfa840ae9ebcd4443
SERVER_TRAFFIC_SECRET_0 505dfdcd3576dc43b620770c46062d1ff74f89a5095c52a7e7bd4e804b412d72 25f55a50c37966b485795db1f460d9667a9cf78ffc173fa66183f71249e51be9
CLIENT_HANDSHAKE_TRAFFIC_SECRET aeb04f544e7dacb201de1503ce601de289c8fe830815f6a7b6e7fc5b8ea2f1e5 5f6423940fcd0cfbad810e1faa23863a5a9204c046eb499398321142663e0bd1
SERVER_HANDSHAKE_TRAFFIC_SECRET aeb04f544e7dacb201de1503ce601de289c8fe830815f6a7b6e7fc5b8ea2f1e5 b969d71e12863f9925306b76c9c41a36f5b135f75fe5782f62e0ce66156cccbb
CLIENT_TRAFFIC_SECRET_0 aeb04f544e7dacb201de1503ce601de289c8fe830815f6a7b6e7fc5b8ea2f1e5 6387cc6150c8b67aeb2341b03f2d6aa08f6d18d42cf5e36f6248fb5b785a42ee
SERVER_TRAFFIC_SECRET_0 aeb04f544e7dacb201de1503ce601de289c8fe830815f6a7b6e7fc5b8ea2f1e5 1bdd87ffb1d6d3987444de4bb4c898733cfc3caeff59e31c8e63d3e2e6141727
CLIENT_HANDSHAKE_TRAFFIC_SECRET 9747d5732dba41843fe6022bf0e834fa4ac7f1d3d65b92b3bd208fa4b837ffac 2fd502fee2dee88b87cb7a9d9d2c4eb993e6c5e2acd1b589dbd2c41c79ed2976
SERVER_HANDSHAKE_TRAFFIC_SECRET 9747d5732dba41843fe6022bf0e834fa4ac7f1d3d65b92b3bd208fa4b837ffac 92d54ed764dcbaef95b1431064deb2b6c4c68b1c06085bbe40214d681060b5cb
CLIENT_TRAFFIC_SECRET_0 9747d5732dba41843fe6022bf0e834fa4ac7f1d3d65b92b3bd208fa4b837ffac 5ce43df17cd53aad9896baec66c6d8a9527478d3b7413155ca553c0085fcf9cf
SERVER_TRAFFIC_SECRET_0 9747d5732dba41843fe6022bf0e834fa4ac7f1d3d65b92b3bd208fa4b837ffac f31d5a3df2367d68bde950f35aff404b4f8426c12bff94c69143d4681404e811
CLIENT_HANDSHAKE_TRAFFIC_SECRET e7e0304b555b08278c83e8961940b7037e579fecf71c5d70e09c1351836b7148 8ceb80083c55230a6e70b73dceef8bc8493f7dcf3b501f2e239c8171248bcb59
SERVER_HANDSHAKE_TRAFFIC_SECRET e7e0304b555b08278c83e8961940b7037e579fecf71c5d70e09c1351836b7148 59cc3b4bef4eb7aeaf782b76fe5dc58998087eb1489e90890c9d399613fba161
CLIENT_TRAFFIC_SECRET_0 e7e0304b555b08278c83e8961940b7037e579fecf71c5d70e09c1351836b7148 be9b22249a6ddd5ee1de81594674fc6c4e88695b219b21014e764fc98269dd14
SERVER_TRAFFIC_SECRET_0 e7e0304b555b08278c83e8961940b7037e579fecf71c5d70e09c1351836b7148 e78aea9bd5259515e8291414d4e6eade4ef9bb0b82ab6c68e922db55bb0760b4
CLIENT_HANDSHAKE_TRAFFIC_SECRET 723598b11401e9a8295efb1ab0ee6df6e9f462815bc9a03d292dedf10d343ad9 fba1d689f182627d71b858e1719a88b2b8eca73b153a37b32228f7916d337e69
SERVER_HANDSHAKE_TRAFFIC_SECRET 723598b11401e9a8295efb1ab0ee6df6e9f462815bc9a03d292dedf10d343ad9 0e77f8fe656b670604b6b57883d0d6d8a18121b1160d80e3d2ed9ffa8eb4ede6
CLIENT_TRAFFIC_SECRET_0 723598b11401e9a8295efb1ab0ee6df6e9f462815bc9a03d292dedf10d343ad9 9027baf593d92c04726ec710b5eec57dbc60fb7dafe1665a825629ebd2dad074
SERVER_TRAFFIC_SECRET_0 723598b11401e9a8295efb1ab0ee6df6e9f462815bc9a03d292dedf10d343ad9 1e144dd6ae47882ac10c71bd2b7e757f16a5f61fed414561bfe04ae8655c6b82
CLIENT_HANDSHAKE_TRAFFIC_SECRET 0a9ec3b195c72c0c059baf1b9fdf09a7927e9c4eadb7862d284d007800fbe5aa 522c59ec511269bc8f343977cbf32cc6ba68c1ed62e7bb31b9c5a30f9264952b
SERVER_HANDSHAKE_TRAFFIC_SECRET 0a9ec3b195c72c0c059baf1b9fdf09a7927e9c4eadb7862d284d007800fbe5aa 878fb679b7ef9253ea227cd7200559018a14f5220327340734a96510631f4c6c
CLIENT_TRAFFIC_SECRET_0 0a9ec3b195c72c0c059baf1b9fdf09a7927e9c4eadb7862d284d007800fbe5aa 549abfbcdc94549a29609fd53c6d8034d4e9519ce14bd6a078ca92502ab8c21c
SERVER_TRAFFIC_SECRET_0 0a9ec3b195c72c0c059baf1b9fdf09a7927e9c4eadb7862d284d007800fbe5aa 8ce6311017cc8ae6952d64247c5095d7a7140dca4ab6d00f2bc635da502a840e
CLIENT_HANDSHAKE_TRAFFIC_SECRET 343cc57588ca63e935482efcbee0fbb1877550e47448b9c5b13a998d055d4420 b098e4143a9f4e8897e64232631445334417dea836688c16ea9b8ef66675977d
SERVER_HANDSHAKE_TRAFFIC_SECRET 343cc57588ca63e935482efcbee0fbb1877550e47448b9c5b13a998d055d4420 8075703439d82bfc89e8eee994f85c218310d4c80aa607770fdd3640e96ea30d
CLIENT_TRAFFIC_SECRET_0 343cc57588ca63e935482efcbee0fbb1877550e47448b9c5b13a998d055d4420 b37b1a9d7e86e5acfe396f2e5a40ddfbd59e1cee78d4af754cd86e7a8822f3b1
SERVER_TRAFFIC_SECRET_0 343cc57588ca63e935482efcbee0fbb1877550e47448b9c5b13a998d055d4420 d72d83da622a4bd6c905d22afbe9754e0ab8429741b909b74bc556c2a1fe2682
CLIENT_HANDSHAKE_TRAFFIC_SECRET 17564ac9c9de66a5f2262b026882259f5d6a81c6326d068816a9800fca19f906 d9921386c811a2c00b7cf5aa093777fd9c4e26cda4d5c60390d72dc2a8ddcf41
SERVER_HANDSHAKE_TRAFFIC_SECRET 17564ac9c9de66a5f2262b026882259f5d6a81c6326d068816a9800fca19f906 06cef46290c48b569ba6ba963cb777c188d43b7cca6c73214e7b689e9fadd75f
CLIENT_TRAFFIC_SECRET_0 17564ac9c9de66a5f2262b026882259f5d6a81c6326d068816a9800fca19f906 661cad930f73d59b7bc0327e5c6d8a1b58c1abe6fbd51266bb6ed1a03873ae57
SERVER_TRAFFIC_SECRET_0 17564ac9c9de66a5f2262b026882259f5d6a81c6326d068816a9800fca19f906 da187e6b8c80d7a74617d91e3eabab63faae0eeccd295e166dbaa334ebf6325b
CLIENT_HANDSHAKE_TRAFFIC_SECRET 75ef1102bd28006040c9af2d7ac49c9853f743ef80dc8a23a23e2c25ec1b666e b93aa36c651805abfb5a1be6da9a830d41e77574f134e86810c4cdfeb9a24d18
SERVER_HANDSHAKE_TRAFFIC_SECRET 75ef1102bd28006040c9af2d7ac49c9853f743ef80dc8a23a23e2c25ec1b666e f216181201ec9943f3e978cb9f8b340c896d51063449da56d14d8123dd4bad2c
CLIENT_TRAFFIC_SECRET_0 75ef1102bd28006040c9af2d7ac49c9853f743ef80dc8a23a23e2c25ec1b666e 2d5d0708558b3fc0d833667e9c3dc2da422a807516264ff5ea81ba0769a813a2
SERVER_TRAFFIC_SECRET_0 75ef1102bd28006040c9af2d7ac49c9853f743ef80dc8a23a23e2c25ec1b666e fbcb934d1502414cfe35b91ac123d3692d08233e38dbe2ff79ddb4f89459f823
CLIENT_HANDSHAKE_TRAFFIC_SECRET 20966713312f14bef2da8f480cd8e36c1ccac63af467d55d2d4724583a6983ed 02b2a5b2944bb5744f81c0ea02877273f9ed04388e994ca6fba2314cd771ee0f
SERVER_HANDSHAKE_TRAFFIC_SECRET 20966713312f14bef2da8f480cd8e36c1ccac63af467d55d2d4724583a6983ed 43d3cdf52b127d3c922ae54203a5d9a168cce870fa390c837cc514a6835e3dc0
CLIENT_TRAFFIC_SECRET_0 20966713312f14bef2da8f480cd8e36c1ccac63af467d55d2d4724583a6983ed 5c2680c4c0a7118ee0ec8b2f16bcd0f953297ef91edd5bbf2884cfaddad14882
SERVER_TRAFFIC_SECRET_0 20966713312f14bef2da8f480cd8e36c1ccac63af467d55d2d4724583a6983ed e890a97a1c1d00b03950c4a46bb61eb524a0d4724aff9e8e7ae16ec63f91827a
CLIENT_HANDSHAKE_TRAFFIC_SECRET 21aa63f7d0e210db6dc350f6218790dc0ec605978eb1e9712e56daf4c717e9ab 2bef1ae757c7668ce60bd140ebae4843ef4107e7addf44f037822535ef655579
SERVER_HANDSHAKE_TRAFFIC_SECRET 21aa63f7d0e210db6dc350f6218790dc0ec605978eb1e9712e56daf4c717e9ab fb6ef1eccbd988b292a48d4bc1f80e6a51eb388d3d1c4941f6883e42174395ad
CLIENT_TRAFFIC_SECRET_0 21aa63f7d0e210db6dc350f6218790dc0ec605978eb1e9712e56daf4c717e9ab 90017c881e9a034d929638c6d1214a2fe0d25e8985f00cfc6823879dd426007d
SERVER_TRAFFIC_SECRET_0 21aa63f7d0e210db6dc350f6218790dc0ec605978eb1e9712e56daf4c717e9ab dc6a09c13385bb1eb6790eb3741b8c803adb0e70f66e5b16b426b5361eb5d806
CLIENT_HANDSHAKE_TRAFFIC_SECRET e5d8977f23629113eb7a67d5cc31ea12b6cc7ca203eb3afc226e238744e0f62e 834e0818015ae8050a6725c684835d01d6e3e2c4238dd6cb0d3a23e2e45876fd
SERVER_HANDSHAKE_TRAFFIC_SECRET e5d8977f23629113eb7a67d5cc31ea12b6cc7ca203eb3afc226e238744e0f62e e0fb12b2bb060a7d0626e39d223873a2704873bdc07cc991723ee5e818f0179f
CLIENT_TRAFFIC_SECRET_0 e5d8977f23629113eb7a67d5cc31ea12b6cc7ca203eb3afc226e238744e0f62e 0f61c363557745758e7ad5ea19d3feb3848350ebcdb6fb702aa4142b241bdc82
SERVER_TRAFFIC_SECRET_0 e5d8977f23629113eb7a67d5cc31ea12b6cc7ca203eb3afc226e238744e0f62e 9ccf6924d940929e9e0bd4c451f9874bb9e569f4044c70b2fea875bdbb86eff3
CLIENT_HANDSHAKE_TRAFFIC_SECRET f1257205d6e84b6e1e92df0c81f1f32338ae082995e6890a97750023ed8f8cc6 11dfc2b88fa599b54bd0a663a2cc82fb6715df30f312611f67814867dc2632ed
SERVER_HANDSHAKE_TRAFFIC_SECRET f1257205d6e84b6e1e92df0c81f1f32338ae082995e6890a97750023ed8f8cc6 24b531f94bbba035c50b73848da1f951e54a91da40ce32c4c719db18809ce0f5
CLIENT_TRAFFIC_SECRET_0 f1257205d6e84b6e1e92df0c81f1f32338ae082995e6890a97750023ed8f8cc6 6bc72f5dc81082433f4c058fd8489f13d7637e57ecf47269121b7727ad612db3
SERVER_TRAFFIC_SECRET_0 f1257205d6e84b6e1e92df0c81f1f32338ae082995e6890a97750023ed8f8cc6 16c2470dbf868b5d26ea522d45f4156475c099b0d97d96f37a10a0797681dc7e
CLIENT_HANDSHAKE_TRAFFIC_SECRET 6dac0e2a7410f855e04260f5f3b3f5374f2f420344b00e2177ca7f6d5f9d780a 86b86c5c5abbf7e01b86c1c4f6ed941b039687296de350efffd5337f01fea884
SERVER_HANDSHAKE_TRAFFIC_SECRET 6dac0e2a7410f855e04260f5f3b3f5374f2f420344b00e2177ca7f6d5f9d780a b778b76d7f964f5bd38537420a11e58c91933f432d89467507481481684a49e7
CLIENT_TRAFFIC_SECRET_0 6dac0e2a7410f855e04260f5f3b3f5374f2f420344b00e2177ca7f6d5f9d780a 53ff6f8d758b71b66f281fc2dc565079632cad2bb871d346da1cab95a48060af
SERVER_TRAFFIC_SECRET_0 6dac0e2a7410f855e04260f5f3b3f5374f2f420344b00e2177ca7f6d5f9d780a 678e9d42032657df5ab09ed196864c276f556dc1beb19a8379578b800d9ef8dc
CLIENT_HANDSHAKE_TRAFFIC_SECRET 38afcf9f6b615b0bb4d9e90e930b433555320f2112f670d1554c5d80065ce6a5 6075d8bde07e603adc59b90cb4231d2cf5417241bff8d19585890288a6e5a010
SERVER_HANDSHAKE_TRAFFIC_SECRET 38afcf9f6b615b0bb4d9e90e930b433555320f2112f670d1554c5d80065ce6a5 e6a2af3378e5f6b193fe4a541a729a1e087e9d4f5b08d054b8dac20612571743
CLIENT_TRAFFIC_SECRET_0 38afcf9f6b615b0bb4d9e90e930b433555320f2112f670d1554c5d80065ce6a5 17b98cd33ca69df81eddc19a1ffde5b1ac35d5511e1bd2cddfc7aa69d70d68ac
SERVER_TRAFFIC_SECRET_0 38afcf9f6b615b0bb4d9e90e930b433555320f2112f670d1554c5d80065ce6a5 8419abecb5f733d33d5756abe1ccbc5fce212b0fb921b8bf1417ce5f51504ef5
CLIENT_HANDSHAKE_TRAFFIC_SECRET f41b79d4f8a341c76161c2684cf8e5c2f10b54b377ca284ce488ab6da16f644e 381ca55c6cf53632157905e5f9b8962f2689518a49f81a12ac803bf182d438b9
SERVER_HANDSHAKE_TRAFFIC_SECRET f41b79d4f8a341c76161c2684cf8e5c2f10b54b377ca284ce488ab6da16f644e f6b3e51d965964396aa7f1f4508fb822dd4f7d66b07cee81d9d62d2695f9b27d
CLIENT_TRAFFIC_SECRET_0 f41b79d4f8a341c76161c2684cf8e5c2f10b54b377ca284ce488ab6da16f644e 998274d62de440c265d3b338152e57cd5bd5e25874f4f64438f9034392946bf6
SERVER_TRAFFIC_SECRET_0 f41b79d4f8a341c76161c2684cf8e5c2f10b54b377ca284ce488ab6da16f644e a98f1acee1cb50e0ab259bc31c72f47b0e9241f5d2f4e79cc45231d0e6c6cc91
CLIENT_HANDSHAKE_TRAFFIC_SECRET d96f033f2433aa40a75aeb1c0f3603a4457657468d0649ea4c09af9948f207dd f3e554613f6710da1f8ac5e549ccb8d794a9c8222137ae677268d1fd7145826c
SERVER_HANDSHAKE_TRAFFIC_SECRET d96f033f2433aa40a75aeb1c0f3603a4457657468d0649ea4c09af9948f207dd e26a90b9c938da7ef5be5866d7c2d6bb7b1b52c76d8b309513bfc6023ca1954d
CLIENT_TRAFFIC_SECRET_0 d96f033f2433aa40a75aeb1c0f3603a4457657468d0649ea4c09af9948f207dd d31a2ec7c361ea6cb110d8fac629bc2fd02de76410fb197ef880ec2ca131d257
SERVER_TRAFFIC_SECRET_0 d96f033f2433aa40a75aeb1c0f3603a4457657468d0649ea4c09af9948f207dd 68eea8a850dca03282dd31ab31723ee54e3dbb57e77e5691d81aba090c7a915c
CLIENT_HANDSHAKE_TRAFFIC_SECRET fb8cd5b09631c7770cd816fb515c726c20db1972638c32a01e439d36c10e11ee b210929fe6f4dce37fa9b6d1121dd11643874b21520b92c68e4ac687d047c43b
SERVER_HANDSHAKE_TRAFFIC_SECRET fb8cd5b09631c7770cd816fb515c726c20db1972638c32a01e439d36c10e11ee a529d5a298445fdd098079684bb74c4a0545114f8d49d723b506ab67ca4c31f0
CLIENT_TRAFFIC_SECRET_0 fb8cd5b09631c7770cd816fb515c726c20db1972638c32a01e439d36c10e11ee 16d619ff9b5b2f460114ded70d011cd71c12e0cfdcdadc9aed0202e92e538681
SERVER_TRAFFIC_SECRET_0 fb8cd5b09631c7770cd816fb515c726c20db1972638c32a01e439d36c10e11ee 7318d5119d74c1be645ce95a645f0f68256c1c084ab71819e892a36a8af6a102
CLIENT_HANDSHAKE_TRAFFIC_SECRET a9321f155cda873c2bb369f47c5245057466a6c7e1c7473390710a9646a4b295 bb13e4bc40915cc3230a391a0514ca5de58ebaf9a8d03a809663f475598e5d78
SERVER_HANDSHAKE_TRAFFIC_SECRET a9321f155cda873c2bb369f47c5245057466a6c7e1c7473390710a9646a4b295 51ff61a5a50a13d1cea65117f627474e4bfb151fa0bbeee28c16945f3833942b
CLIENT_TRAFFIC_SECRET_0 a9321f155cda873c2bb369f47c5245057466a6c7e1c7473390710a9646a4b295 ccaa3d8b83d6622f33658eefabee981c49a56af279c74a9e62b37fa55506231d
SERVER_TRAFFIC_SECRET_0 a9321f155cda873c2bb369f47c5245057466a6c7e1c7473390710a9646a4b295 9b17cdf1d4097d0f55ac08d4781fb7d8101d634b3c595d50e310f2c7d3bfd873
CLIENT_HANDSHAKE_TRAFFIC_SECRET 685c2337f11a7a2c29c8f637843743ea4f90be67297a7dc51ccc0e669c25ad00 74c94ad356f64d7d648d23c20fe5453fc0e65aa4005fbec6d4dd93d51f3a0471
SERVER_HANDSHAKE_TRAFFIC_SECRET 685c2337f11a7a2c29c8f637843743ea4f90be67297a7dc51ccc0e669c25ad00 79995ffcbb4de244da42e930167e4f3ae77148dd67a9fb3e47da1f5498d00078
CLIENT_TRAFFIC_SECRET_0 685c2337f11a7a2c29c8f637843743ea4f90be67297a7dc51ccc0e669c25ad00 0076dfe467c32418644b1132da9a034f7586aebb6206182012c4635ae6bb7561
SERVER_TRAFFIC_SECRET_0 685c2337f11a7a2c29c8f637843743ea4f90be67297a7dc51ccc0e669c25ad00 2b25fe81ea91e90c92308d8063f6f4103072d05db4c5e01efc900049e9fec532
CLIENT_HANDSHAKE_TRAFFIC_SECRET 1976d6688a02c15c97ea41822adf59e8255aa834cdeca825b61b35347ee35b32 9b5a8dea3bd5ab49598b33e731d94f2e7c2b05a74c15ffb68ecf81715b01cee3
SERVER_HANDSHAKE_TRAFFIC_SECRET 1976d6688a02c15c97ea41822adf59e8255aa834cdeca825b61b35347ee35b32 ceb638c4edb972b60ac7dcb56c9efdc45ea69d27e79301fcf83e5bcbf4a2b876
CLIENT_TRAFFIC_SECRET_0 1976d6688a02c15c97ea41822adf59e8255aa834cdeca825b61b35347ee35b32 fed09ba090cfcbf9553b362d29617c91bce7d4e125e7fd083a2d9b15affe0adc
SERVER_TRAFFIC_SECRET_0 1976d6688a02c15c97ea41822adf59e8255aa834cdeca825b61b35347ee35b32 62b8f0858d7099b7d443f8c94f4f1af69c9ac1248fc2ec56885b00517240bfe6
CLIENT_HANDSHAKE_TRAFFIC_SECRET c392f67959edfa34aae90387dc6f99d2fdcd5523b3d4cdea10b6d6c853c82e98 6d22649acc7463883eea78c93e3639162eb27e356701e3790cccb5670d5dab42
SERVER_HANDSHAKE_TRAFFIC_SECRET c392f67959edfa34aae90387dc6f99d2fdcd5523b3d4cdea10b6d6c853c82e98 3a12fee44f131e62aa134492ae256d017f1e2337d0d11ad5ddfea22c65c8105b
CLIENT_TRAFFIC_SECRET_0 c392f67959edfa34aae90387dc6f99d2fdcd5523b3d4cdea10b6d6c853c82e98 e8c7f48b8c3c347358dec535853cd6a24a691935e4005cf98deec632e340067c
SERVER_TRAFFIC_SECRET_0 c392f67959edfa34aae90387dc6f99d2fdcd5523b3d4cdea10b6d6c853c82e98 660dbb133268ab7a27973c393d36bfb5c596e263add3cc6435fed1368c434450
CLIENT_HANDSHAKE_TRAFFIC_SECRET f7fbae77bdde0d20778d73f36c94ad776ec8fe49b98b8f7f206d1df699db51a5 43a9f8f29c0c6cf46fef0ad28c2bb8ae9a0f4893ccd83d8701f877f93746ec2c
SERVER_HANDSHAKE_TRAFFIC_SECRET f7fbae77bdde0d20778d73f36c94ad776ec8fe49b98b8f7f206d1df699db51a5 585f801b421225aebb5364b7518a39b3fc67aae5f9ab7e3733d8ad1b92c1c679
CLIENT_TRAFFIC_SECRET_0 f7fbae77bdde0d20778d73f36c94ad776ec8fe49b98b8f7f206d1df699db51a5 06fe561e8ba8026764c68d75958ae4b3368deec8af9cd6922fbfb9951a247285
SERVER_TRAFFIC_SECRET_0 f7fbae77bdde0d20778d73f36c94ad776ec8fe49b98b8f7f206d1df699db51a5 77491324d5a0b15f3c28953dc33572cf61359fbf4569a03c6154d4a90c18c7f1
CLIENT_HANDSHAKE_TRAFFIC_SECRET 601da51a9d40449e6201a9e91fa2c93951106d2a6c87298dd836720e2435639a c2099997b54af09ac8bf0085855da45f6397d3006154729218406bca4527eeec
SERVER_HANDSHAKE_TRAFFIC_SECRET 601da51a9d40449e6201a9e91fa2c93951106d2a6c87298dd836720e2435639a e5b3531f3ae26493b1de689ad4a9358c6746e8339e39a300ec5195fbf7691287
CLIENT_TRAFFIC_SECRET_0 601da51a9d40449e6201a9e91fa2c93951106d2a6c87298dd836720e2435639a ba0f1e8aa5a2205bbb817a7e6789f781fd54e9efd24e4513b443203ada98b297
SERVER_TRAFFIC_SECRET_0 601da51a9d40449e6201a9e91fa2c93951106d2a6c87298dd836720e2435639a d97cbb06e7fc7caeec12f703b1437a4d4234ccaf05918e5ed447b5be895b9aca
CLIENT_HANDSHAKE_TRAFFIC_SECRET 1a665fc5f8ca33fd6b154f88bef775e67f8c3c90c7b3b37d1c4e8728ec5d0c74 9806ae3fe1c6b27e55cd6978ce734eafd58177a705eb413e3bf01ae0850a17fb
SERVER_HANDSHAKE_TRAFFIC_SECRET 1a665fc5f8ca33fd6b154f88bef775e67f8c3c90c7b3b37d1c4e8728ec5d0c74 622dd9a2e9a8eea0e5ffc3f34ea0d7fed1cc554210058e3bf648e1f69f49f1d8
CLIENT_TRAFFIC_SECRET_0 1a665fc5f8ca33fd6b154f88bef775e67f8c3c90c7b3b37d1c4e8728ec5d0c74 cb218d53a5076295da83204d276112b7aa2bfd37b64084d6058ca56998acaaf7
SERVER_TRAFFIC_SECRET_0 1a665fc5f8ca33fd6b154f88bef775e67f8c3c90c7b3b37d1c4e8728ec5d0c74 716544aaf226b65316fb8866ce64b7c1358e8c93c7216d937055d3159b6d8f64
CLIENT_HANDSHAKE_TRAFFIC_SECRET 1837090a5bb93e475777b9e068510c5e18fc71545b4c81fcf68d6808787c4962 b7b98c5370a526d91bebf10ab38fe753cdfcbea9840507851157ba8921820f42
SERVER_HANDSHAKE_TRAFFIC_SECRET 1837090a5bb93e475777b9e068510c5e18fc71545b4c81fcf68d6808787c4962 9e1211f44977f4025dd71e2c1bf0a4f7454c748c8ac90a48add9ab2f79da35c0
CLIENT_TRAFFIC_SECRET_0 1837090a5bb93e475777b9e068510c5e18fc71545b4c81fcf68d6808787c4962 c3ba91130b2cc53c4a347d96c8d1f35f48d54dbc08ad80f7eb3312bd9026989d
SERVER_TRAFFIC_SECRET_0 1837090a5bb93e475777b9e068510c5e18fc71545b4c81fcf68d6808787c4962 d88ab87a07e011ea09fff2a5fff0aa80998c294f4d26b82144b2ae0741d109cc
CLIENT_HANDSHAKE_TRAFFIC_SECRET f0df01e36a8ecb423f318b23178210c1282e27ad1aa0fc3625d5af426a4d17b8 7f2151411ab1980469e774e0465186c91f39bfe1226304752b02b92c6ba6832e
SERVER_HANDSHAKE_TRAFFIC_SECRET f0df01e36a8ecb423f318b23178210c1282e27ad1aa0fc3625d5af426a4d17b8 f5620573a0aaef9791d63f7b289c0010be179eaba35064e9084d38cdbb88762e
CLIENT_TRAFFIC_SECRET_0 f0df01e36a8ecb423f318b23178210c1282e27ad1aa0fc3625d5af426a4d17b8 b34fdd3eafdb6015f8813028315f7fdb1fddc2cd811b6bfc2992c7ba809416d8
SERVER_TRAFFIC_SECRET_0 f0df01e36a8ecb423f318b23178210c1282e27ad1aa0fc3625d5af426a4d17b8 1407811c38e2896f0c4415bbf0f5035ebaf5aca6f705305b35f2af1f5245ff7b
CLIENT_HANDSHAKE_TRAFFIC_SECRET ac8cb81c42fce7725f46b4ae0899a463f27d648e75a3383ac6f95ae3a8a159e8 01913b794e6892c75e7ec0d02d1cb34ac7835f6756250a25bb73f2ba7ab46936
SERVER_HANDSHAKE_TRAFFIC_SECRET ac8cb81c42fce7725f46b4ae0899a463f27d648e75a3383ac6f95ae3a8a159e8 1f17b7d2341bfb41114758dbfa3e884234411de2018d0bb75976fcbed0191cf8
CLIENT_TRAFFIC_SECRET_0 ac8cb81c42fce7725f46b4ae0899a463f27d648e75a3383ac6f95ae3a8a159e8 dd63678b7267e558c2c83836d07ccf9d242ff0e4ee0b520991825484f6b96c08
SERVER_TRAFFIC_SECRET_0 ac8cb81c42fce7725f46b4ae0899a463f27d648e75a3383ac6f95ae3a8a159e8 cbec774f4fe9e84146d1afc7261010e7f1645f7a474d91101a60943e5b60e54f
CLIENT_HANDSHAKE_TRAFFIC_SECRET b8803fbfadae5cb96ce110c9faf75914338b06aac4cbd76bd765324f01ef5a8c 05897888e6553ed4d293be88a12360004b0a71935064dffe419cb7b92afa9d0f
SERVER_HANDSHAKE_TRAFFIC_SECRET b8803fbfadae5cb96ce110c9faf75914338b06aac4cbd76bd765324f01ef5a8c 096a8cc806cc18f7f8f67d695d8dd7c276288a77afc05974c20abd92e44ca52c
CLIENT_TRAFFIC_SECRET_0 b8803fbfadae5cb96ce110c9faf75914338b06aac4cbd76bd765324f01ef5a8c 7b1a5b2e241c3a922bb9b9006e3f66634d5132b9193ffe97c143bfedf2ec2d64
SERVER_TRAFFIC_SECRET_0 b8803fbfadae5cb96ce110c9faf75914338b06aac4cbd76bd765324f01ef5a8c 570560fdeef70a84f1ae2f34c10efb431a27a2e95bb21b7bd71cb57cd072245f
CLIENT_HANDSHAKE_TRAFFIC_SECRET 40ddd58f35214ffe03340f14b5eb8c07a9085907795715be5a88d0c833416b2f 690683e242632d2cc8e80778cdd297621eefa502dced09ecc48b4e5d21df3146
SERVER_HANDSHAKE_TRAFFIC_SECRET 40ddd58f35214ffe03340f14b5eb8c07a9085907795715be5a88d0c833416b2f 1b12d73bdce9a186b6206698434f58d4c150d04889572664120a3b3dbb5b4725
CLIENT_TRAFFIC_SECRET_0 40ddd58f35214ffe03340f14b5eb8c07a9085907795715be5a88d0c833416b2f 10ecd22980cef8c687eefe36aa9f4b7dab472ba30f6cd82ea1ef7dc6df545c9d
SERVER_TRAFFIC_SECRET_0 40ddd58f35214ffe03340f14b5eb8c07a9085907795715be5a88d0c833416b2f 2f2caa5c224d63e8cd26e1fbb610a81813cb6344e738297b778cd21aa2e6b615
CLIENT_HANDSHAKE_TRAFFIC_SECRET d42edde39678871cfd1fd15c154aa579a425b77a1b4c3731aae6003ba076b54e f4bc901daba3a8b01dbd171ca7a937d8a47f1a30e85987c9c853e287a9e9997e
SERVER_HANDSHAKE_TRAFFIC_SECRET d42edde39678871cfd1fd15c154aa579a425b77a1b4c3731aae6003ba076b54e 8121e1832475c457eff62b94a17028f578537352041084c150c0732bdf55e8d8
CLIENT_TRAFFIC_SECRET_0 d42edde39678871cfd1fd15c154aa579a425b77a1b4c3731aae6003ba076b54e dccfc4ea728ec28e8e5d1cafc5b2f67a794eb6d44eebce115509b3f1e02f7573
SERVER_TRAFFIC_SECRET_0 d42edde39678871cfd1fd15c154aa579a425b77a1b4c3731aae6003ba076b54e a08c717f4869bae5e2ff452fd8662cc18f224ab7f8b25d4bdeae254da259e4a5
CLIENT_HANDSHAKE_TRAFFIC_SECRET 464a418551d3b242acf0f074322ed211edfcea61638a04df3756131766ee6fe6 de3503d9c1e53b6cc0831fdaf1257d0a6a6e326f26ffdd801ad15d640dd75192
SERVER_HANDSHAKE_TRAFFIC_SECRET 464a418551d3b242acf0f074322ed211edfcea61638a04df3756131766ee6fe6 3f4b5bc6844b80e8ba60b66a7a59f18b075daa35b7baa8975a3e02dcf36b3170
CLIENT_TRAFFIC_SECRET_0 464a418551d3b242acf0f074322ed211edfcea61638a04df3756131766ee6fe6 865905de3c7bd57251853bf92992f1bce40770cb3854ce70d38da774e83489a9
SERVER_TRAFFIC_SECRET_0 464a418551d3b242acf0f074322ed211edfcea61638a04df3756131766ee6fe6 0dc1c5eb54eeb78db437da508742b9b031cf3d649e6be869de5d6338480cc6d3
CLIENT_HANDSHAKE_TRAFFIC_SECRET 14af71b959dd5cad474b2d85158ebc9b9a557dd4a8b09986ea8bce469d1a5d4b 0e039cda31b6ec85337edc3b3b8c718c8ec56e0027a8b3aa88f1f498ce77382b
SERVER_HANDSHAKE_TRAFFIC_SECRET 14af71b959dd5cad474b2d85158ebc9b9a557dd4a8b09986ea8bce469d1a5d4b c9ef3a8736ce3ed4761a572fe3fd054668b33e0174fce76cb737b9b4b13d118b
CLIENT_TRAFFIC_SECRET_0 14af71b959dd5cad474b2d85158ebc9b9a557dd4a8b09986ea8bce469d1a5d4b a842cd4fad8706799bd1535be27e8198791d01c1d23417cda6b2d7579f93cecf
SERVER_TRAFFIC_SECRET_0 14af71b959dd5cad474b2d85158ebc9b9a557dd4a8b09986ea8bce469d1a5d4b 0cef9b9a5458a0fd7d42860f38367228346a6f48ab9c120d32705459a81b82e0
CLIENT_HANDSHAKE_TRAFFIC_SECRET d9aaedea91412df408b0536f46329f8215f931d4b2b292532f6e79edfe592c7a 131e669ee7ee4f2e7e726fae938eeee6c595eab6e5278186e9aa5d8c6123c70f
SERVER_HANDSHAKE_TRAFFIC_SECRET d9aaedea91412df408b0536f46329f8215f931d4b2b292532f6e79edfe592c7a 0ec99cf54df4a362628b29be66882d273320502fa2c2410326cb09e65d734e9c
CLIENT_TRAFFIC_SECRET_0 d9aaedea91412df408b0536f46329f8215f931d4b2b292532f6e79edfe592c7a ca85b75c700fd438bdb554c4c3ff54ed10d95fb642a6d8c4ee586ebdc8eb63d4
SERVER_TRAFFIC_SECRET_0 d9aaedea91412df408b0536f46329f8215f931d4b2b292532f6e79edfe592c7a 977520e8e790c6acc930d9ea6dce82b07da4d07aca8a8a6a7576cbdcdae2dc09
CLIENT_HANDSHAKE_TRAFFIC_SECRET 19e493cd295f08c55ffd67b5565a3399739a96ed1ace58f2ffd67a8208a06f9d 744a6a79e2f3c2845cc4f1de0fc42870f1888785d5fa6bef4fc94a87ad24bd03
SERVER_HANDSHAKE_TRAFFIC_SECRET 19e493cd295f08c55ffd67b5565a3399739a96ed1ace58f2ffd67a8208a06f9d 61d5f22272f37afadc80d54cd7ff9f9f4097cc4071d7933c184d985ad37e21f1
CLIENT_TRAFFIC_SECRET_0 19e493cd295f08c55ffd67b5565a3399739a96ed1ace58f2ffd67a8208a06f9d 3377416bd7fcee11a40d37001dd442b0d955ecc6397f36262604d80b31096fe8
SERVER_TRAFFIC_SECRET_0 19e493cd295f08c55ffd67b5565a3399739a96ed1ace58f2ffd67a8208a06f9d a3273e6e329d9c8ce0a43f78659a0fb6ad8287c2bbbf71fc9ee94c7c1b5e316d
CLIENT_HANDSHAKE_TRAFFIC_SECRET e6e46a32d61b9d13489fb9f470d0b0a58e98bcadbfea0e0efdc693e670862627 be50a45466f4643dde0f2b6d4ed888990cef428da2cb38f37ad22130b7b1c948
SERVER_HANDSHAKE_TRAFFIC_SECRET e6e46a32d61b9d13489fb9f470d0b0a58e98bcadbfea0e0efdc693e670862627 b6920dc45a70bab00010b9beb44d5728b2daac6d7224b7584aac668b7ec1eb1a
CLIENT_TRAFFIC_SECRET_0 e6e46a32d61b9d13489fb9f470d0b0a58e98bcadbfea0e0efdc693e670862627 43028f03c841f6c2daf66bbb0593d364b3c7682c931f40af8556726ca9d64ca9
SERVER_TRAFFIC_SECRET_0 e6e46a32d61b9d13489fb9f470d0b0a58e98bcadbfea0e0efdc693e670862627 1d33f5e3c12f6d6a462901c430cdcb8e498e3b72740f1067e0cc99f68e34826e
CLIENT_HANDSHAKE_TRAFFIC_SECRET b21f2a69cbdbf86b195f57007e310f3bca2088cc9e42732e3ec4beae92a5ae63 d9db0c7cb7b2a522676eaf62eea6def6b6e0659531ad4641c5910273afa0e7e1
SERVER_HANDSHAKE_TRAFFIC_SECRET b21f2a69cbdbf86b195f57007e310f3bca2088cc9e42732e3ec4beae92a5ae63 eb9ca6cb889bcb42707d81892fa561e1466449e38e738cbdf7a09868d0194bb2
CLIENT_TRAFFIC_SECRET_0 b21f2a69cbdbf86b195f57007e310f3bca2088cc9e42732e3ec4beae92a5ae63 a1e7880e2911e07eecf6339d6d2c353ee847915a244722b2ca6de7fc3e27aae2
SERVER_TRAFFIC_SECRET_0 b21f2a69cbdbf86b195f57007e310f3bca2088cc9e42732e3ec4beae92a5ae63 36412fba87109b8ee02feb43ac6374a02d13fae5e51f6b148ef52f58269daa38
CLIENT_HANDSHAKE_TRAFFIC_SECRET 54a168ceed96a477e67b4f91c64a074b48c5e1980a9b59b489c54ba9f4c64710 e1f56a115f2187b47ebce99df3ea494e24b0f2e0848856cd87f1e481d27b9dea
SERVER_HANDSHAKE_TRAFFIC_SECRET 54a168ceed96a477e67b4f91c64a074b48c5e1980a9b59b489c54ba9f4c64710 bbcc465f18ffcc8d1c87dd31904b4869b3aa49a166f7ffce89bba3aa98cd5445
CLIENT_TRAFFIC_SECRET_0 54a168ceed96a477e67b4f91c64a074b48c5e1980a9b59b489c54ba9f4c64710 e0b3b1d8f9a97c7da7ca53e36607ca4fe19b60d8a0348163e2b2016bb1771b32
SERVER_TRAFFIC_SECRET_0 54a168ceed96a477e67b4f91c64a074b48c5e1980a9b59b489c54ba9f4c64710 a95f5f7c3e8976777c5af594dc179fcb8548619027e66f8afd22ef6062607f9e
CLIENT_HANDSHAKE_TRAFFIC_SECRET 9bcd28b00909573595e25d5f2c55d56d74afad7b8db005f812cd87ab843889fb be428e4540180e5b8ea4cfdc912c5b2be1e822d3b8d7a58ea0ba3ddffedcaac4
SERVER_HANDSHAKE_TRAFFIC_SECRET 9bcd28b00909573595e25d5f2c55d56d74afad7b8db005f812cd87ab843889fb f435a7cec6a224ca2066cd0bf9bbd2c995c65036c0b21f109d422c56d970f4f8
CLIENT_TRAFFIC_SECRET_0 9bcd28b00909573595e25d5f2c55d56d74afad7b8db005f812cd87ab843889fb 1ff283055bb6a248c131bbbeeee9ce4ef2aa7a1b1f27454eb9fa504bdc4d434b
SERVER_TRAFFIC_SECRET_0 9bcd28b00909573595e25d5f2c55d56d74afad7b8db005f812cd87ab843889fb 9ef86ea319e3eeb0b8bef2510514f143fd5bfb659e03d190aec041055ccde652
CLIENT_HANDSHAKE_TRAFFIC_SECRET 4e6a4034b890fdec8f53dc7b7d2a62b4f97c765442f42a0ba87f5915f6c688c9 967f43370bc9ab1656cbe586e6261478f65190dd0a880c4e1ff3dd198108b7fe
SERVER_HANDSHAKE_TRAFFIC_SECRET 4e6a4034b890fdec8f53dc7b7d2a62b4f97c765442f42a0ba87f5915f6c688c9 10973019d4f23a1270e489a0145955ef6ad6d475fea5fde560f5703e50d11056
CLIENT_TRAFFIC_SECRET_0 4e6a4034b890fdec8f53dc7b7d2a62b4f97c765442f42a0ba87f5915f6c688c9 b3b33cc0bde568df6df8fa0ca2d0cdb7981ce88478cbae4178178da57437f4e6
SERVER_TRAFFIC_SECRET_0 4e6a4034b890fdec8f53dc7b7d2a62b4f97c765442f42a0ba87f5915f6c688c9 3b6a90d20c162b97616bb816af38d95b34daa733ca5745e903b96c1cdd783902
CLIENT_HANDSHAKE_TRAFFIC_SECRET 40371de6088368b9dc46fdc8415322492f4e5729e99bec2507183425cb62d837 075d922e83870e6620f0453e5402190dda81de367882b4a7d02ad0637e1e1068
SERVER_HANDSHAKE_TRAFFIC_SECRET 40371de6088368b9dc46fdc8415322492f4e5729e99bec2507183425cb62d837 72981c76b0508c50d052d3be6ae60099d4820af7aace710817c0e74be6a56ff7
CLIENT_TRAFFIC_SECRET_0 40371de6088368b9dc46fdc8415322492f4e5729e99bec2507183425cb62d837 9795833f21353c731a5b43811190751465f86fd86ce5ada89e8ecf66cc7bf53c
SERVER_TRAFFIC_SECRET_0 40371de6088368b9dc46fdc8415322492f4e5729e99bec2507183425cb62d837 ec25d5a97850e9e6f57861bef5958aae191e7339892670896cb5d36b51017181
CLIENT_HANDSHAKE_TRAFFIC_SECRET 420242c3a3f402931b3728c49f680937a1c9c70a26d616fa3edb497be84943cb 55537f126865322be533280e118c6e036ae2ac3846adbf9720d582a54e8d94b9
SERVER_HANDSHAKE_TRAFFIC_SECRET 420242c3a3f402931b3728c49f680937a1c9c70a26d616fa3edb497be84943cb 10e6f2a3ed6eaa4aea2f06385773d99f1baf0e0b7c4ac170a402a8b4d413cf88
CLIENT_TRAFFIC_SECRET_0 420242c3a3f402931b3728c49f680937a1c9c70a26d616fa3edb497be84943cb 409d26303e4de28c46ce318f878cfc196e48d944b350c2e25fdd36c09b41b1df
SERVER_TRAFFIC_SECRET_0 420242c3a3f402931b3728c49f680937a1c9c70a26d616fa3edb497be84943cb 188793dec521cecc2a329e51804c47869f4a06f5603eab830ad1bc0d4bfb6829
CLIENT_HANDSHAKE_TRAFFIC_SECRET b2d589842b57fb41aeaa2d35b84788413d5b62c606dd594c3f52e494b1baf919 11d8230375747bfa9a25972942e71b05506dafa5ae1d08c24a88512a4eea4542
SERVER_HANDSHAKE_TRAFFIC_SECRET b2d589842b57fb41aeaa2d35b84788413d5b62c606dd594c3f52e494b1baf919 7bb77c2dee8208fc8aad22ad25ded3bc74e946b94d5b6699b59a381ecf62bcba
CLIENT_TRAFFIC_SECRET_0 b2d589842b57fb41aeaa2d35b84788413d5b62c606dd594c3f52e494b1baf919 24c0a81dac2ddf40823c2a1b3798abe3221090ffe9e7779d2432e4f26dd26afa
SERVER_TRAFFIC_SECRET_0 b2d589842b57fb41aeaa2d35b84788413d5b62c606dd594c3f52e494b1baf919 949dd916c32abb493a116e9c2f54d7ea566a7fa962c286ccd98c31980019097b
CLIENT_HANDSHAKE_TRAFFIC_SECRET f5ff4e41946f2808e52bbe62364190d7cd4c880e93b6057eb7e50be6b3db8b53 ed5cc86aaffd524593814705ab1a44a84e89355b5245fb993656a1ed69d8a83e
SERVER_HANDSHAKE_TRAFFIC_SECRET f5ff4e41946f2808e52bbe62364190d7cd4c880e93b6057eb7e50be6b3db8b53 eafe36c078d6e0392e7475f4de9da158a657c67c6002796116a23a997bc73b72
CLIENT_TRAFFIC_SECRET_0 f5ff4e41946f2808e52bbe62364190d7cd4c880e93b6057eb7e50be6b3db8b53 6c0628b9f7da21afdbd2605f3b7cd110cbadbe7400fd670bcf0ce411d22f6b98
SERVER_TRAFFIC_SECRET_0 f5ff4e41946f2808e52bbe62364190d7cd4c880e93b6057eb7e50be6b3db8b53 fb638aa4164747932d870c84089d1e21ad751be761be113e6b7a5cd958c64695
CLIENT_HANDSHAKE_TRAFFIC_SECRET 5c19dfce6f5808dd5315a3ab561b6c124df8021a10980edbaa13c3afbefe0dac 7427aacf568d756258b50b99b7ac9480121842ccf0769b2cdb943e451f5a4bcc
SERVER_HANDSHAKE_TRAFFIC_SECRET 5c19dfce6f5808dd5315a3ab561b6c124df8021a10980edbaa13c3afbefe0dac 421b975a6be8fa8f209155562f0bf4cbd8d8c060f99cf6cb302bdc6a407144ed
CLIENT_TRAFFIC_SECRET_0 5c19dfce6f5808dd5315a3ab561b6c124df8021a10980edbaa13c3afbefe0dac 171312e6644ca98529a2156e69ce04fc7329311677e7ff6570c4826b8a9d1614
SERVER_TRAFFIC_SECRET_0 5c19dfce6f5808dd5315a3ab561b6c124df8021a10980edbaa13c3afbefe0dac ceedc5489392bf3d1f86a0739e2fcc43f2d74885fad5d55c1aec3fb0ddeb68e4
CLIENT_HANDSHAKE_TRAFFIC_SECRET 25bd542a6dde9f14af95907cd9067214d87959fe41d4bdc3de849fbd58d29fae acefb5fd9dfc254385f9b577f805cb6610d9e23fb3259e9c14f4b9f858a818b0
SERVER_HANDSHAKE_TRAFFIC_SECRET 25bd542a6dde9f14af95907cd9067214d87959fe41d4bdc3de849fbd58d29fae d21dccbe9357264f94d40e33075c0edc57481f255a3f72d472d859ef6ab20479
CLIENT_TRAFFIC_SECRET_0 25bd542a6dde9f14af95907cd9067214d87959fe41d4bdc3de849fbd58d29fae 9e98297ec1557fa037fe44f43947ae40b5dba9a2cd6d03ad1db8a4f983d052fc
SERVER_TRAFFIC_SECRET_0 25bd542a6dde9f14af95907cd9067214d87959fe41d4bdc3de849fbd58d29fae 7769f1e9712069adeabde5a2bdb4d73ada396bf41dab6d88c2a179824d7cff89
CLIENT_HANDSHAKE_TRAFFIC_SECRET fcef1ad060c8f4861c09aed7b771a022aa3efde28e63f91742157bcf0c5f8ed5 91d9648864b47c3d4757cd1ea0622b13ed4cfb427366647fe16c2a82eeb48653
SERVER_HANDSHAKE_TRAFFIC_SECRET fcef1ad060c8f4861c09aed7b771a022aa3efde28e63f91742157bcf0c5f8ed5 249a0cbbdf1f9c03cd35ed236d3ce9b13500268b90df8ef9afa4d4d0a72726fd
CLIENT_TRAFFIC_SECRET_0 fcef1ad060c8f4861c09aed7b771a022aa3efde28e63f91742157bcf0c5f8ed5 02ca6aaf64be1b8d403e72c7917036716793d1d5668ed7c0a28cf573ce5c0828
SERVER_TRAFFIC_SECRET_0 fcef1ad060c8f4861c09aed7b771a022aa3efde28e63f91742157bcf0c5f8ed5 6aea284e3429237b36e8f3be6d6cdb5162a7df6fd6869a6051202466145b08f7
CLIENT_HANDSHAKE_TRAFFIC_SECRET 84e3ed4a1d1f02339e3ee881869569b3fd0f73ce41f640be7dc419418103667d 1bf36fb71ab0f0d9550fa83af9b077e317712e5341565b678a5030107bb5437a
SERVER_HANDSHAKE_TRAFFIC_SECRET 84e3ed4a1d1f02339e3ee881869569b3fd0f73ce41f640be7dc419418103667d d7464aaa1506ed65bd1fdbdf13f1ed2f60c8c3fb9dc4f4f3a713a743d1cfa434
CLIENT_TRAFFIC_SECRET_0 84e3ed4a1d1f02339e3ee881869569b3fd0f73ce41f640be7dc419418103667d 8a93f24f8ccae5c048e9593dca3a1616aab0d1f47b7cde02e2def7ce7601f276
SERVER_TRAFFIC_SECRET_0 84e3ed4a1d1f02339e3ee881869569b3fd0f73ce41f640be7dc419418103667d 104ee53456e943690fffc0b14c5f1a5800d8940afee3af5e1d3c23f79e14ef99
CLIENT_HANDSHAKE_TRAFFIC_SECRET 488a0ab7807d4f81aa5b056d94152aa66c61c6baf39b6245ad066cec9b8a3b14 142b3bff39e603cac73837b67907932ee02b0b986f96d331998995987ea9a6c7
SERVER_HANDSHAKE_TRAFFIC_SECRET 488a0ab7807d4f81aa5b056d94152aa66c61c6baf39b6245ad066cec9b8a3b14 b2e4f68a0d8e53bba44e8be353c7d2d03c0b743e7835519ef3264b90e6dc1fa7
CLIENT_TRAFFIC_SECRET_0 488a0ab7807d4f81aa5b056d94152aa66c61c6baf39b6245ad066cec9b8a3b14 fe4b273c34b3f817e1f7538c421585a1260a182510f950b5690f6176370d75df
SERVER_TRAFFIC_SECRET_0 488a0ab7807d4f81aa5b056d94152aa66c61c6baf39b6245ad066cec9b8a3b14 ec916453695331a426d9136f09cb26c086e24627c3aa0afb02c4268908fcdffd
CLIENT_HANDSHAKE_TRAFFIC_SECRET 95990be5221bb454158578c000ddbced38ccf5655bb0e07e48bbdcc1e4cd2b51 66bf03173e6e6a93743c273a120fc88fa7a373d0af0f7ba106d2f8cb522d7ea6
SERVER_HANDSHAKE_TRAFFIC_SECRET 95990be5221bb454158578c000ddbced38ccf5655bb0e07e48bbdcc1e4cd2b51 fc103a89e6fdd265dce1e726100ef72eb7adc33a90300a53992b2e95ec006448
CLIENT_TRAFFIC_SECRET_0 95990be5221bb454158578c000ddbced38ccf5655bb0e07e48bbdcc1e4cd2b51 059126467d349f81dd1ef855986274b115c2c8c1fc36e0febfcc175e84353fd2
SERVER_TRAFFIC_SECRET_0 95990be5221bb454158578c000ddbced38ccf5655bb0e07e48bbdcc1e4cd2b51 4934a9f080f9cc187e0044afb1203b023c3dafffc168955eccd114e9d152d93e
CLIENT_HANDSHAKE_TRAFFIC_SECRET abaf2c11d914d05f8a1f0363b725f567fc90754b3d98f7b2a4e3e936316d234b c8de0b71d23aae20bf14694bc102359ee260c2226bcc8458bd66b78559407857
SERVER_HANDSHAKE_TRAFFIC_SECRET abaf2c11d914d05f8a1f0363b725f567fc90754b3d98f7b2a4e3e936316d234b 431ffe652871443e7bc6c611a637aab9d4499cdbf46e1d04151fbb64d430459b
CLIENT_TRAFFIC_SECRET_0 abaf2c11d914d05f8a1f0363b725f567fc90754b3d98f7b2a4e3e936316d234b da02fa64a84d30744e4f753cd9ba8d56f14970cc3acc144340e37f0db9ef4bc8
SERVER_TRAFFIC_SECRET_0 abaf2c11d914d05f8a1f0363b725f567fc90754b3d98f7b2a4e3e936316d234b 2a6b37ee9532453b7995d3b421bce922c67948587e1eecd0c9479c34a6a29b24
CLIENT_HANDSHAKE_TRAFFIC_SECRET f85d611038979d49ef5f30cf325a19100d9e607249a616a8b7c90a2ac9c3bce1 1ff015755580592c23650890ef9bf17f1d72e3923c1615beb52654988690f1f4
SERVER_HANDSHAKE_TRAFFIC_SECRET f85d611038979d49ef5f30cf325a19100d9e607249a616a8b7c90a2ac9c3bce1 bc9ea44fbf8ac729d0ceb0bb8b72d2d58dd76ed7143885b2e9f96b85374d1261
CLIENT_TRAFFIC_SECRET_0 f85d611038979d49ef5f30cf325a19100d9e607249a616a8b7c90a2ac9c3bce1 044d0bf9e716cc22b91024ab7134316b1342868b589cd739275efef3cfcdaf5e
SERVER_TRAFFIC_SECRET_0 f85d611038979d49ef5f30cf325a19100d9e607249a616a8b7c90a2ac9c3bce1 92e6adc2ca2dd6088fd1c476e7e55127eb7335e93bce9fc947021a59fc5a9a45
CLIENT_HANDSHAKE_TRAFFIC_SECRET bec8aa9fb11dc3ade489b5aa6e0d4b3eef2ed53b5f403756a2627ab039720205 5444f7b53c103e732e340ea4d686f88b2cb392fe6eb1a86a02da2ed6394fa982
SERVER_HANDSHAKE_TRAFFIC_SECRET bec8aa9fb11dc3ade489b5aa6e0d4b3eef2ed53b5f403756a2627ab039720205 8f44457033ac054051d58644489e8a678a78fc61fcdf1fdea4081fbe2bda21c6
CLIENT_TRAFFIC_SECRET_0 bec8aa9fb11dc3ade489b5aa6e0d4b3eef2ed53b5f403756a2627ab039720205 3b00b7ef0659ef36ae36ae88843438d41874f94e26b84095104f9f20a9e97b4d
SERVER_TRAFFIC_SECRET_0 bec8aa9fb11dc3ade489b5aa6e0d4b3eef2ed53b5f403756a2627ab039720205 c3bff5b07a5ca558c804d7bd867899dc6abc49a2a87c2caf2436c68c973acc91
CLIENT_HANDSHAKE_TRAFFIC_SECRET f66ca2ec1219c59986d4f6c6dcb5be89c3f46b96af3fcea45b397cfd6b67b13d 2643ab15be84a193f37f1b6aebe689334673d9ecf1c32c2f54fbe1317216a0d9
SERVER_HANDSHAKE_TRAFFIC_SECRET f66ca2ec1219c59986d4f6c6dcb5be89c3f46b96af3fcea45b397cfd6b67b13d fe2dc21baa08db76c5fda9569bb6cdb64e9a84da9cd3cdfae8715fb322ae35c2
CLIENT_TRAFFIC_SECRET_0 f66ca2ec1219c59986d4f6c6dcb5be89c3f46b96af3fcea45b397cfd6b67b13d 06afa4a2497812686f26f2d0f168455f3a01c3fdd88660cf0a44c7c3ed6df46b
SERVER_TRAFFIC_SECRET_0 f66ca2ec1219c59986d4f6c6dcb5be89c3f46b96af3fcea45b397cfd6b67b13d afc88a5c17b7d0ade5026dd3ffc0c56cda61a29013247973d6790ed428f1bfd5
CLIENT_HANDSHAKE_TRAFFIC_SECRET d9451da6b8b8087ffa0c1ec39f42740af26b135e503ec4ef21a2e601c69342e5 a0290374a22f8d0a76c21452f6a104853e4ddeb2562747c269d8d92830453f27
SERVER_HANDSHAKE_TRAFFIC_SECRET d9451da6b8b8087ffa0c1ec39f42740af26b135e503ec4ef21a2e601c69342e5 1d10bdc07fb58ed824ff04275544113a6b6bad1e4188c80cc49e0f95784b3975
CLIENT_TRAFFIC_SECRET_0 d9451da6b8b8087ffa0c1ec39f42740af26b135e503ec4ef21a2e601c69342e5 399fee02211f1c48e1d40ecc2f9f61d48ba487cd67424ca86d844fa0d6f19caa
SERVER_TRAFFIC_SECRET_0 d9451da6b8b8087ffa0c1ec39f42740af26b135e503ec4ef21a2e601c69342e5 4e2bf7b2cd38ff8d9aa81929867430db256b38d42c26971c6cff84ba74579302
CLIENT_HANDSHAKE_TRAFFIC_SECRET dcb37218a8b1e3cf58e8cd12e9b99f37907f8c545d1ea59eb08d7be3a4f6f769 ce5e9ea2154b9332eaad796ca7eaaf81a8ae32a924c2400ac89c5cb61012ee06
SERVER_HANDSHAKE_TRAFFIC_SECRET dcb37218a8b1e3cf58e8cd12e9b99f37907f8c545d1ea59eb08d7be3a4f6f769 9d4d81c951c734f2deed23b1151742e4a0689af0c32bbab2b12aa193a557c8b1
CLIENT_TRAFFIC_SECRET_0 dcb37218a8b1e3cf58e8cd12e9b99f37907f8c545d1ea59eb08d7be3a4f6f769 92dd7722c231aa08785fe418a708f4a945f5c42a10eec834d032db6ee5d7d2ff
SERVER_TRAFFIC_SECRET_0 dcb37218a8b1e3cf58e8cd12e9b99f37907f8c545d1ea59eb08d7be3a4f6f769 6b359dbdfd2377464a4d1536556e77ae489277f37f0b95be02289a86aff1ee95
CLIENT_HANDSHAKE_TRAFFIC_SECRET efcc1d33a186079d771ac2f4a26840ce6834532f4a16e9b0221d479b489fc71f 52347bcffb82cc2cf077d3ec5b907bdb833c26b72d09b4c27476d06123694a98
SERVER_HANDSHAKE_TRAFFIC_SECRET efcc1d33a186079d771ac2f4a26840ce6834532f4a16e9b0221d479b489fc71f b8c545d600db6052774569589184704fe350b86220dc2294707c274405ebea33
CLIENT_TRAFFIC_SECRET_0 efcc1d33a186079d771ac2f4a26840ce6834532f4a16e9b0221d479b489fc71f 753fa9c0b2c865b4876a875384c10dad04091927dd2cb33fe58f01b37234e8e2
SERVER_TRAFFIC_SECRET_0 efcc1d33a186079d771ac2f4a26840ce6834532f4a16e9b0221d479b489fc71f 3178bb54ed63b4927f387c852da633948ab236b3a3f348b512c46fed1bca5d70
CLIENT_HANDSHAKE_TRAFFIC_SECRET aebeec7ab0169a7d5b936c427e04c1c559a0b414e2d8838fa9c07368f6734ed0 eee38e8010c4667ec173d46c30e24c9216132b610df79d1c7eee8240fa48a020
SERVER_HANDSHAKE_TRAFFIC_SECRET aebeec7ab0169a7d5b936c427e04c1c559a0b414e2d8838fa9c07368f6734ed0 1dafdefcd2e8026a7879e55e3df40c71abf53e1b388e5aaa375d15459faa968c
CLIENT_TRAFFIC_SECRET_0 aebeec7ab0169a7d5b936c427e04c1c559a0b414e2d8838fa9c07368f6734ed0 7dddd46ecdae533ab0aeff3afd196dd7b163822b2577ed8c3ca652a261fd5be9
SERVER_TRAFFIC_SECRET_0 aebeec7ab0169a7d5b936c427e04c1c559a0b414e2d8838fa9c07368f6734ed0 f736c0ef74bcc281ed4825ed03ed203db68300863f3745ce9b576d3e305ba7e2
CLIENT_HANDSHAKE_TRAFFIC_SECRET 2d0e37f7399a511db205b67fb6d2813ab2b381e409b554fde19ac1cd8e738ea0 119ec2cab14a61adff8926d69039fce8f7de5497bfbd69f51aeea2c0b053190e
SERVER_HANDSHAKE_TRAFFIC_SECRET 2d0e37f7399a511db205b67fb6d2813ab2b381e409b554fde19ac1cd8e738ea0 c1fcfd0e91ad3dcedde05d61d349b8d114e25fdf506f2b012284560292fc3ff8
CLIENT_TRAFFIC_SECRET_0 2d0e37f7399a511db205b67fb6d2813ab2b381e409b554fde19ac1cd8e738ea0 c0ea20c276d9b2310942983702d214139ec8c5db6d44bf0d79967ff643277e34
SERVER_TRAFFIC_SECRET_0 2d0e37f7399a511db205b67fb6d2813ab2b381e409b554fde19ac1cd8e738ea0 2bf9d80d2ac290d481115595f67600538bab5b5b65d323360fb48ce29be6dc45
CLIENT_HANDSHAKE_TRAFFIC_SECRET f9012fbb6ed0d5108e294c9ebf08389045c4b5f4a417ba81ec7a294ca213c7e2 d2c682f059ea6c939667e1b43cf94e9f0f2a52700518e75093a89c016b1bdef4
SERVER_HANDSHAKE_TRAFFIC_SECRET f9012fbb6ed0d5108e294c9ebf08389045c4b5f4a417ba81ec7a294ca213c7e2 71c5a5cc9681f4eedc633a17c7d92efc882f90ec6cfc26f152ef028de490bc9a
CLIENT_TRAFFIC_SECRET_0 f9012fbb6ed0d5108e294c9ebf08389045c4b5f4a417ba81ec7a294ca213c7e2 4adf5a11a45e8bfca7f1ff28c9532aec708e26310ac1f078ae20b29d08fc2974
SERVER_TRAFFIC_SECRET_0 f9012fbb6ed0d5108e294c9ebf08389045c4b5f4a417ba81ec7a294ca213c7e2 d932b213ba044aec54e34b6274134dc36761730a8ac9de6ecc23490fc966966b
CLIENT_HANDSHAKE_TRAFFIC_SECRET c5a00f76847957b931c12abc452e8638618acbd0143af03b853b63c8ec1ff1d3 24128233941bfed81550003c69ffb522850fa0d47230418c4ec553e0a11ed21e
SERVER_HANDSHAKE_TRAFFIC_SECRET c5a00f76847957b931c12abc452e8638618acbd0143af03b853b63c8ec1ff1d3 91d26ad84e6253b0e91729710dd33373de61b044715f4af1ce06c0c032857f9d
CLIENT_TRAFFIC_SECRET_0 c5a00f76847957b931c12abc452e8638618acbd0143af03b853b63c8ec1ff1d3 8c27603f806a0ace43097b34264fddf9b07f2d2d8f40b912b555ad5faf2ac606
SERVER_TRAFFIC_SECRET_0 c5a00f76847957b931c12abc452e8638618acbd0143af03b853b63c8ec1ff1d3 c468ffb86c0dfdd17086c6d619fed60592ca9dfd378ad6f33424747bd8dd8bb9
CLIENT_HANDSHAKE_TRAFFIC_SECRET 3e0693efb46fbbe8a53d2d6a0c2b0430964a1c9db2bb11f58d1d8ba452d17815 8fc16d11f6765b7f4576ac9fb3ff3cb210e789928177cb63848638bba2a84489
SERVER_HANDSHAKE_TRAFFIC_SECRET 3e0693efb46fbbe8a53d2d6a0c2b0430964a1c9db2bb11f58d1d8ba452d17815 be877882ebe4ae9ae0f4ae5caa9ad8458414674b8bab324ba9a1a3944ed098a8
CLIENT_TRAFFIC_SECRET_0 3e0693efb46fbbe8a53d2d6a0c2b0430964a1c9db2bb11f58d1d8ba452d17815 e606b2dad2419ceccf53a68c98c5dde26187259939666e7f22c40210721aa13a
SERVER_TRAFFIC_SECRET_0 3e0693efb46fbbe8a53d2d6a0c2b0430964a1c9db2bb11f58d1d8ba452d17815 38faeb4f8010be6609da6b477e22a440786c250a19b14bff2852a2d3936f309d
CLIENT_HANDSHAKE_TRAFFIC_SECRET 279c3f8385fa4d8585963ba79042183515ebb1483fd97389b1db17abb324d884 fec0fe01299c67d5b31646da0011c3b7ec81ecc1e36c5ec4ad05844fb1d384ec
SERVER_HANDSHAKE_TRAFFIC_SECRET 279c3f8385fa4d8585963ba79042183515ebb1483fd97389b1db17abb324d884 c7345351ef280e4e52ef30034e1324492095e42ec2201135a777f62c3e4c822b
CLIENT_TRAFFIC_SECRET_0 279c3f8385fa4d8585963ba79042183515ebb1483fd97389b1db17abb324d884 9f563d57e8edb014406fdce3534cef5c3d8dbe2e6bb2234da766b50671ab1fed
SERVER_TRAFFIC_SECRET_0 279c3f8385fa4d8585963ba79042183515ebb1483fd97389b1db17abb324d884 b9ff4cf7be28c067c67c9431992933ff75149d56eb0f8a4a72dbab847a94b00d
CLIENT_HANDSHAKE_TRAFFIC_SECRET 7ec23e295cceda4cb0ab3a53dc310895f044a82b6879fa4254626bcb1372cfdc d1eb8a7de6913f945a43b6c94d98b72f98f45e07e86fecfe0c91608e025dbcc0
SERVER_HANDSHAKE_TRAFFIC_SECRET 7ec23e295cceda4cb0ab3a53dc310895f044a82b6879fa4254626bcb1372cfdc dd3331f47a6ff506cc541bfd66c371c0e392bd335ae7bea5680f75cf686be2cb
CLIENT_TRAFFIC_SECRET_0 7ec23e295cceda4cb0ab3a53dc310895f044a82b6879fa4254626bcb1372cfdc 33b7c571cc29d8cd7f0b37e4b924fe13e6f9c05fc0294d9e08405b6166dfc7de
SERVER_TRAFFIC_SECRET_0 7ec23e295cceda4cb0ab3a53dc310895f044a82b6879fa4254626bcb1372cfdc f520b088c2467cd4337f9fda4548165c3369aa7dda50b6990d52257905ac3c94
CLIENT_HANDSHAKE_TRAFFIC_SECRET 55f118405d5cf3432c6f439addb9d5cb4d628ad28f307ea65eecb88d03b2f6de d21e58a2f67006665330cd21a92f717e2c0ee3f8c7493f0114f99fd69c759a16
SERVER_HANDSHAKE_TRAFFIC_SECRET 55f118405d5cf3432c6f439addb9d5cb4d628ad28f307ea65eecb88d03b2f6de cc7509d1e4a8b1216b9ca2d2a3f807f5128960b569cc98bce7246ff0790feecc
CLIENT_TRAFFIC_SECRET_0 55f118405d5cf3432c6f439addb9d5cb4d628ad28f307ea65eecb88d03b2f6de bea70256e830b3400284fcfc6b8350f8aa3e08a1ab2b55432d41c3f9ea7bf5e0
SERVER_TRAFFIC_SECRET_0 55f118405d5cf3432c6f439addb9d5cb4d628ad28f307ea65eecb88d03b2f6de 54bd7c7abb9c3fc850a29372b495fab6016efcb559e084a0e661b7d5ab09458e
CLIENT_HANDSHAKE_TRAFFIC_SECRET d0215ed5811bf91e3bf671d4952c29f40d5c5bfb53a394b886d912cfeea5f35d 33e81fc9ef2987aeced519fccb95a8910454f0d8aa4756e8fa8f3bd73e427204
SERVER_HANDSHAKE_TRAFFIC_SECRET d0215ed5811bf91e3bf671d4952c29f40d5c5bfb53a394b886d912cfeea5f35d bd03658f42aacb5961f00baf3e02d045539932d368bbae9a6ae53b996f73850a
CLIENT_TRAFFIC_SECRET_0 d0215ed5811bf91e3bf671d4952c29f40d5c5bfb53a394b886d912cfeea5f35d 8d3486b726bd222ee11cb739745eb22808adbb2d992716c1fdc406d18fee66a1
SERVER_TRAFFIC_SECRET_0 d0215ed5811bf91e3bf671d4952c29f40d5c5bfb53a394b886d912cfeea5f35d 62540428d501c05331d32903669db399d22e8aa4434f99ea2d0576945e31d9e0
CLIENT_HANDSHAKE_TRAFFIC_SECRET ca440bd684f6f866801399c240cd7f20388acb3fed578cec6b1ddf32e85840e9 233271b796df80c131a94cbc1acaa35cbb143ab387fed3ed7d26e07b0c7c8474
SERVER_HANDSHAKE_TRAFFIC_SECRET ca440bd684f6f866801399c240cd7f20388acb3fed578cec6b1ddf32e85840e9 91d47580335358e537f61fbdd2eae550a70a5b48c70e8138aa1c6b186bcf444d
CLIENT_TRAFFIC_SECRET_0 ca440bd684f6f866801399c240cd7f20388acb3fed578cec6b1ddf32e85840e9 edd4ee018c3f56a31445499ec0582d3dad1ba69e74e19b339a9125c1a9c00f97
SERVER_TRAFFIC_SECRET_0 ca440bd684f6f866801399c240cd7f20388acb3fed578cec6b1ddf32e85840e9 7f166d93243767732a5a34184884f74eb73bcf01fd68cf32bb34f087810ffb2e
CLIENT_HANDSHAKE_TRAFFIC_SECRET c071006112598f8c527985ed07c4e6b6d9a3ba6de57de2764320b9bf1cfd6b07 e9a7c8051607442b3f386b1b423bf99212c1e3c48642c231fbc58d0037bd9dbc
SERVER_HANDSHAKE_TRAFFIC_SECRET c071006112598f8c527985ed07c4e6b6d9a3ba6de57de2764320b9bf1cfd6b07 1f8483d920a7e42ae340cfa7aa6f4fb1496f21fd2b7ddc6d97741155e547b16f
CLIENT_TRAFFIC_SECRET_0 c071006112598f8c527985ed07c4e6b6d9a3ba6de57de2764320b9bf1cfd6b07 431b58c90a00127554860a2b3b59c577d1e6953e74d76db90d6fb453d605df20
SERVER_TRAFFIC_SECRET_0 c071006112598f8c527985ed07c4e6b6d9a3ba6de57de2764320b9bf1cfd6b07 d6a2f3401b784fe6398d95de7fc9546867acb6e38338de40807e5143f324e906
CLIENT_HANDSHAKE_TRAFFIC_SECRET 6f231d9fc87a67e717d96f864e43644bfdc395843e27d92d38b4a2e028e5f7d9 49ed828e485ea1f3f893573fa3461106142ec96f4845a704ebacf2ee09fe9882
SERVER_HANDSHAKE_TRAFFIC_SECRET 6f231d9fc87a67e717d96f864e43644bfdc395843e27d92d38b4a2e028e5f7d9 f9ede1d22c6461f7f5ae34afe181525ec6a998c1a82d3b6e23dacaaaf9a46e38
CLIENT_TRAFFIC_SECRET_0 6f231d9fc87a67e717d96f864e43644bfdc395843e27d92d38b4a2e028e5f7d9 f62470572162deaeaec6af28d610a294f73b363e036fcbe7224a093c115ba94e
SERVER_TRAFFIC_SECRET_0 6f231d9fc87a67e717d96f864e43644bfdc395843e27d92d38b4a2e028e5f7d9 eef96be25e1d9dbcb2a08919128a777163884603a3860505f4b4d8e92ccf5a2e
CLIENT_HANDSHAKE_TRAFFIC_SECRET 26470ec5758740af0428b4c24323ad2a60945783767c0aea25672bf8b839358b 07b2e5ea09de01b033be2cff19029083fc7d7ed406ed897811966fa13a17c90e
SERVER_HANDSHAKE_TRAFFIC_SECRET 26470ec5758740af0428b4c24323ad2a60945783767c0aea25672bf8b839358b cf6731b56db711be5d373d7571d4e9867e104d54f4fd7ec4aa93ce07a2be86ed
CLIENT_TRAFFIC_SECRET_0 26470ec5758740af0428b4c24323ad2a60945783767c0aea25672bf8b839358b 27cbb0fbfe9dd600e84052a394f7135f6010d44f6ec6650cd61a0cdbb2d3caa7
SERVER_TRAFFIC_SECRET_0 26470ec5758740af0428b4c24323ad2a60945783767c0aea25672bf8b839358b a206cdc564dc5b4a85e162607b51914dba3ab49b90ee23947f1cb8a6cee756e6
CLIENT_HANDSHAKE_TRAFFIC_SECRET 4c07acee121f8b67ac3898cc1825e690593f38758a56adfca714e6b2da9ae924 73a672acedc9d99221950aa98f3bed77a68ecaddfb3c920c3687be3cc1c2d929
SERVER_HANDSHAKE_TRAFFIC_SECRET 4c07acee121f8b67ac3898cc1825e690593f38758a56adfca714e6b2da9ae924 00b840e4de016263ba493a753a848fdb3e328ab87465c210406907d5ecb7c51f
CLIENT_TRAFFIC_SECRET_0 4c07acee121f8b67ac3898cc1825e690593f38758a56adfca714e6b2da9ae924 621bde6f00422531563961b4ad2e53ba1f598faecc86146614b17c69a92eecda
SERVER_TRAFFIC_SECRET_0 4c07acee121f8b67ac3898cc1825e690593f38758a56adfca714e6b2da9ae924 79d40bcadcc187f41d4bd84e3c714ab6be0cd5bc7a6939747ed6df5b11381143
CLIENT_HANDSHAKE_TRAFFIC_SECRET 45a7afa48eb30ff3f352e3e8d52d82b1080714a14342edc7345627760c4eb605 25881ae5367487cb3164836158674070778ea43a09a2c88907b4fd6cca18f7e7
SERVER_HANDSHAKE_TRAFFIC_SECRET 45a7afa48eb30ff3f352e3e8d52d82b1080714a14342edc7345627760c4eb605 40e426076e1f61169015ade1155b4f6a7777badf42ce4d426b8114c9ba66ae7b
CLIENT_TRAFFIC_SECRET_0 45a7afa48eb30ff3f352e3e8d52d82b1080714a14342edc7345627760c4eb605 54338ecd5237a34b85cde7395f757b9d48956083a46534bd1c3174ed8f0416c8
SERVER_TRAFFIC_SECRET_0 45a7afa48eb30ff3f352e3e8d52d82b1080714a14342edc7345627760c4eb605 c0e87b881ec4081a3883473f5817f4f4a8fe20fefdd5aba41d7541c6d77af73d
CLIENT_HANDSHAKE_TRAFFIC_SECRET a27bce2bbfb11483e84c4bafb4c558acff37300e270f79d956ee2b974586571a 351965559294432527ba9f04678dc4e73110798b34784dd7013297f25956181c
SERVER_HANDSHAKE_TRAFFIC_SECRET a27bce2bbfb11483e84c4bafb4c558acff37300e270f79d956ee2b974586571a 65588d59923e0a7770c38646a28c8a16b5eae7d6e239a83097963c5a0214f07d
CLIENT_TRAFFIC_SECRET_0 a27bce2bbfb11483e84c4bafb4c558acff37300e270f79d956ee2b974586571a ff3d59805dc1bbfffb5bf2272b10a018394f63860bb035cc50eb639056b7bece
SERVER_TRAFFIC_SECRET_0 a27bce2bbfb11483e84c4bafb4c558acff37300e270f79d956ee2b974586571a 4c4fa9794003125dd0269c34841a7746ca3602bb3288196436cb0bf04f3c21d6
CLIENT_HANDSHAKE_TRAFFIC_SECRET 74a18f45a217c31bb7cdbd6314ab4d1b2524bb4b1c50eac2f07af3f6a87fab06 351ac61a906d0a0a3e1d19057b60398695a6bdfcebd1fb9a01032fa667e87582
SERVER_HANDSHAKE_TRAFFIC_SECRET 74a18f45a217c31bb7cdbd6314ab4d1b2524bb4b1c50eac2f07af3f6a87fab06 f26212f5c7a41217aea9bcf20ba58e1851c46b7d59808c51e6ecca87d694a58e
CLIENT_TRAFFIC_SECRET_0 74a18f45a217c31bb7cdbd6314ab4d1b2524bb4b1c50eac2f07af3f6a87fab06 8dee93ec09d67ae25c09581766afa941573c4c4c35bb21f8ab6fadf40dbde28c
SERVER_TRAFFIC_SECRET_0 74a18f45a217c31bb7cdbd6314ab4d1b2524bb4b1c50eac2f07af3f6a87fab06 1aa2c589b5c7189f555fd4717fdcd264d914ff1a3aa4335096e3d7cae2fdb6ff
CLIENT_HANDSHAKE_TRAFFIC_SECRET 87d9e62a92b4c7fef107a2ea3f0d4b4ec9ffd6751dfc29d880269e4b7da11464 2c33cf0d7cd5dac73143c09ebf641f698e1b1fa1698d3540ee39fe5f81cd814e
SERVER_HANDSHAKE_TRAFFIC_SECRET 87d9e62a92b4c7fef107a2ea3f0d4b4ec9ffd6751dfc29d880269e4b7da11464 6970bdb1ce626db2686401ae7e7a9227c255ecaace0dfcbcb93211653bf84704
CLIENT_TRAFFIC_SECRET_0 87d9e62a92b4c7fef107a2ea3f0d4b4ec9ffd6751dfc29d880269e4b7da11464 1d682a1686c4a3d62f55611caf9b648ef56e2886efc4ca332a14fe9b8cb2844d
SERVER_TRAFFIC_SECRET_0 87d9e62a92b4c7fef107a2ea3f0d4b4ec9ffd6751dfc29d880269e4b7da11464 bb4179fdfc0f3dc506e0c9a5f60084ea42b6bd87ee9ab529b86028662f9825e5
CLIENT_HANDSHAKE_TRAFFIC_SECRET 778d966c0cd48ac227febb4e0d473616666bc6ef0dd519c82240379611f3bbd0 57b64290fa8e76aa06843ec95938003290ad02abaa1331bf51611128cd070f60
SERVER_HANDSHAKE_TRAFFIC_SECRET 778d966c0cd48ac227febb4e0d473616666bc6ef0dd519c82240379611f3bbd0 da1e1cd8a60625d5c23988baa4fcc2c1a223a93180fe6fcb4ea3d70fb9ed2042
CLIENT_TRAFFIC_SECRET_0 778d966c0cd48ac227febb4e0d473616666bc6ef0dd519c82240379611f3bbd0 e2be279c20d6063f0f7e7e06d2f918d9c3a1008e43338981d1f9534a2bea6b65
SERVER_TRAFFIC_SECRET_0 778d966c0cd48ac227febb4e0d473616666bc6ef0dd519c82240379611f3bbd0 71971a36a192612178e0c883e0ea48ae5f1ff7812d401fea842170fe2ebda3dd
CLIENT_HANDSHAKE_TRAFFIC_SECRET b8f66be7b82032cc48c6dcfcdc9c66f896802261addead78a2c2ca7ff389de30 02e4d121d74940a783487fface1b72e312f8dc686fffcdde47b4159542f666ce
SERVER_HANDSHAKE_TRAFFIC_SECRET b8f66be7b82032cc48c6dcfcdc9c66f896802261addead78a2c2ca7ff389de30 d5efa5f29d6c868f50367dcd0106228e5d3e57b15414f6a6c0395cf94e2c0af3
CLIENT_TRAFFIC_SECRET_0 b8f66be7b82032cc48c6dcfcdc9c66f896802261addead78a2c2ca7ff389de30 9e340bfa20374cd3d0fe97781019fbb32c23b213e2600ccebd7b15974bd470d4
SERVER_TRAFFIC_SECRET_0 b8f66be7b82032cc48c6dcfcdc9c66f896802261addead78a2c2ca7ff389de30 dfd7e0a0fce7b3548e2e0bedcb654e9b755d9f3064bf77c7dae06e325cf9c8af
CLIENT_HANDSHAKE_TRAFFIC_SECRET f9e67a24a1f0ebf36a9d002ab2390b5afe565b4969162391f02ef29e2467da5b 60a32edf4c85bc9403b32b98fa8a17ce5e7aa7d689461da3f0e3548a5f5a95c4
SERVER_HANDSHAKE_TRAFFIC_SECRET f9e67a24a1f0ebf36a9d002ab2390b5afe565b4969162391f02ef29e2467da5b ae8ebbfc2518386d5fb1ddf509b1f130c7aeb69dcb51b455a8644416d1876707
CLIENT_TRAFFIC_SECRET_0 f9e67a24a1f0ebf36a9d002ab2390b5afe565b4969162391f02ef29e2467da5b a733513c94c1c65342f878b9e37ea2fc1fe4c397d0171a03d3edd4c6b4e5a77d
SERVER_TRAFFIC_SECRET_0 f9e67a24a1f0ebf36a9d002ab2390b5afe565b4969162391f02ef29e2467da5b 7ab62370d4dfd7e8f831e65d4cd9d139607bfbeb5b42d8c5f7cf1e89c5ada0e6
CLIENT_HANDSHAKE_TRAFFIC_SECRET 88a4a1eaa51d830d9f7bf8b6aa7272fceb536f803cf1a1180ef8ca40b050c98b 3089ea46c7aadb22260ab488ec09e3577a30f94e73f859ce05037c38988801ad
SERVER_HANDSHAKE_TRAFFIC_SECRET 88a4a1eaa51d830d9f7bf8b6aa7272fceb536f803cf1a1180ef8ca40b050c98b 96bc224cbd484b7807e35b6147e90fa001385a36f7818e32f14f5e808ec02f47
CLIENT_TRAFFIC_SECRET_0 88a4a1eaa51d830d9f7bf8b6aa7272fceb536f803cf1a1180ef8ca40b050c98b 1a742049c2dccace090bd1e7bbc1298d2561c4b2806ddfa0bdef65f7fabfa96e
SERVER_TRAFFIC_SECRET_0 88a4a1eaa51d830d9f7bf8b6aa7272fceb536f803cf1a1180ef8ca40b050c98b 975b14c63ec5ed5f830398dcfd4b2b4cf196cf7e76a7053be6a670bef1f0422c
CLIENT_HANDSHAKE_TRAFFIC_SECRET 7afe86d25f2454178cd456e4325949c0bb14f5676f2b00fdf3d8ee6262552fcc 6c686baed4b6740fd3ab911c362684e6f35a2a963c6a1411d4ed66a7194ac4fd
SERVER_HANDSHAKE_TRAFFIC_SECRET 7afe86d25f2454178cd456e4325949c0bb14f5676f2b00fdf3d8ee6262552fcc 5b633b1f3c6117bc038927cd4026452589df0775623494a1e505b102d5b88d42
CLIENT_TRAFFIC_SECRET_0 7afe86d25f2454178cd456e4325949c0bb14f5676f2b00fdf3d8ee6262552fcc 504cc34c37554c2f0e1e54c8080e047f6fab4aa991973f597af785e5a81020d6
SERVER_TRAFFIC_SECRET_0 7afe86d25f2454178cd456e4325949c0bb14f5676f2b00fdf3d8ee6262552fcc 244c3316b4e2a2175ff69c8c842b999b3b474bfc3ae225fec2be38b33b5e378f
CLIENT_HANDSHAKE_TRAFFIC_SECRET 0fcfc6e43150cb3d4d23585d9ecbc44e39ad4a0a20ecda42a002c64f7119e077 24668f1826ed7297e0a4f65fad9e0514c44efc38dd1beadf89981a0231cbbb79
SERVER_HANDSHAKE_TRAFFIC_SECRET 0fcfc6e43150cb3d4d23585d9ecbc44e39ad4a0a20ecda42a002c64f7119e077 fab5bc7f7955fde3cb9a622c92a31fe76385aea0702839e3007d263a51900493
CLIENT_TRAFFIC_SECRET_0 0fcfc6e43150cb3d4d23585d9ecbc44e39ad4a0a20ecda42a002c64f7119e077 6587a52b57add214037239f014cd8f826109f5d1115562b63d8b9df6cea13098
SERVER_TRAFFIC_SECRET_0 0fcfc6e43150cb3d4d23585d9ecbc44e39ad4a0a20ecda42a002c64f7119e077 8ebc2b12762679f0f4660722f770e4f59fcc8c7b6ab4008167481cd938e92195
CLIENT_HANDSHAKE_TRAFFIC_SECRET 093c2e90d6f10ffffb50c2d82f61969647dd63c2cc30e29e23effb0745968bfb c186f1dd61eab85d86914b829ace425bff7d64037dafcfeb771a0033cb1668d6
SERVER_HANDSHAKE_TRAFFIC_SECRET 093c2e90d6f10ffffb50c2d82f61969647dd63c2cc30e29e23effb0745968bfb 2922b1b8c54dafb44aa1fa239c34b43522406776fbdbb4822aa2b739549d5d82
CLIENT_TRAFFIC_SECRET_0 093c2e90d6f10ffffb50c2d82f61969647dd63c2cc30e29e23effb0745968bfb fe671cb2fb9f62f5a95eda932222a589e2b774b22754051e0972f28cd57fcd1a
SERVER_TRAFFIC_SECRET_0 093c2e90d6f10ffffb50c2d82f61969647dd63c2cc30e29e23effb0745968bfb 65a7f1e48a7a634976f7ff1d3db43247712ca86509e2eb8da96fda61e8829ef6
CLIENT_HANDSHAKE_TRAFFIC_SECRET a68e8b2553ce0d20ed0f53d23b1443ecf32edb4de18e6e850d7e9eaf9d5b8c7c 29ef36087167d444a958ba452f689e4503c8925785f2603f5483e50ccf44f0cf
SERVER_HANDSHAKE_TRAFFIC_SECRET a68e8b2553ce0d20ed0f53d23b1443ecf32edb4de18e6e850d7e9eaf9d5b8c7c 47a7eb35033ecd88d997680bdc12c22ee638b0dab85aed267139b3349eca2f8e
CLIENT_TRAFFIC_SECRET_0 a68e8b2553ce0d20ed0f53d23b1443ecf32edb4de18e6e850d7e9eaf9d5b8c7c 72f95cff8210996c8bb75e518b20d717f2a5aaf6d1b65d5bbba8d7b6f5dbe646
SERVER_TRAFFIC_SECRET_0 a68e8b2553ce0d20ed0f53d23b1443ecf32edb4de18e6e850d7e9eaf9d5b8c7c cfc31e83345e58c5bd5e0dd4f3d2e0a6359859ceb4a61ccf2b52056a78539e00
CLIENT_HANDSHAKE_TRAFFIC_SECRET 641a14d2637e170b6b6af01eb5436564b858b6467f857b85546c9527c5e8ef48 d300fe200a9f90aade801e661682b666562ab6ab174a3b84b7a4bdcc2b3ac0aa
SERVER_HANDSHAKE_TRAFFIC_SECRET 641a14d2637e170b6b6af01eb5436564b858b6467f857b85546c9527c5e8ef48 8ac75b3d481ea78fabcff72184a6d9645109b91b3d8592fb328deffb1b652d82
CLIENT_TRAFFIC_SECRET_0 641a14d2637e170b6b6af01eb5436564b858b6467f857b85546c9527c5e8ef48 d3e32297e58c2940f6fb5a77f86b4c47adf2aa85dd971e89386b7419980635f6
SERVER_TRAFFIC_SECRET_0 641a14d2637e170b6b6af01eb5436564b858b6467f857b85546c9527c5e8ef48 9db3b4280d649022aea458a49659ef29f8e2c0ce80cd50ce99a8a3f7b8591836
CLIENT_HANDSHAKE_TRAFFIC_SECRET e9b9e2ca3f184ffa8755a3747d3e31d9acb57c163ad1fe7e3839dbd4d2a371d8 5cd8b8b31ba31a12ec87cb1b7fafbbc20c1d3ad529d6063e84d976aeb68e0ab5
SERVER_HANDSHAKE_TRAFFIC_SECRET e9b9e2ca3f184ffa8755a3747d3e31d9acb57c163ad1fe7e3839dbd4d2a371d8 b5900af921f96294bff692f85f97e0102d97a6fcc38dd9bc1d2ba4c45f5a13fc
CLIENT_TRAFFIC_SECRET_0 e9b9e2ca3f184ffa8755a3747d3e31d9acb57c163ad1fe7e3839dbd4d2a371d8 9f8d5d24c747660cee2f9bc35fb10e2c2ef9f254eee311986bc8ce437fae56c2
SERVER_TRAFFIC_SECRET_0 e9b9e2ca3f184ffa8755a3747d3e31d9acb57c163ad1fe7e3839dbd4d2a371d8 82a5e2431eb8f2b19f961996dfc325b70e9617c99d1820b0ea1e489d066939c5
CLIENT_HANDSHAKE_TRAFFIC_SECRET cedda58c943ac641d61997653d36d2141e741ab892a2e518ff83c37a0f8137ef bc5d6fdf54f5b734ad87211c8e6df7717354fc001295b8fa33ace7f47f06e3e2
SERVER_HANDSHAKE_TRAFFIC_SECRET cedda58c943ac641d61997653d36d2141e741ab892a2e518ff83c37a0f8137ef 7e6872feed8ff8f9752f47ee16cb8196de152b9d7b9c45fb27673b122daf68dd
CLIENT_TRAFFIC_SECRET_0 cedda58c943ac641d61997653d36d2141e741ab892a2e518ff83c37a0f8137ef ed27ecd6dc91c28f3f96671f9de06459d001e25d9b43bfcae737635759e47c7d
SERVER_TRAFFIC_SECRET_0 cedda58c943ac641d61997653d36d2141e741ab892a2e518ff83c37a0f8137ef 634722a9f60589c8a37b0bb12f5d30132fb1c9f145736dc866798c18e975effe
CLIENT_HANDSHAKE_TRAFFIC_SECRET bc284f98d0147d8c76e61d9f77239e4a1655c93c3c915ef54ff0e69b884f34c0 820f3db9d3b2baf971821b14716a0b4c8b5d4476acdcf697c82f364a992fe098
SERVER_HANDSHAKE_TRAFFIC_SECRET bc284f98d0147d8c76e61d9f77239e4a1655c93c3c915ef54ff0e69b884f34c0 9d697253ac8a359a5b5b543a7606cc7262166857226e6a8c5746f959812c42ec
CLIENT_TRAFFIC_SECRET_0 bc284f98d0147d8c76e61d9f77239e4a1655c93c3c915ef54ff0e69b884f34c0 7f3e029a818cd3aa97900fe57950f1c04f7eb0f7367768c524a72717d85417c8
SERVER_TRAFFIC_SECRET_0 bc284f98d0147d8c76e61d9f77239e4a1655c93c3c915ef54ff0e69b884f34c0 73c011995e3878da6ea36afbbaaf832b81f8431aa823d589a2769d31215b1ae2
CLIENT_HANDSHAKE_TRAFFIC_SECRET f4b157c48455fbbb0f9719a06f0cd87ec25d6487f4f6b1efd833f5b2354410e1 5b503e27f737c15b428a6919ff33cac475b0138db4b304c21448be84a6bb1dd0
SERVER_HANDSHAKE_TRAFFIC_SECRET f4b157c48455fbbb0f9719a06f0cd87ec25d6487f4f6b1efd833f5b2354410e1 7b6d7024467ea18fd32fe4451b7663f918248279e247bdc7537de9403e870685
CLIENT_TRAFFIC_SECRET_0 f4b157c48455fbbb0f9719a06f0cd87ec25d6487f4f6b1efd833f5b2354410e1 25b85c4f58e71a12c4463166f4ef84c531a022e95bc056db06851374309c8afb
SERVER_TRAFFIC_SECRET_0 f4b157c48455fbbb0f9719a06f0cd87ec25d6487f4f6b1efd833f5b2354410e1 51182f463e769e0adc6b134b2b6301898b493185246e323864e5b82a4243d1f1
CLIENT_HANDSHAKE_TRAFFIC_SECRET f56a810e21fdf2af8efbfc6c9c333240df5229b552fdb03e3ef8680b17bf11c1 c3ff470c9d3d6c929a4c9cb7fa9f54ff5fd906d3651e0113912a4378e7b6d9e5
SERVER_HANDSHAKE_TRAFFIC_SECRET f56a810e21fdf2af8efbfc6c9c333240df5229b552fdb03e3ef8680b17bf11c1 7d41e4d22d07a4c6e2f0d018f5c7d9e792f79a2d2fa8c603626e993beea1d293
CLIENT_TRAFFIC_SECRET_0 f56a810e21fdf2af8efbfc6c9c333240df5229b552fdb03e3ef8680b17bf11c1 6144c73a4e811604322760c4d8314cd2112b75b29b3818c1e348ad559bf3be2d
SERVER_TRAFFIC_SECRET_0 f56a810e21fdf2af8efbfc6c9c333240df5229b552fdb03e3ef8680b17bf11c1 8057f533a861f447d84f118104af64c72690bf2c5f11b917d91384a6c85147ed
CLIENT_HANDSHAKE_TRAFFIC_SECRET 7e2bd4005e201c1163756b90ed1918cad9b47ac67b1c08f8c5e7461f6f1ddbba b64d3f9a438670c2f7ffd11199114f323be634f2aeb9c61b5f177586b4f8b50c
SERVER_HANDSHAKE_TRAFFIC_SECRET 7e2bd4005e201c1163756b90ed1918cad9b47ac67b1c08f8c5e7461f6f1ddbba dc1b91b7cc75043737fa30dcb700fce31593e73e393c0901c881354d96238506
CLIENT_TRAFFIC_SECRET_0 7e2bd4005e201c1163756b90ed1918cad9b47ac67b1c08f8c5e7461f6f1ddbba bf97f389e3d538fce07a3496600dd62ea439026a06ae8b6f3f9af3f364bd1497
SERVER_TRAFFIC_SECRET_0 7e2bd4005e201c1163756b90ed1918cad9b47ac67b1c08f8c5e7461f6f1ddbba 83d3d895c2450fedb2388efdfc421f07c6acbf3e60e25e86c6e21e82a80e98f1
CLIENT_HANDSHAKE_TRAFFIC_SECRET 7c06ea237b73ea08c290249264022bf4a682307d66d2173a02271126c4822bbf f55328bd2f11249deca3354240d1cfee3625981f31d5732729f3adffdbf5c463
SERVER_HANDSHAKE_TRAFFIC_SECRET 7c06ea237b73ea08c290249264022bf4a682307d66d2173a02271126c4822bbf 0ca6f9b17a65e05f3500fa5515f7e65fd85b32b14dd4436508d6131530135f60
CLIENT_TRAFFIC_SECRET_0 7c06ea237b73ea08c290249264022bf4a682307d66d2173a02271126c4822bbf dec83af18b1ccb426aff5634c1b4308ffd267a5a358e0bf9bb314037e7adcad3
SERVER_TRAFFIC_SECRET_0 7c06ea237b73ea08c290249264022bf4a682307d66d2173a02271126c4822bbf ebc1a184b1a30a7c1ed4a9ff98ee8b85cf81571bac35bbb6e3a41313aef14179
CLIENT_HANDSHAKE_TRAFFIC_SECRET 71039e2823e5d7223478aa628abcc3d3c125ac4978847babe4a86d1b1b60c6ba 832e7918205c3aaf30d21c46fa125f7902dbe730d34855d0d2faa6294b6ed8b2
SERVER_HANDSHAKE_TRAFFIC_SECRET 71039e2823e5d7223478aa628abcc3d3c125ac4978847babe4a86d1b1b60c6ba f8dd8d56d167eecf3a06a2ecf71d1db256c64091d92122c6dae6ea050f2ad0a6
CLIENT_TRAFFIC_SECRET_0 71039e2823e5d7223478aa628abcc3d3c125ac4978847babe4a86d1b1b60c6ba 2135109c999db368865d698ba5449d798be8a967076e9fb2cd762673d39e1ab8
SERVER_TRAFFIC_SECRET_0 71039e2823e5d7223478aa628abcc3d3c125ac4978847babe4a86d1b1b60c6ba 5d29c81868f51feeb317f4dde23dd720f4fb5e84a32e931ef5fbc2c9e0e97a77
CLIENT_HANDSHAKE_TRAFFIC_SECRET 0c2b777d2ae872ad5c6e45ac5fe8141595bf26b56409aa81f76bb442a3540c2d 9c6986a135f5fa199f485d7f0cb6e0117766dd5c267794cfa0148df74ad0f383
SERVER_HANDSHAKE_TRAFFIC_SECRET 0c2b777d2ae872ad5c6e45ac5fe8141595bf26b56409aa81f76bb442a3540c2d bf27e3eb6bde0f0a8b049065794b2780293a098f75d64d7c3aec52df826b687f
CLIENT_TRAFFIC_SECRET_0 0c2b777d2ae872ad5c6e45ac5fe8141595bf26b56409aa81f76bb442a3540c2d ff36f9ea57a427b43ea84a9227331ef494396ffbea5c61b36a536d760d5a3187
SERVER_TRAFFIC_SECRET_0 0c2b777d2ae872ad5c6e45ac5fe8141595bf26b56409aa81f76bb442a3540c2d 66dadc9a89780de2a832c411b3bb8e82dd57ed2028b3b9520ca46f2adf27b4d2
CLIENT_HANDSHAKE_TRAFFIC_SECRET eb205f391ffeaa26c8187e7ad1294a0ce599cf0729ddbeaa1069ae439e79f25f 7692c9a7a0ef95399eb34385a833a1e497686e654817d39c195fcd7f987891f8
SERVER_HANDSHAKE_TRAFFIC_SECRET eb205f391ffeaa26c8187e7ad1294a0ce599cf0729ddbeaa1069ae439e79f25f a436b0d87283db0092383c2208d85146c08cbd7ac51ddc07438863b1e162c462
CLIENT_TRAFFIC_SECRET_0 eb205f391ffeaa26c8187e7ad1294a0ce599cf0729ddbeaa1069ae439e79f25f 9be90461cf027ba089b966210a03792658b6aad3145fe560aa609d9233bf4331
SERVER_TRAFFIC_SECRET_0 eb205f391ffeaa26c8187e7ad1294a0ce599cf0729ddbeaa1069ae439e79f25f 42ac8c8507f6c04ff609e43a359d9c15baa7476ca71e8606b3a18ba80e078901
CLIENT_HANDSHAKE_TRAFFIC_SECRET b29e9072e86f3a5b2b72d8808dc8e0a1a24ca10ed5ca0ee3e4abcb2b3b8a4336 b3d15798e2f868f5f51163ff42accbd6d095cb08afff34c5dc23810ed5f61fa7
SERVER_HANDSHAKE_TRAFFIC_SECRET b29e9072e86f3a5b2b72d8808dc8e0a1a24ca10ed5ca0ee3e4abcb2b3b8a4336 5cdb4f0cf5f61fbe1867c6f8c790747961b551892de814327cb3ff7b92b69fc0
CLIENT_TRAFFIC_SECRET_0 b29e9072e86f3a5b2b72d8808dc8e0a1a24ca10ed5ca0ee3e4abcb2b3b8a4336 924b72b84b6c423bed6af182993593c79cce61fe6d73aea1f69b1d6f59d159bf
SERVER_TRAFFIC_SECRET_0 b29e9072e86f3a5b2b72d8808dc8e0a1a24ca10ed5ca0ee3e4abcb2b3b8a4336 79515111c19555726b690d4419097cd7f1a0f530c829e7d5211d01f5f698e358
CLIENT_HANDSHAKE_TRAFFIC_SECRET 4e3bf4756b595d3acf31c1893f374ee07b056c495353b80eb1e7c2971322bed1 cd1264fd1b9dd0b42b4d5c6090a343c025475c10f1b66b9a006d1eacbeb515ed
SERVER_HANDSHAKE_TRAFFIC_SECRET 4e3bf4756b595d3acf31c1893f374ee07b056c495353b80eb1e7c2971322bed1 9b7d52b144fc341ee86db494bf3ecdf4e7679fc5f1d5fab9e44d4deee76b9c81
CLIENT_TRAFFIC_SECRET_0 4e3bf4756b595d3acf31c1893f374ee07b056c495353b80eb1e7c2971322bed1 c880be699aed733c849b1d50938e87c06568aea68cc97f8f88aaf7a0142a8819
SERVER_TRAFFIC_SECRET_0 4e3bf4756b595d3acf31c1893f374ee07b056c495353b80eb1e7c2971322bed1 4f0132b1e2bb9cc4a959a003f101afc97f47bac597153eb992bad57064942cc3
CLIENT_HANDSHAKE_TRAFFIC_SECRET 9861c4594ba06e52f4d35a4f0a006836d762602789995f22b3164b574cdbada6 30a49be5dbf31d4c96ccd2ad0d8b623b656b253e2ce54c450b8720d220ddebe9
SERVER_HANDSHAKE_TRAFFIC_SECRET 9861c4594ba06e52f4d35a4f0a006836d762602789995f22b3164b574cdbada6 6a55e6598ad0b9eca5884df89ab55a15ace843404ef052038b911796854e8300
CLIENT_TRAFFIC_SECRET_0 9861c4594ba06e52f4d35a4f0a006836d762602789995f22b3164b574cdbada6 73b870e032c0f43b5a17430454b5eef2ca6edc51aebcac12b2b34633b3db9f04
SERVER_TRAFFIC_SECRET_0 9861c4594ba06e52f4d35a4f0a006836d762602789995f22b3164b574cdbada6 c4c383fac76e6715790317ef8807805862fddfb5fbed82a37058dbb40d2257e5
CLIENT_HANDSHAKE_TRAFFIC_SECRET c3bdd7c06b04905afc83b50f3b9b7a5af6c6a891c5f00795737336c4e68d9e05 32de6f211d872bfc6f1e1dbcf2d307019dd20ff3af214cfc4fd275564502164a
SERVER_HANDSHAKE_TRAFFIC_SECRET c3bdd7c06b04905afc83b50f3b9b7a5af6c6a891c5f00795737336c4e68d9e05 14091b778676dca0d47bbe5d3b1d91eeb9c67d84b24565b6fae4a251aa6b2c24
CLIENT_TRAFFIC_SECRET_0 c3bdd7c06b04905afc83b50f3b9b7a5af6c6a891c5f00795737336c4e68d9e05 f2c81c6949870d0415dfd420b3cd8a2fea7c7021f8d2bf19a55a6e10521b81ba
SERVER_TRAFFIC_SECRET_0 c3bdd7c06b04905afc83b50f3b9b7a5af6c6a891c5f00795737336c4e68d9e05 508bfd3679c85a045436ee19daa3f0e74d872f86ea63b4abc1303706ac231d29
CLIENT_HANDSHAKE_TRAFFIC_SECRET abf62437672ca9429cd75364701f0189ab8c07f5070e7d6a12a7c690680a54f2 dea307200517e1fe45619358963ff8c39dd7c2d3cc5379ff76f2fa2994dd7217
SERVER_HANDSHAKE_TRAFFIC_SECRET abf62437672ca9429cd75364701f0189ab8c07f5070e7d6a12a7c690680a54f2 c0552da936a7ef0947f642b59b26bbcd79c8a27de9be575540018cc31f2d1cef
CLIENT_TRAFFIC_SECRET_0 abf62437672ca9429cd75364701f0189ab8c07f5070e7d6a12a7c690680a54f2 25930a49d0d86adee6123e63faac6127186ef7ee1f2e33d77a342eedc477e6c1
SERVER_TRAFFIC_SECRET_0 abf62437672ca9429cd75364701f0189ab8c07f5070e7d6a12a7c690680a54f2 cf010c86f0d5e9c01f03010afedbb5c2d9ac319e89a9d400ae45df88922ff42c
CLIENT_HANDSHAKE_TRAFFIC_SECRET 222e270db90ebf79246a8c28ae554b467020c6aeb2d4f0cdbef750614e0d3036 a71512adba1f718db2c8a07c69d2b3ea902f292f1863e945b7e06ac51ba64389
SERVER_HANDSHAKE_TRAFFIC_SECRET 222e270db90ebf79246a8c28ae554b467020c6aeb2d4f0cdbef750614e0d3036 c24201ace6ab84fa1825752cc98a861da9425cd32b2cea9d7814365c87d90fba
CLIENT_TRAFFIC_SECRET_0 222e270db90ebf79246a8c28ae554b467020c6aeb2d4f0cdbef750614e0d3036 35300a8eeb0a0e46637f473444669f7bff32d305c413c870b137740627a73aef
SERVER_TRAFFIC_SECRET_0 222e270db90ebf79246a8c28ae554b467020c6aeb2d4f0cdbef750614e0d3036 d8c864f9293d8b874f08e75f0e3a3d313e898da35e3cc6eb85f81b289426e985
CLIENT_HANDSHAKE_TRAFFIC_SECRET 8bfe3f7f6f46771a5a1c6983c699d798ae3c9039a606f3546cc8ca15bd8a137f 1dfa251b09f87d30ddf9bcdaf7dc661fae09c8cb0b6362c69711a818e9b1d83f
SERVER_HANDSHAKE_TRAFFIC_SECRET 8bfe3f7f6f46771a5a1c6983c699d798ae3c9039a606f3546cc8ca15bd8a137f de99d0bd99729438ab0c0aaa207fc226c696128d07e59aa1394e1a8b3cae0cc7
CLIENT_TRAFFIC_SECRET_0 8bfe3f7f6f46771a5a1c6983c699d798ae3c9039a606f3546cc8ca15bd8a137f 70a3e62bd057609ee2afc1c317d5e1ad3fc333a24d5a89b7c6cde258821cada1
SERVER_TRAFFIC_SECRET_0 8bfe3f7f6f46771a5a1c6983c699d798ae3c9039a606f3546cc8ca15bd8a137f 793c36dbfbd2acc93a45b75e2da081818eb4fb752ca1f6ae4d671059a123e359
CLIENT_HANDSHAKE_TRAFFIC_SECRET ad34e16af99bbcfa31c77831c95f7f4296954946d1fbc4eb12866bfb870f4af3 78e80c0ec3844615b3b6e541cddbb11444aae912003e9ee145249a5351e65663
SERVER_HANDSHAKE_TRAFFIC_SECRET ad34e16af99bbcfa31c77831c95f7f4296954946d1fbc4eb12866bfb870f4af3 e4e699d35808adbeaaa1049c4bce406ad4f7fed220ef4586b9bda1af419f08ff
CLIENT_TRAFFIC_SECRET_0 ad34e16af99bbcfa31c77831c95f7f4296954946d1fbc4eb12866bfb870f4af3 3a29259464772d315b48594023cf63a116e864e4ded427eb96697442aec8307e
SERVER_TRAFFIC_SECRET_0 ad34e16af99bbcfa31c77831c95f7f4296954946d1fbc4eb12866bfb870f4af3 3d731884514f139086421137790804c133f8204bff3c68c1173983632a074288
CLIENT_HANDSHAKE_TRAFFIC_SECRET 9002a5048742b3bf63c1a9d1b6b92168f5e87d8a56156298d082cb5e55b059ac e881c67686ac0ea3235ee811f2f3f6f8c2b6c32a49861388bcc549622b6470ba
SERVER_HANDSHAKE_TRAFFIC_SECRET 9002a5048742b3bf63c1a9d1b6b92168f5e87d8a56156298d082cb5e55b059ac 88e8003b1d1f7a18a97ec729fb8b1fb5008bcbd13c706116836c248f06b049c6
CLIENT_TRAFFIC_SECRET_0 9002a5048742b3bf63c1a9d1b6b92168f5e87d8a56156298d082cb5e55b059ac d6bfbc695df4b44d11c14c6f57a365416f5d37df81a0367a2e353fca29f6606c
SERVER_TRAFFIC_SECRET_0 9002a5048742b3bf63c1a9d1b6b92168f5e87d8a56156298d082cb5e55b059ac 6c9b4c0ae4290d2997f586ac8a33b6081968bf17ca6e3c5e340af022652b0647
CLIENT_HANDSHAKE_TRAFFIC_SECRET cb5ebd4927c05ddd8f702396cc4b0d4a00cd28191c665cd29b19378b20acd521 12b52cadb3ee2a1b4ee45468d67747766b44a4f04045f954103d970567636f31
SERVER_HANDSHAKE_TRAFFIC_SECRET cb5ebd4927c05ddd8f702396cc4b0d4a00cd28191c665cd29b19378b20acd521 f96dd0e7b3b3b2723996e25aab0897b8f11b5029f1603c932e5a1e9726c79a52
CLIENT_TRAFFIC_SECRET_0 cb5ebd4927c05ddd8f702396cc4b0d4a00cd28191c665cd29b19378b20acd521 d5e07f23e70dc4eca418a2cdc43b71139fa0ecb031104989dc295b0b20506c83
SERVER_TRAFFIC_SECRET_0 cb5ebd4927c05ddd8f702396cc4b0d4a00cd28191c665cd29b19378b20acd521 c35bb73b7f26a5fe93a8eae02447882d0f555cadbaf25189d46c3dfe2fa7a8b5
CLIENT_HANDSHAKE_TRAFFIC_SECRET 6edfba4c1cb500d48d646ed438a4aa7b0eb660f29f76c2875cab4a6095daf610 f010deb7bc4e4520e34bf617f154a1d1e5441ee6e8b285d5314d1583a1331ce1
SERVER_HANDSHAKE_TRAFFIC_SECRET 6edfba4c1cb500d48d646ed438a4aa7b0eb660f29f76c2875cab4a6095daf610 ee19c6fd03ae515ab938bb01660bed4da1cd1392e45c0d317aa62505ab72e8e6
CLIENT_TRAFFIC_SECRET_0 6edfba4c1cb500d48d646ed438a4aa7b0eb660f29f76c2875cab4a6095daf610 d0709622fbe6060825769343ded4983366324517b0f4c45d9358337666a1ee93
SERVER_TRAFFIC_SECRET_0 6edfba4c1cb500d48d646ed438a4aa7b0eb660f29f76c2875cab4a6095daf610 c7f784eb4476b9c54a7d0c64b7bf20acead1b8b1512533b26407151a9155dbd6
CLIENT_HANDSHAKE_TRAFFIC_SECRET 344d8d9a5004969c223bc866ce51a253e417f30bd0be6bf77e1536c35e1f6274 8c5d3513ce389584ed0e1896bd64a6878d7399f75997fd648a3e81b1caf2ee63
SERVER_HANDSHAKE_TRAFFIC_SECRET 344d8d9a5004969c223bc866ce51a253e417f30bd0be6bf77e1536c35e1f6274 a6ac495b86769aa20e5370bd0ce4f6ba8ffe8334965045cf10e12d172fecb34e
CLIENT_TRAFFIC_SECRET_0 344d8d9a5004969c223bc866ce51a253e417f30bd0be6bf77e1536c35e1f6274 fb3b7c84737d4e76d74c67ad181c329edcd686593d8ff64034c206c2dc850468
SERVER_TRAFFIC_SECRET_0 344d8d9a5004969c223bc866ce51a253e417f30bd0be6bf77e1536c35e1f6274 a2d479f40dc5e50cc4055983151f07f984db38c927e030bcb1c857a49494a463
CLIENT_HANDSHAKE_TRAFFIC_SECRET ec9f1eb2e01864b6f9f642920fee1c8e58d1c36babafb09ff00171b3ca976679 b7d44a536b6829074d7da25938addb4d5eabe5a2b75b48ba12334a2e5c1a9ee9
SERVER_HANDSHAKE_TRAFFIC_SECRET ec9f1eb2e01864b6f9f642920fee1c8e58d1c36babafb09ff00171b3ca976679 eb430697b85c571a488cc9b22b5477ec5e987a5a374bf8875ee629a73a3e34c0
CLIENT_TRAFFIC_SECRET_0 ec9f1eb2e01864b6f9f642920fee1c8e58d1c36babafb09ff00171b3ca976679 7e06f97fe3ddd8cdf3e30026be8ee74c30227a7d684e9d31f3006dcbf9d9c9c4
SERVER_TRAFFIC_SECRET_0 ec9f1eb2e01864b6f9f642920fee1c8e58d1c36babafb09ff00171b3ca976679 6b6ef86099e711c486124a6815de4966a91a35f1bfda4c0a3690d458f0ebc977
CLIENT_HANDSHAKE_TRAFFIC_SECRET 86e84cb89b360adfb666141998de0960c108882aaf9c1ea144bc132ab92a39d9 57ba25ddf6801cd1c86683336114d08228bb9ff44c406a029bae35bf9a9025cc
SERVER_HANDSHAKE_TRAFFIC_SECRET 86e84cb89b360adfb666141998de0960c108882aaf9c1ea144bc132ab92a39d9 4d64a13cb06c0ee8dd2e01e69752be504d914d68f41a0907743f44417faf918a
CLIENT_TRAFFIC_SECRET_0 86e84cb89b360adfb666141998de0960c108882aaf9c1ea144bc132ab92a39d9 36bc8d74a5a83ab495d15c2d430c6fa95d37d8f9810373993ed12df4a6d8b930
SERVER_TRAFFIC_SECRET_0 86e84cb89b360adfb666141998de0960c108882aaf9c1ea144bc132ab92a39d9 7ccd81f447d364a043c290ad39e194180f0dd5b88347cfd1df5cdbbdc7332895
CLIENT_HANDSHAKE_TRAFFIC_SECRET f52188dc2033534ae501b7436de981bafd327fadc2de3bb40e70bf8954d2a1f5 9fd021222ec5d107b2ecf3f39de44cffbce569593402a1afea962560085006e8
SERVER_HANDSHAKE_TRAFFIC_SECRET f52188dc2033534ae501b7436de981bafd327fadc2de3bb40e70bf8954d2a1f5 f7c32610f38d0b3dd5753d505b218e3b24624cc4e59d33fd889cb9653df45830
CLIENT_TRAFFIC_SECRET_0 f52188dc2033534ae501b7436de981bafd327fadc2de3bb40e70bf8954d2a1f5 12dfad88ad9ba03c124a0a5f206be2213cb921d5e9f18480f74e5d5709720009
SERVER_TRAFFIC_SECRET_0 f52188dc2033534ae501b7436de981bafd327fadc2de3bb40e70bf8954d2a1f5 35e85eb8b63549e3537efd47dbdea2feaa2f822fb2b5569184d1e08735f13cce
CLIENT_HANDSHAKE_TRAFFIC_SECRET ca72f58a8e6e02f3509c08bf132ab04e6769b347ed742b2cccff86d051ffad76 555a9591c6ce46c0f16c8cdf427d8cfbdfd85ccb3ba6d6c89e8aee1f378984ff
SERVER_HANDSHAKE_TRAFFIC_SECRET ca72f58a8e6e02f3509c08bf132ab04e6769b347ed742b2cccff86d051ffad76 16b1fb0cdc78a1af0ed24e36da41dc3086637d8908f1273869ad8f59e240ab94
CLIENT_TRAFFIC_SECRET_0 ca72f58a8e6e02f3509c08bf132ab04e6769b347ed742b2cccff86d051ffad76 98cc14fab319383b707b2585c4b50828020f8b34ff27494e5b553771ea0f9b08
SERVER_TRAFFIC_SECRET_0 ca72f58a8e6e02f3509c08bf132ab04e6769b347ed742b2cccff86d051ffad76 367f5667e74d6f3147aefaf5356b42149c249ceeda6b89b9c89cf9e374a38821
CLIENT_HANDSHAKE_TRAFFIC_SECRET daa83198b206edc99aca272051eb5480868f9e5dde99bb7732a9ab807607d911 67c88e1d9ad15ec7a2486afbec4f0ded5e01fd7a145951f84bc0a1708ce67c4e
SERVER_HANDSHAKE_TRAFFIC_SECRET daa83198b206edc99aca272051eb5480868f9e5dde99bb7732a9ab807607d911 3124e4b477441482c6efdfd83760aaaa06e990a9358bf049f5937f5b7c2d7754
CLIENT_TRAFFIC_SECRET_0 daa83198b206edc99aca272051eb5480868f9e5dde99bb7732a9ab807607d911 97e92546c603a273172b7981ddf1cfb7144116934638cf46ba88722c36d818b6
SERVER_TRAFFIC_SECRET_0 daa83198b206edc99aca272051eb5480868f9e5dde99bb7732a9ab807607d911 cc3e7e9c9e42d1e31c383b9c603d872f3a94269de01cdafcb2452c483254b244
CLIENT_HANDSHAKE_TRAFFIC_SECRET e2773bc506294a6a7eb919d609c1a2af172d3403d6d9fe6bd04afc4089ea7608 b37284c2d295d6323232e270d642247c2feb7559dbda51b3fbd54970f25c3a82
SERVER_HANDSHAKE_TRAFFIC_SECRET e2773bc506294a6a7eb919d609c1a2af172d3403d6d9fe6bd04afc4089ea7608 578f9e4c2d672a6c2e0ec95844ec24c75b492d1ea3b2d65b02810417fd553f09
CLIENT_TRAFFIC_SECRET_0 e2773bc506294a6a7eb919d609c1a2af172d3403d6d9fe6bd04afc4089ea7608 bdd4c6655a3f7da375ca2211fe44a731a7efbf68bfcdea74d1cd66e3fcb0cf8d
SERVER_TRAFFIC_SECRET_0 e2773bc506294a6a7eb919d609c1a2af172d3403d6d9fe6bd04afc4089ea7608 7fe6d67493c7d2ce4cb58ac36c6488beb0978895f15b7cd7754b960670ff660f
CLIENT_HANDSHAKE_TRAFFIC_SECRET c3f7e831515a2f11b406b5624c59210539431e034d4ee17ed53aa645dccb0fb3 246febf2755cd1240b99191e32a0c2e1fdd945261ae747b3adbf861f2f7edf64
SERVER_HANDSHAKE_TRAFFIC_SECRET c3f7e831515a2f11b406b5624c59210539431e034d4ee17ed53aa645dccb0fb3 170debdee2b5ee464890db8a209dad3f2ca3fc4e3fbb51435486d94d44d10d54
CLIENT_TRAFFIC_SECRET_0 c3f7e831515a2f11b406b5624c59210539431e034d4ee17ed53aa645dccb0fb3 34806ba16c6d2b879784f82d30f8f712b107d83d9696d0eb682f7704f6a0d594
SERVER_TRAFFIC_SECRET_0 c3f7e831515a2f11b406b5624c59210539431e034d4ee17ed53aa645dccb0fb3 f118c86393518940315ecfb16617b35097ccd57688e8f80160657bfd5eab1fd8
CLIENT_HANDSHAKE_TRAFFIC_SECRET 593241d4df9cae7198338d10c464fce51035f468629560b6efd26015aeecc339 1bccd10c6a7188fe41d3468d6a43ae57da4b58ca99b2a309bda469b66e871a47
SERVER_HANDSHAKE_TRAFFIC_SECRET 593241d4df9cae7198338d10c464fce51035f468629560b6efd26015aeecc339 bf50061c48915ef63239fac3e05b1b231c4b9f493cb073a5c58e64a2d452fbd0
CLIENT_TRAFFIC_SECRET_0 593241d4df9cae7198338d10c464fce51035f468629560b6efd26015aeecc339 913ab9df08f4df2ea2d545f3787da879694f69664c01932c5dd32d9654fc947a
SERVER_TRAFFIC_SECRET_0 593241d4df9cae7198338d10c464fce51035f468629560b6efd26015aeecc339 b49c46887c48fb65478402088c1ba1c78cb433107f177780e1043cecab8acd8d
CLIENT_HANDSHAKE_TRAFFIC_SECRET db07fd840c8b766457ac82d248b7e98c94fbd48b43dcc03a9ed3575cf9bda18d 4c84ea35b697abacb29ca04e3d42e2cfb399d0f655a8c4f917c0e3bc820c7196
SERVER_HANDSHAKE_TRAFFIC_SECRET db07fd840c8b766457ac82d248b7e98c94fbd48b43dcc03a9ed3575cf9bda18d c1e583e08e90b51b7fd191fa5e6e37041db23b59313cad365c85f4d1a0ef2ae5
CLIENT_TRAFFIC_SECRET_0 db07fd840c8b766457ac82d248b7e98c94fbd48b43dcc03a9ed3575cf9bda18d e2a65d0bfaaea3cebeac3f0a3d2f2e7f1f88c0c9d273d6d5182b0d6288acecfd
SERVER_TRAFFIC_SECRET_0 db07fd840c8b766457ac82d248b7e98c94fbd48b43dcc03a9ed3575cf9bda18d c276c19e048bac2afdcc03cf95d2f0a8976713eb5dba1638ab78cef90035eb87
CLIENT_HANDSHAKE_TRAFFIC_SECRET f514e87ab29b4d4330ead9abe6a8c35f8fa923a0223bff4d09502af7947e2cf9 e3e9b27049802bf36692e4f474f0168cfe1c181db529cea3b7b775602301a8f6
SERVER_HANDSHAKE_TRAFFIC_SECRET f514e87ab29b4d4330ead9abe6a8c35f8fa923a0223bff4d09502af7947e2cf9 a8105544c3bfd43daa06a2016fc5cc5d468cf81dba97c9b3c1ae043f55e8d1b9
CLIENT_TRAFFIC_SECRET_0 f514e87ab29b4d4330ead9abe6a8c35f8fa923a0223bff4d09502af7947e2cf9 b81eb396c7bcc5fbfb6b643b4ab21d9ec8f4d20ec21f4fdf01b30e5cc80b4fc8
SERVER_TRAFFIC_SECRET_0 f514e87ab29b4d4330ead9abe6a8c35f8fa923a0223bff4d09502af7947e2cf9 fbe1c319c622fb387497a21a753c9f7b8041caa3023fba2e0b72e2bf3f9c4892
CLIENT_HANDSHAKE_TRAFFIC_SECRET 8b23206dec6a30478f018489cdef4d01ed0af7bcc27f498d4ab7adf475eb836b e8451cfcce37a581d7600e9044e883de7291e5e796f98cced875b41329ffd5a6
SERVER_HANDSHAKE_TRAFFIC_SECRET 8b23206dec6a30478f018489cdef4d01ed0af7bcc27f498d4ab7adf475eb836b 18d61f0d57dd688e41ff2906796abefd5183c38c7ffb13fbd782f7b46dd6f123
CLIENT_TRAFFIC_SECRET_0 8b23206dec6a30478f018489cdef4d01ed0af7bcc27f498d4ab7adf475eb836b 08cf25f14253e9e773208f55d5d9214b18db339047c6bb4b066fce0daaa1fa7f
SERVER_TRAFFIC_SECRET_0 8b23206dec6a30478f018489cdef4d01ed0af7bcc27f498d4ab7adf475eb836b 6ba03305439e6f9f35538c4b4d8c7496c6feea79700be0e17f2bb43d466d0799
CLIENT_HANDSHAKE_TRAFFIC_SECRET 16331dab016cd192ffb71f5c73a987336008f0b5313f582aa330db038a9da0b3 f70d65e4865d2c21894413f6201c7a57c5148b323cbfd088ccb57000d909a57a
SERVER_HANDSHAKE_TRAFFIC_SECRET 16331dab016cd192ffb71f5c73a987336008f0b5313f582aa330db038a9da0b3 c84fa411367920b60119da08a3ad053c336ea94467278af511e7f2127495f785
CLIENT_TRAFFIC_SECRET_0 16331dab016cd192ffb71f5c73a987336008f0b5313f582aa330db038a9da0b3 404187dfc426f9600677c5729cce2fd6fe979e8bedbe364b80212377d1f1dd0f
SERVER_TRAFFIC_SECRET_0 16331dab016cd192ffb71f5c73a987336008f0b5313f582aa330db038a9da0b3 e70c677070b032846b3a62d7dfaaae8337f7a753d76107c310fa54f948196ef0
CLIENT_HANDSHAKE_TRAFFIC_SECRET 96a6069dfbc4add96ca6d62f0d11a854ebd36df397aeb7731701234482a8d577 1f5fb48ce5e56621fdd2c5b34c9b8aade5d342afa338d12d9b6bada09fca28aa
SERVER_HANDSHAKE_TRAFFIC_SECRET 96a6069dfbc4add96ca6d62f0d11a854ebd36df397aeb7731701234482a8d577 08e1caef1139690883532c165b5e61f97288edd6637108f082cad16b18403ad7
CLIENT_TRAFFIC_SECRET_0 96a6069dfbc4add96ca6d62f0d11a854ebd36df397aeb7731701234482a8d577 70a2dff5ed9d3c8e9af1858d2cb2346ff178881a32c6e80c654e801cf4de5907
SERVER_TRAFFIC_SECRET_0 96a6069dfbc4add96ca6d62f0d11a854ebd36df397aeb7731701234482a8d577 dabbe9aa096edd78b107abbd0f1edc54ec27ca65963d1f61199b26fa3d7f033b
CLIENT_HANDSHAKE_TRAFFIC_SECRET f3739bd05479a4d3579317530240713e97bfa8731c9ba5625f0b78f9826f0d55 2936b5602414a7484c9ea40f5cfd07c5edb9234bbbf3a8fc26305e19fb908c70
SERVER_HANDSHAKE_TRAFFIC_SECRET f3739bd05479a4d3579317530240713e97bfa8731c9ba5625f0b78f9826f0d55 02f3a095307565f16f9101670ec62574d41eee2c3b101d3dd4955071112e0f98
CLIENT_TRAFFIC_SECRET_0 f3739bd05479a4d3579317530240713e97bfa8731c9ba5625f0b78f9826f0d55 7ea309681c3497176946e89c27035c2749950a693b0447a816465bf9be4788b1
SERVER_TRAFFIC_SECRET_0 f3739bd05479a4d3579317530240713e97bfa8731c9ba5625f0b78f9826f0d55 75e05002e8589014b72d2e80a1c31416ff17285e466daa0e600ebb1c48403372
CLIENT_HANDSHAKE_TRAFFIC_SECRET 725efb0230c4f61e5853ed60a7ea8fdd4667cb8e238521b3dcc38fa903f45d3d 23783e931df42657ffc146c1b20db454c3d2bd256911df353962356e11f1305f
SERVER_HANDSHAKE_TRAFFIC_SECRET 725efb0230c4f61e5853ed60a7ea8fdd4667cb8e238521b3dcc38fa903f45d3d 988ea0d934c371c33695910828ec4a29d98a73afa86eccd5b9d8825ef78529b8
CLIENT_TRAFFIC_SECRET_0 725efb0230c4f61e5853ed60a7ea8fdd4667cb8e238521b3dcc38fa903f45d3d c33c3a02621b27f1ddff9708980324a40a9cf8ac705230d248bbdf34f96c83f2
SERVER_TRAFFIC_SECRET_0 725efb0230c4f61e5853ed60a7ea8fdd4667cb8e238521b3dcc38fa903f45d3d 64f1c04ca8a45d7e31f41bedde758ca0b2b51521550ffc9249218ee9d1ae515a
CLIENT_HANDSHAKE_TRAFFIC_SECRET f66419077d006c953537ef3670e868ac70beb6bbfe0ca0f5caf0946ccc9fabb6 c156afd623a97d8b92b10e81ba67d8efe1b44fd45cc5c9f1e10141cbf99d3be9
SERVER_HANDSHAKE_TRAFFIC_SECRET f66419077d006c953537ef3670e868ac70beb6bbfe0ca0f5caf0946ccc9fabb6 bca976c4964cd1490154537d750ccf6b5abd3c7ab2aaa973444fec81035824f1
CLIENT_TRAFFIC_SECRET_0 f66419077d006c953537ef3670e868ac70beb6bbfe0ca0f5caf0946ccc9fabb6 9c49068d9909fcceac1864a2437ffda22569f350be5b3373cef84653a0d5df88
SERVER_TRAFFIC_SECRET_0 f66419077d006c953537ef3670e868ac70beb6bbfe0ca0f5caf0946ccc9fabb6 1382521d58ae8b69564215a140a41287fb0a4307768adcbbb1e7901c51d039b7
CLIENT_HANDSHAKE_TRAFFIC_SECRET df638fcb369f215de4a8e5a27c8d5380c61ffc622db838db13e56523ee057958 1957fcf99c0ae78c93e88d953b04a0191029418fa7660e591b8b317357abdf40
SERVER_HANDSHAKE_TRAFFIC_SECRET df638fcb369f215de4a8e5a27c8d5380c61ffc622db838db13e56523ee057958 9a4b6a88821167f29bdbf959cd9ee2132ceac216b4d42162293ad68306832b69
CLIENT_TRAFFIC_SECRET_0 df638fcb369f215de4a8e5a27c8d5380c61ffc622db838db13e56523ee057958 4d70f30f66a2aa94e259644f12e28cad0277d74ceaacc1cb9bdb333c0fb12476
SERVER_TRAFFIC_SECRET_0 df638fcb369f215de4a8e5a27c8d5380c61ffc622db838db13e56523ee057958 864b55ffa7d5961ea93331749a91a5fcb6209b2a12b5883f8a419ad3a25ee72d
CLIENT_HANDSHAKE_TRAFFIC_SECRET a4a01f9a98ec1acd761a75d220874602adc5ceab816198c783bb3bf4de44314b 621b82ff1c4db6ce1eec21ca622f7578f1fc49a82890e5b7d9093ac48c403deb
SERVER_HANDSHAKE_TRAFFIC_SECRET a4a01f9a98ec1acd761a75d220874602adc5ceab816198c783bb3bf4de44314b afe9cafcae802cdec8378f3d27d7971087ebde3ce852d1388f5293a992f5f0e4
CLIENT_TRAFFIC_SECRET_0 a4a01f9a98ec1acd761a75d220874602adc5ceab816198c783bb3bf4de44314b 09939c8df149addd4d8dfb08a5e570a36262c5980734ff821a111c83dcc436aa
SERVER_TRAFFIC_SECRET_0 a4a01f9a98ec1acd761a75d220874602adc5ceab816198c783bb3bf4de44314b ca41aef5828021e7ff9af1d5f794388465e5f2d7e0b3deeb2a5d189f99e20058
CLIENT_HANDSHAKE_TRAFFIC_SECRET 9a8daa42c2b5728c8981f27107df076585910a3960b893ea0b00bcfbd474a1f5 fd0c8c9e441188cbfd8b85f89ddbcb8f68fe225bb7d1ec1bc4de5769c96c338d
SERVER_HANDSHAKE_TRAFFIC_SECRET 9a8daa42c2b5728c8981f27107df076585910a3960b893ea0b00bcfbd474a1f5 884b38d5b6629629d4518d32c79646fad790147842e53f4d1f7442864f3ec520
CLIENT_TRAFFIC_SECRET_0 9a8daa42c2b5728c8981f27107df076585910a3960b893ea0b00bcfbd474a1f5 8ece20d6065cdc8bcb7072b196d1022b4e3256d4c34397dca66f2d725a02230b
SERVER_TRAFFIC_SECRET_0 9a8daa42c2b5728c8981f27107df076585910a3960b893ea0b00bcfbd474a1f5 e1ced9fab8c361de8740e5769f1e12427ffab426d9f2ce6cfcb9f2323f8e94bb
CLIENT_HANDSHAKE_TRAFFIC_SECRET 9f67d48ba558b1b9f8e7c7e9554611acf3de6a8e78890f3864369475df998370 3dd006fbad0c7f3971e2f9e4e3b9349edf74fe7f7601f2b7c697d1ed5ff2833f
SERVER_HANDSHAKE_TRAFFIC_SECRET 9f67d48ba558b1b9f8e7c7e9554611acf3de6a8e78890f3864369475df998370 d04139135d5e819be5a7def38df10523bd5ead3530b7b84e573376b095c09856
CLIENT_TRAFFIC_SECRET_0 9f67d48ba558b1b9f8e7c7e9554611acf3de6a8e78890f3864369475df998370 f686a6bfe8d6a85b230a97c28679ebb5612c7741611e6391b3bdbdf2f190f708
SERVER_TRAFFIC_SECRET_0 9f67d48ba558b1b9f8e7c7e9554611acf3de6a8e78890f3864369475df998370 1632a80b7ae9d0f64077678d60d56c719c0526e619dce9d1e95ffaebc2dcc5ca
CLIENT_HANDSHAKE_TRAFFIC_SECRET 968b1933e1d6bc49a53f077fe93618342c3ba74a41a3ab084d416b38e47e7a5d e5ad72b16a6c41dff5a0fc64343f6f847892568dcc2540b3374730bfa147c8cf
SERVER_HANDSHAKE_TRAFFIC_SECRET 968b1933e1d6bc49a53f077fe93618342c3ba74a41a3ab084d416b38e47e7a5d 0fbf6f10d2abf1666a72cf719219753ed74112923cc8645230afeeccef60047f
CLIENT_TRAFFIC_SECRET_0 968b1933e1d6bc49a53f077fe93618342c3ba74a41a3ab084d416b38e47e7a5d acb0cfe7c47bced41c81679482d2f44b0911534952e8d112f319a41114b3c76b
SERVER_TRAFFIC_SECRET_0 968b1933e1d6bc49a53f077fe93618342c3ba74a41a3ab084d416b38e47e7a5d c53bfee61da9e80e61219518f9133d2241ed4e5257a43fa71cf1cda09619641a
CLIENT_HANDSHAKE_TRAFFIC_SECRET 26759f6a1cd336cbba6209711b07247b932b8756342d82741b75d296ae7a5750 e0d9c014895abd636420df11bab52a94e4fd2a093580b9e1325e8e8de2e05268
SERVER_HANDSHAKE_TRAFFIC_SECRET 26759f6a1cd336cbba6209711b07247b932b8756342d82741b75d296ae7a5750 0096da3732ff73f731729cc6a18f5314270e1f83dd4ffd6a3dec85ed3c243191
CLIENT_TRAFFIC_SECRET_0 26759f6a1cd336cbba6209711b07247b932b8756342d82741b75d296ae7a5750 6c5a27e8794f1032e6b1f7e8aff4218f3de166391accbec437efc46650e3b3d8
SERVER_TRAFFIC_SECRET_0 26759f6a1cd336cbba6209711b07247b932b8756342d82741b75d296ae7a5750 b2903eb0c2ddfef836157452d07048faac31f5693a5a023de5875fa0f655f589
CLIENT_HANDSHAKE_TRAFFIC_SECRET f5b2c6f73cf0453f6749729588f0158f1d04a5a4eee3c777d094d1f5d52a3bbf 209a6fde6048adae9003dd3514534a4cb5f019e3a1c4191e380cab2fbeb5cc54
SERVER_HANDSHAKE_TRAFFIC_SECRET f5b2c6f73cf0453f6749729588f0158f1d04a5a4eee3c777d094d1f5d52a3bbf 8e19c96049672d6e80911b002efe31147ea390dd4e2c2dd83d2c6fda164a0abd
CLIENT_TRAFFIC_SECRET_0 f5b2c6f73cf0453f6749729588f0158f1d04a5a4eee3c777d094d1f5d52a3bbf 7b56b149861675ede41ef74afd17e19aedfe45ec425256d295bee3ec4a85638d
SERVER_TRAFFIC_SECRET_0 f5b2c6f73cf0453f6749729588f0158f1d04a5a4eee3c777d094d1f5d52a3bbf 212cb3a4cd7765c38c09a489785b7cc2ae401e658e872acb14486afd22680a3b
CLIENT_HANDSHAKE_TRAFFIC_SECRET 7e412f646bbb5f5c5cd8b41be6e95e790e5615e5e889cd33765cc17a4d8ec134 188cd6218f082aabd30b938aeb6088bfee84e625c13599b6edeb3c76729efc9b
SERVER_HANDSHAKE_TRAFFIC_SECRET 7e412f646bbb5f5c5cd8b41be6e95e790e5615e5e889cd33765cc17a4d8ec134 7999469ed28f2c2cee19ee4f3d4caeea6e9ab0aa2b49638429e996465551aa4c
CLIENT_TRAFFIC_SECRET_0 7e412f646bbb5f5c5cd8b41be6e95e790e5615e5e889cd33765cc17a4d8ec134 de7d6ad2c8d04e3a21d78b1a76e80673ef927841a19145dd525b2fc4da03eed5
SERVER_TRAFFIC_SECRET_0 7e412f646bbb5f5c5cd8b41be6e95e790e5615e5e889cd33765cc17a4d8ec134 5a69f1d6b7850b491de4c6defea35c57f2688fdeab46784b598657e6b34deb29
CLIENT_HANDSHAKE_TRAFFIC_SECRET 9c01f2eaeebb657e894b5f44ff365804e72a511c3c6889a483778940e7260751 784f65450d64cc953d8b326755adaac54acee61502296743637e3f6b77dbab06
SERVER_HANDSHAKE_TRAFFIC_SECRET 9c01f2eaeebb657e894b5f44ff365804e72a511c3c6889a483778940e7260751 46d9d1586b8912ab4ffb22fa54bec43c06290edcdfeaca01d99520a128411244
CLIENT_TRAFFIC_SECRET_0 9c01f2eaeebb657e894b5f44ff365804e72a511c3c6889a483778940e7260751 0cc6b58250b1737900a3ad30632d5713c6834122ccddc26834b1a0ba595644e8
SERVER_TRAFFIC_SECRET_0 9c01f2eaeebb657e894b5f44ff365804e72a511c3c6889a483778940e7260751 b4d69d181a03021492105201af39ac57fb27110e8a62c7ab7f99269b2b2547c7
CLIENT_HANDSHAKE_TRAFFIC_SECRET 96cfc110352ff5a5e02b7db8d3bacf17b97b535e154222086129e98705395102 e50ed85c770d3fce2cddd640b056244eec83fcd971382eb3f4b49d9994575252
SERVER_HANDSHAKE_TRAFFIC_SECRET 96cfc110352ff5a5e02b7db8d3bacf17b97b535e154222086129e98705395102 3d3f1a729583fbcd067d360846008ab5f9fc92ea70f57a04b825b1a45aefb7f7
CLIENT_TRAFFIC_SECRET_0 96cfc110352ff5a5e02b7db8d3bacf17b97b535e154222086129e98705395102 53699e748c6ebbe6e95806034305e222e333720827b36c721373fe19b793763a
SERVER_TRAFFIC_SECRET_0 96cfc110352ff5a5e02b7db8d3bacf17b97b535e154222086129e98705395102 92b2d52caed0218d78259de94f11f711470d19d62856930c89ade2b236b9b9a1
CLIENT_HANDSHAKE_TRAFFIC_SECRET 24c3909000fbcb39dba244c96355a7855a56e6e44d21dd10c0178de7094d4bf3 57b08b9319564b194a07772770170b63b512108df5cb7ff0ddcbc550b90715b7
SERVER_HANDSHAKE_TRAFFIC_SECRET 24c3909000fbcb39dba244c96355a7855a56e6e44d21dd10c0178de7094d4bf3 9c375c2f0a1eae14e665434439057d0aeef4d8c2ba123b83e6d04b493c0bd7f4
CLIENT_TRAFFIC_SECRET_0 24c3909000fbcb39dba244c96355a7855a56e6e44d21dd10c0178de7094d4bf3 172c14ca1e91c272c32ddf0cd028434dedfb2b08787db04ea7e08a22573f075c
SERVER_TRAFFIC_SECRET_0 24c3909000fbcb39dba244c96355a7855a56e6e44d21dd10c0178de7094d4bf3 a5c1f0edf0586a649acd933187285cb6c739c95cacc94aee507427e1d165212c
CLIENT_HANDSHAKE_TRAFFIC_SECRET d01d42ac42cf1f3b32fd3c327983b87ac7ec5660a465bb0a7e0c655c51358b0c 1fdd8c4a4c49d54254bc0cb1ea7e8ccc0d0d5cecaab8a17d5baa7f7944c6afe1
SERVER_HANDSHAKE_TRAFFIC_SECRET d01d42ac42cf1f3b32fd3c327983b87ac7ec5660a465bb0a7e0c655c51358b0c 6f52c5f913b2a87ecc02c71071a195777be96abfe65f4d2f6949b11135796935
CLIENT_TRAFFIC_SECRET_0 d01d42ac42cf1f3b32fd3c327983b87ac7ec5660a465bb0a7e0c655c51358b0c d3210bb50cca9e6832e6b162b2983973f97a4dbdef962a3c454749e461069925
SERVER_TRAFFIC_SECRET_0 d01d42ac42cf1f3b32fd3c327983b87ac7ec5660a465bb0a7e0c655c51358b0c 975e160ac66dbbc8e3f739196db8feeff2b252e260ea5032b6b3a972930897aa
CLIENT_HANDSHAKE_TRAFFIC_SECRET 890e2ebeb36db8e7d3ae66d59dc194d62d4bb6d5078395a708ac5de599d332fb f7823f7f22aeee206edae8155409ecc9659548eff14d535d3090ab1da90437b2
SERVER_HANDSHAKE_TRAFFIC_SECRET 890e2ebeb36db8e7d3ae66d59dc194d62d4bb6d5078395a708ac5de599d332fb 2a6603f9d872cc6f6a52c1cca4bd0179c33d0015fb556718ed10dd32ca05093f
CLIENT_TRAFFIC_SECRET_0 890e2ebeb36db8e7d3ae66d59dc194d62d4bb6d5078395a708ac5de599d332fb c0f9cd3284be00313e94d80debf0c5f449dfa3aa1053323e4c4cb3d7e0d3e4dc
SERVER_TRAFFIC_SECRET_0 890e2ebeb36db8e7d3ae66d59dc194d62d4bb6d5078395a708ac5de599d332fb 56d698a0c59edd6ff743d0c8912815e2c3263c95c9c7af7c21faf7315d8cfd33
CLIENT_HANDSHAKE_TRAFFIC_SECRET 2ffbf5cf3f3e21de040f39d6cf565175c42a06f2a6da145bf4c7d68da50e16e9 864a0b9fde524ffc2508c4bace8090d8360c904149aa1b7d9547b97d2761aa5b
SERVER_HANDSHAKE_TRAFFIC_SECRET 2ffbf5cf3f3e21de040f39d6cf565175c42a06f2a6da145bf4c7d68da50e16e9 ec1ec238af230bf5df1b6fa3decb6931b62e9aeee0a7753a8f79b9fb46d93f27
CLIENT_TRAFFIC_SECRET_0 2ffbf5cf3f3e21de040f39d6cf565175c42a06f2a6da145bf4c7d68da50e16e9 3c9bc4949698965d01db14bba1e313f543b3b423e025df2547235763cda42c96
SERVER_TRAFFIC_SECRET_0 2ffbf5cf3f3e21de040f39d6cf565175c42a06f2a6da145bf4c7d68da50e16e9 b3540b54713fda2c5f111c2596fadf57360a97323294b532a2e7e711049af42b
CLIENT_HANDSHAKE_TRAFFIC_SECRET fdf9f48da1ca4bf292f165a7a3746b484a6dd2d8ede1b51a19551d89cc12ca5b 4a7c70e7ad1ddf7e9d31ab23b15b0361a782027aa291714b27a336caef4a59d3
SERVER_HANDSHAKE_TRAFFIC_SECRET fdf9f48da1ca4bf292f165a7a3746b484a6dd2d8ede1b51a19551d89cc12ca5b 945e82d7ab6ca20669ed9bf1fdcf61609b84eae4f7e99eaa685b7703bd5fb6d4
CLIENT_TRAFFIC_SECRET_0 fdf9f48da1ca4bf292f165a7a3746b484a6dd2d8ede1b51a19551d89cc12ca5b 6806a77ab9e29ea4fb0cc18a7735f78e630942e4bcea6b3fd48911f8a20cd723
SERVER_TRAFFIC_SECRET_0 fdf9f48da1ca4bf292f165a7a3746b484a6dd2d8ede1b51a19551d89cc12ca5b 6c35951adf8dcb1479cdbb75762a663fc0838a30fb63093ac517997f737cd844
CLIENT_HANDSHAKE_TRAFFIC_SECRET ad71bb143d9e433bd1058f82dcb74da934fdd7116b6aaed1e2c10eca91943ef5 fa31643bdea156bc32575258d171653e50ccae7ee9191e72c43c9d045b9a6fa1
SERVER_HANDSHAKE_TRAFFIC_SECRET ad71bb143d9e433bd1058f82dcb74da934fdd7116b6aaed1e2c10eca91943ef5 c20ca37489ca26003712f3cddf936d75b08a7de6a70590c4e4cb383f698db880
CLIENT_TRAFFIC_SECRET_0 ad71bb143d9e433bd1058f82dcb74da934fdd7116b6aaed1e2c10eca91943ef5 8dd82db973fedfaccd0778564131d669c2aea0ba4a40b02fc816394dd238d6d4
SERVER_TRAFFIC_SECRET_0 ad71bb143d9e433bd1058f82dcb74da934fdd7116b6aaed1e2c10eca91943ef5 fafdcbaa9da919034bb69c7b6a9e857e70a8386e0e27fd76dfb715b937b5c05b
CLIENT_HANDSHAKE_TRAFFIC_SECRET 2b3494d859f872c8bc60a32f337bea2079cb8743be5ad7dd8a712566be4a008f 888bcb506ad775fb60d76bc65973e30b0c50f9900a5e8f37ff3229dd4201ae47
SERVER_HANDSHAKE_TRAFFIC_SECRET 2b3494d859f872c8bc60a32f337bea2079cb8743be5ad7dd8a712566be4a008f d348330b1be637c27c35d808aaf45f3a4daef3b4bda909ac04b26a970e9fd0d1
CLIENT_TRAFFIC_SECRET_0 2b3494d859f872c8bc60a32f337bea2079cb8743be5ad7dd8a712566be4a008f 4c59372183ddaea2bda567c366411ef90dfdd4bcf9949c29eb14f48cdcbb2639
SERVER_TRAFFIC_SECRET_0 2b3494d859f872c8bc60a32f337bea2079cb8743be5ad7dd8a712566be4a008f 9dcdbd8294bd947d5b02ec177f37ec2afa776755685b86b0ba264a2a76c9fbfb
CLIENT_HANDSHAKE_TRAFFIC_SECRET a71674ea51fe7801c3661c05f7f22a45eee232a4740565a6edc614d2a029d9f5 644150749e8412cf128c5283df7b6fbdb9df2848dc595fa8761e21764da25256
SERVER_HANDSHAKE_TRAFFIC_SECRET a71674ea51fe7801c3661c05f7f22a45eee232a4740565a6edc614d2a029d9f5 c29ece5f3f0e831d09d66c334e123c220086ecfbef6757f79598f7ed6c2580ba
CLIENT_TRAFFIC_SECRET_0 a71674ea51fe7801c3661c05f7f22a45eee232a4740565a6edc614d2a029d9f5 f7e9fe18cacd21a52b3b976d33b8a39e5b661bafc6127c119d7d4510caaf443a
SERVER_TRAFFIC_SECRET_0 a71674ea51fe7801c3661c05f7f22a45eee232a4740565a6edc614d2a029d9f5 e616bd1b2a24468617e6ae933a6ca4129ccdff1acc57c29ed88c5a85bac77ca6
CLIENT_HANDSHAKE_TRAFFIC_SECRET c3abd79419142f2a56b1e8541a091bcc1e8f34d647eecd813c833527851f44cd 361f47575dad1e659b0e62f6946afbe9caaf07e53aa2f158f9d5aaef345fc77b
SERVER_HANDSHAKE_TRAFFIC_SECRET c3abd79419142f2a56b1e8541a091bcc1e8f34d647eecd813c833527851f44cd f70f7f84be91846f13e3e3080f7a7d1aa4a0aac4c361b5bd18874bb968cc0adb
CLIENT_TRAFFIC_SECRET_0 c3abd79419142f2a56b1e8541a091bcc1e8f34d647eecd813c833527851f44cd 699edaced1c8b17204dc11f92eea5edb9aa349c1181555cafb22f5014bd3b2b3
SERVER_TRAFFIC_SECRET_0 c3abd79419142f2a56b1e8541a091bcc1e8f34d647eecd813c833527851f44cd ce5acbd9683f3756e420d0f8bd0f65374b3dedf9028665dd5c9af4bd61f2b189
CLIENT_HANDSHAKE_TRAFFIC_SECRET 0c79fa452fecd1f20ad0978e375a7baec41e89ebc73b65cfb825b456c3cfe144 4e204c05fa6bdbb7c82a0d8cad4de7ceb4927fcdc00901eefea7fc526079550e
SERVER_HANDSHAKE_TRAFFIC_SECRET 0c79fa452fecd1f20ad0978e375a7baec41e89ebc73b65cfb825b456c3cfe144 5e3458d3567a302385d5636fcfcca017adac7c43771ef431cae5691dbfb04b1c
CLIENT_TRAFFIC_SECRET_0 0c79fa452fecd1f20ad0978e375a7baec41e89ebc73b65cfb825b456c3cfe144 0546a02c64ec5d61f1fc7677f5888ed056802ba45eaad97fafb91d8486b0ac67
SERVER_TRAFFIC_SECRET_0 0c79fa452fecd1f20ad0978e375a7baec41e89ebc73b65cfb825b456c3cfe144 c67e02fba40bde7118727a4103c214abd46baff67456bcea6d3ad97dc4443272
CLIENT_HANDSHAKE_TRAFFIC_SECRET 7ed0914ab508caeaa5ffa9aba5768211137b84d9d5294372bbc178e30b92d671 bf26315443e313eb858eb413a1d9fa26c5ba728b3c16fbe0dce88332b6deb7d0
SERVER_HANDSHAKE_TRAFFIC_SECRET 7ed0914ab508caeaa5ffa9aba5768211137b84d9d5294372bbc178e30b92d671 5abfe3d4b546f1200cb66ce15274c7c4f6f2ad686fef79b59b0a7e332cd90cc0
CLIENT_TRAFFIC_SECRET_0 7ed0914ab508caeaa5ffa9aba5768211137b84d9d5294372bbc178e30b92d671 71439bc60ab0639f5e1bf9de65cb1edda0cad2148035b40c6d6af68178d04778
SERVER_TRAFFIC_SECRET_0 7ed0914ab508caeaa5ffa9aba5768211137b84d9d5294372bbc178e30b92d671 f708e55fc79702542cf7b8ee9770029989cbae2a99c6090ae12c35f906a1dca8
CLIENT_HANDSHAKE_TRAFFIC_SECRET 7dfbf615a513be6dd2e6bbf4c98039e590320a69779e237303f6acd14fead987 4c68cf6af38370a750ee73f31722363917bd83c5adb4a89af9d6789af4c4452c
SERVER_HANDSHAKE_TRAFFIC_SECRET 7dfbf615a513be6dd2e6bbf4c98039e590320a69779e237303f6acd14fead987 efe702a55d47581d2564858118aff235864296fc578d5c6751344faf67e429bb
CLIENT_TRAFFIC_SECRET_0 7dfbf615a513be6dd2e6bbf4c98039e590320a69779e237303f6acd14fead987 bfbb77f4ed08fa6bf2002d278ad136caeb23895885b5fc45eff47ce3a1207596
SERVER_TRAFFIC_SECRET_0 7dfbf615a513be6dd2e6bbf4c98039e590320a69779e237303f6acd14fead987 bbedaeeb54aecd221549afc23db842335808dcd5406dde97d17cfa67efb731c8
CLIENT_HANDSHAKE_TRAFFIC_SECRET 4a340667bce800c6409111ef39a074628eb68256176e14662a1a5dc3bf1f0665 a6c6930e48a228e987d8a607da092c7af8adb96212201f26a40535c1ced52d31
SERVER_HANDSHAKE_TRAFFIC_SECRET 4a340667bce800c6409111ef39a074628eb68256176e14662a1a5dc3bf1f0665 152eb73d7575f521e3231643e982fec3ea1797b053083746122c36dd5e9dc2a5
CLIENT_TRAFFIC_SECRET_0 4a340667bce800c6409111ef39a074628eb68256176e14662a1a5dc3bf1f0665 2f746d2ed1c3b20de43c645b24046faedccc44c8f82e4ead8500d6a1470a26a1
SERVER_TRAFFIC_SECRET_0 4a340667bce800c6409111ef39a074628eb68256176e14662a1a5dc3bf1f0665 38f1f1ed9f3181b73242794b2998e0fe550c653d634ddd350483e8d39449e8e0
CLIENT_HANDSHAKE_TRAFFIC_SECRET 71f16616426a11618bd3cc9fe0bbff0b2ee96485fea6d7a65d4ae75d381237b4 9f335c5708e47238a627047a09c2443c08dd1a898e746757684808207d25936a
SERVER_HANDSHAKE_TRAFFIC_SECRET 71f16616426a11618bd3cc9fe0bbff0b2ee96485fea6d7a65d4ae75d381237b4 a4faa5877a99110c2dca228f6f8716a36308ad692e0107f6e5a1aa4e7433dabf
CLIENT_TRAFFIC_SECRET_0 71f16616426a11618bd3cc9fe0bbff0b2ee96485fea6d7a65d4ae75d381237b4 cffb621f071340c5323b520e8180a0c46c29fa2f934edff55d3614cb225305cb
SERVER_TRAFFIC_SECRET_0 71f16616426a11618bd3cc9fe0bbff0b2ee96485fea6d7a65d4ae75d381237b4 cf05de2ba276d64f83aec67b0d86a55d165a3a7d09d5489918c79dd96f7a9398
CLIENT_HANDSHAKE_TRAFFIC_SECRET 3277afe472b7c0e93c17b00d0bad3ce8e1eefff00f57c2f514b73d2f0f7bd052 3e441e0fc3db1cc39d22034959fc1e99fdf3fb52827e85d375d5a325c73fb0c5
SERVER_HANDSHAKE_TRAFFIC_SECRET 3277afe472b7c0e93c17b00d0bad3ce8e1eefff00f57c2f514b73d2f0f7bd052 d5c9c1d5fa4ee2aee3b599f1b456a79afc5a9fb269cf5456c44f3e1658f4c79b
CLIENT_TRAFFIC_SECRET_0 3277afe472b7c0e93c17b00d0bad3ce8e1eefff00f57c2f514b73d2f0f7bd052 7eddcab9e7fd556b0d5fed572d6a8236731e2a9806e558effd23b45b0523edaf
SERVER_TRAFFIC_SECRET_0 3277afe472b7c0e93c17b00d0bad3ce8e1eefff00f57c2f514b73d2f0f7bd052 916b995dfa73532090b5337f9f3f92f1f9cc5692a22487d24e3ac368a1903b16
CLIENT_HANDSHAKE_TRAFFIC_SECRET 83792adbb20867e2662f96eee66fd2726f1ee791dc121cce860ec866f1ce78d4 9230d918c62160fd1e47be4aba8696cd4dd8601dfdc0ce4f3c6075b8581ef346
SERVER_HANDSHAKE_TRAFFIC_SECRET 83792adbb20867e2662f96eee66fd2726f1ee791dc121cce860ec866f1ce78d4 01e94e97afea191b191bead96eeea005900356962deb31606da1af1b7e73241d
CLIENT_TRAFFIC_SECRET_0 83792adbb20867e2662f96eee66fd2726f1ee791dc121cce860ec866f1ce78d4 fdefaccea56f850f34429c2fda9730cda40d96a00c9f8b5ea80580658e15689b
SERVER_TRAFFIC_SECRET_0 83792adbb20867e2662f96eee66fd2726f1ee791dc121cce860ec866f1ce78d4 8da9a6b98ef6fe3c5d57ca9c5904d40cad8100bba69b3b8474de6f30b44a0d2a
CLIENT_HANDSHAKE_TRAFFIC_SECRET bfbfc5b885d5864bc4491284ec17bbe000ccc3819bc358b41bf70e1564ab3326 dba24eee2d593a13f48cf7b9e0b09649d68e457f29e7d42547e14ab8e0c77aaa
SERVER_HANDSHAKE_TRAFFIC_SECRET bfbfc5b885d5864bc4491284ec17bbe000ccc3819bc358b41bf70e1564ab3326 6d22d322d1f44359966361f38340561589327e27d6c9d5fa2881cfc6f804aaef
CLIENT_TRAFFIC_SECRET_0 bfbfc5b885d5864bc4491284ec17bbe000ccc3819bc358b41bf70e1564ab3326 58d9fcc01a57060330da4732f5cc2e111df44d143e1ab68616cdde2315940744
SERVER_TRAFFIC_SECRET_0 bfbfc5b885d5864bc4491284ec17bbe000ccc3819bc358b41bf70e1564ab3326 c14a30ba665638dcb42217b709b300de8ec85612dd6c7da39f7b18b6d75b2520
CLIENT_HANDSHAKE_TRAFFIC_SECRET bdf94863e830025fa9b7ea18baec5e74dd51bdf7740beefaa13f1676f00aa927 cc1cd060c00ac643422da252a0169b936ba85e91e45597c5c3ef6e12fab41a5b
SERVER_HANDSHAKE_TRAFFIC_SECRET bdf94863e830025fa9b7ea18baec5e74dd51bdf7740beefaa13f1676f00aa927 54885f57a5d701926fd676d2918b443cd69f9744bbfb638297669e4b79c3f399
CLIENT_TRAFFIC_SECRET_0 bdf94863e830025fa9b7ea18baec5e74dd51bdf7740beefaa13f1676f00aa927 f449267dc16959f96c0f95e22dfad7b54e76f87a4b3700dcee84029b7f4a8146
SERVER_TRAFFIC_SECRET_0 bdf94863e830025fa9b7ea18baec5e74dd51bdf7740beefaa13f1676f00aa927 25cf68a66796d583ba6d1ead3d64d940763c2fb1678839758bd9045f00007fae
CLIENT_HANDSHAKE_TRAFFIC_SECRET 931c46954433c9202b079f246119a2e4bedbf9f5c4c889051da43002ae9888cb a53e88f3b28f1d3eb26a7f122a4beffd62b2b251124a61bce1c9bdd5976a5075
SERVER_HANDSHAKE_TRAFFIC_SECRET 931c46954433c9202b079f246119a2e4bedbf9f5c4c889051da43002ae9888cb da79b25e4ca0069c4c5b95b5b818aebedc48ad21302cfdacbe220b29335ba2eb
CLIENT_TRAFFIC_SECRET_0 931c46954433c9202b079f246119a2e4bedbf9f5c4c889051da43002ae9888cb da0c1f2db92d9811d448eac47e573be3f7d3c95010f4c226187966fab83201b7
SERVER_TRAFFIC_SECRET_0 931c46954433c9202b079f246119a2e4bedbf9f5c4c889051da43002ae9888cb b893ab7eb8761ee35b2bf069ef25a5f1fc8c79cf7fbcbcb6feb844d0a5db9147
CLIENT_HANDSHAKE_TRAFFIC_SECRET ca099fa908b5253411dc067ec26f5ec208cfbd764f6b06e8034d11a51c8ab90c 7c82787ef8f90322d166ec7acd25459547e1ca95f2009805bba111cc956c0533
SERVER_HANDSHAKE_TRAFFIC_SECRET ca099fa908b5253411dc067ec26f5ec208cfbd764f6b06e8034d11a51c8ab90c 1feaf1e28369847947d28c537c9d3b22d0a6af8355f107a5a04c13dc2c501d3d
CLIENT_TRAFFIC_SECRET_0 ca099fa908b5253411dc067ec26f5ec208cfbd764f6b06e8034d11a51c8ab90c 7ebd2db0b6a90c3520f549f9f1c3b7267062dc2451884775378b193a85af2908
SERVER_TRAFFIC_SECRET_0 ca099fa908b5253411dc067ec26f5ec208cfbd764f6b06e8034d11a51c8ab90c 0f1958a581bb86995e4f45ac12a82994fd00054d8893c3eb9280fd1dffddb406
CLIENT_HANDSHAKE_TRAFFIC_SECRET a1d551a8d58e234936a03058ccd66cddc1d87b88aa62f4fa18780d7ea8462069 4498496ec4a52326e964e3890d311911b297e2f7611de436bb74e2085fcc2467
SERVER_HANDSHAKE_TRAFFIC_SECRET a1d551a8d58e234936a03058ccd66cddc1d87b88aa62f4fa18780d7ea8462069 d04c3d3eafada769eebc5a4970c85bba375c2ea31cae688c9ca34135fba0239e
CLIENT_TRAFFIC_SECRET_0 a1d551a8d58e234936a03058ccd66cddc1d87b88aa62f4fa18780d7ea8462069 2ed2f4b4c441c0d00debdfd6fdb857cb99e6a625b424d329471243750fbf0a68
SERVER_TRAFFIC_SECRET_0 a1d551a8d58e234936a03058ccd66cddc1d87b88aa62f4fa18780d7ea8462069 78f32edec940b4fa2e1b74f018b8171dc271b0479d1b68da9d1d58ea4c19cce6
CLIENT_HANDSHAKE_TRAFFIC_SECRET d6c91bdef7b69993dba24a434c9ace56aad99db9d7339c653e777c20c0d9f3bc 60d601209fe331446fa3239cb23d1c6bdb28e7658733f62dc1edf7d99cb0b0c4
SERVER_HANDSHAKE_TRAFFIC_SECRET d6c91bdef7b69993dba24a434c9ace56aad99db9d7339c653e777c20c0d9f3bc 12ce6a2533fcfbab5aab8c321b749a970861ccfbd911e5ec7cef20e334e61adc
CLIENT_TRAFFIC_SECRET_0 d6c91bdef7b69993dba24a434c9ace56aad99db9d7339c653e777c20c0d9f3bc d76841271b96be3f59d1ac1d0d4b3a0bc1aa8edb6a87bd7e2d6c04b2298f87e8
SERVER_TRAFFIC_SECRET_0 d6c91bdef7b69993dba24a434c9ace56aad99db9d7339c653e777c20c0d9f3bc ec947dccd73a2384a9c4f543dc1df032200a1a75a9eeccc752ec25d03bb3de81
CLIENT_HANDSHAKE_TRAFFIC_SECRET c443f0b0dd54b981e61d31cb0f9b3f72a9c83925e3312e5c7ef6c4bfc58acfde 20b59fbad73507c292940e2b33f96d43ecb9a68778ee0dafdc8f8608afed1407
SERVER_HANDSHAKE_TRAFFIC_SECRET c443f0b0dd54b981e61d31cb0f9b3f72a9c83925e3312e5c7ef6c4bfc58acfde 2e3ee46e506030c027290b2c1524cfafa94b93f02208e958d30b08a5ec7475cf
CLIENT_TRAFFIC_SECRET_0 c443f0b0dd54b981e61d31cb0f9b3f72a9c83925e3312e5c7ef6c4bfc58acfde a3bc9ac1ef8df18079de0140ef245d8a388b09446be95094abed5edc5799fc7d
SERVER_TRAFFIC_SECRET_0 c443f0b0dd54b981e61d31cb0f9b3f72a9c83925e3312e5c7ef6c4bfc58acfde 6c3986409899093d838b240f5263edda7d4ca80b2b09153180257227d5828a86
CLIENT_HANDSHAKE_TRAFFIC_SECRET be66dc3ff707319aa9efb24ef58c7c6c31a4c62fcb5521a71312b7bcccb136e1 646d050c8a2351234eb0eb9d1e1a748495df0b2d93281f4da78d90442dd8b5c5
SERVER_HANDSHAKE_TRAFFIC_SECRET be66dc3ff707319aa9efb24ef58c7c6c31a4c62fcb5521a71312b7bcccb136e1 0b59356b7e87c7750c616187d561f62f7bf7b9aa7319b0f25771b5ef04a97c85
CLIENT_TRAFFIC_SECRET_0 be66dc3ff707319aa9efb24ef58c7c6c31a4c62fcb5521a71312b7bcccb136e1 a96215f434f03e9fc5c9fcaeefbfdf94dd909f125b837b90a5d7ec08ede6cf7b
SERVER_TRAFFIC_SECRET_0 be66dc3ff707319aa9efb24ef58c7c6c31a4c62fcb5521a71312b7bcccb136e1 9849ca645a4c94982c35ec17f9de180172712b988140eb3b4cc55ee98fcfb631
CLIENT_HANDSHAKE_TRAFFIC_SECRET b8f1500d10e3c533798d86af256b16e988a8f66737653d6c1f80917f02af5510 55f7324d4e141cc1e565d5ac9eca513936b0a12e692abce8802bb3d12802bcda
SERVER_HANDSHAKE_TRAFFIC_SECRET b8f1500d10e3c533798d86af256b16e988a8f66737653d6c1f80917f02af5510 344234703c41372f812f92702372a91dbf6246dc3770a4f551206f485fd3b4f3
CLIENT_TRAFFIC_SECRET_0 b8f1500d10e3c533798d86af256b16e988a8f66737653d6c1f80917f02af5510 ff2e62246d059f910e4ab13dc34ddae31001ce7341714d1125ef0dcd8c7723a8
SERVER_TRAFFIC_SECRET_0 b8f1500d10e3c533798d86af256b16e988a8f66737653d6c1f80917f02af5510 0cc5f0c6ab77d17f663a55dd528ff1c881ac65fcdc7e2e2b74cbb44cda644aa2
CLIENT_HANDSHAKE_TRAFFIC_SECRET b3cc411b70daa1168d120474fdfc1e089e14efef7497106e2f1580ef565595c3 afd98ba3fb503f30c860f27b08d03f74a64d86a63b1e208ae2fa6a534d3d80aa
SERVER_HANDSHAKE_TRAFFIC_SECRET b3cc411b70daa1168d120474fdfc1e089e14efef7497106e2f1580ef565595c3 db908d98d7e382bb9a6a59924071fd4fa97ddf754ee3fce912732628260a724e
CLIENT_TRAFFIC_SECRET_0 b3cc411b70daa1168d120474fdfc1e089e14efef7497106e2f1580ef565595c3 ede5c20f6b1b0cb1ad8dedce31fde67d05226e21883158373968b618ab6abf44
SERVER_TRAFFIC_SECRET_0 b3cc411b70daa1168d120474fdfc1e089e14efef7497106e2f1580ef565595c3 1b8940a4be377fd3fe8e05590eea608072259cc11a456fc28c9265fde6e0bcf4
CLIENT_HANDSHAKE_TRAFFIC_SECRET 3799f56b73c90a53a0c268d81821b8f4f7aa260dc784a4b091a04813153d51b3 e2fbf292d7811c831bba8d7154c57d8cd9e9a2055678c2c9d6c131025386a152
SERVER_HANDSHAKE_TRAFFIC_SECRET 3799f56b73c90a53a0c268d81821b8f4f7aa260dc784a4b091a04813153d51b3 da42ee5504e5bcfe06b475545b56518529e7e04b4f9fa5a877fff85abdd5973b
CLIENT_TRAFFIC_SECRET_0 3799f56b73c90a53a0c268d81821b8f4f7aa260dc784a4b091a04813153d51b3 1506ea9974793c5665167fb9b09455bb77ca78f8ca90bc49a1a2fc78d8ccc8b3
SERVER_TRAFFIC_SECRET_0 3799f56b73c90a53a0c268d81821b8f4f7aa260dc784a4b091a04813153d51b3 19855b7e8a97af5e9551b74a6b7fb94a5efb778abdb0ac0e9b2c971458f5da89
CLIENT_HANDSHAKE_TRAFFIC_SECRET f89cdcf4cd154f855bd5bf3dc91ed39e912803052083ee1ad8792542f645706b ba78b8f5d0417b5ccfd9d9feb675e139a3717cf77c9c2c28b43323afdcc7d009
SERVER_HANDSHAKE_TRAFFIC_SECRET f89cdcf4cd154f855bd5bf3dc91ed39e912803052083ee1ad8792542f645706b 736a2e2f448dfb21708bfacaa35e6f23fe3ef16bb2184d764e7284cb03266657
CLIENT_TRAFFIC_SECRET_0 f89cdcf4cd154f855bd5bf3dc91ed39e912803052083ee1ad8792542f645706b 346996500c1041cd1a707a2503268034f918594f7f499002222d341849dead2b
SERVER_TRAFFIC_SECRET_0 f89cdcf4cd154f855bd5bf3dc91ed39e912803052083ee1ad8792542f645706b 50544bae81413eeffd23a1e0beb3954bb246bcabea149693c302ea0fd18ad709
CLIENT_HANDSHAKE_TRAFFIC_SECRET 742d43cee6f8a1c347e30fbda55eee8b94c953d93ce8437901f45dce1bd32872 06df6b05ff4633ad1699bcdd3a0d6683ce267c0c83fb8c08ba6c715ae2f98f84
SERVER_HANDSHAKE_TRAFFIC_SECRET 742d43cee6f8a1c347e30fbda55eee8b94c953d93ce8437901f45dce1bd32872 1f3e2bbe808081c5ebd542b2e5fe3a67a80658018a96561d6cce716c358018e7
CLIENT_TRAFFIC_SECRET_0 742d43cee6f8a1c347e30fbda55eee8b94c953d93ce8437901f45dce1bd32872 517a6f669ea18fd80894e9cb9c2b7a913da05f924ca1b6f0789cd862fff6876a
SERVER_TRAFFIC_SECRET_0 742d43cee6f8a1c347e30fbda55eee8b94c953d93ce8437901f45dce1bd32872 84284f2e7d4b3dec809d7a371836b7bad4af005d283737a1f350c140417cff45
CLIENT_HANDSHAKE_TRAFFIC_SECRET dbc12f1541bb755d0cc76decd5373d962d53a08e043ebba7ca9a48c29e964067 d65f162027d385e3f23972554c5b371fd3321ede4d169c3e98e449c6a3a31d94
SERVER_HANDSHAKE_TRAFFIC_SECRET dbc12f1541bb755d0cc76decd5373d962d53a08e043ebba7ca9a48c29e964067 6adb0296290141770fd77b55855f2914783df1a16339873980abc47a7af29b0b
CLIENT_TRAFFIC_SECRET_0 dbc12f1541bb755d0cc76decd5373d962d53a08e043ebba7ca9a48c29e964067 33480b5f50a9d804022ad20e515e800d00a44ea1df16f457e9c34d97c841ca22
SERVER_TRAFFIC_SECRET_0 dbc12f1541bb755d0cc76decd5373d962d53a08e043ebba7ca9a48c29e964067 39845f0dc515c7fe409400c27c0d5c00091acbc155911a958edab2499eaa7a72
CLIENT_HANDSHAKE_TRAFFIC_SECRET df5ba81fef101112c96023e3bf2f25f70fa5754116d88d2aab913d40cbfd0f3a 74af0767edf764dc963b5d649711372ff9a24a6605a039a19e99e4ab7de4c9cf
SERVER_HANDSHAKE_TRAFFIC_SECRET df5ba81fef101112c96023e3bf2f25f70fa5754116d88d2aab913d40cbfd0f3a e887ad8ed01794ff26f188d7e05919653af00b76a5407a8853d6e5e3fd99d469
CLIENT_TRAFFIC_SECRET_0 df5ba81fef101112c96023e3bf2f25f70fa5754116d88d2aab913d40cbfd0f3a 67b53bc7dc0f9b499d2aacdfe9124d8907e885e4917e038f4ab886914b2d6764
SERVER_TRAFFIC_SECRET_0 df5ba81fef101112c96023e3bf2f25f70fa5754116d88d2aab913d40cbfd0f3a 199fd03f28a6c3fafed82ddfe37da8996ca17c34165d7032d3e21421c442f6a8
CLIENT_HANDSHAKE_TRAFFIC_SECRET 778df99da10b94eae4a65ce17508ae2967cbcd013cd540bc918382e3a9116b9d e19b3a61378bcad6bc1bcd5ebca6b56ab26665ae21875c6a46eed39d1c506377
SERVER_HANDSHAKE_TRAFFIC_SECRET 778df99da10b94eae4a65ce17508ae2967cbcd013cd540bc918382e3a9116b9d 35badf41f8cc624963abb2ce239fb41ca68205a653d48f4cd125ffc97f590f58
CLIENT_TRAFFIC_SECRET_0 778df99da10b94eae4a65ce17508ae2967cbcd013cd540bc918382e3a9116b9d 2d705b74191891cd2b64f210e81833c78d6ba901ae45e1db5d18bf621b844eb3
SERVER_TRAFFIC_SECRET_0 778df99da10b94eae4a65ce17508ae2967cbcd013cd540bc918382e3a9116b9d a21c65c7553651edae42a1e8b1c4c837d2347715b25c1b01407bfb82b13db33f
CLIENT_HANDSHAKE_TRAFFIC_SECRET 4d7c739149d630d33762dd7a7190bbc9882c136475789ef1c6e8a774e406da23 5687b2007c0cad07872e47e8c5a3933366152220fcdd3bc0dc2394f1a05a005d
SERVER_HANDSHAKE_TRAFFIC_SECRET 4d7c739149d630d33762dd7a7190bbc9882c136475789ef1c6e8a774e406da23 a6aa6bc0ede13000e704817be7bdffe171b9f1590b60202152d1afa865f797c9
CLIENT_TRAFFIC_SECRET_0 4d7c739149d630d33762dd7a7190bbc9882c136475789ef1c6e8a774e406da23 cbd115a07bac2995c6b9d87b4f64fa99115d8f73950bdbfbdc807bb1ba0ec2bb
SERVER_TRAFFIC_SECRET_0 4d7c739149d630d33762dd7a7190bbc9882c136475789ef1c6e8a774e406da23 cb180f93f2c33b83f63584b93a43a88493ec612f6931bc13217be6b83136e671
CLIENT_HANDSHAKE_TRAFFIC_SECRET c6796169c848d98d42b73d7794f6da02c042bd33f5ee0ca4a1787638109b6c84 c404c2ec6e62401cd2d8e7ca948984bc8edd67f746ff4ec91e81c7341a74274f
SERVER_HANDSHAKE_TRAFFIC_SECRET c6796169c848d98d42b73d7794f6da02c042bd33f5ee0ca4a1787638109b6c84 d3a5f4420aa99cc9edd6e8bda6732177d618d9105e7369d8b6a4fbdc1554b926
CLIENT_TRAFFIC_SECRET_0 c6796169c848d98d42b73d7794f6da02c042bd33f5ee0ca4a1787638109b6c84 b164b884244144a8991bf4bafd1a6235efcef5637aa1e5b73e92d62dbdfeac4c
SERVER_TRAFFIC_SECRET_0 c6796169c848d98d42b73d7794f6da02c042bd33f5ee0ca4a1787638109b6c84 d57133936133197963bd3b2428338dc3fac18ff69b2c428707355f2d59ab8229
CLIENT_HANDSHAKE_TRAFFIC_SECRET d2cc4c9f2b44adb1f2bf7345255608dc005da1c0ea569e3dc0ed9222fe313f0f 5f491b5a06b112cecc857ec440759b3aabcea7b95d97d943037eaa31deb1b570
SERVER_HANDSHAKE_TRAFFIC_SECRET d2cc4c9f2b44adb1f2bf7345255608dc005da1c0ea569e3dc0ed9222fe313f0f b8c991f3cd64203205c29cdebbb61e3e4fa5039b0b14951585820bbff5d7e09d
CLIENT_TRAFFIC_SECRET_0 d2cc4c9f2b44adb1f2bf7345255608dc005da1c0ea569e3dc0ed9222fe313f0f a577b71de0a89c70d2318fe92b21df2918a7beb54e089dbe1b8e89c85b3aef85
SERVER_TRAFFIC_SECRET_0 d2cc4c9f2b44adb1f2bf7345255608dc005da1c0ea569e3dc0ed9222fe313f0f 94bd4d4e52d7bc36453d349c0dfb0b2e9e18496108f3eab3c5e5972e11376add
CLIENT_HANDSHAKE_TRAFFIC_SECRET 155b46093e345b68a366cf690a466842434bce74e708f12944c7ea1c986708dc 0be5310d52b77d679c8bcedab98070a34c6da5a6ff7947d342124b5855e25a9f
SERVER_HANDSHAKE_TRAFFIC_SECRET 155b46093e345b68a366cf690a466842434bce74e708f12944c7ea1c986708dc 5587a6568d67634588653943111a95d5bcc5e9b0cc8a8fff66546e228d2199aa
CLIENT_TRAFFIC_SECRET_0 155b46093e345b68a366cf690a466842434bce74e708f12944c7ea1c986708dc fb6bea54c4050c42c86dcf885764fdac2f8f9a4cebe2d4c73c14d97d953db70e
SERVER_TRAFFIC_SECRET_0 155b46093e345b68a366cf690a466842434bce74e708f12944c7ea1c986708dc 03bbb209a9c6c82a827e4c50baab299af2175194eb773461f474406f14e4f758
CLIENT_HANDSHAKE_TRAFFIC_SECRET 0b7bbc084116467f53e86eda97f96acbacffa7dc5d8c1a5459e3877fe3bf1060 57155c3e714365263ea08cb97814464e77913d844b83e54d989d3d971b7748dc
SERVER_HANDSHAKE_TRAFFIC_SECRET 0b7bbc084116467f53e86eda97f96acbacffa7dc5d8c1a5459e3877fe3bf1060 6c6b41b7af1e1c1de184e40bb02b57ae1e41376e54457e164987c83cc443c4f2
CLIENT_TRAFFIC_SECRET_0 0b7bbc084116467f53e86eda97f96acbacffa7dc5d8c1a5459e3877fe3bf1060 67f542c6d6ec41a20a097edce3e95a2eaccefaf150872721710885da69631a8c
SERVER_TRAFFIC_SECRET_0 0b7bbc084116467f53e86eda97f96acbacffa7dc5d8c1a5459e3877fe3bf1060 25a2bb978f08066e7ab61ef105b758e19379b9882ca0ad41e70795d0c51e53b2
CLIENT_HANDSHAKE_TRAFFIC_SECRET be39a3fbd18438a78c99965d757d4462badc6a54c303e9b789ff2345f4418ded 0826002bab108ba081dddc90b0682f172c5ce69f4ad71a77ad9e93ff2b25eabd
SERVER_HANDSHAKE_TRAFFIC_SECRET be39a3fbd18438a78c99965d757d4462badc6a54c303e9b789ff2345f4418ded be034a4fcdd002b89e6d5bdd37e11cddc0a87c2591ef383099ec2ce01a2e93c6
CLIENT_TRAFFIC_SECRET_0 be39a3fbd18438a78c99965d757d4462badc6a54c303e9b789ff2345f4418ded 3388beff8ff643a7221314a4b2154ca0c00b0213bb7d464771318c335dd77f5b
SERVER_TRAFFIC_SECRET_0 be39a3fbd18438a78c99965d757d4462badc6a54c303e9b789ff2345f4418ded 04fd3fbdab4e1306e192f70ac48838efb18311828918eb21d3c2d7f43fec6d4f
CLIENT_HANDSHAKE_TRAFFIC_SECRET 51e2ddf882e8c7acb330f382721084916cddbee93db2feb9f754cdedbcb75265 48bf2f54d3999070dc5142f7f7cf89d594090328296b8101491f5abb44601166
SERVER_HANDSHAKE_TRAFFIC_SECRET 51e2ddf882e8c7acb330f382721084916cddbee93db2feb9f754cdedbcb75265 7e017887ac10c16bce3fa5630846a481f644a1d55ba05f5ac30b3a7a57b837a6
CLIENT_TRAFFIC_SECRET_0 51e2ddf882e8c7acb330f382721084916cddbee93db2feb9f754cdedbcb75265 7cfc2729a902e722e5360cc31b24dd3cf47bd87873c0c9dc907ad33a80a288d5
SERVER_TRAFFIC_SECRET_0 51e2ddf882e8c7acb330f382721084916cddbee93db2feb9f754cdedbcb75265 3922daaa48042542eb5025c818db94a44217d19b6ced1b0036db660fe1dd1ece
CLIENT_HANDSHAKE_TRAFFIC_SECRET 3668df68b85fd72d5d0e175991e95e5751719f17bb4d23c848f36dfc4474b064 734cf19cb10c69e45685845091063c308d491e017fb29f582c20cdaf2827e05f
SERVER_HANDSHAKE_TRAFFIC_SECRET 3668df68b85fd72d5d0e175991e95e5751719f17bb4d23c848f36dfc4474b064 54eaea4a122064ef4b2bf47bbf85f0346b9058b24607d398eec8ab9cfed857fd
CLIENT_TRAFFIC_SECRET_0 3668df68b85fd72d5d0e175991e95e5751719f17bb4d23c848f36dfc4474b064 4f61e021ab3fdcecb0b2c4d3181550b655afb25e2808701f9424a068459535b6
SERVER_TRAFFIC_SECRET_0 3668df68b85fd72d5d0e175991e95e5751719f17bb4d23c848f36dfc4474b064 3518b07137e8abcea9da843524dddb41d74c3a5ef034e8518bddbd668409ac19
CLIENT_HANDSHAKE_TRAFFIC_SECRET 4bd5fb3fe6c46897e53f4ed8da23fc53ea77828c13204d1a722db6e26ab71696 a9a625e84841d827e2aa6bf9832e891cd31520ff9d65bb5e003339d359286dc0
SERVER_HANDSHAKE_TRAFFIC_SECRET 4bd5fb3fe6c46897e53f4ed8da23fc53ea77828c13204d1a722db6e26ab71696 61d5cc6eb0cd34d595173eb94ad69f0a4e9593307e39845abcce9818f791de7c
CLIENT_TRAFFIC_SECRET_0 4bd5fb3fe6c46897e53f4ed8da23fc53ea77828c13204d1a722db6e26ab71696 42363f44cf1494ce691817e9644275c45a24213139c07603f91d9c8a9e37519c
SERVER_TRAFFIC_SECRET_0 4bd5fb3fe6c46897e53f4ed8da23fc53ea77828c13204d1a722db6e26ab71696 faa6e05524dabe9a45ade31ed8995e47e0010ce87c85aedc21c83739e3429314
CLIENT_HANDSHAKE_TRAFFIC_SECRET 8517389e72c3e2a581ddd87c4810e259871e4d99debc3a9850035bd736485a1d 27170b6f9a70d0784d9cd36342c070a38ba783b38ff9644b7d44267c0c6b254f
SERVER_HANDSHAKE_TRAFFIC_SECRET 8517389e72c3e2a581ddd87c4810e259871e4d99debc3a9850035bd736485a1d 6cf3041fb9b995e0852176444c5a2b39ed76e5834937f9e0853d127af4fe9486
CLIENT_TRAFFIC_SECRET_0 8517389e72c3e2a581ddd87c4810e259871e4d99debc3a9850035bd736485a1d 42dbfdedc6844dc51a391a34798e2a7cae755c1ea63b73a53671c4d640043003
SERVER_TRAFFIC_SECRET_0 8517389e72c3e2a581ddd87c4810e259871e4d99debc3a9850035bd736485a1d ed2aa5e7b3538b95ec5a5ae442e2b1f72891559bf3c2c1a1ae6b5cd68bc2ec50
CLIENT_HANDSHAKE_TRAFFIC_SECRET 93e26a95caff390d2ef1ea1af2d2c5f60f85b1cd29ff7c5f49506d9d47c8b5c0 3df105b8d1a1ac6b219db0da114f991008d0889c06d28c5e8ddfdb752e9ca5d2
SERVER_HANDSHAKE_TRAFFIC_SECRET 93e26a95caff390d2ef1ea1af2d2c5f60f85b1cd29ff7c5f49506d9d47c8b5c0 d89a1ab057ac5414695e70a0989f32f80a793bc737ed1b3c5395db68908564ca
CLIENT_TRAFFIC_SECRET_0 93e26a95caff390d2ef1ea1af2d2c5f60f85b1cd29ff7c5f49506d9d47c8b5c0 cfe34d089519cd5e8bde22c3d173275cc8d357b179f1d6c541efdbf6a8b73ab1
SERVER_TRAFFIC_SECRET_0 93e26a95caff390d2ef1ea1af2d2c5f60f85b1cd29ff7c5f49506d9d47c8b5c0 32e1c183265de1c1695522e23c8c49b6274584dbda51cf85aa0e20fd1895c05e
CLIENT_HANDSHAKE_TRAFFIC_SECRET 399f65605d7b8895c2c2aac3b2527efa0393f4ee9ff66032cd5be5e8d9511089 e0eee6b83b2e7505af8933e7aef5f2ccdf735ce5f2d0c013173275285a54ba84
SERVER_HANDSHAKE_TRAFFIC_SECRET 399f65605d7b8895c2c2aac3b2527efa0393f4ee9ff66032cd5be5e8d9511089 84bf3073695b44c7f874855775f40ab92ee68f649a00b03aa2364b3ad5430ce1
CLIENT_TRAFFIC_SECRET_0 399f65605d7b8895c2c2aac3b2527efa0393f4ee9ff66032cd5be5e8d9511089 c5917dba0590b0bb0fde9b3372c413fcfa21b2462c0d6c88796491ade62d4901
SERVER_TRAFFIC_SECRET_0 399f65605d7b8895c2c2aac3b2527efa0393f4ee9ff66032cd5be5e8d9511089 2c0c924a5c80ba035953f0fe7a3f5ce28543bc663fc4eae6cdc50dedbbee98c5
CLIENT_HANDSHAKE_TRAFFIC_SECRET 7ad9b7426fadacc65fe726b4545eefd61befcd1a3bbe77de8fa31a5f4f5fcd78 b4e80cad633660b309dc2b65769a5ba51b36f6c1ed2b03a3746a03ca40f137ac
SERVER_HANDSHAKE_TRAFFIC_SECRET 7ad9b7426fadacc65fe726b4545eefd61befcd1a3bbe77de8fa31a5f4f5fcd78 4ca039598e906d7cbca0893dc09eed6e8ebb0376b02b409820f5dab8365cea0f
CLIENT_TRAFFIC_SECRET_0 7ad9b7426fadacc65fe726b4545eefd61befcd1a3bbe77de8fa31a5f4f5fcd78 5527b2880ac005d34f64d9ffc4b2f56742ab3eb649f9b03011ce49b3ea2922f2
SERVER_TRAFFIC_SECRET_0 7ad9b7426fadacc65fe726b4545eefd61befcd1a3bbe77de8fa31a5f4f5fcd78 1b7661713207889761a833b48494c431f2c80b0d8a935d2307d011e82c67bacd
CLIENT_HANDSHAKE_TRAFFIC_SECRET f45618a62ece2fa737749492606ec7f01a64b955512a2c8b926d71da24f19385 7d350ef19d66589e91f837b4af4e62797bbafa464a2d5d25336d3691cc40378a
SERVER_HANDSHAKE_TRAFFIC_SECRET f45618a62ece2fa737749492606ec7f01a64b955512a2c8b926d71da24f19385 aa3574ca0d8808d9e6e6b68fd5ede4fc6899b05c643af1264fd2cbb260119fae
CLIENT_TRAFFIC_SECRET_0 f45618a62ece2fa737749492606ec7f01a64b955512a2c8b926d71da24f19385 cc6384aaf40408394e1b42198492b418167f5e3d47332fe5a812223f542a1d43
SERVER_TRAFFIC_SECRET_0 f45618a62ece2fa737749492606ec7f01a64b955512a2c8b926d71da24f19385 3f91819dc34582ddfbbe75cde71c3af5a77bdc80295e956f0f5e05573a9750b1
CLIENT_HANDSHAKE_TRAFFIC_SECRET 41a6434b97aa49b22ae11a74b0b57f49f98a6d029e2d2b83db62449c12ac652a 5723af3983ef72f6dee9520bb5bea16bfeb3a39a159a1edc352414874976e461
SERVER_HANDSHAKE_TRAFFIC_SECRET 41a6434b97aa49b22ae11a74b0b57f49f98a6d029e2d2b83db62449c12ac652a 54da3dbe4547272f4c119fec1976f070c7dcd0a89bd8e1d3c93278e65896820c
CLIENT_TRAFFIC_SECRET_0 41a6434b97aa49b22ae11a74b0b57f49f98a6d029e2d2b83db62449c12ac652a 12fe6403482c2d7a392844bdcfabb4fd8d2e897265a393703008ef401780a71b
SERVER_TRAFFIC_SECRET_0 41a6434b97aa49b22ae11a74b0b57f49f98a6d029e2d2b83db62449c12ac652a 095aaaeee1342e214327b181ea807e1b84df5cec0a24eabaf3556dd8ee7f1e3e
CLIENT_HANDSHAKE_TRAFFIC_SECRET 33186624edb981c4854364f1685f38b8b0c11966dbe22a7ae9d2eb1e6cbbc4f2 8e3f67ccc1aedece70c87520fb87ebdf320a128c0172c17e431964fa3e2c06ed
SERVER_HANDSHAKE_TRAFFIC_SECRET 33186624edb981c4854364f1685f38b8b0c11966dbe22a7ae9d2eb1e6cbbc4f2 4b33cab3f0f09b93c5624cd07727fad6587a4ac391591dc635530bb3fef5e3fc
CLIENT_TRAFFIC_SECRET_0 33186624edb981c4854364f1685f38b8b0c11966dbe22a7ae9d2eb1e6cbbc4f2 950fc6a9cd28eacef615a758ec1e2e725f1c3ae8be1287af2b8b9aee941242b4
SERVER_TRAFFIC_SECRET_0 33186624edb981c4854364f1685f38b8b0c11966dbe22a7ae9d2eb1e6cbbc4f2 3a33c210dbbb1423d200bc50a30410473e55476bd8bec11d4e0bf92284ea500e
CLIENT_HANDSHAKE_TRAFFIC_SECRET 53996422c2548f36456d976e31724cfbeb778c7a6e638e535f501b4264c656c3 d95d27f9a78608cee91ed95f363b850b4c620e24d85f7fb6969dd7ef26ac8d16
SERVER_HANDSHAKE_TRAFFIC_SECRET 53996422c2548f36456d976e31724cfbeb778c7a6e638e535f501b4264c656c3 e5c442b8f5e52d854eb9ab39759d4a9a3113ecfdc646a6b7e121e732a687ec36
CLIENT_TRAFFIC_SECRET_0 53996422c2548f36456d976e31724cfbeb778c7a6e638e535f501b4264c656c3 cf2e1c299c26928ad72a5e0a6dd3224444f4b76ff1bd2b91be6252a01fe900d8
SERVER_TRAFFIC_SECRET_0 53996422c2548f36456d976e31724cfbeb778c7a6e638e535f501b4264c656c3 929b0320198c257fdb38c78908972a7dbfe4f3d78d810626241982b60c13a62b
CLIENT_HANDSHAKE_TRAFFIC_SECRET a3e02a95007acf189a79413ea7dd30c73cac27dd996ae6c4875084b90d5d8d11 5208256d93f58dcbe1ce371a286f1c80e22c4daf9ec8430bfc47fec426461638
SERVER_HANDSHAKE_TRAFFIC_SECRET a3e02a95007acf189a79413ea7dd30c73cac27dd996ae6c4875084b90d5d8d11 7c8b39f438569025aa5ee57c9df829c0b1641a614c5a5d0b5c88e675d7e71e5d
CLIENT_TRAFFIC_SECRET_0 a3e02a95007acf189a79413ea7dd30c73cac27dd996ae6c4875084b90d5d8d11 3ec98f4eaf69b17ffd26b47946c8dfb9ef38bd56289b9a72f5668f70b8bdb043
SERVER_TRAFFIC_SECRET_0 a3e02a95007acf189a79413ea7dd30c73cac27dd996ae6c4875084b90d5d8d11 a4e85feae338207d2e0f518f97e4eb2a7a8d72d2774d8297138a7259cbe13da6
CLIENT_HANDSHAKE_TRAFFIC_SECRET 3f5bedf1f71fee6f7f2ed8d7a6a53fc0d07d03abe334491b030a370d9c678d7b 8454c93db1f70c6f97f179b716a53f7ee346a12330986d2ca791bfe297ac8966
SERVER_HANDSHAKE_TRAFFIC_SECRET 3f5bedf1f71fee6f7f2ed8d7a6a53fc0d07d03abe334491b030a370d9c678d7b aec0395dd63d634215b1f07758f98e9d06eea815fbb98aec96008f059495e285
CLIENT_TRAFFIC_SECRET_0 3f5bedf1f71fee6f7f2ed8d7a6a53fc0d07d03abe334491b030a370d9c678d7b daced96f79053c5a1c433e29ee57d2a5334e90fab87e5cb67b627f501da7fc7c
SERVER_TRAFFIC_SECRET_0 3f5bedf1f71fee6f7f2ed8d7a6a53fc0d07d03abe334491b030a370d9c678d7b 8d0517f4d130c70619947025eb3ba16e31c8f92d5ec30b6f2a8880f8533e3c78
CLIENT_HANDSHAKE_TRAFFIC_SECRET 28e1af7205721e2ebcdde6e41f78aebf5c59871d10339db1dbf9a134a5b503b6 ef2f9f2057981e837857e654e82260cd6a1432a61343a5d9103a5937823f3a8c
SERVER_HANDSHAKE_TRAFFIC_SECRET 28e1af7205721e2ebcdde6e41f78aebf5c59871d10339db1dbf9a134a5b503b6 c2c4fbebb792b7f0c1b68e35d9095cc2d2190ceeaa81b2573609f99937f01302
CLIENT_TRAFFIC_SECRET_0 28e1af7205721e2ebcdde6e41f78aebf5c59871d10339db1dbf9a134a5b503b6 95b53f13dbd17bc6bc39624babcfdbb6ebbcd6653e8b7c4727f0c5c2f0adbeed
SERVER_TRAFFIC_SECRET_0 28e1af7205721e2ebcdde6e41f78aebf5c59871d10339db1dbf9a134a5b503b6 c604c4d345f7405d1128d5508fe74f0a007e00a194dbbf093f465d1117b04868
CLIENT_HANDSHAKE_TRAFFIC_SECRET 726f0dcc1ba977571603aad4efbb6f8d1b9d21239023986c9b6408124d693d89 89fb50923f2a1e16d5b7ef42ca135b8797c24172f9eb8c85ca248199861fc9b9
SERVER_HANDSHAKE_TRAFFIC_SECRET 726f0dcc1ba977571603aad4efbb6f8d1b9d21239023986c9b6408124d693d89 f183d22bc114aee0442fca81c3cc52cdfe5fda9cd8655ddf223f1654a09439eb
CLIENT_TRAFFIC_SECRET_0 726f0dcc1ba977571603aad4efbb6f8d1b9d21239023986c9b6408124d693d89 23ddc7836c54fd50651e09b36a5867a83464705555e1c96dad78bdd9ba7907a5
SERVER_TRAFFIC_SECRET_0 726f0dcc1ba977571603aad4efbb6f8d1b9d21239023986c9b6408124d693d89 ddf343aed0b447d6df3d6682bc81795ad6b467bc6ffc1b7d333efb4462e12ace
CLIENT_HANDSHAKE_TRAFFIC_SECRET 217918676334a0cd4df2167b0fd9fd83f3678ef9d960e90994e54faabb169cf5 f1c70146e4827f059002b0787dea2a45bdb1d03cd7f861153f466a275d9732f2
SERVER_HANDSHAKE_TRAFFIC_SECRET 217918676334a0cd4df2167b0fd9fd83f3678ef9d960e90994e54faabb169cf5 5e2516e0d885bfd07b96674363fbea70c022a307c47afc1a76f46dca0915f797
CLIENT_TRAFFIC_SECRET_0 217918676334a0cd4df2167b0fd9fd83f3678ef9d960e90994e54faabb169cf5 3ac0e405dc6a20eef9f67d85ec12e1178359802fa03f4a84b3b8786cf30646e3
SERVER_TRAFFIC_SECRET_0 217918676334a0cd4df2167b0fd9fd83f3678ef9d960e90994e54faabb169cf5 b87752080294117149cdc111bf53f89e15751edda96a6c518a53d00342f6f335
CLIENT_HANDSHAKE_TRAFFIC_SECRET 8e8aa6ed5f2f94dfef76e3de1e65105b16d748a9ba4700d568e4ff2bfaa93b19 4969421943fb4facf3d0bda0ef2b88bdb438c0ea90eb429fe3eefa8fede18fec
SERVER_HANDSHAKE_TRAFFIC_SECRET 8e8aa6ed5f2f94dfef76e3de1e65105b16d748a9ba4700d568e4ff2bfaa93b19 cb7ae8b81c70cd2293f5f939d657b9caa4a6cd7b2fb582992fed921a4576556d
CLIENT_TRAFFIC_SECRET_0 8e8aa6ed5f2f94dfef76e3de1e65105b16d748a9ba4700d568e4ff2bfaa93b19 149ee4411d1207cabaa89385f529e38e40bc5bf4ebb9a13bf3d0862b2ef0cfdc
SERVER_TRAFFIC_SECRET_0 8e8aa6ed5f2f94dfef76e3de1e65105b16d748a9ba4700d568e4ff2bfaa93b19 f92700106f9e8c59d5d203132114b65a9f0e440b19651c3ad65b2e760ac6e5dc
CLIENT_HANDSHAKE_TRAFFIC_SECRET dd6d65a9097ec8f357a2fc9323f1a3676a24b2510953efa1e732f6367007b9fd 93630e28b9e4197e6aa920c16e70c71294716dc43f858fd4eb81f2e2bf611dd4
SERVER_HANDSHAKE_TRAFFIC_SECRET dd6d65a9097ec8f357a2fc9323f1a3676a24b2510953efa1e732f6367007b9fd 6498b6523cde64641b57911cdd7159fa4f63837bd804367acac9b9c66fed9ec2
CLIENT_TRAFFIC_SECRET_0 dd6d65a9097ec8f357a2fc9323f1a3676a24b2510953efa1e732f6367007b9fd 330dda99d79935dc1f67ae820a17d78efe77f0a9ebdba1c9adb43e9fae9056b5
SERVER_TRAFFIC_SECRET_0 dd6d65a9097ec8f357a2fc9323f1a3676a24b2510953efa1e732f6367007b9fd a1ddc2172a777ee7a175cdec84be609551674f64e64bc2bfb893a3e1184ae2c6
CLIENT_HANDSHAKE_TRAFFIC_SECRET 0bec0887cf8a5cec3b224f3069894c6de94519b5ebd2b8930b1e0b425b47afc4 10965468e4cd596072a3d5a21d1d0261316bea4ac3d51aef0b310ebce78f1a9c
SERVER_HANDSHAKE_TRAFFIC_SECRET 0bec0887cf8a5cec3b224f3069894c6de94519b5ebd2b8930b1e0b425b47afc4 3c6dc746ce7d291bde1152f1adec7f369121cc9c86ba91eaff36f4a4b5a8cde6
CLIENT_TRAFFIC_SECRET_0 0bec0887cf8a5cec3b224f3069894c6de94519b5ebd2b8930b1e0b425b47afc4 304e035c6d3be5296ca441c0a7cf079845815c6dac3b0f381674530ebc59be78
SERVER_TRAFFIC_SECRET_0 0bec0887cf8a5cec3b224f3069894c6de94519b5ebd2b8930b1e0b425b47afc4 90b172fb5813a39911e50bac2bc696ff3efb367dc077b55d2c4912207d5dacdf
CLIENT_HANDSHAKE_TRAFFIC_SECRET c74e303079936f92d26aada2ba059eaf2a82ccc8b2ac7d47c1b011ed92bd54d7 58f80d77f8006ba9e1e31091dfeaba736d0933428687980c184a41c102b9ff9f
SERVER_HANDSHAKE_TRAFFIC_SECRET c74e303079936f92d26aada2ba059eaf2a82ccc8b2ac7d47c1b011ed92bd54d7 2857e5159140db646d3ea8627fef3d27180d117635eccab14fe371361723dada
CLIENT_TRAFFIC_SECRET_0 c74e303079936f92d26aada2ba059eaf2a82ccc8b2ac7d47c1b011ed92bd54d7 0a77b7096d97f9d53f61b0131076ae4035ec5f50ca83dc3445a043eeedc11099
SERVER_TRAFFIC_SECRET_0 c74e303079936f92d26aada2ba059eaf2a82ccc8b2ac7d47c1b011ed92bd54d7 2969feef72a22b4adbf08c01c2821023e6f8876c9d52881f230abd0dc11c7acb
CLIENT_HANDSHAKE_TRAFFIC_SECRET 131435e1e76de2356fb7aaa642e25715a54cadb53e57a5ee9764d4db5cdd1f93 d66a709b2e7f24756f947b1a02f4d95e20443a4af4d0030a0db565e6d820bdab
SERVER_HANDSHAKE_TRAFFIC_SECRET 131435e1e76de2356fb7aaa642e25715a54cadb53e57a5ee9764d4db5cdd1f93 6f715d83660d2aca44d35f2e8a948f9894a2d5da7093b086331be0cc8b074148
CLIENT_TRAFFIC_SECRET_0 131435e1e76de2356fb7aaa642e25715a54cadb53e57a5ee9764d4db5cdd1f93 b1b9e58d558e40e994d31d4c2b92aa16bcc8629f5b699021d45911b1dda1d732
SERVER_TRAFFIC_SECRET_0 131435e1e76de2356fb7aaa642e25715a54cadb53e57a5ee9764d4db5cdd1f93 3871a6885649fbaa2c501bf9e169ac4cf78692befcbd0b8a375fc3a4114df55c
CLIENT_HANDSHAKE_TRAFFIC_SECRET 915efcdb12f047feff4978fab277dd912c4e544a1e622badac7225cfecb8162e eb16365a050a22ae9922c08f8674786e370fa141312f012e465679feb8bf0be3
SERVER_HANDSHAKE_TRAFFIC_SECRET 915efcdb12f047feff4978fab277dd912c4e544a1e622badac7225cfecb8162e d4be4c6ed51f4eff52d2d67de783c081f704e2727e234c07687835181c83464c
CLIENT_TRAFFIC_SECRET_0 915efcdb12f047feff4978fab277dd912c4e544a1e622badac7225cfecb8162e 0947b7b8d320d52e622a4c66eea7bfd8dce7b94ed6a5dfdcdf40d79dca1e109b
SERVER_TRAFFIC_SECRET_0 915efcdb12f047feff4978fab277dd912c4e544a1e622badac7225cfecb8162e ba9cb35392f762f4dab05dcf23588edd0ddf9821406969e4f097cb238bf0217f
CLIENT_HANDSHAKE_TRAFFIC_SECRET cede31626d0fd0646e741d77d057cf1e468664f41f5bcbabea998ffaa0b97aab 6f0344e03ec58e1fbed0aa9978b98294c8fc7fe7f15ead6522d7cad1c9c2ad4f
SERVER_HANDSHAKE_TRAFFIC_SECRET cede31626d0fd0646e741d77d057cf1e468664f41f5bcbabea998ffaa0b97aab f8be198d1ed2a3a48cec062bf15a3c6338f26d0ab10ff90a29f939a8c072b6d1
CLIENT_TRAFFIC_SECRET_0 cede31626d0fd0646e741d77d057cf1e468664f41f5bcbabea998ffaa0b97aab 559f53554055dff1bd7b615cfec7c3c3dad8e9bd41dfa0825a769b9c229ccd5c
SERVER_TRAFFIC_SECRET_0 cede31626d0fd0646e741d77d057cf1e468664f41f5bcbabea998ffaa0b97aab cc87bd1100c9c21c499e9b3921de1f9c6e29ad072a1868ce85f869fe81f19756
CLIENT_HANDSHAKE_TRAFFIC_SECRET 828952ad2f0f413915ad94773038c6204e30596bae3b6dbbbebdc04662170286 a5517e03492a68801e89bbfc094772e68fd5fc890c1cb190f3f00c3cb7f25cc3
SERVER_HANDSHAKE_TRAFFIC_SECRET 828952ad2f0f413915ad94773038c6204e30596bae3b6dbbbebdc04662170286 afb1b75ab58cf2c19901a0d4f2e4f990a7acb1c8d4743488647cec5c3edfff9b
CLIENT_TRAFFIC_SECRET_0 828952ad2f0f413915ad94773038c6204e30596bae3b6dbbbebdc04662170286 d782ae9fa58805380fbfa22ae105012dda9de2ad638e3550fed80ecc9486d7cb
SERVER_TRAFFIC_SECRET_0 828952ad2f0f413915ad94773038c6204e30596bae3b6dbbbebdc04662170286 c7efa5351d8d97f5123483959552ded52298f179ca4752cb6332e08a0416f24f
CLIENT_HANDSHAKE_TRAFFIC_SECRET 614ad340fd7d371897214346c94309fc45b05e6ceea408529f56d86e525998fa 61ce4be017566f88e93d60435775de82d8a3e727bacc59ec0fc04ce8700f16f0
SERVER_HANDSHAKE_TRAFFIC_SECRET 614ad340fd7d371897214346c94309fc45b05e6ceea408529f56d86e525998fa 27787cee29d6b1be02ac6bf08f4915d0e9ed6440fa14486a18c2d62853ec55ec
CLIENT_TRAFFIC_SECRET_0 614ad340fd7d371897214346c94309fc45b05e6ceea408529f56d86e525998fa 36daf147c6a2afb701899ddc65bd882553369cdf277a9038d02e3fac101241a3
SERVER_TRAFFIC_SECRET_0 614ad340fd7d371897214346c94309fc45b05e6ceea408529f56d86e525998fa f194156f56203301c14585585e7b108b81ba3d694cadf14f4683c34c90ed4e3c
CLIENT_HANDSHAKE_TRAFFIC_SECRET 90fa6bbdc1c18cccad21e81e62da6d80c8b417a7076c413e720e463545af4e02 9e4d9538aa3cbea8eac944e92f029c67a1dc2db3a47d275c6fbfef5f704c53fe
SERVER_HANDSHAKE_TRAFFIC_SECRET 90fa6bbdc1c18cccad21e81e62da6d80c8b417a7076c413e720e463545af4e02 7eda39b1fb324779fbedceb7d9d4c645e72f99ef840c939f01b0d7ae7dd82b3d
CLIENT_TRAFFIC_SECRET_0 90fa6bbdc1c18cccad21e81e62da6d80c8b417a7076c413e720e463545af4e02 19d7ef30a08c8adc41360f2d5fdef1a90191f4d9c14f62dcb51c49bf92ba88e0
SERVER_TRAFFIC_SECRET_0 90fa6bbdc1c18cccad21e81e62da6d80c8b417a7076c413e720e463545af4e02 d8d6e87b5b8e8e8040a2ce6909403925fdd8b4b4333c6f392447b6b120bafe04
CLIENT_HANDSHAKE_TRAFFIC_SECRET a80e508388e9ab96c4dc1268622e7828c8cd47cc4a50bc6dc188201515314585 2195214e6fc054c93aedbd787388f778c53fd9711074e8fed8b235620c158c7d
SERVER_HANDSHAKE_TRAFFIC_SECRET a80e508388e9ab96c4dc1268622e7828c8cd47cc4a50bc6dc188201515314585 613ac5792961fc7966a8cfcf301a1d613cdeb22d864ac09b98a5519863728900
CLIENT_TRAFFIC_SECRET_0 a80e508388e9ab96c4dc1268622e7828c8cd47cc4a50bc6dc188201515314585 00c3c1e728df1d57dbb5c0c81815bfe9646b9681e1c01ca594153a568e973207
SERVER_TRAFFIC_SECRET_0 a80e508388e9ab96c4dc1268622e7828c8cd47cc4a50bc6dc188201515314585 d316a9e34e8f3520f7e26176d9a377efd8390ad36283c43b2a0477789d09eed0
CLIENT_HANDSHAKE_TRAFFIC_SECRET 1da84b579a748a56905b7a74902b341678fe1813f63490b364c3738fed63f357 b1f38a0c2c233827d2b4eebb9273a25e2486d6f6bb21e4b3c564509309b9fd90
SERVER_HANDSHAKE_TRAFFIC_SECRET 1da84b579a748a56905b7a74902b341678fe1813f63490b364c3738fed63f357 67a62f4506cff35ee1f5e1c267343aa567c419f1b14f2d21846e4d5285e04017
CLIENT_TRAFFIC_SECRET_0 1da84b579a748a56905b7a74902b341678fe1813f63490b364c3738fed63f357 1e451e1efd7cb93787529669b2f992c1663c807bb5ccdcecd34a4f165e6c4679
SERVER_TRAFFIC_SECRET_0 1da84b579a748a56905b7a74902b341678fe1813f63490b364c3738fed63f357 8a25aa937573f287dcf36e2572d0fa42158af717b58da2c4ec3ec160cec16f42
CLIENT_HANDSHAKE_TRAFFIC_SECRET c6ac8a794aaa2ebcf3d801395bff1c83d425a2cba0498226956992154850f980 2f32622928a253e28f0de98094005ba87be21a97246dba092fbc6539678f78f5
SERVER_HANDSHAKE_TRAFFIC_SECRET c6ac8a794aaa2ebcf3d801395bff1c83d425a2cba0498226956992154850f980 f27dfa49a1ef31dfe016a8494bdd5490338e130c0bdc3810720d7251dde29e6f
CLIENT_TRAFFIC_SECRET_0 c6ac8a794aaa2ebcf3d801395bff1c83d425a2cba0498226956992154850f980 fe66dc530ea77389bdabe9960801eb83317946e582c8aa696ddf529375d687fa
SERVER_TRAFFIC_SECRET_0 c6ac8a794aaa2ebcf3d801395bff1c83d425a2cba0498226956992154850f980 2ed280bb66a49919490a6ac73569ff211311908030d132e23585762ad3920f1d
CLIENT_HANDSHAKE_TRAFFIC_SECRET 221c497c7de7fb2d92a902532d660aff8ab9fd2d3008081bf4a6ee15271fc08c 1dbc8ebbee802fea6056382db1d2ed6dff633f26e0efb0c3bcd96a147b08e77e
SERVER_HANDSHAKE_TRAFFIC_SECRET 221c497c7de7fb2d92a902532d660aff8ab9fd2d3008081bf4a6ee15271fc08c 02836902cef0830c449c4780b6a9e3c08f2e8b7f0382e31005b7baf1f71d1a10
CLIENT_TRAFFIC_SECRET_0 221c497c7de7fb2d92a902532d660aff8ab9fd2d3008081bf4a6ee15271fc08c b441c5fb2ee22de70a293db7d39255b896b53f89109fc24335c56d92783aeb8a
SERVER_TRAFFIC_SECRET_0 221c497c7de7fb2d92a902532d660aff8ab9fd2d3008081bf4a6ee15271fc08c c02598b0a416593cae1d588b4a5ff5279f9b4cf4f318f02f2cfad7f20d812a89
CLIENT_HANDSHAKE_TRAFFIC_SECRET 5ac158fe6f36cf2c337bd84ddcd4e71cc7c5908ec5f9a5b33b47c1daecec79c1 17046469985042b61d453dfe733b9fe82f678f78c7ed29e764a98de25c2476b6
SERVER_HANDSHAKE_TRAFFIC_SECRET 5ac158fe6f36cf2c337bd84ddcd4e71cc7c5908ec5f9a5b33b47c1daecec79c1 a4d82da415e096cdf7978c170cc55f64e7ccb126c4acd2b7465f16fb992b9fb6
CLIENT_TRAFFIC_SECRET_0 5ac158fe6f36cf2c337bd84ddcd4e71cc7c5908ec5f9a5b33b47c1daecec79c1 2b327712c80cc44c0ebb034970dacff4e73828a2214da76465fef07a8264675d
SERVER_TRAFFIC_SECRET_0 5ac158fe6f36cf2c337bd84ddcd4e71cc7c5908ec5f9a5b33b47c1daecec79c1 2b35abe42fa421974cb036a8c8265c54f0af23463e052cb0047a0197187f745d
CLIENT_HANDSHAKE_TRAFFIC_SECRET 70c09e501850cebf536f5f369a59a8b27b082525ad0a58a691c673b8b36c8aef ae95caa3ee721614d2f0f8f0bff29a563ddb872cb617e20ece7e143416ce7d2a
SERVER_HANDSHAKE_TRAFFIC_SECRET 70c09e501850cebf536f5f369a59a8b27b082525ad0a58a691c673b8b36c8aef 17a328f161050663f7d21ca5060c5891efce5a6a9ac2daaf60cbe8e8fd2cad5b
CLIENT_TRAFFIC_SECRET_0 70c09e501850cebf536f5f369a59a8b27b082525ad0a58a691c673b8b36c8aef d442703cccb6ec4e28190a09fa6258cbf1ff5ca543083ed497e50c3ac8ffc504
SERVER_TRAFFIC_SECRET_0 70c09e501850cebf536f5f369a59a8b27b082525ad0a58a691c673b8b36c8aef b9a39a83d054b4e0d27c3f97ea4162ebc9e828ae262dcdd54ea8994abd17fe2f
CLIENT_HANDSHAKE_TRAFFIC_SECRET 5a373ce94560ff19d16af3a619524a4f32b00ebbe959f6e7c143ab2aded0db9a e4b1abed61207d3dc36974444a4325c0c963b0e0148062cd7ebb405e995b0b62
SERVER_HANDSHAKE_TRAFFIC_SECRET 5a373ce94560ff19d16af3a619524a4f32b00ebbe959f6e7c143ab2aded0db9a 8e6670d4e9f7e1a89a9b4bf7f86c6582c3b80008ddb7d1db78b4e6dde13f71ec
CLIENT_TRAFFIC_SECRET_0 5a373ce94560ff19d16af3a619524a4f32b00ebbe959f6e7c143ab2aded0db9a 8b7c9b24e46488f8adbe7f9299bdf77b9429a6e9f000ba624e326e5c060510e2
SERVER_TRAFFIC_SECRET_0 5a373ce94560ff19d16af3a619524a4f32b00ebbe959f6e7c143ab2aded0db9a 26652b81f9887f78aad1712348cc689647b4121908a1744e917a1678ffbc5559
CLIENT_HANDSHAKE_TRAFFIC_SECRET 1b70d02f04c995050002e80fbff04e618acbd00fcd705192fa1f37d8672e1117 b157b084af0cffb9c02247f0fbd3ab870d5d0bf5d90e35f43d6c9818fecfa3c6
SERVER_HANDSHAKE_TRAFFIC_SECRET 1b70d02f04c995050002e80fbff04e618acbd00fcd705192fa1f37d8672e1117 b29c8c409c2cdaf4b027f7270d99d9f0bbe2fc8982b6c28fe1d1431e9c9316f4
CLIENT_TRAFFIC_SECRET_0 1b70d02f04c995050002e80fbff04e618acbd00fcd705192fa1f37d8672e1117 55afb82dae37317db655b2aa5c5cf50cda020112f771244a5e8907d2ec95959d
SERVER_TRAFFIC_SECRET_0 1b70d02f04c995050002e80fbff04e618acbd00fcd705192fa1f37d8672e1117 337f027e9e05478918af7b08c6c3f2a59e2903d4c07a2aaccfc44a64c43b0407
CLIENT_HANDSHAKE_TRAFFIC_SECRET 8913cb69e0194b086240ba4e035f79f763b35826119972bf37a3a0739e2ad538 beea680850fd06dd03d4b68b39da6ef913b074c21c40a8c3f11dd7a3943915f6
SERVER_HANDSHAKE_TRAFFIC_SECRET 8913cb69e0194b086240ba4e035f79f763b35826119972bf37a3a0739e2ad538 2917a6fccbb8218cd314d6f63c9d89af451898605085d29f4a202a457b78b0c7
CLIENT_TRAFFIC_SECRET_0 8913cb69e0194b086240ba4e035f79f763b35826119972bf37a3a0739e2ad538 da29ad1eb9f6ef48bb01f4897d3031ed10f0466ba6503cc498c0895732b61af7
SERVER_TRAFFIC_SECRET_0 8913cb69e0194b086240ba4e035f79f763b35826119972bf37a3a0739e2ad538 940a355e8ea33210d6f64a31df2a4a7fb2d8138d36cb4309219f66a52fe90a64
CLIENT_HANDSHAKE_TRAFFIC_SECRET 3190c0dbe6fe9b2fe39ebced9e30d31dd4312fa58a444c0958d9d7068a8bc397 5507d6c6228658167d208b9d4a7ffaf0bb9a8b5789a80de8dc5ff3bc8cfdfa06
SERVER_HANDSHAKE_TRAFFIC_SECRET 3190c0dbe6fe9b2fe39ebced9e30d31dd4312fa58a444c0958d9d7068a8bc397 83a10254dddd0458b16f18497546466bec6e2e4d6da4b52fff10bead2b6a9081
CLIENT_TRAFFIC_SECRET_0 3190c0dbe6fe9b2fe39ebced9e30d31dd4312fa58a444c0958d9d7068a8bc397 26c0a686a8474c39851fdad0343b4f0ee1e675aebfcf0e1a7b1b3ffcdb37fdf5
SERVER_TRAFFIC_SECRET_0 3190c0dbe6fe9b2fe39ebced9e30d31dd4312fa58a444c0958d9d7068a8bc397 740aadba0d7d03a194f2b26fa687636573dabea2af465f1aca7c67e6155894f7
CLIENT_HANDSHAKE_TRAFFIC_SECRET 4cf75324518d048c7a608b6ea0858e94d6924b9fdf17cce3e13896e82a9b52d7 8eaf87fa4742875c519d2a027886c52a0f5e8466a4a6f40579e9c6291ab4d645
SERVER_HANDSHAKE_TRAFFIC_SECRET 4cf75324518d048c7a608b6ea0858e94d6924b9fdf17cce3e13896e82a9b52d7 dbbdab2f56314aef0eb9c9cc343a08a1411d3e34a6b97499a9b710e165a94a45
CLIENT_TRAFFIC_SECRET_0 4cf75324518d048c7a608b6ea0858e94d6924b9fdf17cce3e13896e82a9b52d7 56a2afc5f04422ff30d8c1423c68c49b822959e3e822e4d04a33c162b415c7f7
SERVER_TRAFFIC_SECRET_0 4cf75324518d048c7a608b6ea0858e94d6924b9fdf17cce3e13896e82a9b52d7 1ca1cc506c1acae43a7978741400daf87f6d3deb93e9efb4b5adcbdf0fac20a3
CLIENT_HANDSHAKE_TRAFFIC_SECRET 4743d934039564551dfc58cb3ab56dae8437d2f6a6e98261222970ded4f8c95e 9f4ee8a96557b1d035545de2f7e3fbb2b2bd0aff2d6a8d19d0e41f1b80eb2d4d
SERVER_HANDSHAKE_TRAFFIC_SECRET 4743d934039564551dfc58cb3ab56dae8437d2f6a6e98261222970ded4f8c95e 74fb8b3d1d742bf245fadb887f73e9566159b965f12c7c21fd6b1e99402f38c0
CLIENT_TRAFFIC_SECRET_0 4743d934039564551dfc58cb3ab56dae8437d2f6a6e98261222970ded4f8c95e cb1a591f0f2886ac1b419a46a95aacc4bb8f5b00bb25b6f4a3061e087d074625
SERVER_TRAFFIC_SECRET_0 4743d934039564551dfc58cb3ab56dae8437d2f6a6e98261222970ded4f8c95e 19d62360b6c4cabf45b1c5d9472cad2f2b126228926b238e6e3465ba176016d4
CLIENT_HANDSHAKE_TRAFFIC_SECRET da2d26e457380b925491d83d11a3776f23221573192b1bc04f78f6180019ecb0 fb15ae3b416c609b027580fe3c4594989fb852101e135656919b3b021f802500
SERVER_HANDSHAKE_TRAFFIC_SECRET da2d26e457380b925491d83d11a3776f23221573192b1bc04f78f6180019ecb0 c0991df4a58bd3074f280c189daf1776520def1752e1704554f9b7686615ab9c
CLIENT_TRAFFIC_SECRET_0 da2d26e457380b925491d83d11a3776f23221573192b1bc04f78f6180019ecb0 1c5420fb4ee19e6126ef11de92b181c6c999d601e9db5b691c7d999cc4a3bc20
SERVER_TRAFFIC_SECRET_0 da2d26e457380b925491d83d11a3776f23221573192b1bc04f78f6180019ecb0 ffedb15b628ca1682bf134aac630a0de596702b8417e830ef76a4a3b5f15a3a1
CLIENT_HANDSHAKE_TRAFFIC_SECRET 7e4d28d65eec98ff9a63e891b5d3435f6cfca7e4a5500f963177703f44d5f360 70a4fcd3f8e67857648c8db36c7166f1c1a910e4c5340cee7cf541c150cf7793
SERVER_HANDSHAKE_TRAFFIC_SECRET 7e4d28d65eec98ff9a63e891b5d3435f6cfca7e4a5500f963177703f44d5f360 a6e5261b8488aee20a1c60d7125c20ba9117f1dd77e315b5a04476b1bfd3d4c7
CLIENT_TRAFFIC_SECRET_0 7e4d28d65eec98ff9a63e891b5d3435f6cfca7e4a5500f963177703f44d5f360 f9d9e89b44f862a8b482cb3cffd22a20c4faee9d570265a3c5b8b458326039f9
SERVER_TRAFFIC_SECRET_0 7e4d28d65eec98ff9a63e891b5d3435f6cfca7e4a5500f963177703f44d5f360 50abf497913f306bb15f97213473acfdb53f51ffa525c10d4afac4012cc4e3f4
CLIENT_HANDSHAKE_TRAFFIC_SECRET c7ccb946d143a64759b936c1ea929d47f9ea4dc57978974903634fd77eb6b0a4 f947f61260c86a4ff3e1df19c85a711bc33d0c35fd84809d19e02a0b748f4a9d
SERVER_HANDSHAKE_TRAFFIC_SECRET c7ccb946d143a64759b936c1ea929d47f9ea4dc57978974903634fd77eb6b0a4 a1222cf6d3ca112b8fb1cefc27bfc62ca0a899f0bb997988d6db31a06a1ef2a2
CLIENT_TRAFFIC_SECRET_0 c7ccb946d143a64759b936c1ea929d47f9ea4dc57978974903634fd77eb6b0a4 bd9b5245653da5268431707cca46591b34dbbbd50171a77843f6f4e9f8a61fda
SERVER_TRAFFIC_SECRET_0 c7ccb946d143a64759b936c1ea929d47f9ea4dc57978974903634fd77eb6b0a4 db37ed8113addf9214adddd8f0058f83f3829e701e7018d9311b5ad2e740a787
CLIENT_HANDSHAKE_TRAFFIC_SECRET 7b9d68d4d90bf11023246a1156f818813df10dd67d56cef1b4d1da9d992a07d6 6f87864c386649ff23f6cd1a0b1d399c88c9389a2c96c334aab64a6705059ba3
SERVER_HANDSHAKE_TRAFFIC_SECRET 7b9d68d4d90bf11023246a1156f818813df10dd67d56cef1b4d1da9d992a07d6 9d7b0ef28a22a94a8c47351c7bd43e756712abfae3a6f8c38ab7657656bf4b05
CLIENT_TRAFFIC_SECRET_0 7b9d68d4d90bf11023246a1156f818813df10dd67d56cef1b4d1da9d992a07d6 a8e213d08635725f0d73476ddd80d92df193617704cb6976cd80efc88df2b4cc
SERVER_TRAFFIC_SECRET_0 7b9d68d4d90bf11023246a1156f818813df10dd67d56cef1b4d1da9d992a07d6 31f373637e40665a34b9fc6ff707878bfc4581161d126b800a777eea37a26cda
CLIENT_HANDSHAKE_TRAFFIC_SECRET 47e161a58fa3db2f4b6c6f9d3f552a539ddcc771ab42932043892cb1a8b3730c a4edb1081da63ce0dd3b439912a9c09a374b59ecfc4039e2e29659ebc943b675
SERVER_HANDSHAKE_TRAFFIC_SECRET 47e161a58fa3db2f4b6c6f9d3f552a539ddcc771ab42932043892cb1a8b3730c 58efa4d269de30c4b95854670c463f6bca6cfc180a883647f6e32228fe550e56
CLIENT_TRAFFIC_SECRET_0 47e161a58fa3db2f4b6c6f9d3f552a539ddcc771ab42932043892cb1a8b3730c 83299ad8b96bed5b4d79c2922102c468e3008a14d5c0a16daabec75fa7b37d7b
SERVER_TRAFFIC_SECRET_0 47e161a58fa3db2f4b6c6f9d3f552a539ddcc771ab42932043892cb1a8b3730c 61dbdc0bb5b1dbd8b8934d5c9543d7b11bd8ae9a40365afb4058507fdda293c3
CLIENT_HANDSHAKE_TRAFFIC_SECRET 01ff9c89002f81d4f088ffd8a42bc8b5300dc420ceb0d855820088f9d5dbfad2 e1e9269573ce842dc93f7f11a060b48550dcd452caf85d7f4b86733244890146
SERVER_HANDSHAKE_TRAFFIC_SECRET 01ff9c89002f81d4f088ffd8a42bc8b5300dc420ceb0d855820088f9d5dbfad2 4ec61b78df0c040818f111c1f2b31c19f7b6598f5fed203964ea3df1ffc47379
CLIENT_TRAFFIC_SECRET_0 01ff9c89002f81d4f088ffd8a42bc8b5300dc420ceb0d855820088f9d5dbfad2 83992144414602fc275944f21e4440156c5fa985b9bd0b271266ad8eb65933b0
SERVER_TRAFFIC_SECRET_0 01ff9c89002f81d4f088ffd8a42bc8b5300dc420ceb0d855820088f9d5dbfad2 a833b50764ac7afeb1cbb3a194e3752c5f5dccf4d92a76e65a4763f48de84d8c
CLIENT_HANDSHAKE_TRAFFIC_SECRET 55d2fb0d251c133fd41f4d8ccd4f4e8bb7719f2699028ff182f28c62c871078b ba11509f78415cde333a5407eef4a697702c00f3268d3c6d1d387ad0f4490f03
SERVER_HANDSHAKE_TRAFFIC_SECRET 55d2fb0d251c133fd41f4d8ccd4f4e8bb7719f2699028ff182f28c62c871078b a5aaeae1b289694d8113aeffa735eee7ad53d5f5fd40528e600512bed8dcd9d2
CLIENT_TRAFFIC_SECRET_0 55d2fb0d251c133fd41f4d8ccd4f4e8bb7719f2699028ff182f28c62c871078b c455ffdd703d306006ec89727d8d6f179cb0ab42822d109f042cb64b01d60bad
SERVER_TRAFFIC_SECRET_0 55d2fb0d251c133fd41f4d8ccd4f4e8bb7719f2699028ff182f28c62c871078b 8ab33292ff06f3481ec6dc5218ddba8e67e83d5fc735fcdf80e30306379869b4
CLIENT_HANDSHAKE_TRAFFIC_SECRET f04bf8471e7f57425ce855c534a16817a7d9617c36b00510cc7e75efc1a82c02 35075418e5511c1c06f337839c0643ca82db7be7a6f15e20765bacdd9f529b76
SERVER_HANDSHAKE_TRAFFIC_SECRET f04bf8471e7f57425ce855c534a16817a7d9617c36b00510cc7e75efc1a82c02 690e49b51e37ab53dae231b68be73ead2c220fdf629dd16c5b86f29e2265d6c2
CLIENT_TRAFFIC_SECRET_0 f04bf8471e7f57425ce855c534a16817a7d9617c36b00510cc7e75efc1a82c02 0b70a68f0c9bb89f608f9ae196eda926181e66f41c4ac895e71d6b2f16a975fb
SERVER_TRAFFIC_SECRET_0 f04bf8471e7f57425ce855c534a16817a7d9617c36b00510cc7e75efc1a82c02 a54e37b16acd64ea7bf79d6fc604427e1fc5ec1c43d7f5467ff2703e7fb6a9f7
CLIENT_HANDSHAKE_TRAFFIC_SECRET 2f3ba46f40b86e44a716304b016ef6019e350fa005f4b10ff96210ccf8d10775 05591fd8b39eca04908404664039f3f41087bcc741a8755794794817abf481b0
SERVER_HANDSHAKE_TRAFFIC_SECRET 2f3ba46f40b86e44a716304b016ef6019e350fa005f4b10ff96210ccf8d10775 56ffc09db03b6b8ef886d28e54cd784523113a438ddfabe3e335a1a1dc171cf2
CLIENT_TRAFFIC_SECRET_0 2f3ba46f40b86e44a716304b016ef6019e350fa005f4b10ff96210ccf8d10775 620374f53bad24753c3c42050161969f6b53c66c7b4d303c63c880925831f1e4
SERVER_TRAFFIC_SECRET_0 2f3ba46f40b86e44a716304b016ef6019e350fa005f4b10ff96210ccf8d10775 9408d0fc299c2a97ca48835c891e64dbbd5f7c90cbae77047240236fe43aee18
CLIENT_HANDSHAKE_TRAFFIC_SECRET bba0b4f9e0c5cb0953889bdf4e5e31bb030e73dfaa0caf65bd8c2b8162a18b4d 5f21b9cd0299ad2c4bbfaf2b20287c14a2a4342dcee7dd84439f107e8d06829b
SERVER_HANDSHAKE_TRAFFIC_SECRET bba0b4f9e0c5cb0953889bdf4e5e31bb030e73dfaa0caf65bd8c2b8162a18b4d faa3f495103bb337715e07d7aa350a802378fbea89fedf13e9132a292063e020
CLIENT_TRAFFIC_SECRET_0 bba0b4f9e0c5cb0953889bdf4e5e31bb030e73dfaa0caf65bd8c2b8162a18b4d ac1c366eec382a0957d917f9f9dfbcc22be7743c58e00f004bb70f55d3f6c2ae
SERVER_TRAFFIC_SECRET_0 bba0b4f9e0c5cb0953889bdf4e5e31bb030e73dfaa0caf65bd8c2b8162a18b4d 9bce56029adc02c5350f0511931930b06697c7a3706622b527d927155c34ede2
CLIENT_HANDSHAKE_TRAFFIC_SECRET 1dc834875731327b373bc94b485c06ae7ad03023eeceba33d4c230dc137cc375 1113b1030b0c9db2552c9decf7fed61979db8c5c842848ec51d91272c0429063
SERVER_HANDSHAKE_TRAFFIC_SECRET 1dc834875731327b373bc94b485c06ae7ad03023eeceba33d4c230dc137cc375 dff4f243cf2dde25790b3a8cdaec2550e0a065d16fb812bf3b4311799f45102b
CLIENT_TRAFFIC_SECRET_0 1dc834875731327b373bc94b485c06ae7ad03023eeceba33d4c230dc137cc375 4b92dcd2da0b637f4a1e6e687a04965caffa422814a32d4dc37062b9c1fb5939
SERVER_TRAFFIC_SECRET_0 1dc834875731327b373bc94b485c06ae7ad03023eeceba33d4c230dc137cc375 569f49965f6a9549acd013c3eb2ffddb4e83752975514582c7a57dc21006b291
CLIENT_HANDSHAKE_TRAFFIC_SECRET 94706a4d2ea3b6df41874f4d7ec8e019828b96e545bd786a0d198543a15c3c09 c748b166f9a16d4786f31d4a7489383f22fd0713982dbe9ff5af61eca9ee8836
SERVER_HANDSHAKE_TRAFFIC_SECRET 94706a4d2ea3b6df41874f4d7ec8e019828b96e545bd786a0d198543a15c3c09 8ae43e42d9b0b0a9b126264ee7ceed7085e6103c4bd7987a32863fbebb6393e4
CLIENT_TRAFFIC_SECRET_0 94706a4d2ea3b6df41874f4d7ec8e019828b96e545bd786a0d198543a15c3c09 2bf1dc35ba9d3b963a15ef824c3780313c672d4860294afb55456b20ef7d64eb
SERVER_TRAFFIC_SECRET_0 94706a4d2ea3b6df41874f4d7ec8e019828b96e545bd786a0d198543a15c3c09 6c018f995998583d1ae0fca049696d3db23841829b7fb12991de5097e701c8ba
CLIENT_HANDSHAKE_TRAFFIC_SECRET 014a4269e7a4cdeffd52372e304f87b5a1f66d11f99a47b64991b497a892ccc2 915adaa07201d9c1e8ae52300a20d4c988840c0d2facad9b973cd958938aff49
SERVER_HANDSHAKE_TRAFFIC_SECRET 014a4269e7a4cdeffd52372e304f87b5a1f66d11f99a47b64991b497a892ccc2 f9d6631df1e97f92cb97fdc2987006485161a627ac170e4aef85f625d5bb3562
CLIENT_TRAFFIC_SECRET_0 014a4269e7a4cdeffd52372e304f87b5a1f66d11f99a47b64991b497a892ccc2 73f0c81e9b2285e18c83f86548a4ae802413f1d7b30c0c822f8602c4552b1481
SERVER_TRAFFIC_SECRET_0 014a4269e7a4cdeffd52372e304f87b5a1f66d11f99a47b64991b497a892ccc2 0c5538a145228557688607cb510a9ec6d628b267ee83f8e1fa7cf7ba5fe25ecf
CLIENT_HANDSHAKE_TRAFFIC_SECRET ed302e0325d8e59b263a759254b03fcdbd5f5abd7f5a7483faabfbac06315420 a1f328817edb726397b40cc89f2a641eaffcb02d0fd21d9e180564ae1931510d
SERVER_HANDSHAKE_TRAFFIC_SECRET ed302e0325d8e59b263a759254b03fcdbd5f5abd7f5a7483faabfbac06315420 14bf23b433089efc4f3529021f19ddeaa0e7425d3dc5b3c32160150ca5811c56
CLIENT_TRAFFIC_SECRET_0 ed302e0325d8e59b263a759254b03fcdbd5f5abd7f5a7483faabfbac06315420 f6480c7a0c314a21f657363321bfdb2a298c12bfa27f392c88191e87b7993fd2
SERVER_TRAFFIC_SECRET_0 ed302e0325d8e59b263a759254b03fcdbd5f5abd7f5a7483faabfbac06315420 b74b1fd5302c285de72544c522944e3101a3336768f0707c14c0249205ac35ba
CLIENT_HANDSHAKE_TRAFFIC_SECRET 9c67c88082781b4eeeef6b0c231b6ed5d4acb4f5ce6e0954c26671871c4f98fc b14d0d1d884cf597abc71179c9bb061fd7bc6f52fb95974a22f3da0911a45d21
SERVER_HANDSHAKE_TRAFFIC_SECRET 9c67c88082781b4eeeef6b0c231b6ed5d4acb4f5ce6e0954c26671871c4f98fc 439dcc958d8e5654d7ff65fe9c179c226dcdb8698c68f36cd922f5c02e6e4756
CLIENT_TRAFFIC_SECRET_0 9c67c88082781b4eeeef6b0c231b6ed5d4acb4f5ce6e0954c26671871c4f98fc 959ad59da0b81e49e228b067e53b2110982ca8c20257ed85fa25e0117f6819a7
SERVER_TRAFFIC_SECRET_0 9c67c88082781b4eeeef6b0c231b6ed5d4acb4f5ce6e0954c26671871c4f98fc 0e4588403b881bcb2b20a8cd700bf84eaa87750c659252aa40ee1a2cade00ac9
CLIENT_HANDSHAKE_TRAFFIC_SECRET 63781a879974c432a6e7ad7cdf8d5d3b330a0b6b77c6c373b097c56574445359 e843c192584d0d540a4322a025e833de65ab98100a848e41f00f057f82cb7cd1
SERVER_HANDSHAKE_TRAFFIC_SECRET 63781a879974c432a6e7ad7cdf8d5d3b330a0b6b77c6c373b097c56574445359 fee006d667681ae8a94797bfe94d72c53acc160c0929e01066b63d62300f4e3e
CLIENT_TRAFFIC_SECRET_0 63781a879974c432a6e7ad7cdf8d5d3b330a0b6b77c6c373b097c56574445359 67fa84c7b10602f2b6bff8b9aba492edd5ebf6ff3917db52107419fde134f6ed
SERVER_TRAFFIC_SECRET_0 63781a879974c432a6e7ad7cdf8d5d3b330a0b6b77c6c373b097c56574445359 68bdbdb4f8b27c9a0b0cb568eaca973a62352cbe3e4fb1f70776c866caba0f97
CLIENT_HANDSHAKE_TRAFFIC_SECRET 3675c28d24950e7525a328b06fd22a69279d3cf6893d9d816eff853366a0ae56 1802be86c149fea4531b4dca2acd7c5972e3f79d8edd80f45a5046b41bf74dae
SERVER_HANDSHAKE_TRAFFIC_SECRET 3675c28d24950e7525a328b06fd22a69279d3cf6893d9d816eff853366a0ae56 1c66013e4d1b5314ba31515f29f39b1c169cc50038fa4432d2e7c58ca4ec44e1
CLIENT_TRAFFIC_SECRET_0 3675c28d24950e7525a328b06fd22a69279d3cf6893d9d816eff853366a0ae56 c560c9efa89bad7562889701e72d7236109a3210725a23e8cefb15626684b8ab
SERVER_TRAFFIC_SECRET_0 3675c28d24950e7525a328b06fd22a69279d3cf6893d9d816eff853366a0ae56 27e3776b709bb1ea5fcf5ec3493b3f6fa247267d2d37ae6c918e86ce95ee6afa
CLIENT_HANDSHAKE_TRAFFIC_SECRET e1f2ccd5e7a7361cdc721c4b0b5d85f93cd9f4e142bb17589ac467d5e5648c4a 02253ee11a8f68b5f1af20a22e09daff968656421ca2a987fbcab37e15938ea4
SERVER_HANDSHAKE_TRAFFIC_SECRET e1f2ccd5e7a7361cdc721c4b0b5d85f93cd9f4e142bb17589ac467d5e5648c4a 47dc285947d80b009ad7edc54836abfeddccf5098c454b44724210e31b4d37cd
CLIENT_TRAFFIC_SECRET_0 e1f2ccd5e7a7361cdc721c4b0b5d85f93cd9f4e142bb17589ac467d5e5648c4a ddcfc3fbd78c32d5337e205602f3903343ad616db747037b714eeab5cfbbb314
SERVER_TRAFFIC_SECRET_0 e1f2ccd5e7a7361cdc721c4b0b5d85f93cd9f4e142bb17589ac467d5e5648c4a a81abf2e767ec229729191e323bda7a2e0941b58e91639b3f1e6f346c10cfe8f
CLIENT_HANDSHAKE_TRAFFIC_SECRET 751ce9a105d1f0d8d0e9bbb63dc8c27ea94c35c554d58d890ffb8acef3d7fd51 5bfbccfa162834316425810cc8bff2ce867373aafafec0a41f4f4f596f79be46
SERVER_HANDSHAKE_TRAFFIC_SECRET 751ce9a105d1f0d8d0e9bbb63dc8c27ea94c35c554d58d890ffb8acef3d7fd51 afc7dc91d0ba1f1fcc0a99aefc96e68264505bed1ba9a2de635da3e2c0e5e981
CLIENT_TRAFFIC_SECRET_0 751ce9a105d1f0d8d0e9bbb63dc8c27ea94c35c554d58d890ffb8acef3d7fd51 f31634e0b71c185dd63515f3ed1d68eba0072d41415b52d61b3800251a1c7101
SERVER_TRAFFIC_SECRET_0 751ce9a105d1f0d8d0e9bbb63dc8c27ea94c35c554d58d890ffb8acef3d7fd51 a86131cc26ba99f5a65ac66a4f2a59a2b9dd1882e56d19495c7696f9b11baa55
CLIENT_HANDSHAKE_TRAFFIC_SECRET 14662b28eee5b8dce738812eabb17e090c8be579b010e36312bff1cd6fdf3233 568a89fc647addfbd52ae99135d38b8e8dc9ee532a8acc3ec63e9b0a54eb676e
SERVER_HANDSHAKE_TRAFFIC_SECRET 14662b28eee5b8dce738812eabb17e090c8be579b010e36312bff1cd6fdf3233 76e2e1ca2fc939e07ee395755358ed4f42550ba97aa00d9d3e40b83dbba5209e
CLIENT_TRAFFIC_SECRET_0 14662b28eee5b8dce738812eabb17e090c8be579b010e36312bff1cd6fdf3233 721b21dc872b26ef5759272e04826ea9634ef4a12c7402ef5129fb8199874a3c
SERVER_TRAFFIC_SECRET_0 14662b28eee5b8dce738812eabb17e090c8be579b010e36312bff1cd6fdf3233 10a20f7047ada174f02c87937f3a534f6b57fc7536fa3ae3ea47661d74c094c1
CLIENT_HANDSHAKE_TRAFFIC_SECRET aaece70a3e3a6647ac55276b4568ccde4fde5bcfd1ed71a4c72129b9b8737dd6 b836480b64d08d0dfb3e1ddde35b2bf69a3fcb58191998f64b6c2f74c13cbfef
SERVER_HANDSHAKE_TRAFFIC_SECRET aaece70a3e3a6647ac55276b4568ccde4fde5bcfd1ed71a4c72129b9b8737dd6 e64ba8baa24a93a537b9cad97dc3112ae09fb3b3de381a729b305b0cbebf18c2
CLIENT_TRAFFIC_SECRET_0 aaece70a3e3a6647ac55276b4568ccde4fde5bcfd1ed71a4c72129b9b8737dd6 d08868786732d6196acf4d7a0b7247cb858017e6829979644cf4a25f7402f9b7
SERVER_TRAFFIC_SECRET_0 aaece70a3e3a6647ac55276b4568ccde4fde5bcfd1ed71a4c72129b9b8737dd6 0e6e831e57edc8f17911ba615545d8b9fbd7c8f581c46e40f8be0cdf16d51d9f
CLIENT_HANDSHAKE_TRAFFIC_SECRET e94a91afc0d74ee4f2cabe40b916d0b3ac32ac92fd71632ce28e836c83d86013 34eb0a2eafbc0ed359fe6d943474f587ce34090cf0fef390feeb40ea48c93da0
SERVER_HANDSHAKE_TRAFFIC_SECRET e94a91afc0d74ee4f2cabe40b916d0b3ac32ac92fd71632ce28e836c83d86013 8ba7f24b7805e94e5783a81e626c300fda9fc0666101983b448b4cf36d741204
CLIENT_TRAFFIC_SECRET_0 e94a91afc0d74ee4f2cabe40b916d0b3ac32ac92fd71632ce28e836c83d86013 0f8d73f3b3af02975b55129c2c89f04bba909d6b27c8d1c41e02aee0ec2d3059
SERVER_TRAFFIC_SECRET_0 e94a91afc0d74ee4f2cabe40b916d0b3ac32ac92fd71632ce28e836c83d86013 8731b5ce139437cf61a092185164a7c3c031ead5f648ba5798314a3e22b3833e
CLIENT_HANDSHAKE_TRAFFIC_SECRET 3d052d89cd52a59af0968663411a83284395934d4e8d448517091561d093ee95 4c5ac41d8ef78f08c2b2eca028486847552c27a59b765c0e97a8dd1865383598
SERVER_HANDSHAKE_TRAFFIC_SECRET 3d052d89cd52a59af0968663411a83284395934d4e8d448517091561d093ee95 dc1e0bf2677c58eb6ee2ca22272a7657db34b242ebb52e42137d8ae1f971da55
CLIENT_TRAFFIC_SECRET_0 3d052d89cd52a59af0968663411a83284395934d4e8d448517091561d093ee95 2e38e87990cdba8957d2d6d8cde0b6ab84db339be00c967e77a47b638d25c8b8
SERVER_TRAFFIC_SECRET_0 3d052d89cd52a59af0968663411a83284395934d4e8d448517091561d093ee95 ba69c996ab42a3522498ff67cf5e0bc14ecb6e0976e25211c2a0004cfda3dea5
CLIENT_HANDSHAKE_TRAFFIC_SECRET d3a7b765e468ef54310900603f05a90528b48bef780ffbef580f2380c9962766 4626d1ee5b616b9eba8e634bde5cf43817d5678fa36f3e5c041b4b71da1bc7f8
SERVER_HANDSHAKE_TRAFFIC_SECRET d3a7b765e468ef54310900603f05a90528b48bef780ffbef580f2380c9962766 a95dc6622aad46f3b128c97713c6b680dc3c26dad5ad51146ea39ce275049224
CLIENT_TRAFFIC_SECRET_0 d3a7b765e468ef54310900603f05a90528b48bef780ffbef580f2380c9962766 daabef487963299a8d6c7493f8342b5f18186a67948d787cf9823a428c848091
SERVER_TRAFFIC_SECRET_0 d3a7b765e468ef54310900603f05a90528b48bef780ffbef580f2380c9962766 958bfc2f0687df196be8d4aada475a535a450529552002e62b5d504168516342
CLIENT_HANDSHAKE_TRAFFIC_SECRET f24f6620fadc29faa23594e2cd86e0ef6109f01a4846318aa3a119bab9d3059b 3b8bebb7b5411d3b9acec3c983f52a968b84d2995216ba6a5f6a66b8aee69c6b
SERVER_HANDSHAKE_TRAFFIC_SECRET f24f6620fadc29faa23594e2cd86e0ef6109f01a4846318aa3a119bab9d3059b f96d5399dc7883c9a9979310562d3c56c331a618427999f2d05bd10de4531323
CLIENT_TRAFFIC_SECRET_0 f24f6620fadc29faa23594e2cd86e0ef6109f01a4846318aa3a119bab9d3059b 2b2b7ea3cd45c067589e6e8cbbdf9a2b3dd2b36c9eb96edfd4e66d0c992623a6
SERVER_TRAFFIC_SECRET_0 f24f6620fadc29faa23594e2cd86e0ef6109f01a4846318aa3a119bab9d3059b 897096bd69898a3d0a6d681fe27af006aae1b9b1aac69e4630c7779d23a60515
CLIENT_HANDSHAKE_TRAFFIC_SECRET 1bce815227495627b05852e4db7741bea4769c9f293f996bcfaf407e15baf756 6c955bfd882cb565b851c490c098a880dc357d8f789545489bf6d0a91b327086
SERVER_HANDSHAKE_TRAFFIC_SECRET 1bce815227495627b05852e4db7741bea4769c9f293f996bcfaf407e15baf756 bc0967fc57554cefa4ad5ade4e61e43a9be27a9554c324b5ebfb1d29d7c25803
CLIENT_TRAFFIC_SECRET_0 1bce815227495627b05852e4db7741bea4769c9f293f996bcfaf407e15baf756 c3a2cd256fc19522fd33f37843c90a8757089f5622994fbe4feb81a26eadbde7
SERVER_TRAFFIC_SECRET_0 1bce815227495627b05852e4db7741bea4769c9f293f996bcfaf407e15baf756 9e7844b3dfc99295179d4ebfe296ddc59d6668e4099825ef1f8072f2f81465c5
CLIENT_HANDSHAKE_TRAFFIC_SECRET a169b491e71c55a174128e665b9183b588c5f42b07ffcbdd10709fc0a010c7cd b223ccf28db40bb6a7d33fe1055d3ec26091a053bb3f106a29cc3f4ff0afa620
SERVER_HANDSHAKE_TRAFFIC_SECRET a169b491e71c55a174128e665b9183b588c5f42b07ffcbdd10709fc0a010c7cd 5e1c610c8a31b93bffe539bddfd4a3023f041928ce4147b1fd825404291b61bd
CLIENT_TRAFFIC_SECRET_0 a169b491e71c55a174128e665b9183b588c5f42b07ffcbdd10709fc0a010c7cd 8041d0c3d0461dc187cde9c488fcf917d5e88d5181a1ceacfa0fa98496423537
SERVER_TRAFFIC_SECRET_0 a169b491e71c55a174128e665b9183b588c5f42b07ffcbdd10709fc0a010c7cd e30d17179c98b62dfe12542b74b5c52bffcf2677a79b90c00d87e0babb12abd7
CLIENT_HANDSHAKE_TRAFFIC_SECRET a5d861cc6c85f3ab8920f1d687cf437d174c376331d36134293bda98601d1972 08a22406926607b95af7623a94271f5de577a94713ab7e91b56dbe3b733a8258
SERVER_HANDSHAKE_TRAFFIC_SECRET a5d861cc6c85f3ab8920f1d687cf437d174c376331d36134293bda98601d1972 2678ae8e474e95780ee0f0c5b3d0cde2007f7c50ec03ad191ee8310d59a43e55
CLIENT_TRAFFIC_SECRET_0 a5d861cc6c85f3ab8920f1d687cf437d174c376331d36134293bda98601d1972 56064e5945ea67a0bfaa9665eecddad51e5659b148acb058393a5a34113a1711
SERVER_TRAFFIC_SECRET_0 a5d861cc6c85f3ab8920f1d687cf437d174c376331d36134293bda98601d1972 a57f2eec12fe8633d7c8f8db30bd9cacaf712773d9a20e8ee21390401729b780
CLIENT_HANDSHAKE_TRAFFIC_SECRET 6afedba292766f3beb0d5240a06426a710ee07f3936715360b26c846fe1d1799 7c6d991e1288bbf4d094ea1014db93309ae5ce8790200cb78282b22868dde1dc
SERVER_HANDSHAKE_TRAFFIC_SECRET 6afedba292766f3beb0d5240a06426a710ee07f3936715360b26c846fe1d1799 a1b677defa2c3700169eafc6c77efa48853b72d0221ab9f486f68ce6016df9fb
CLIENT_TRAFFIC_SECRET_0 6afedba292766f3beb0d5240a06426a710ee07f3936715360b26c846fe1d1799 2ed68ffc7295edfc3b38fbcedab0c4c8422733cf9a70974d0f1f98424da90fe1
SERVER_TRAFFIC_SECRET_0 6afedba292766f3beb0d5240a06426a710ee07f3936715360b26c846fe1d1799 2495dc74900f2f14390d95c4f86b338e368666b1a52bbbea5286dcbb8ef87f60
CLIENT_HANDSHAKE_TRAFFIC_SECRET cdefb8d88b15f5dbe1909d018a5182fc39ab67bf139b340ba8d6a3406b9df630 068dd93b0984675aba4146c4eed3960abca062daf1c798b96556bb627f0eee47
SERVER_HANDSHAKE_TRAFFIC_SECRET cdefb8d88b15f5dbe1909d018a5182fc39ab67bf139b340ba8d6a3406b9df630 fdcc5a401ff60d3ab65663772de3a30ef7473b93b44344a75e065406d958bba4
CLIENT_TRAFFIC_SECRET_0 cdefb8d88b15f5dbe1909d018a5182fc39ab67bf139b340ba8d6a3406b9df630 35768ad30cbc23fd075e593ab013b591ac7ab4ff858c85dfedeb65337416eb3d
SERVER_TRAFFIC_SECRET_0 cdefb8d88b15f5dbe1909d018a5182fc39ab67bf139b340ba8d6a3406b9df630 c2e0a35831318712a97ed1a9e2096240898dfcf3d37ac7eef20d35e6f92cd5db
CLIENT_HANDSHAKE_TRAFFIC_SECRET f76a44bf86a9c5948277e4780724dd88e3e3af546f8de72be627c059b697596c ede77a70f3f3c83523d9c22198f78d3d703865b835fc38880c2c2532b6969436
SERVER_HANDSHAKE_TRAFFIC_SECRET f76a44bf86a9c5948277e4780724dd88e3e3af546f8de72be627c059b697596c 18d734be072197a0a32d4c465d661fc2b7ba1f8dc01fecc1550dbdbb8262c3c2
CLIENT_TRAFFIC_SECRET_0 f76a44bf86a9c5948277e4780724dd88e3e3af546f8de72be627c059b697596c 3dce5cb3707963a88c51e39a0df1eddb45e2903b6042045d2093282e3010d02c
SERVER_TRAFFIC_SECRET_0 f76a44bf86a9c5948277e4780724dd88e3e3af546f8de72be627c059b697596c 37c9b3d3d93fa648284b7bed80a0343236ef140d7aef90fdbaf9d7036670a38a
CLIENT_HANDSHAKE_TRAFFIC_SECRET 553b617bd0b737282169cfebe7b96bdc15a08d5b19d7ef4752964e747a938d2c aeeca9d66abbe5dc2fd746efee1701c97c26dc18682ba80f3c29732416be73dd
SERVER_HANDSHAKE_TRAFFIC_SECRET 553b617bd0b737282169cfebe7b96bdc15a08d5b19d7ef4752964e747a938d2c d368b5c410b8e5b9a02887dc13d78095919cd7e78b348d1d5d4b865a9ca926ce
CLIENT_TRAFFIC_SECRET_0 553b617bd0b737282169cfebe7b96bdc15a08d5b19d7ef4752964e747a938d2c 7ecdd4e8198c9281c323ffcf88a6cab1da6735b9b633ef2c7f3544c995db7ff5
SERVER_TRAFFIC_SECRET_0 553b617bd0b737282169cfebe7b96bdc15a08d5b19d7ef4752964e747a938d2c a1c400660645b015294ad4642dba0405cfa5598e337059504702eb9d2ec66227
CLIENT_HANDSHAKE_TRAFFIC_SECRET 6232be6f2dd5dffe92a9de31bbde5a49e4abfcff4049bd19fedc5512a495c50b f3097f9da75be3dc6f455f579f9c57146760081be70946219a52e4ae6483a3db
SERVER_HANDSHAKE_TRAFFIC_SECRET 6232be6f2dd5dffe92a9de31bbde5a49e4abfcff4049bd19fedc5512a495c50b ac049099388fe6279c51462eca3fefecf2325ec27f1bc04d08198dc5ef7b0bd6
CLIENT_TRAFFIC_SECRET_0 6232be6f2dd5dffe92a9de31bbde5a49e4abfcff4049bd19fedc5512a495c50b 3f33911d6ab2218a0045ea2f53c29eda4ad4664e3ecc264ced94ac9970f02169
SERVER_TRAFFIC_SECRET_0 6232be6f2dd5dffe92a9de31bbde5a49e4abfcff4049bd19fedc5512a495c50b f1628946f5c79fb114bf5504f252b8e8f0e8dfbc6b405c1dd73fc42feda3d828
CLIENT_HANDSHAKE_TRAFFIC_SECRET 55ec18a9ea6f2af57bf7e1430c6c299f11f640c21600e7a0da0046088220474f 0eac9db6d5e33e3200db646dbd31a2657ba8b2ca9c7e93d0975290beef2acce6
SERVER_HANDSHAKE_TRAFFIC_SECRET 55ec18a9ea6f2af57bf7e1430c6c299f11f640c21600e7a0da0046088220474f 813cdc5bc5280828e6debfd79a9f6ce3b21310dede0b5b41c5c9fa9b0a7ff3f0
CLIENT_TRAFFIC_SECRET_0 55ec18a9ea6f2af57bf7e1430c6c299f11f640c21600e7a0da0046088220474f 11b492bba77b232fa26a05478ac5686bb036251b0e3582578839b7b88331638e
SERVER_TRAFFIC_SECRET_0 55ec18a9ea6f2af57bf7e1430c6c299f11f640c21600e7a0da0046088220474f f067e1a35da00ae7b02e63b6b625d6e4d1fc38dc5de7378efc0721d33ff1ea8c
CLIENT_HANDSHAKE_TRAFFIC_SECRET bcf223c1c52d44cbaff99200583eb7b6181dcc53d091f929e21e53dc23f043b3 ff1d766cba106ed5434d5c51e548c2e536269a884006dc5082f03ad28ba5f2d9
SERVER_HANDSHAKE_TRAFFIC_SECRET bcf223c1c52d44cbaff99200583eb7b6181dcc53d091f929e21e53dc23f043b3 bdd00bb3d5da9b57177f11e5c89f5ae82b72240425c39639dc0178be78d8ec30
CLIENT_TRAFFIC_SECRET_0 bcf223c1c52d44cbaff99200583eb7b6181dcc53d091f929e21e53dc23f043b3 78f70ebd51766ae051341129e7cbbb92359adc1a7481cc823b80813681027f7d
SERVER_TRAFFIC_SECRET_0 bcf223c1c52d44cbaff99200583eb7b6181dcc53d091f929e21e53dc23f043b3 079eae832dee4f1862cf917f9367510830ab220838e25a9dd67f6fffbb925db5
CLIENT_HANDSHAKE_TRAFFIC_SECRET c8ba58d98a4b1b6524ac28d9b57b2019140879b5078eb591e76398c0fbdd42aa 1b71788679a16aa7a46aed17c785f64bbd456fb4b4ea1d5bd9c77931a5e7db8f
SERVER_HANDSHAKE_TRAFFIC_SECRET c8ba58d98a4b1b6524ac28d9b57b2019140879b5078eb591e76398c0fbdd42aa 3fdcb2445a376fabba64ae98de99fae8d793d779a139bdfa546f38fa46ded5bb
CLIENT_TRAFFIC_SECRET_0 c8ba58d98a4b1b6524ac28d9b57b2019140879b5078eb591e76398c0fbdd42aa 686b0f920f5da70fd3601bb06c1ed60b221533787032191f9672aa5802824bef
SERVER_TRAFFIC_SECRET_0 c8ba58d98a4b1b6524ac28d9b57b2019140879b5078eb591e76398c0fbdd42aa d3a733077692ea954be817a35dd59411a96a708d4c40167ddbc92ad2161b32ed
CLIENT_HANDSHAKE_TRAFFIC_SECRET 8ab79ef1fe6619fa85d34687d28da90f2f7293ff54985aa9dc2ee8937edcf29a 84c0d4fa013cb1ec7f33f7493baaebf912072a113fe9bd957831c52e43e4f7a6
SERVER_HANDSHAKE_TRAFFIC_SECRET 8ab79ef1fe6619fa85d34687d28da90f2f7293ff54985aa9dc2ee8937edcf29a d16229fc0464afe6e1b5d1e9b9a6a13e498ed11372a3c53561f38112aceb71fb
CLIENT_TRAFFIC_SECRET_0 8ab79ef1fe6619fa85d34687d28da90f2f7293ff54985aa9dc2ee8937edcf29a 69da8cf34a492f592b8afda4e5ac7c3ac015ef38368263f772a6364876b91640
SERVER_TRAFFIC_SECRET_0 8ab79ef1fe6619fa85d34687d28da90f2f7293ff54985aa9dc2ee8937edcf29a 93565c127e94042654b71ad2f9544ca76651dbdf84a236549a29d305dd190e4c
CLIENT_HANDSHAKE_TRAFFIC_SECRET bab08c61849a7db94351e9438109f10ac009c2c4ad2711c04d21af0797c89e40 7ef7f392f37e0cc8a96590803130e5c8e5526f6b68aa38c7db72c215d1ca4fd4
SERVER_HANDSHAKE_TRAFFIC_SECRET bab08c61849a7db94351e9438109f10ac009c2c4ad2711c04d21af0797c89e40 8903b157cad0d38a42c3109d75e6830b38932c8409543e1252cb3324dcd80bf9
CLIENT_TRAFFIC_SECRET_0 bab08c61849a7db94351e9438109f10ac009c2c4ad2711c04d21af0797c89e40 4a7088d202ec09f6d665f97d7491d4372ddbdcf74e45318b4cd53d394c330001
SERVER_TRAFFIC_SECRET_0 bab08c61849a7db94351e9438109f10ac009c2c4ad2711c04d21af0797c89e40 cc4e2deb01582fa40cd14bc91ee855828f8faa0679bb1bbe132bd0bfbc60331a
CLIENT_HANDSHAKE_TRAFFIC_SECRET 57f7e9346365cd079e45f4a0eb470e0c6015a65925cda3d3e1214cd4d1f482e5 48e215fa8c8c1140e4d8f7d22e9ae8b760e3e666a2604bc376b0a899b8a4a7e0
SERVER_HANDSHAKE_TRAFFIC_SECRET 57f7e9346365cd079e45f4a0eb470e0c6015a65925cda3d3e1214cd4d1f482e5 cb58448db10a4bb1d188f66509ac26a9d6c63e710e2ae770b4a64565d42473bc
CLIENT_TRAFFIC_SECRET_0 57f7e9346365cd079e45f4a0eb470e0c6015a65925cda3d3e1214cd4d1f482e5 4bda215afff62a417ef941919fb05744a70e561dc6127fce7450b08092a59fe4
SERVER_TRAFFIC_SECRET_0 57f7e9346365cd079e45f4a0eb470e0c6015a65925cda3d3e1214cd4d1f482e5 a2c4fbed89bbcd4e31c9d8a9da47bde6db29227b58900929eaf6f5b03b2cff20
CLIENT_HANDSHAKE_TRAFFIC_SECRET eed1297df8194d2666b2e996b261bc9a70e36c779b1ff59d050d60ebc8aa8b0d a0bbd786459cf06e7c32dc959fbdaa8aa3e92aee67adeeceb3eccd9c8d84f94f
SERVER_HANDSHAKE_TRAFFIC_SECRET eed1297df8194d2666b2e996b261bc9a70e36c779b1ff59d050d60ebc8aa8b0d c690b6ce6d8c040afbc5ca4afae7f486a80bd07e012baef63eb2a26be77063bb
CLIENT_TRAFFIC_SECRET_0 eed1297df8194d2666b2e996b261bc9a70e36c779b1ff59d050d60ebc8aa8b0d 67d273b7e51ea3d00881435526c32ab8ae2af3bdab7cc833980130634a14ebd3
SERVER_TRAFFIC_SECRET_0 eed1297df8194d2666b2e996b261bc9a70e36c779b1ff59d050d60ebc8aa8b0d 2db4f081656c840b2fc8c9591c4ea79bf64b87e118431afb753b8e720c372f18
CLIENT_HANDSHAKE_TRAFFIC_SECRET 69628a2b911926a21166df96097c3854a9b1d00704dd0a74c9ad145d0ec3418f ce68de0ef4dac3cd4468a90ff04fedd716f207c80e61f3fb440f6ba16d1000c7
SERVER_HANDSHAKE_TRAFFIC_SECRET 69628a2b911926a21166df96097c3854a9b1d00704dd0a74c9ad145d0ec3418f 9449474ca820a0312a0834b11b722cc10043c8fe7d38483ba9d8f73aa000949f
CLIENT_TRAFFIC_SECRET_0 69628a2b911926a21166df96097c3854a9b1d00704dd0a74c9ad145d0ec3418f ea9a3c73c012defb8f6068767204b181bae9f3b3040a92face5c9b68a0ac6531
SERVER_TRAFFIC_SECRET_0 69628a2b911926a21166df96097c3854a9b1d00704dd0a74c9ad145d0ec3418f 992c7c4add101200a8e50d207596f238c3bdb082f6081c6cf7a460cf5f2205f5
CLIENT_HANDSHAKE_TRAFFIC_SECRET 1f0fc8d47200783992313d883ecd1e864adaaa383ad6f21734d8a29dfd5f6c70 b96a0efd5613355a01d3aaa0cf2860742b7b3e3dc489961666f942d6aeb6e5bd
SERVER_HANDSHAKE_TRAFFIC_SECRET 1f0fc8d47200783992313d883ecd1e864adaaa383ad6f21734d8a29dfd5f6c70 2385d3249d2305c1d69347c033d5d3a3ebff5fd5dd990852d82c03497a4e4b82
CLIENT_TRAFFIC_SECRET_0 1f0fc8d47200783992313d883ecd1e864adaaa383ad6f21734d8a29dfd5f6c70 5945cb3fc08ce02135d7a3075c41450269d21ef7a6ee494e39c12d327bf700b7
SERVER_TRAFFIC_SECRET_0 1f0fc8d47200783992313d883ecd1e864adaaa383ad6f21734d8a29dfd5f6c70 f0470a546fc8c1f59520f8585bd475417106326954182aa9b90f24373e476026
CLIENT_HANDSHAKE_TRAFFIC_SECRET 47eb9888f31d7375ffa8b190b91f23b7fee5e4705da89f4012eecc3d69743dbc 6f1c0c4e00ac63a8cea1b39425bee60d3b10f058d72903d6a290181ac3a77a08
SERVER_HANDSHAKE_TRAFFIC_SECRET 47eb9888f31d7375ffa8b190b91f23b7fee5e4705da89f4012eecc3d69743dbc adcc1a276adc0ff331d30dde9bed22d25ba04f4183aab2feb61cba50208892a0
CLIENT_TRAFFIC_SECRET_0 47eb9888f31d7375ffa8b190b91f23b7fee5e4705da89f4012eecc3d69743dbc caa0d976372b1fd06d740f9b9ac884a28a038e5745b2107780ea4533d4f6e335
SERVER_TRAFFIC_SECRET_0 47eb9888f31d7375ffa8b190b91f23b7fee5e4705da89f4012eecc3d69743dbc afa79231403d85b642d34372a8bb56c64c13e461a114a796384f75b4fb668fbb
CLIENT_HANDSHAKE_TRAFFIC_SECRET 839313706bc35114c949d23ba25d50e29b14aec621a0aab073b3b8af0449a131 2b94669d8c4a1d2a64230b707349769c18717cfa49eb5df2568c4295b3e111c9
SERVER_HANDSHAKE_TRAFFIC_SECRET 839313706bc35114c949d23ba25d50e29b14aec621a0aab073b3b8af0449a131 b566d295e63fafd2177ec1187fc15d5a8f501fcee8c10b6fef743ee3bbf95c0a
CLIENT_TRAFFIC_SECRET_0 839313706bc35114c949d23ba25d50e29b14aec621a0aab073b3b8af0449a131 c4b53ad2ce3ed36a85e28d09b2456883d8a8852dea03a0717580021d92d5f625
SERVER_TRAFFIC_SECRET_0 839313706bc35114c949d23ba25d50e29b14aec621a0aab073b3b8af0449a131 b2a94cb5d40d9bb0f76292c6629791273b08694e12fc8950990a50dcef93ee8c
CLIENT_HANDSHAKE_TRAFFIC_SECRET 9cb575deb442ec94fc7cf732a69d772a80dcb5afc33e3aff1f7da4d6f3ac5372 6d61eaed1be1af52a1c2693fa7a8f0eb7cd35c744e6239ac3415daddd2522ebf
SERVER_HANDSHAKE_TRAFFIC_SECRET 9cb575deb442ec94fc7cf732a69d772a80dcb5afc33e3aff1f7da4d6f3ac5372 0d0927e0349e03c6f7701f2e5469684d405fb3cc0b579ed5b38a2a368b9db872
CLIENT_TRAFFIC_SECRET_0 9cb575deb442ec94fc7cf732a69d772a80dcb5afc33e3aff1f7da4d6f3ac5372 f8409e012a9a6679f3495e05467f3a4049ca3515bd45880f7a8a158af9e3a5c0
SERVER_TRAFFIC_SECRET_0 9cb575deb442ec94fc7cf732a69d772a80dcb5afc33e3aff1f7da4d6f3ac5372 40e81d34edd9d7a2a400dac48fbe2a2054c2b3bda6c46eaebff989f1416b8f4e
CLIENT_HANDSHAKE_TRAFFIC_SECRET f5098cc923abb32c381f54cfaaf2597f8e78b9846ce3d1413e47b514818b5b4c 72cc5df77b5a92d1ec406be73331cc5fa0285c3833405d49da3325a829b5793e
SERVER_HANDSHAKE_TRAFFIC_SECRET f5098cc923abb32c381f54cfaaf2597f8e78b9846ce3d1413e47b514818b5b4c df43947a96b40d71025b33d6be00f9e023d55d8174ac87328e35622ecd152e1f
CLIENT_TRAFFIC_SECRET_0 f5098cc923abb32c381f54cfaaf2597f8e78b9846ce3d1413e47b514818b5b4c 6498ed2d9dfedb7d06fb8776d207f8227be5ab405875f2aa8154f7e13cb8ab53
SERVER_TRAFFIC_SECRET_0 f5098cc923abb32c381f54cfaaf2597f8e78b9846ce3d1413e47b514818b5b4c 8f906f9764487264f0bac2341fbe3eebfb3307f2509049df2c31dc598ead0802
CLIENT_HANDSHAKE_TRAFFIC_SECRET 4db41aab4b3aa83f1b82ad6db5c16ed1fc1a1dbaa2cfab1eb3808ea5704fa527 2aea66372152da63d36aa78ee517aaccbc0f365a4910caa2be6a99c465cfb57f
SERVER_HANDSHAKE_TRAFFIC_SECRET 4db41aab4b3aa83f1b82ad6db5c16ed1fc1a1dbaa2cfab1eb3808ea5704fa527 c9a8543580270d4ba453d3745a8b0b72730b8c0cc0f40d57c5006af519c89ab7
CLIENT_TRAFFIC_SECRET_0 4db41aab4b3aa83f1b82ad6db5c16ed1fc1a1dbaa2cfab1eb3808ea5704fa527 773a1ff66e3a8ef78c1e608c0928f670aaffe9516dca1d6db429ab38512e5f6d
SERVER_TRAFFIC_SECRET_0 4db41aab4b3aa83f1b82ad6db5c16ed1fc1a1dbaa2cfab1eb3808ea5704fa527 4838c71e0270146dbb2b31e6f1d57f3e927daf6feba0b7178c637575967eb250
CLIENT_HANDSHAKE_TRAFFIC_SECRET 2d11a0b210d83c8e5709acbafe1ceee9944465b8cc97bff2aacb75115e67b791 b32b98fff6aa1081ad0275b415154562f87bdcc5d26b7fa9fef790d68d4fdcc1
SERVER_HANDSHAKE_TRAFFIC_SECRET 2d11a0b210d83c8e5709acbafe1ceee9944465b8cc97bff2aacb75115e67b791 871a0d3f0e1beab6d15bede62be7af630e7f33d3a5221197cb4acdc87d54d4bd
CLIENT_TRAFFIC_SECRET_0 2d11a0b210d83c8e5709acbafe1ceee9944465b8cc97bff2aacb75115e67b791 6d2776d0488a54aa01a3db359571f9ef3dd94f1145680801990db800eec64646
SERVER_TRAFFIC_SECRET_0 2d11a0b210d83c8e5709acbafe1ceee9944465b8cc97bff2aacb75115e67b791 37f6a5e2ee701c3e228f4c2f6ad4278254bf9c81bd0c1a5d66d41c70295b0d21
CLIENT_HANDSHAKE_TRAFFIC_SECRET a7b7519e5b1d1446bad22a8d528eef9a91db1efcf4d82dc215e946bcd97798d4 0be3bde0bce56bba7e3d4b8786519c1349d081bcf14eb9fa2a0c5496820cb8d5
SERVER_HANDSHAKE_TRAFFIC_SECRET a7b7519e5b1d1446bad22a8d528eef9a91db1efcf4d82dc215e946bcd97798d4 23d9f030d4f996e8338534103e3b0a0418052803942dcee5be23154eea4534f9
CLIENT_TRAFFIC_SECRET_0 a7b7519e5b1d1446bad22a8d528eef9a91db1efcf4d82dc215e946bcd97798d4 e90eaebc0355178d89d4fdca89934fac0cea030239fac885181ba0e23704611a
SERVER_TRAFFIC_SECRET_0 a7b7519e5b1d1446bad22a8d528eef9a91db1efcf4d82dc215e946bcd97798d4 439235f2050ba4764c9d1c36e48988f62acefa56ee30aa84535bb8f6fbf2fea0
CLIENT_HANDSHAKE_TRAFFIC_SECRET 26cdd87660cee851dcab62fcf678b32133e672fc94f04cace4bf22830b25c8f0 b631fdb4f540361841f0d961bbbfe2d26fbe0ec1d6e31e359ec42b32cc3e572c
SERVER_HANDSHAKE_TRAFFIC_SECRET 26cdd87660cee851dcab62fcf678b32133e672fc94f04cace4bf22830b25c8f0 5a45b52a2dfbf29d3bc22c0e68ba3ae2acfc656de2ccdeca7326191f4d49bea8
CLIENT_TRAFFIC_SECRET_0 26cdd87660cee851dcab62fcf678b32133e672fc94f04cace4bf22830b25c8f0 a8dd04409bc107f4df0fd3f046ace45e29c6722e93b188d391028637f671fb10
SERVER_TRAFFIC_SECRET_0 26cdd87660cee851dcab62fcf678b32133e672fc94f04cace4bf22830b25c8f0 3ab9eb544c80c762b5620aa9a7d09aef7c920f55feb82fb8545b617645f2007c
CLIENT_HANDSHAKE_TRAFFIC_SECRET d49f9570f76d2d51bb13c9878981663c213632d581c9d892599e8ac0793c3aa6 e08e7029d6a5feb05006b6b65bd64e992ce9a7f112f8d094e02f149c58f54013
SERVER_HANDSHAKE_TRAFFIC_SECRET d49f9570f76d2d51bb13c9878981663c213632d581c9d892599e8ac0793c3aa6 f00ea50a39775ba92a32a7c42885ce3faf3152f1a2b0d1dfe6fe007df454dc44
CLIENT_TRAFFIC_SECRET_0 d49f9570f76d2d51bb13c9878981663c213632d581c9d892599e8ac0793c3aa6 c94ce1dd9d1ed33d5f916ee5888adb8c348ecdc0693dc3fb070c4f3fc4ac80dd
SERVER_TRAFFIC_SECRET_0 d49f9570f76d2d51bb13c9878981663c213632d581c9d892599e8ac0793c3aa6 3af1da4b1d15cbd2d1b1ee13342d70743aa410387c8ef92971548fdee83f6aa0
CLIENT_HANDSHAKE_TRAFFIC_SECRET 02751110f920a2b82b14013a1da63a7fad44026ae78e422bd1245f1647e0d32e 630dbd4c417e8dd1f91da625bf23fc8841cfd7cc829d4a8b0952197da3806e2e
SERVER_HANDSHAKE_TRAFFIC_SECRET 02751110f920a2b82b14013a1da63a7fad44026ae78e422bd1245f1647e0d32e a10bee6bb2ed5a6e3a64983bfe5eb9924c37e83f1a14941119f21ce48ad2005a
CLIENT_TRAFFIC_SECRET_0 02751110f920a2b82b14013a1da63a7fad44026ae78e422bd1245f1647e0d32e a24b75c11c87708d96e4cb13f9b00e65ebc1b5c924ea3ff43f04bba5eb590134
SERVER_TRAFFIC_SECRET_0 02751110f920a2b82b14013a1da63a7fad44026ae78e422bd1245f1647e0d32e 0ae8a0c1cf0f06860c8dc72535e11e856b424fc078d256909c3da5e0aa8ad223
CLIENT_HANDSHAKE_TRAFFIC_SECRET 786093f3b80eb82fffe4baa98a2d743ee9346c55ac73640dcfd8c3a6174e2627 0aea20fcb047b7f0643ffdd63b6ae90a7741ebeb48152c6644d80ac2a753e532
SERVER_HANDSHAKE_TRAFFIC_SECRET 786093f3b80eb82fffe4baa98a2d743ee9346c55ac73640dcfd8c3a6174e2627 d279967268acf0645a2ef4dabfbe09af1b48bdb67b11a77390567025c2cb08d8
CLIENT_TRAFFIC_SECRET_0 786093f3b80eb82fffe4baa98a2d743ee9346c55ac73640dcfd8c3a6174e2627 508bc27c4610da427f583fe6b97f8d48da9ed9da6d8444be5262a1d433b00e18
SERVER_TRAFFIC_SECRET_0 786093f3b80eb82fffe4baa98a2d743ee9346c55ac73640dcfd8c3a6174e2627 79094b644d6a4cd91012c3b6fe98f56414b84b540da121b67adfcc628a78ddfd
CLIENT_HANDSHAKE_TRAFFIC_SECRET e461b22ead0c868ddec9214a7ea2b5e8c7e792517c7b2b3bdd72f7abc787464f dd5e6c6becc3206783516eeaa75430504acc680937d9855a34c5e3dc5a5e7332
SERVER_HANDSHAKE_TRAFFIC_SECRET e461b22ead0c868ddec9214a7ea2b5e8c7e792517c7b2b3bdd72f7abc787464f c7aad45553b872425971cfda81d8225a262ff59a1b91e36dc53b98ea139c38d1
CLIENT_TRAFFIC_SECRET_0 e461b22ead0c868ddec9214a7ea2b5e8c7e792517c7b2b3bdd72f7abc787464f 09c20ae7847d405ab919fadaf16fc2edb4c2359ccfe61e81e9d1da880cc87d95
SERVER_TRAFFIC_SECRET_0 e461b22ead0c868ddec9214a7ea2b5e8c7e792517c7b2b3bdd72f7abc787464f 3af89a5c2cea216000f66a247f7a03491ebf66743deb29ce412bf21f2c9c1394
CLIENT_HANDSHAKE_TRAFFIC_SECRET 7a395b9b24d4e884b30b8398813cb0dd84efd8dfea6ee6c98972dadbdbd4a350 0edb7acda2916cdd87d8e8a6c72847ed7108535d07bcffbe9c57c6ff04f38d37
SERVER_HANDSHAKE_TRAFFIC_SECRET 7a395b9b24d4e884b30b8398813cb0dd84efd8dfea6ee6c98972dadbdbd4a350 657e87bcc1b30e734534412f14a076cc6fa48ffc556fae98360dd0020a39fffd
CLIENT_TRAFFIC_SECRET_0 7a395b9b24d4e884b30b8398813cb0dd84efd8dfea6ee6c98972dadbdbd4a350 0a1acbb8a3596699744be3bbd4f8b4798fa0dad9be30a6a3cd4c21d4800fe8ef
SERVER_TRAFFIC_SECRET_0 7a395b9b24d4e884b30b8398813cb0dd84efd8dfea6ee6c98972dadbdbd4a350 c67150dd1246262342f714381ad8249d1b04e77be251b325af2743502d31277f
CLIENT_HANDSHAKE_TRAFFIC_SECRET d9a2283de1421c548d82e2d101f0f883396239ba9280436b48a94e421a9ae737 c84daf8e6bb1e5fff06016fa81506894063b54ca37390992db84e6adb33b385d
SERVER_HANDSHAKE_TRAFFIC_SECRET d9a2283de1421c548d82e2d101f0f883396239ba9280436b48a94e421a9ae737 f09cc255ce9612eec14a6220f5dff5715a971a0394dcf2053cd189b450d064a4
CLIENT_TRAFFIC_SECRET_0 d9a2283de1421c548d82e2d101f0f883396239ba9280436b48a94e421a9ae737 1653c35cf6fb67f23a40160ef50a2dac1187568b7fc94e181a391b96ca3464b5
SERVER_TRAFFIC_SECRET_0 d9a2283de1421c548d82e2d101f0f883396239ba9280436b48a94e421a9ae737 0ec8bc1ff72feeb19c91946d01e15425a69c398cefd213dda10f81774bcd1075
CLIENT_HANDSHAKE_TRAFFIC_SECRET 843df782dbbd8811f1c7e2110c30920b8c12465da58699d578802d65612ce09d bbcf6974b22aa20f49b2c268410a1b8d8d4247c432f0a212868bc533e13e9a14
SERVER_HANDSHAKE_TRAFFIC_SECRET 843df782dbbd8811f1c7e2110c30920b8c12465da58699d578802d65612ce09d 5711c25e0e5d31c113a3662a2bfb83181ac0915ef0fa5f865e27c0a5b8371da5
CLIENT_TRAFFIC_SECRET_0 843df782dbbd8811f1c7e2110c30920b8c12465da58699d578802d65612ce09d 02d93bc9cc2ba117dad865b4890a2c66b145010a313e77a73fa8232a90c3400e
SERVER_TRAFFIC_SECRET_0 843df782dbbd8811f1c7e2110c30920b8c12465da58699d578802d65612ce09d 83ef9f670efd55473259d4f3238e999fd1edb954fd7bff59dd0c8de65c9ba0fb
CLIENT_HANDSHAKE_TRAFFIC_SECRET b802e145dd8a971da79ceda7f7482684569cc30c4d0a754190c71098e208eab8 fa5c696a9926a1bfc43f8f58bfe775ab9a05195e0ec6eb88d510ff65f072b4e2
SERVER_HANDSHAKE_TRAFFIC_SECRET b802e145dd8a971da79ceda7f7482684569cc30c4d0a754190c71098e208eab8 c20860b7234a9f15f65c77f3b2eb07ddeca969be21c7b415faa47c77305564a3
CLIENT_TRAFFIC_SECRET_0 b802e145dd8a971da79ceda7f7482684569cc30c4d0a754190c71098e208eab8 62e962a4d2fcc300d05c26a45a4cb408a91bb9a47d1c76bf8610d5f3ea754d70
SERVER_TRAFFIC_SECRET_0 b802e145dd8a971da79ceda7f7482684569cc30c4d0a754190c71098e208eab8 098d1e7b89656a6012b6da45c1d4136b6c623d8141f8029f79a676439625199f
CLIENT_HANDSHAKE_TRAFFIC_SECRET 291592ed95361f192a5fccfc1d80148b062d7b19f153b25eac4232aa406860dd 7c984b266719da3ba390975d7dedf2464bd4b06b449ed542458f7182ee35324a
SERVER_HANDSHAKE_TRAFFIC_SECRET 291592ed95361f192a5fccfc1d80148b062d7b19f153b25eac4232aa406860dd 36adb4edb517213ff9ecefa4afefe552329775d1cd9caaa2014eb03b978dd02f
CLIENT_TRAFFIC_SECRET_0 291592ed95361f192a5fccfc1d80148b062d7b19f153b25eac4232aa406860dd 34f4e29e860dbefa3f1ca13e4fb889187bbe310337150dcf86d4f905598ad22d
SERVER_TRAFFIC_SECRET_0 291592ed95361f192a5fccfc1d80148b062d7b19f153b25eac4232aa406860dd 33adf4ca46dad0730ec95741c2b9a15a9a6daa7fc2225774072b33e0f7288314
CLIENT_HANDSHAKE_TRAFFIC_SECRET 875e49703dcfce9def7cbb3a62ac3361b637867c4bd17d8f6e802d7d27afde34 c872b96ce026b2925a9f0507a604521f7ea72ea021270d2a68c11cb071c5b815
SERVER_HANDSHAKE_TRAFFIC_SECRET 875e49703dcfce9def7cbb3a62ac3361b637867c4bd17d8f6e802d7d27afde34 97cbb09ab2c1b1d217654fee673fcee1fb86eff29801612a09ff232548f9c5cd
CLIENT_TRAFFIC_SECRET_0 875e49703dcfce9def7cbb3a62ac3361b637867c4bd17d8f6e802d7d27afde34 47dc75b2b50af60c54dae425220ac176b23c904a59f7a22181be4a3d9159f005
SERVER_TRAFFIC_SECRET_0 875e49703dcfce9def7cbb3a62ac3361b637867c4bd17d8f6e802d7d27afde34 b277973962bbac6cddba189c14db989a7572895f6c34f37c88005ae54fbc0bab
CLIENT_HANDSHAKE_TRAFFIC_SECRET c3ca34dd5fe3bf36e7fe90767240f4994acd4fc9b5626f14272bbca0be1fa0a2 619477bb74472799572d91f4d7a83cd4b38981a7aac9576113f3de81e51323fd
SERVER_HANDSHAKE_TRAFFIC_SECRET c3ca34dd5fe3bf36e7fe90767240f4994acd4fc9b5626f14272bbca0be1fa0a2 724e129272b72b2fabc419a61b0230f337998b58109c42832c723d4989a57878
CLIENT_TRAFFIC_SECRET_0 c3ca34dd5fe3bf36e7fe90767240f4994acd4fc9b5626f14272bbca0be1fa0a2 079c574597780fea86dabad31d7e7b7534c79eb7c802d301cc98c4693a34194d
SERVER_TRAFFIC_SECRET_0 c3ca34dd5fe3bf36e7fe90767240f4994acd4fc9b5626f14272bbca0be1fa0a2 12609b1dc094b986ec2ef8e56091e8d0af1411046981f8ae177258e8a23ab001
CLIENT_HANDSHAKE_TRAFFIC_SECRET 550acbf2f72dcbf1d795e8577ebc168c04524b47af6b1ac3b7e7c4866d1aa495 481a02a6c7b23486124f0bfe0c2f9ca294b3c109d8ed969f02f0c72c0f4ff89e
SERVER_HANDSHAKE_TRAFFIC_SECRET 550acbf2f72dcbf1d795e8577ebc168c04524b47af6b1ac3b7e7c4866d1aa495 de9851a91c4339f2dbe6456c9fee03cb6cc7e7510fbe1231bb0ae8bb62cec5bb
CLIENT_TRAFFIC_SECRET_0 550acbf2f72dcbf1d795e8577ebc168c04524b47af6b1ac3b7e7c4866d1aa495 5991002c40a772fa44048f9205cc6bb2390622079a6af2f5588e106db937203d
SERVER_TRAFFIC_SECRET_0 550acbf2f72dcbf1d795e8577ebc168c04524b47af6b1ac3b7e7c4866d1aa495 53552c4041038483acfecb244aba80d1533b6f51a51792fe226b8c6ab2f23b7b
CLIENT_HANDSHAKE_TRAFFIC_SECRET 529076189bc4f198ed3ee6ee53b62d8114348779d88f533d4c739f6379d371e2 5a71a67578baa7ac5df710ad71a0702737df3267e5e758d4c2201004b5265af3
SERVER_HANDSHAKE_TRAFFIC_SECRET 529076189bc4f198ed3ee6ee53b62d8114348779d88f533d4c739f6379d371e2 91416ae9dd20ac2026427804768761f69275a3032edac70f1981b6afe9755be2
CLIENT_TRAFFIC_SECRET_0 529076189bc4f198ed3ee6ee53b62d8114348779d88f533d4c739f6379d371e2 91b871843f41156396a9736c1ac38813044f9b13fa7fe251364db72560310c6c
SERVER_TRAFFIC_SECRET_0 529076189bc4f198ed3ee6ee53b62d8114348779d88f533d4c739f6379d371e2 638229ab74bfb09363f60a8d64bd20ccaa98ed98cc0100669ee82fab8dd5d04b
CLIENT_HANDSHAKE_TRAFFIC_SECRET 14a2ad03b1595009b1cf4e93fe12fd921d565286ec3842cfd2e564df2e0b31df 083a4ce54908b5d7712ce650221dd126325db8788ef147c369287c79e316b59b
SERVER_HANDSHAKE_TRAFFIC_SECRET 14a2ad03b1595009b1cf4e93fe12fd921d565286ec3842cfd2e564df2e0b31df 6d38141cf79734b7d8843c337abf7970cbae0f96aea7a8b4664f3028bacd506b
CLIENT_TRAFFIC_SECRET_0 14a2ad03b1595009b1cf4e93fe12fd921d565286ec3842cfd2e564df2e0b31df c6269d86fc305215cf74185b4a48d3b39917e41b1ee8bdc3de9032991960d8a6
SERVER_TRAFFIC_SECRET_0 14a2ad03b1595009b1cf4e93fe12fd921d565286ec3842cfd2e564df2e0b31df 5fe625a79bd082a3985c69bf15dda3063ae6555b89323a3b475f2fb708ae2ece
CLIENT_HANDSHAKE_TRAFFIC_SECRET ca505e1dcc30a7f2cce8ccc8fdae7651a86392bff943730c0460d485d5ad3f51 2c81b4af35c4d1083b65f6360fef939e86daa1056bc87f0f0381f3b4b925af04
SERVER_HANDSHAKE_TRAFFIC_SECRET ca505e1dcc30a7f2cce8ccc8fdae7651a86392bff943730c0460d485d5ad3f51 2734bd254b0aaba9e4c31f9cb054559401dc145536134419fdb693d3710ce419
CLIENT_TRAFFIC_SECRET_0 ca505e1dcc30a7f2cce8ccc8fdae7651a86392bff943730c0460d485d5ad3f51 3fe457ecb5f0851120831e12ddc80db25efba462c18a2f466a42ff6c15b915e8
SERVER_TRAFFIC_SECRET_0 ca505e1dcc30a7f2cce8ccc8fdae7651a86392bff943730c0460d485d5ad3f51 dc62363477c5ae45f4c6b8fed692d6bde9c2155acf3d251b2e68d2c50c330820
CLIENT_HANDSHAKE_TRAFFIC_SECRET 6fb8a00a86c1c0248763e4c66c1576063550b9d95d82cfc03486f02f8f7cbdd7 fceae65719b505a172d487873213b22f5872d8ad8ce93cfdb371694cae093bd1
SERVER_HANDSHAKE_TRAFFIC_SECRET 6fb8a00a86c1c0248763e4c66c1576063550b9d95d82cfc03486f02f8f7cbdd7 6f544d6627283b9c9a10b550980a20b2feec6421334fea01d356a5d2041649df
CLIENT_TRAFFIC_SECRET_0 6fb8a00a86c1c0248763e4c66c1576063550b9d95d82cfc03486f02f8f7cbdd7 8066bfdd34431e76d88cce17b6b95ca37ec111bddacdb2cff2317b334b640b74
SERVER_TRAFFIC_SECRET_0 6fb8a00a86c1c0248763e4c66c1576063550b9d95d82cfc03486f02f8f7cbdd7 3557b3fb27f31b1327ab1f11f52bef97a55d180996c5fc4bf497cb9caf5a7ccc
CLIENT_HANDSHAKE_TRAFFIC_SECRET 26260598aae2b7f793b05f16c7550d3db70ad4b196851f539e44378436805b6b cc5cf34873bde4b385121e6dc918becca278879a58d13eac894c4e6eb666d336
SERVER_HANDSHAKE_TRAFFIC_SECRET 26260598aae2b7f793b05f16c7550d3db70ad4b196851f539e44378436805b6b e89f3fa55963d91d1b4da5126cf49cd8faaff8ae0c06e2c3c6df004c9942ae25
CLIENT_TRAFFIC_SECRET_0 26260598aae2b7f793b05f16c7550d3db70ad4b196851f539e44378436805b6b 34f25372670f4f7954dcfd0851d2b5d0df3a28ee5d7d79ea04a4affdac27594d
SERVER_TRAFFIC_SECRET_0 26260598aae2b7f793b05f16c7550d3db70ad4b196851f539e44378436805b6b abc6e73974c27b285a9d548e1e65589d116ff92d86e415d8929e5a39db91303e
CLIENT_HANDSHAKE_TRAFFIC_SECRET 837fb477094efc557db5316d8f050498d4da87abb736e4b94d5d0d5b46be554d bc7b07ac16b9d191f7a991b7c92c7bf61b38512fd6ba33346c2ea545ccd087bd
SERVER_HANDSHAKE_TRAFFIC_SECRET 837fb477094efc557db5316d8f050498d4da87abb736e4b94d5d0d5b46be554d e51ef29292a880e89ea85a5970dbd9b974c6e4154b10775e4821c5a1c4a13397
CLIENT_TRAFFIC_SECRET_0 837fb477094efc557db5316d8f050498d4da87abb736e4b94d5d0d5b46be554d 7c3599e43f5469dd4b405dfe4b516701f131ca4fa156778315524f0bb8ab816e
SERVER_TRAFFIC_SECRET_0 837fb477094efc557db5316d8f050498d4da87abb736e4b94d5d0d5b46be554d bfd0621e4717d25ba5f876f96f3e3b25850c25eb36d409022fc06723d7905768
CLIENT_HANDSHAKE_TRAFFIC_SECRET a1f7419f9273683caa58d8083fbfbbb69879fb52002469a16e08932246349d66 9f886ed0dc717436e3b7b0417667a2b339c0ce1c54e8295a4b353795f5db3bba
SERVER_HANDSHAKE_TRAFFIC_SECRET a1f7419f9273683caa58d8083fbfbbb69879fb52002469a16e08932246349d66 f2bab09770e98fe6b70dc6ea7e50a0aac24317c7c2f74c2b5903eaa4053533c2
CLIENT_TRAFFIC_SECRET_0 a1f7419f9273683caa58d8083fbfbbb69879fb52002469a16e08932246349d66 d4040f97c285b71779dbfcdd5ba7e0bc1aed6465b9fbd5062fc6d167ff45a1a6
SERVER_TRAFFIC_SECRET_0 a1f7419f9273683caa58d8083fbfbbb69879fb52002469a16e08932246349d66 2b8f115c25f63b03eca5d4124306dfe92b42a04b9d7d9ffd754f00cf031f138d
CLIENT_HANDSHAKE_TRAFFIC_SECRET fa3e97d9a020a788b021537cf8cebb6cb25be1cf3e47305ffa426fc9e0d17ee5 0cb06d901af4d7f2154843833be67cdb2d7c4f876ec5bd0f22fc1d7ebc4a9584
SERVER_HANDSHAKE_TRAFFIC_SECRET fa3e97d9a020a788b021537cf8cebb6cb25be1cf3e47305ffa426fc9e0d17ee5 ac1dbf7daf7f17409cf6b4b02b7a4ed7ae699a538f994b24b5be8398ba989c10
CLIENT_TRAFFIC_SECRET_0 fa3e97d9a020a788b021537cf8cebb6cb25be1cf3e47305ffa426fc9e0d17ee5 4f439c9e9b62c802682646ce605232a0e10d1f099e2d3b7e48bd24564b36afb6
SERVER_TRAFFIC_SECRET_0 fa3e97d9a020a788b021537cf8cebb6cb25be1cf3e47305ffa426fc9e0d17ee5 57596f3b3aaef7379d71f29c43130d4e1bf8e18d227404451babb1874962fae7
CLIENT_HANDSHAKE_TRAFFIC_SECRET 788200408b5ee3c2555db2bb4fec5155e8826447ed33647261d8b59d768b49cc e98b87afc2109d05f8dd197a515bda78c28567e38c1d934c550df906df47bdb1
SERVER_HANDSHAKE_TRAFFIC_SECRET 788200408b5ee3c2555db2bb4fec5155e8826447ed33647261d8b59d768b49cc 12d35e01aaaea867fa97b3ee6a5590db3b22bbf3bf4b74643b00a26c3d20e851
CLIENT_TRAFFIC_SECRET_0 788200408b5ee3c2555db2bb4fec5155e8826447ed33647261d8b59d768b49cc 3b289ba5785148c43b9d297bbc48af3f75ae461dd29864b69874180bd31e341a
SERVER_TRAFFIC_SECRET_0 788200408b5ee3c2555db2bb4fec5155e8826447ed33647261d8b59d768b49cc ebb1f12cec99c1a748d7ade75fcbb2268694bdb0044b4156cf40cb7c60575c24
CLIENT_HANDSHAKE_TRAFFIC_SECRET 3bea5d73bb41e2ed5545adf2b9e96afa5feb83578427fdc971f9104da1d39603 2d46f15a98003004cbad4483b522b52feb6522193a0bd52f378c98a7254f1836
SERVER_HANDSHAKE_TRAFFIC_SECRET 3bea5d73bb41e2ed5545adf2b9e96afa5feb83578427fdc971f9104da1d39603 0b49a8e16bcd04ecb0575c457bad2afee899bd425836829fa13b6221b0882cbd
CLIENT_TRAFFIC_SECRET_0 3bea5d73bb41e2ed5545adf2b9e96afa5feb83578427fdc971f9104da1d39603 5f48b4b946c89414164185894f0e1e68e008c8b4b86a72bdf3617972e76ba61e
SERVER_TRAFFIC_SECRET_0 3bea5d73bb41e2ed5545adf2b9e96afa5feb83578427fdc971f9104da1d39603 072f6ed7f2f66c53b05ce3ea3147a501445fe81286004d4a5a00179b5bbb4860
CLIENT_HANDSHAKE_TRAFFIC_SECRET 5cd3d445fd09fd93216908fc9e9c7b15073024b721b26ff167de36b716c04095 1aec36aabe392aa23dd69840f4e1b09ba6789f139f243bd20f95bd564f4b1586
SERVER_HANDSHAKE_TRAFFIC_SECRET 5cd3d445fd09fd93216908fc9e9c7b15073024b721b26ff167de36b716c04095 7e42ccc3a59b94fb781e1083c53caefaf68be1c496ca00d26498ca29948479a0
CLIENT_TRAFFIC_SECRET_0 5cd3d445fd09fd93216908fc9e9c7b15073024b721b26ff167de36b716c04095 f4260a231cba609b0f09666a08a9898133e8c0791e58dfc98650faa27d67a01e
SERVER_TRAFFIC_SECRET_0 5cd3d445fd09fd93216908fc9e9c7b15073024b721b26ff167de36b716c04095 29fcf0679386e3186a8911a7293e0b1bea17f63be3bcb59a03ad807948c34b05
CLIENT_HANDSHAKE_TRAFFIC_SECRET 9c64444fb6cd6fb6615827c3b8a9776d895bfbceb2780a364cba6d78931f5904 27e0f2c92351b7be8f3ded3896990927f3cf6c9551e175e1effb35d2ff190def
SERVER_HANDSHAKE_TRAFFIC_SECRET 9c64444fb6cd6fb6615827c3b8a9776d895bfbceb2780a364cba6d78931f5904 b59733f60a79428e5bfd7b532b4014ea653270022f01451b60cbd12c7acfaf45
CLIENT_TRAFFIC_SECRET_0 9c64444fb6cd6fb6615827c3b8a9776d895bfbceb2780a364cba6d78931f5904 39a29421bf4311db1a5ff65ba47fa7ed3a457f1b81dfbe3ce48f90f3d42a7799
SERVER_TRAFFIC_SECRET_0 9c64444fb6cd6fb6615827c3b8a9776d895bfbceb2780a364cba6d78931f5904 b076f2a3530bcec02d4490afb4dca54b4843bb9ed1dbaea7028dbe2dc5cf757a
CLIENT_HANDSHAKE_TRAFFIC_SECRET c725a93422bf4692caf09c734738f16d02999cc1872dc45a7248ab9245e20e9d cae140d0472ca9bb5c35be08a17fb511e0c0248e9891a2c86d74b70556d6b566
SERVER_HANDSHAKE_TRAFFIC_SECRET c725a93422bf4692caf09c734738f16d02999cc1872dc45a7248ab9245e20e9d 2595587c7beb01e817986649a44de243179fca47d065b29205d6d93958fdaac2
CLIENT_TRAFFIC_SECRET_0 c725a93422bf4692caf09c734738f16d02999cc1872dc45a7248ab9245e20e9d 70dde4856d52b296d6d361cdba9b0fc1c83c2904b0ee3931d976fc720f8d4b07
SERVER_TRAFFIC_SECRET_0 c725a93422bf4692caf09c734738f16d02999cc1872dc45a7248ab9245e20e9d 14c7ef54b418a8499d6fa8103d39e501d50627149349eab351daca8b86272b4a
CLIENT_HANDSHAKE_TRAFFIC_SECRET 248d9ae1666bf10af27179495f9ea39913124a5f2dedba1847283392419fe6b3 e0ec49e136bb9c14984766f0f4e6b769e7c170cd61c4140854fbe914f82b91b2
SERVER_HANDSHAKE_TRAFFIC_SECRET 248d9ae1666bf10af27179495f9ea39913124a5f2dedba1847283392419fe6b3 0f8b4b7f1641dcc079a177454d10923789c18857e2ca5d36a72886fddc8887eb
CLIENT_TRAFFIC_SECRET_0 248d9ae1666bf10af27179495f9ea39913124a5f2dedba1847283392419fe6b3 f66ac9480e71b474b400a493d8a1863cd137445600e69e9cb1194b8fea094d9b
SERVER_TRAFFIC_SECRET_0 248d9ae1666bf10af27179495f9ea39913124a5f2dedba1847283392419fe6b3 1276139aff6782f14a3cc56c2a762cece7db3b44d13d30596faa27eb16854848
CLIENT_HANDSHAKE_TRAFFIC_SECRET 4cdc4a3c0d7acf9dd260340dd0284fa7b60cb15dc55b2eab6bfc8bb5d296a312 5c6db6709a81a9fb46638ae88d6384adf026162efc460f5eff086fb4931521d9
SERVER_HANDSHAKE_TRAFFIC_SECRET 4cdc4a3c0d7acf9dd260340dd0284fa7b60cb15dc55b2eab6bfc8bb5d296a312 b0ba36a0ea6e2107537c5c5a64f62119ef6ed9b6ebc8c07fd12602763651f72c
CLIENT_TRAFFIC_SECRET_0 4cdc4a3c0d7acf9dd260340dd0284fa7b60cb15dc55b2eab6bfc8bb5d296a312 6dd8b698f78ee1061001281655ad4f8f852b71b3d6028b98204390e42daca8a9
SERVER_TRAFFIC_SECRET_0 4cdc4a3c0d7acf9dd260340dd0284fa7b60cb15dc55b2eab6bfc8bb5d296a312 c28ceba2ca1c0cc84c9416ec4a09a48e6d9757906b1bcfe3aa7b941945187d0f
CLIENT_HANDSHAKE_TRAFFIC_SECRET 45a57b6c8f2f8aba725f27a3ab6abe80d992f0908af9b19c2db4d8efcc37b390 a7edf67056d685c6ab6e5c3b235f2115afebb4431e9968f8ee612cdbc6c225bb
SERVER_HANDSHAKE_TRAFFIC_SECRET 45a57b6c8f2f8aba725f27a3ab6abe80d992f0908af9b19c2db4d8efcc37b390 6ab1c888d795e6dce8fc418d54e2a5d0cecdd67f332bc7a6b245258d6fef15b2
CLIENT_TRAFFIC_SECRET_0 45a57b6c8f2f8aba725f27a3ab6abe80d992f0908af9b19c2db4d8efcc37b390 c231416b95a941e6bbfe940450ff6df7525d744d882bf6ed575c880bcde57a36
SERVER_TRAFFIC_SECRET_0 45a57b6c8f2f8aba725f27a3ab6abe80d992f0908af9b19c2db4d8efcc37b390 a4160a010b52ecc04a28fbaf333a94346a6086c138370163e3c9c9bef6e96569
CLIENT_HANDSHAKE_TRAFFIC_SECRET 9653e39838ab80da05a73d510383d2f0d2ce03d7dab09c37f488920211bb66ba 9fbf34df9de04a9b24302b25a43f89cd057853fe5204a30d99604f1efe7c306e
SERVER_HANDSHAKE_TRAFFIC_SECRET 9653e39838ab80da05a73d510383d2f0d2ce03d7dab09c37f488920211bb66ba 621b89ff293afa395064aa81e14913e6b7169b57d801173200cdebc1fbda7947
CLIENT_TRAFFIC_SECRET_0 9653e39838ab80da05a73d510383d2f0d2ce03d7dab09c37f488920211bb66ba 69bf0ff3a6aa7df075c3dd5bbddba5fc2ffa845c7603616aa0758dbbe5f34094
SERVER_TRAFFIC_SECRET_0 9653e39838ab80da05a73d510383d2f0d2ce03d7dab09c37f488920211bb66ba 6243ce674740deb46b389c60bf1fb77a7e64a3610dc106adb852b1d3660f7fa0
CLIENT_HANDSHAKE_TRAFFIC_SECRET 69b95461055a2d70c7a2f46359e6b190ab34638926e710eebe9d3e0b8f5f00bf d20a104a3c836033463928a9a197210222f62356a43e8256c3ed739a6153f966
SERVER_HANDSHAKE_TRAFFIC_SECRET 69b95461055a2d70c7a2f46359e6b190ab34638926e710eebe9d3e0b8f5f00bf de141aaaef79911d58cda8cfe8eab3a3f881c74392a1854f4078b605fa64d5be
CLIENT_TRAFFIC_SECRET_0 69b95461055a2d70c7a2f46359e6b190ab34638926e710eebe9d3e0b8f5f00bf c214a01d1d65c6b091345f0a9868f07e4d5418b001991487c393b37dbab7fb8c
SERVER_TRAFFIC_SECRET_0 69b95461055a2d70c7a2f46359e6b190ab34638926e710eebe9d3e0b8f5f00bf 2d105e466a771d546e11051030daf1682271eb0ea6a0d148576dd19145359f7c
CLIENT_HANDSHAKE_TRAFFIC_SECRET f16aa6c49bdd00f47b324bd6e7559c9fc38181f77e15278d905bf92f3c2602bd e62810a1732be0901911b3f30f7a6e506a5444577012689335ff13f8da1b9ef0
SERVER_HANDSHAKE_TRAFFIC_SECRET f16aa6c49bdd00f47b324bd6e7559c9fc38181f77e15278d905bf92f3c2602bd b1b6de44df151d85fc83f80b916ca9509fbba01f0ac42c796223c2bb25cae006
CLIENT_TRAFFIC_SECRET_0 f16aa6c49bdd00f47b324bd6e7559c9fc38181f77e15278d905bf92f3c2602bd ea184782909c875d711a0bb0e5185fab3f55883454bceb590caa98ac30cdf023
SERVER_TRAFFIC_SECRET_0 f16aa6c49bdd00f47b324bd6e7559c9fc38181f77e15278d905bf92f3c2602bd 3aad2349f4522f2334d550202aa64c81df5731a088f08cdc3149c66c9b1c830c
CLIENT_HANDSHAKE_TRAFFIC_SECRET 5664c0c60169e5631fcc34567dc17dc2bcd7f31aa5dd137535ca7f6a8f1a3ec7 83c8d8612ec203c0ac5a06c1188650b8fd868903778a28c85a51163fac0a0dd3
SERVER_HANDSHAKE_TRAFFIC_SECRET 5664c0c60169e5631fcc34567dc17dc2bcd7f31aa5dd137535ca7f6a8f1a3ec7 3257c8a08aa6866a13c8d55303d8fb538176f22779a24ef210747b548ed8ce7a
CLIENT_TRAFFIC_SECRET_0 5664c0c60169e5631fcc34567dc17dc2bcd7f31aa5dd137535ca7f6a8f1a3ec7 1eef99fc443437ea042b036b7435919021b22d1772c2cb8a12076f64bdcbaea2
SERVER_TRAFFIC_SECRET_0 5664c0c60169e5631fcc34567dc17dc2bcd7f31aa5dd137535ca7f6a8f1a3ec7 c1e7e353b2b5373ddbce97004e9d1f226297b9b21cc900820f8a0c1e7b1f7f07
CLIENT_HANDSHAKE_TRAFFIC_SECRET 86416953bcd8d46b6db65614e22da343b1cbca7f0c20891449bd620bf7cbda6e d333239f9fec3b224b3b1cdaf397744c6a055df6dd8735374a721a17e66a8354
SERVER_HANDSHAKE_TRAFFIC_SECRET 86416953bcd8d46b6db65614e22da343b1cbca7f0c20891449bd620bf7cbda6e b421bc386d8a77617e0095e489b33da8582eefc5cf122209088f4b4fb0230c71
CLIENT_TRAFFIC_SECRET_0 86416953bcd8d46b6db65614e22da343b1cbca7f0c20891449bd620bf7cbda6e 768e441dc0650e24cf23c5241f1f32d34068353a12e932b1367085f9d34afc48
SERVER_TRAFFIC_SECRET_0 86416953bcd8d46b6db65614e22da343b1cbca7f0c20891449bd620bf7cbda6e 95c618a1d7d8cfb43e37abce80c2540f3e0d59b5bdbd5867eb8d5e7a3d8fd6d9
CLIENT_HANDSHAKE_TRAFFIC_SECRET 4c099b915316a22299a03a3bec76aa96be06ab23ea928aa20ca0a75466a580a4 32f298a87808ee7bc7ec452cc019d64ba09381acaeabcc6598b23aedc78340ab
SERVER_HANDSHAKE_TRAFFIC_SECRET 4c099b915316a22299a03a3bec76aa96be06ab23ea928aa20ca0a75466a580a4 4cc2abb9189a3cabeb281c521bd3da24496d7dc51e342f987b6db6b26bf44337
CLIENT_TRAFFIC_SECRET_0 4c099b915316a22299a03a3bec76aa96be06ab23ea928aa20ca0a75466a580a4 8a7d76d133f1ca161d50173732b98eb58174d1d8f85946f952d0e582135c63fa
SERVER_TRAFFIC_SECRET_0 4c099b915316a22299a03a3bec76aa96be06ab23ea928aa20ca0a75466a580a4 1647ccccfdf69b70a342cd76305818029f29a9f6f498edea0f756b535ed26c74
CLIENT_HANDSHAKE_TRAFFIC_SECRET 13da0ddb0ce6564123e1e1a86fb45c0f34cb4dae160a0d3a6f13a425e921f7c0 81ed87c3f067dcca25aded87b5ba7b6751221da4d74bd09e3bc5ae7bb7652ff3
SERVER_HANDSHAKE_TRAFFIC_SECRET 13da0ddb0ce6564123e1e1a86fb45c0f34cb4dae160a0d3a6f13a425e921f7c0 217f9d807661f1bf9c51fff0937e1594aa274bb08cef108dd33a7dc4eb6e1930
CLIENT_TRAFFIC_SECRET_0 13da0ddb0ce6564123e1e1a86fb45c0f34cb4dae160a0d3a6f13a425e921f7c0 a26ae3a4c09cc8f2b2043b78e283417d8b5dfb55d52a1c7dc6802567599d2eda
SERVER_TRAFFIC_SECRET_0 13da0ddb0ce6564123e1e1a86fb45c0f34cb4dae160a0d3a6f13a425e921f7c0 16ac339118a8280afa54006927e3c8f62473da8ffea0df97d9216fd6da34137a
CLIENT_HANDSHAKE_TRAFFIC_SECRET c1a8aaf68ae21d8b0b61ea17e4b0fe2cc8815a30ec583c65bddb39a650be60ab 6e633547ff017e42e759ef5aaa7cfaf6e8207faac5d7371df34d7d65c6f5d27f
SERVER_HANDSHAKE_TRAFFIC_SECRET c1a8aaf68ae21d8b0b61ea17e4b0fe2cc8815a30ec583c65bddb39a650be60ab 5ab278e9a792c2141c2957f995f936093cf50069bfc602215bec010849403da7
CLIENT_TRAFFIC_SECRET_0 c1a8aaf68ae21d8b0b61ea17e4b0fe2cc8815a30ec583c65bddb39a650be60ab 55ff85fcc0726c769a84d6374f1ee548acdcaee8695c4d5407dffc1ae66c9a52
SERVER_TRAFFIC_SECRET_0 c1a8aaf68ae21d8b0b61ea17e4b0fe2cc8815a30ec583c65bddb39a650be60ab c7a094b4340ece518c9d9a7ded54e8698bc06ac1b6fc746be3daf999adfe1a65
CLIENT_HANDSHAKE_TRAFFIC_SECRET 9bd4715d55325a5160ad79416f66d0e8f3a48c46be3b65cf35f2ea6c859ec9d7 8e6e94774ed675f32bb8e0ccc742119922d996e8b5f684c281486d74ef17e148
SERVER_HANDSHAKE_TRAFFIC_SECRET 9bd4715d55325a5160ad79416f66d0e8f3a48c46be3b65cf35f2ea6c859ec9d7 83565f62e183c129b99d72e9e9519ae46968754e94cba64a2ba7869d60c5722b
CLIENT_TRAFFIC_SECRET_0 9bd4715d55325a5160ad79416f66d0e8f3a48c46be3b65cf35f2ea6c859ec9d7 0f7dc5f9cb7c6e260a9d84306ea176d5cb160c48a1fd946552c6e14f678156d5
SERVER_TRAFFIC_SECRET_0 9bd4715d55325a5160ad79416f66d0e8f3a48c46be3b65cf35f2ea6c859ec9d7 37dc9f5f85d840aae9231093c9e1e5ee4a5e62bafcf5402975189299813377ac
CLIENT_HANDSHAKE_TRAFFIC_SECRET f3367cbd85f755aeb06f74a88e9f92c4f7e38c03dcecbd5a24dd152fba721841 fb57e210acf950c9ff5a9d5d8fc7fc308cad75f46118945c8bcda4564e4e4546
SERVER_HANDSHAKE_TRAFFIC_SECRET f3367cbd85f755aeb06f74a88e9f92c4f7e38c03dcecbd5a24dd152fba721841 82c7fd8ecc8a9e312debf128235858f7fc916e203095fa42900256c04a52af70
CLIENT_TRAFFIC_SECRET_0 f3367cbd85f755aeb06f74a88e9f92c4f7e38c03dcecbd5a24dd152fba721841 1242765ef92145c4f883460941073b51b73eeba6ba218ea08af83515cffe4ec3
SERVER_TRAFFIC_SECRET_0 f3367cbd85f755aeb06f74a88e9f92c4f7e38c03dcecbd5a24dd152fba721841 bf9452820f1d430b5562819455a700c39e7cbf4ddc8c8690f089ce59101d5c3a
CLIENT_HANDSHAKE_TRAFFIC_SECRET f96e9d395bff93204888fda3b1447af0e7b619a5bfc1b0cb033067bf261e6e38 0d4150ff5ee4968850f96c3c5bfbf5be09311c861abc6de8bf3f9dccd7f7e6d3
SERVER_HANDSHAKE_TRAFFIC_SECRET f96e9d395bff93204888fda3b1447af0e7b619a5bfc1b0cb033067bf261e6e38 6800d2ab8c0710f6193bac6e8010196cbcf65492930badf016ea4c893ba3a068
CLIENT_TRAFFIC_SECRET_0 f96e9d395bff93204888fda3b1447af0e7b619a5bfc1b0cb033067bf261e6e38 bb135f20a85f1278d91e184984eecf193c7732ff7d174d0977b6963a52f57190
SERVER_TRAFFIC_SECRET_0 f96e9d395bff93204888fda3b1447af0e7b619a5bfc1b0cb033067bf261e6e38 abd56e9d6a588649974e2924b896aaf2421d408dfba7a34c936b6f8752ebcb8c
CLIENT_HANDSHAKE_TRAFFIC_SECRET 0139d2c6de95b2b5f1d1eb1693e8952008b48bdf2a2059671cd16098227366c1 0a75a3ea539470a3dfb69e60ea135642ca266adf1eade108e3dab5cc1f3fc324
SERVER_HANDSHAKE_TRAFFIC_SECRET 0139d2c6de95b2b5f1d1eb1693e8952008b48bdf2a2059671cd16098227366c1 037433f0bf2393cb255b4987b1906dbfc1dabfb1547b67f58d7119666b5fb31e
CLIENT_TRAFFIC_SECRET_0 0139d2c6de95b2b5f1d1eb1693e8952008b48bdf2a2059671cd16098227366c1 f98f12ba5bb32afbe43b227a1292efa7e11b8b0bbc62529e4e05a5ba412b640c
SERVER_TRAFFIC_SECRET_0 0139d2c6de95b2b5f1d1eb1693e8952008b48bdf2a2059671cd16098227366c1 1c50ea0d9edce0740455a22b1ced30fb8d87c85dcc5318c223006e799b0cf5a1
CLIENT_HANDSHAKE_TRAFFIC_SECRET 2baa360695ef3d8acc549192f1f4ea3604422988e1234c4677ee57bd40c3035c 2267849018e91678b0ac1acdc95ce59903f1f59e84ff458acfbcbd542c3f2a91
SERVER_HANDSHAKE_TRAFFIC_SECRET 2baa360695ef3d8acc549192f1f4ea3604422988e1234c4677ee57bd40c3035c a17de16e4dc038a91197e9a3757e35d3e637d2916f7dd9bae7adb407ad0ef91e
CLIENT_TRAFFIC_SECRET_0 2baa360695ef3d8acc549192f1f4ea3604422988e1234c4677ee57bd40c3035c 313c49a705af9b4f7954ba36732595008c50f7d874271bc505b629dfc57d9941
SERVER_TRAFFIC_SECRET_0 2baa360695ef3d8acc549192f1f4ea3604422988e1234c4677ee57bd40c3035c 21642e174677231d751ced32d31cbffd77f9d81eef17cc60829e99e9edc58960
CLIENT_HANDSHAKE_TRAFFIC_SECRET c4f208215f8db0094e13458a31c8201667fc8362e797a4fb31a5a9e6fbb5aeb4 2073ee843f6fe722380f1e7b5edd9a7482d743417ba5f6a2237743c5ca5fdc59
SERVER_HANDSHAKE_TRAFFIC_SECRET c4f208215f8db0094e13458a31c8201667fc8362e797a4fb31a5a9e6fbb5aeb4 93d785c07112baea2428071f58185c5ff433fc63c40a5055e967eaa425deef57
CLIENT_TRAFFIC_SECRET_0 c4f208215f8db0094e13458a31c8201667fc8362e797a4fb31a5a9e6fbb5aeb4 f9a3d2e6e0d9af56c14717d7de72e547ecf0952e6acee0f0890ef6563e9057d6
SERVER_TRAFFIC_SECRET_0 c4f208215f8db0094e13458a31c8201667fc8362e797a4fb31a5a9e6fbb5aeb4 9c87ee7423bb89fc11325338ef9e1d127939840537dfcef69b3d07e5d361c6e9
CLIENT_HANDSHAKE_TRAFFIC_SECRET 7a7954c6fc12b6b4a23e1bef09a151746a7612a9bf3513d470e2b4cd32916d68 1fefd35cad8d38a41b20bfd273768f48a41132c81844427eb5df5471edf9d59d
SERVER_HANDSHAKE_TRAFFIC_SECRET 7a7954c6fc12b6b4a23e1bef09a151746a7612a9bf3513d470e2b4cd32916d68 e78435bb8a4d0c9d3031f3572a0c83bf3b83f05731053005bd4289556f3ba845
CLIENT_TRAFFIC_SECRET_0 7a7954c6fc12b6b4a23e1bef09a151746a7612a9bf3513d470e2b4cd32916d68 2ba3872d16d64ec4d42cee425b34b36227eb7e5b1673f10dbbfa198e24c1dca1
SERVER_TRAFFIC_SECRET_0 7a7954c6fc12b6b4a23e1bef09a151746a7612a9bf3513d470e2b4cd32916d68 9fccd8588ff6148c04ccbf0b5a05aa21009b98a152700b92612e0255139da358
CLIENT_HANDSHAKE_TRAFFIC_SECRET f9715f0191723a7dbcda7b1eaa7c9691d213cb2207ea715301c3250a9156f33a 9c3f436b80ee8fde241e951ac25a4f324a9ab392c4f0ef2d01c17f099c935818
SERVER_HANDSHAKE_TRAFFIC_SECRET f9715f0191723a7dbcda7b1eaa7c9691d213cb2207ea715301c3250a9156f33a 35ab6cdf63f111c38855bfe666eeadae7dd600820a1ac44d2653863860a2beab
CLIENT_TRAFFIC_SECRET_0 f9715f0191723a7dbcda7b1eaa7c9691d213cb2207ea715301c3250a9156f33a 654b5913525dc0e9dfefb8ef5fa703eb26c925739b977fb73676bfd0950006e1
SERVER_TRAFFIC_SECRET_0 f9715f0191723a7dbcda7b1eaa7c9691d213cb2207ea715301c3250a9156f33a d3d38b1e33795fb6c7adf4544f033b6dfc5a58396dfa20fc51ceba16c26e5402
CLIENT_HANDSHAKE_TRAFFIC_SECRET 658c38ad84a0e3caa608d0d7b4d600e5c4c7ac46b087ac598b0538bc63aec17d 5fc76022f5e7dfb8e30befdda9b9048939f51f19477848b48da3e5b5aa331f79
SERVER_HANDSHAKE_TRAFFIC_SECRET 658c38ad84a0e3caa608d0d7b4d600e5c4c7ac46b087ac598b0538bc63aec17d 8b6fc7fd8b62787d84d21f4c42c86f7b86902ebc69530c7976126d02c7c9c704
CLIENT_TRAFFIC_SECRET_0 658c38ad84a0e3caa608d0d7b4d600e5c4c7ac46b087ac598b0538bc63aec17d 7653e4129a937da585a1dfe647c01b9912f4d7279cf3f5dc5b3a062bd0b38c05
SERVER_TRAFFIC_SECRET_0 658c38ad84a0e3caa608d0d7b4d600e5c4c7ac46b087ac598b0538bc63aec17d 4562bc55e7db381021239b2e7397f51386719920e9d932cafd3cd4b5ece1f9b2
CLIENT_HANDSHAKE_TRAFFIC_SECRET 08f1c5b713dc79fd2323cdc03496b8eaf33c197e030ff9e3eb6cc33584f734d6 19b73a336e36d969d92b17aaafaed36badd8aa7150aa5f4d7057a882ee872ea4
SERVER_HANDSHAKE_TRAFFIC_SECRET 08f1c5b713dc79fd2323cdc03496b8eaf33c197e030ff9e3eb6cc33584f734d6 bab86b41fbf1b113def8f561a295f0f262bed9fc7a4681934d8fbb36fba3ce84
CLIENT_TRAFFIC_SECRET_0 08f1c5b713dc79fd2323cdc03496b8eaf33c197e030ff9e3eb6cc33584f734d6 af078c4ac2298cbb4fa38e03dc6788aa93266fc3e7fe442f9112fe3dd8a45f44
SERVER_TRAFFIC_SECRET_0 08f1c5b713dc79fd2323cdc03496b8eaf33c197e030ff9e3eb6cc33584f734d6 84368ec08d5c5de228fbb8259111c794458a2781151a43e83adbe81bcbb40924
CLIENT_HANDSHAKE_TRAFFIC_SECRET be4f753e5c3b2749074a2bad8ed782b90b44cfad57756acc1ff4489e1cc9d330 b20751be28e59871fbdbbe7b1088f3039ddd4966885d0381c3d6ca50a8f66984
SERVER_HANDSHAKE_TRAFFIC_SECRET be4f753e5c3b2749074a2bad8ed782b90b44cfad57756acc1ff4489e1cc9d330 3c34ec79e1a7278319bf4a00522790b27f3471e8bf00453567661ab4fb3883cd
CLIENT_TRAFFIC_SECRET_0 be4f753e5c3b2749074a2bad8ed782b90b44cfad57756acc1ff4489e1cc9d330 9c67bf05307e5e15d559d322ed74c1433255469afb97e6846f556f6fc24fb670
SERVER_TRAFFIC_SECRET_0 be4f753e5c3b2749074a2bad8ed782b90b44cfad57756acc1ff4489e1cc9d330 e73dc2d70d0c2bd21b639edac3f94b883561259748eae8e625a97a048374942a
CLIENT_HANDSHAKE_TRAFFIC_SECRET 31afca9262be0998d4e7d8b03d06245832b2841c90708868f704705a00467b58 22168e7967a7de6db35b5955d024e98ea6bccb62aad1f7b7a88b7ff483c30cef
SERVER_HANDSHAKE_TRAFFIC_SECRET 31afca9262be0998d4e7d8b03d06245832b2841c90708868f704705a00467b58 862a345af397d8aa3f6c6ff77349caa58b59a223e07fc21a584fc5a003532801
CLIENT_TRAFFIC_SECRET_0 31afca9262be0998d4e7d8b03d06245832b2841c90708868f704705a00467b58 d3c580ed4900afc71c9354b64929ee297153ba39800e758f3c27f70e0d72a5a4
SERVER_TRAFFIC_SECRET_0 31afca9262be0998d4e7d8b03d06245832b2841c90708868f704705a00467b58 054892781e671aef75afba3ab20fa4e56b76bb9156bd2266eb8f1673bd57add1
CLIENT_HANDSHAKE_TRAFFIC_SECRET f19ac2d89edb64103912d33fb81158dea590d79c4beba77e85bec8dda1d1aab2 5173e8f707dbeb553ce03511b51f3ca14f7b8d25cf84a044b35e55bceb9fc1db
SERVER_HANDSHAKE_TRAFFIC_SECRET f19ac2d89edb64103912d33fb81158dea590d79c4beba77e85bec8dda1d1aab2 d8fb9ab2e144f50c1677880ee8aafe4028ad04583e0150692d31c81be677c349
CLIENT_TRAFFIC_SECRET_0 f19ac2d89edb64103912d33fb81158dea590d79c4beba77e85bec8dda1d1aab2 23bbd4e0b35ba15325d79c5e1d455d6004957153fd20640d9b9ae89c65bd6f71
SERVER_TRAFFIC_SECRET_0 f19ac2d89edb64103912d33fb81158dea590d79c4beba77e85bec8dda1d1aab2 54d91121642de5e3cbae143d92d04b9c6fbae59159dfea9f9ac623eba5f5d284
CLIENT_HANDSHAKE_TRAFFIC_SECRET a8f36de1bb5246c543a03ba5469b1d632ac82b679a86bb1cdea4ff2cbb9620c9 2911bb2a9683c65e01ad0c424490b281400f0e5e3fc4714c58bef85e54a8746e
SERVER_HANDSHAKE_TRAFFIC_SECRET a8f36de1bb5246c543a03ba5469b1d632ac82b679a86bb1cdea4ff2cbb9620c9 ce88c4df34b109c804e8c46b383ad13a4f05c5a9ada43114e55705dd14450473
CLIENT_TRAFFIC_SECRET_0 a8f36de1bb5246c543a03ba5469b1d632ac82b679a86bb1cdea4ff2cbb9620c9 d976c88920f2d03bd4f15bb64d6d41ebd1a4d2bb183d6c35a85697ecaf1bb367
SERVER_TRAFFIC_SECRET_0 a8f36de1bb5246c543a03ba5469b1d632ac82b679a86bb1cdea4ff2cbb9620c9 5533ae5edbc9e72072b35a66d5416aa48499f30aa0eaf5944304c5cb50560518
CLIENT_HANDSHAKE_TRAFFIC_SECRET 17115e9eaa8f5dfd73751e11d1f4b47829021af54cf5b2d8a95f82998ca0fac6 db841f5283b5a4c731c1ddc6c3380ff778cbfeb64e6d3907c5db81ff83f4684f
SERVER_HANDSHAKE_TRAFFIC_SECRET 17115e9eaa8f5dfd73751e11d1f4b47829021af54cf5b2d8a95f82998ca0fac6 4544d1641be3b0b79af533f9ffcb2c02504acb866bb42ffc463036f1c99df8df
CLIENT_TRAFFIC_SECRET_0 17115e9eaa8f5dfd73751e11d1f4b47829021af54cf5b2d8a95f82998ca0fac6 640528587795e2c6386456fb6093c2b0a7a619dd878dadca318fb636409d5258
SERVER_TRAFFIC_SECRET_0 17115e9eaa8f5dfd73751e11d1f4b47829021af54cf5b2d8a95f82998ca0fac6 fd620a70a12f4e93185c02e78e880cc40220d8622dc70dca047536ca4315aeda
CLIENT_HANDSHAKE_TRAFFIC_SECRET 6a283d2f099942b9086023164e91060cbc473a9d0733caf482f531ffb20d110b 9cbcd4e4c2a4d7a100b803548ac9be0dc2335c4eeda6c1f2aa175eca40de5bbf
SERVER_HANDSHAKE_TRAFFIC_SECRET 6a283d2f099942b9086023164e91060cbc473a9d0733caf482f531ffb20d110b 3380235d8bf30dc3a795fa3c0d83cac39454043f631d0b1469486880ede3dae0
CLIENT_TRAFFIC_SECRET_0 6a283d2f099942b9086023164e91060cbc473a9d0733caf482f531ffb20d110b a7603b909fcb388f7393935cfea24c1f67f9a86fe17afbdcb53b2a869260c5a3
SERVER_TRAFFIC_SECRET_0 6a283d2f099942b9086023164e91060cbc473a9d0733caf482f531ffb20d110b 7ca2df197b6624bcc75c7c2da6eb3eeb13838b5f8d6509d06519b7d437c41b4f
CLIENT_HANDSHAKE_TRAFFIC_SECRET e7cab9f1eb3d2825739db9c959f5c027751040438fb5ecf0871949614cd002f2 478f5e84c32cccbc0a3ddbdff140f67294bb77fbdec7ed68d040540bff317e89
SERVER_HANDSHAKE_TRAFFIC_SECRET e7cab9f1eb3d2825739db9c959f5c027751040438fb5ecf0871949614cd002f2 0a51bbb7cfefcbbba71ecb6ad1dff653a17cd2f9e27dd102658362c72a0724f0
CLIENT_TRAFFIC_SECRET_0 e7cab9f1eb3d2825739db9c959f5c027751040438fb5ecf0871949614cd002f2 3af2d2133cd0e3905be0c6645631c272e2b56fca472d57eb2772cb2b6a8c6459
SERVER_TRAFFIC_SECRET_0 e7cab9f1eb3d2825739db9c959f5c027751040438fb5ecf0871949614cd002f2 6c6ca3fcedd27e77c60059cb8ebe0128a6e8381479315998d6a94020e9fee5bc
CLIENT_HANDSHAKE_TRAFFIC_SECRET 96b3ba8f28a7e72b5494bb97dd8f2392e7214b9f90381d21f654d081b8b49031 2ee96cead62699d490bb8c43db8179d47131370c538b4eebd792a7daf9633a09
SERVER_HANDSHAKE_TRAFFIC_SECRET 96b3ba8f28a7e72b5494bb97dd8f2392e7214b9f90381d21f654d081b8b49031 5e752964a95b185fec4992435e41088efe8973c7e5e6e0bd2ea7edd89a1e9c6c
CLIENT_TRAFFIC_SECRET_0 96b3ba8f28a7e72b5494bb97dd8f2392e7214b9f90381d21f654d081b8b49031 833faa7be294a226385c939a369c44f3c2cf9b1557ba5666ecedd9fd8aba4122
SERVER_TRAFFIC_SECRET_0 96b3ba8f28a7e72b5494bb97dd8f2392e7214b9f90381d21f654d081b8b49031 73efd735420a6451935160c0d33a23811de240c3032e5945a25ed6b9a4f203dd
CLIENT_HANDSHAKE_TRAFFIC_SECRET cfc28495a9f7a7d425d38a7b5e555d2355651b9871da85e2de3502403508b155 b4b92ee68bafb57a18a09bc4cc7f1dfee049426fd6ef749849a3d35b19724ba7
SERVER_HANDSHAKE_TRAFFIC_SECRET cfc28495a9f7a7d425d38a7b5e555d2355651b9871da85e2de3502403508b155 0cbc590dd371232d5bd14fdb9df5a9d00f931552cc6df8a3275b08a4b0533beb
CLIENT_TRAFFIC_SECRET_0 cfc28495a9f7a7d425d38a7b5e555d2355651b9871da85e2de3502403508b155 8c0de779dd679a17432eb810cfc45e11a89efa7c1e6967399f609474ad8bcf3c
SERVER_TRAFFIC_SECRET_0 cfc28495a9f7a7d425d38a7b5e555d2355651b9871da85e2de3502403508b155 e4c7e9f36302254ab8b4388419cf42da57839ace1610ecbbe345cdc63dd4efd3
CLIENT_HANDSHAKE_TRAFFIC_SECRET 261da688b7c0bdd899c2ee52eb7bb360246be2dfcd34c5bd122016fe13524f53 dd007a1866dd24ae1581c23f3aefdd79d40b406365eceb6583c697dadab121bc
SERVER_HANDSHAKE_TRAFFIC_SECRET 261da688b7c0bdd899c2ee52eb7bb360246be2dfcd34c5bd122016fe13524f53 2a3727890a2b2595ecdf36c8d0a5048ebc10a970165d48012aca83ce6d82df8e
CLIENT_TRAFFIC_SECRET_0 261da688b7c0bdd899c2ee52eb7bb360246be2dfcd34c5bd122016fe13524f53 a3fdf354e8b52a2d1f55283b1b008843ffddfe99d10c0e4e40291578c742956d
SERVER_TRAFFIC_SECRET_0 261da688b7c0bdd899c2ee52eb7bb360246be2dfcd34c5bd122016fe13524f53 06210c4c8c46e056188c199e162a778c353f4a1393883aac53aacb60151316ef
CLIENT_HANDSHAKE_TRAFFIC_SECRET ae85f8634e2887c36feddbbe178680a8e83f2ac0084fdf66dbf8dab63c854062 ad78df2f352f79a2e1f2a60f462017a329f0f1c164ccf4e43e3753217e8af981
SERVER_HANDSHAKE_TRAFFIC_SECRET ae85f8634e2887c36feddbbe178680a8e83f2ac0084fdf66dbf8dab63c854062 2fd34102760fd8306c36f4df07dfef23672c82a3f3f9a278256dbd6dd2ee3db5
CLIENT_TRAFFIC_SECRET_0 ae85f8634e2887c36feddbbe178680a8e83f2ac0084fdf66dbf8dab63c854062 ad3546075668845fa1eb22f5a535a23eaf270ebdc39b428064c127a72447133b
SERVER_TRAFFIC_SECRET_0 ae85f8634e2887c36feddbbe178680a8e83f2ac0084fdf66dbf8dab63c854062 4cbdcef7f1643ccddb505ec94f6d16a8dfc83fc9a6b54090b5edaea2076fa045
CLIENT_HANDSHAKE_TRAFFIC_SECRET 53d1ea2358b69de38fff6429f7a8e8d1777a7a008e93b49f7e6ffd9b617d520d 731d665bb656d98f78b39238f36a99c4208e73fae22392615a132cb272ed8882
SERVER_HANDSHAKE_TRAFFIC_SECRET 53d1ea2358b69de38fff6429f7a8e8d1777a7a008e93b49f7e6ffd9b617d520d 906edb08a0784238a53c408793ac3f58f1530e8a55c90b95f5eb70be08b0c059
CLIENT_TRAFFIC_SECRET_0 53d1ea2358b69de38fff6429f7a8e8d1777a7a008e93b49f7e6ffd9b617d520d 49354ad841d183fb12042cd4ad02ae8d693a1f2d64f3d3e6c7288283c19af405
SERVER_TRAFFIC_SECRET_0 53d1ea2358b69de38fff6429f7a8e8d1777a7a008e93b49f7e6ffd9b617d520d 3749091d4339ea3c0db89d2b0aa347a7b943b88c919018b2f7aa8d10330b9b84
CLIENT_HANDSHAKE_TRAFFIC_SECRET 5fa0d125d7f0a33c960914ee05ff69cdd6a22b58771de5d95d2c4c5f7aeca95f d5bf785af6b9e3b10ae831f4271d3259ecf1aa763262e91f256b3721bf88ae75
SERVER_HANDSHAKE_TRAFFIC_SECRET 5fa0d125d7f0a33c960914ee05ff69cdd6a22b58771de5d95d2c4c5f7aeca95f 4051024215077d7c698b601f2fbf389f2de75f8c4b799b1ea7eed8dfffd2e175
CLIENT_TRAFFIC_SECRET_0 5fa0d125d7f0a33c960914ee05ff69cdd6a22b58771de5d95d2c4c5f7aeca95f 9eda372bf4d0ac5f45fbf74bd110e2d490be5a14f53329d4a2680c14bb4530cb
SERVER_TRAFFIC_SECRET_0 5fa0d125d7f0a33c960914ee05ff69cdd6a22b58771de5d95d2c4c5f7aeca95f 166fe038985b44b7c6d983a9fc5f053f2e5438d9e20c7eb7052b01124f48ee78
CLIENT_HANDSHAKE_TRAFFIC_SECRET b753bd2433b42b82c2fd62e630800e9881c6e45259122c9fb541a88081023007 2e826933a1bbd590bf23054ac73d86d0ed88041f6110fa225e7ce72446a377d7
SERVER_HANDSHAKE_TRAFFIC_SECRET b753bd2433b42b82c2fd62e630800e9881c6e45259122c9fb541a88081023007 0f36986c711f7ae439ed1fc4e460f69cc32020a26cdbc75127182f3e25da22ad
CLIENT_TRAFFIC_SECRET_0 b753bd2433b42b82c2fd62e630800e9881c6e45259122c9fb541a88081023007 11d1ee40ffcc91bfa60b457686451f0a8e06a3b8b759fffe84774d8afaddcb67
SERVER_TRAFFIC_SECRET_0 b753bd2433b42b82c2fd62e630800e9881c6e45259122c9fb541a88081023007 2b0b5f5e5e2debcc6801571e4900e63477f94d36e4f749ff438fc89d4507c8a8
CLIENT_HANDSHAKE_TRAFFIC_SECRET 5109e8d9ffc2590a8ce19d61cdf91d6a89c49ed28f3d4d3eae5767ea94e0d29a 5d5d4891b354e03924abcd03dd16e9ecd649c633af5c1c8dc66e5d3025656cd3
SERVER_HANDSHAKE_TRAFFIC_SECRET 5109e8d9ffc2590a8ce19d61cdf91d6a89c49ed28f3d4d3eae5767ea94e0d29a 7f5e34957db62381c6d670a51b2a3a813c78c4392981c5ec9dd329c61049ea8d
CLIENT_TRAFFIC_SECRET_0 5109e8d9ffc2590a8ce19d61cdf91d6a89c49ed28f3d4d3eae5767ea94e0d29a ccf80ca6dc005775a99541c1689451b9fbaeed1fb426877899a85e14e698c816
SERVER_TRAFFIC_SECRET_0 5109e8d9ffc2590a8ce19d61cdf91d6a89c49ed28f3d4d3eae5767ea94e0d29a 87cf9412b04e78356a8f26b9dedf05258a6d4a68d6e591fdb6662f7881b778d7
CLIENT_HANDSHAKE_TRAFFIC_SECRET 4e9102fe366d538449347efa0b6c31209e8c177837e73f86c415436db5976cc9 9007ca2c61dbf11246bc09e2092552bab8754e22c6aca7ab3dcde7c77f33742b
SERVER_HANDSHAKE_TRAFFIC_SECRET 4e9102fe366d538449347efa0b6c31209e8c177837e73f86c415436db5976cc9 04e7dd06fba65785a35cc8c1ab945c040027092a62fc6f2135d302982de942c2
CLIENT_TRAFFIC_SECRET_0 4e9102fe366d538449347efa0b6c31209e8c177837e73f86c415436db5976cc9 c266a01329362b5320f5e01e03939d6b82843c3bf4b8a403bbf9926400323a94
SERVER_TRAFFIC_SECRET_0 4e9102fe366d538449347efa0b6c31209e8c177837e73f86c415436db5976cc9 be67645bda33b3785552dce4cf9a43084727ad1a5867b835b418f91e8082bbb7
CLIENT_HANDSHAKE_TRAFFIC_SECRET bcaee75c28390557e347c60d5342cf0c95a4e41da51f421ce070551e36cc1956 296495e28a47f3e9ea3a2653256becfc33f861c483b9f6bf60c293b225f48be4
SERVER_HANDSHAKE_TRAFFIC_SECRET bcaee75c28390557e347c60d5342cf0c95a4e41da51f421ce070551e36cc1956 496f4f72ad351fb907768bb0d3b38b7fc402593378aecc4d8cd3274c44f93a1b
CLIENT_TRAFFIC_SECRET_0 bcaee75c28390557e347c60d5342cf0c95a4e41da51f421ce070551e36cc1956 cf559e6e557ded4c6f6ee38ffd2910ec1c7d63878a50ed2daf8ac1f219c9eb97
SERVER_TRAFFIC_SECRET_0 bcaee75c28390557e347c60d5342cf0c95a4e41da51f421ce070551e36cc1956 b5b613e6fdafc5a8efb3d4ed4784b056543e51c2dd4c2b715c7220dd354d1722
CLIENT_HANDSHAKE_TRAFFIC_SECRET 7b025a660338238c6a006845d9cf1224f71f3237d91b974a2bac7e6df6fa2f75 b4333ce0a2d8860885a7a9a289b93eea9cf33f9a4bbd0ce5a34f2879c29a1bd8
SERVER_HANDSHAKE_TRAFFIC_SECRET 7b025a660338238c6a006845d9cf1224f71f3237d91b974a2bac7e6df6fa2f75 4534301f104f2a2c6f63c343dd5b760a3642723b850f4a3658382d2cb459f487
CLIENT_TRAFFIC_SECRET_0 7b025a660338238c6a006845d9cf1224f71f3237d91b974a2bac7e6df6fa2f75 559303a5b5cc339156fe1dbe20693dee462e3ecd58cdc30eb95d44fd9549e426
SERVER_TRAFFIC_SECRET_0 7b025a660338238c6a006845d9cf1224f71f3237d91b974a2bac7e6df6fa2f75 73e8d387e76aa8a47b45baf5b0db63a9537b424703f6c3aad7b38b4b02b07e6e
CLIENT_HANDSHAKE_TRAFFIC_SECRET 93bfc630e9afd87ff5b5c1880670e4be56ed29d315ccf3e4fdd195b5747933a7 a98057c35abc5d3c92df1847f50f4a2e2757e10fb406de332336571974677f86
SERVER_HANDSHAKE_TRAFFIC_SECRET 93bfc630e9afd87ff5b5c1880670e4be56ed29d315ccf3e4fdd195b5747933a7 a0bb4940f351d5bf923d7bbc0e55b51f2cd71eced2400d9880ebd0bddd00ce3a
CLIENT_TRAFFIC_SECRET_0 93bfc630e9afd87ff5b5c1880670e4be56ed29d315ccf3e4fdd195b5747933a7 91ff4cabf89c14267c904b22a20be7002a787681a46163275d745e11ab3d2464
SERVER_TRAFFIC_SECRET_0 93bfc630e9afd87ff5b5c1880670e4be56ed29d315ccf3e4fdd195b5747933a7 b9e04bcc86f07353a6e02d13044bb9db20fd2f331f8ea595f585b2e16ab2fb4b
CLIENT_HANDSHAKE_TRAFFIC_SECRET 848c5c696a42e5b324927cf9b03feb4c2d0f54423c2033e350f597ad188cf313 20ce039b4e03c4bfced52649fcf9412d717ff0dc3dcd68288ffdbf933b96418b
SERVER_HANDSHAKE_TRAFFIC_SECRET 848c5c696a42e5b324927cf9b03feb4c2d0f54423c2033e350f597ad188cf313 0e4b6bb0571a53ae4c34b621344570bc568e4792bbb6063c7794b368ee2edacc
CLIENT_TRAFFIC_SECRET_0 848c5c696a42e5b324927cf9b03feb4c2d0f54423c2033e350f597ad188cf313 9bbff4903bcd467614aef8c2853ed83d13f0d6076fc61ae33189d74c06b75b4c
SERVER_TRAFFIC_SECRET_0 848c5c696a42e5b324927cf9b03feb4c2d0f54423c2033e350f597ad188cf313 3a6f69f0fee89e1f8c57d8b5f55bb3458609e0ed48ed0a1a161871ae059d9e66
CLIENT_HANDSHAKE_TRAFFIC_SECRET 0fedf65538cc4ba89e2275d29441bfcc78c25fb0f1ca30109bcdab9a8c98a49a b65db591c216002ca31a2902955fa5604970d46791aaf30b18e75d8069bef5bb
SERVER_HANDSHAKE_TRAFFIC_SECRET 0fedf65538cc4ba89e2275d29441bfcc78c25fb0f1ca30109bcdab9a8c98a49a c247e6e263d61c6e4cb8dd2c0879d662d663705c6958ab42563610a3c1be139b
CLIENT_TRAFFIC_SECRET_0 0fedf65538cc4ba89e2275d29441bfcc78c25fb0f1ca30109bcdab9a8c98a49a b535753cc371aaeef5048d017563e169ae792cad3903b765d9e07cb3f20c2b91
SERVER_TRAFFIC_SECRET_0 0fedf65538cc4ba89e2275d29441bfcc78c25fb0f1ca30109bcdab9a8c98a49a 7e1bd8920125e78bc76a8d5ac2ae29391c7c8cf58c0d5954ecec10998dd11ffa
CLIENT_HANDSHAKE_TRAFFIC_SECRET 9560eca563a99e2c342085d68b1d0f7ff8050795349a3d9af1d317b1536f0252 e053eb4f04b36c3005f80ba8ef238fa0375c2b84446ab6d8c0830f546f220948
SERVER_HANDSHAKE_TRAFFIC_SECRET 9560eca563a99e2c342085d68b1d0f7ff8050795349a3d9af1d317b1536f0252 621ad68502ac0f5197a3a48631b88921435d71ea3481a59108fcc19c39f3ab11
CLIENT_TRAFFIC_SECRET_0 9560eca563a99e2c342085d68b1d0f7ff8050795349a3d9af1d317b1536f0252 1750265d18e75e1afab68c80ff4c172cf7ae0852fded6d858ae76cfb3a50789b
SERVER_TRAFFIC_SECRET_0 9560eca563a99e2c342085d68b1d0f7ff8050795349a3d9af1d317b1536f0252 45560fd01d513c8b00be8dee83f87648ac2cfb69e81843d4358a17ba82b8717a
CLIENT_HANDSHAKE_TRAFFIC_SECRET a1b35d4c965161e844d09e1d8b6e0882da0dfaaf6e57366bd4bc54f4798a2485 cf8ae4dc3299b4ffc308a3131c830740c0be77015db1f57b1086625392a81dc4
SERVER_HANDSHAKE_TRAFFIC_SECRET a1b35d4c965161e844d09e1d8b6e0882da0dfaaf6e57366bd4bc54f4798a2485 a5e26c2c256128a60bbd6b9ceebe30fc326faea0d6d49c14e2e74c1c6b19b259
CLIENT_TRAFFIC_SECRET_0 a1b35d4c965161e844d09e1d8b6e0882da0dfaaf6e57366bd4bc54f4798a2485 5b96d2cee7c134fb748a586c445bcbaf0194c8ed8d33eb9cc2d43b07cbcecf1a
SERVER_TRAFFIC_SECRET_0 a1b35d4c965161e844d09e1d8b6e0882da0dfaaf6e57366bd4bc54f4798a2485 64574fde5e1b9c13dd784c6ce4281a4aecb741893e77e16f00d335544f83f6ad
CLIENT_HANDSHAKE_TRAFFIC_SECRET a7afadc735b2f8f36faf185362dbf2e2f5bd9077d5a49ba93ac885d90bc63653 70165a47a690fb70688bc2fe5911600c1d1387761fd57416433fc92a189bf7ae
SERVER_HANDSHAKE_TRAFFIC_SECRET a7afadc735b2f8f36faf185362dbf2e2f5bd9077d5a49ba93ac885d90bc63653 7153eb71c702f5d67e477cd3cc73947965148c45e6a51f040db5a8c32bda42ca
CLIENT_TRAFFIC_SECRET_0 a7afadc735b2f8f36faf185362dbf2e2f5bd9077d5a49ba93ac885d90bc63653 cc19662619251690f5fd07a8850493fab9daf7ccbc6c1fbfa549d9b5ccbb21f1
SERVER_TRAFFIC_SECRET_0 a7afadc735b2f8f36faf185362dbf2e2f5bd9077d5a49ba93ac885d90bc63653 1f667d8f6e4de6f68d15748001b491227dd15daffda4b6b59cb872a61ea1dcf9
CLIENT_HANDSHAKE_TRAFFIC_SECRET d2c6fa6136511af21a238065d848dbb422ad530a0358ae0fac4d2ebde61ed1b9 7d444196d80ab0301ec6955918457cb388b0913201a92544d850df5e2fdd36b5
SERVER_HANDSHAKE_TRAFFIC_SECRET d2c6fa6136511af21a238065d848dbb422ad530a0358ae0fac4d2ebde61ed1b9 ecc9e1a2e26fc9c6d42965455438c6a849831d1b1b11ccb149a4b588b4495733
CLIENT_TRAFFIC_SECRET_0 d2c6fa6136511af21a238065d848dbb422ad530a0358ae0fac4d2ebde61ed1b9 8768fcc0ea419dd10a2ca5d921d1bb92b4c88f3fe661007a8fc978c0dd8f9ad2
SERVER_TRAFFIC_SECRET_0 d2c6fa6136511af21a238065d848dbb422ad530a0358ae0fac4d2ebde61ed1b9 caace83fed2121252a94fdd992d95c4872ad5ce88cf9c69a2a3c65cb40ff523e
CLIENT_HANDSHAKE_TRAFFIC_SECRET 35a6bfac0d2799ff232c0b8f58944898b0ff9614bda4ea2a8519e328a2c354ec 01148aa7b7aff26ce9fb94104a8d3008f1cf1aabcb2af7caa2d2c9b60507c8be
SERVER_HANDSHAKE_TRAFFIC_SECRET 35a6bfac0d2799ff232c0b8f58944898b0ff9614bda4ea2a8519e328a2c354ec 313a5448e23ef9d090da17395cde7507aaa83277d146986e082758bfc7be518c
CLIENT_TRAFFIC_SECRET_0 35a6bfac0d2799ff232c0b8f58944898b0ff9614bda4ea2a8519e328a2c354ec f4d1918ee92b41c72402d83f5b805865b5ce2bea75e71b3e282044027bda364a
SERVER_TRAFFIC_SECRET_0 35a6bfac0d2799ff232c0b8f58944898b0ff9614bda4ea2a8519e328a2c354ec a271893ed317cb008ececed107035510e1fd407e70846aad9bee3934a74ed617
CLIENT_HANDSHAKE_TRAFFIC_SECRET e06ad7f03554f1de6ac0a5f93b941b684d282c49b754d1fcb7e061dddb4554ed 005e6a2cf9d37acb3dc96618ecf523886569796ee8a8412ff8fd76d29689e2a2
SERVER_HANDSHAKE_TRAFFIC_SECRET e06ad7f03554f1de6ac0a5f93b941b684d282c49b754d1fcb7e061dddb4554ed 66d62b2e32ea7067d7c968e6836e618d25af2ffc543b7aa49ff518151d675fc9
CLIENT_TRAFFIC_SECRET_0 e06ad7f03554f1de6ac0a5f93b941b684d282c49b754d1fcb7e061dddb4554ed dc7683a2a326d1f5de498eb9ddbe34084735d9c0be6ae076b6043a08045290da
SERVER_TRAFFIC_SECRET_0 e06ad7f03554f1de6ac0a5f93b941b684d282c49b754d1fcb7e061dddb4554ed 874790d8c784cfc3de14ab5d3fbeddba73e9ef483b72c955122444f925ad292f
CLIENT_HANDSHAKE_TRAFFIC_SECRET 0fccceab0ecad78cefd8574d9748c9f256882d35eb512943f9b66575e7404836 5cb35c69ab0656de6a2cd16b9e4af424a2b2f6f3ff33a2e2c676d98a3b034903
SERVER_HANDSHAKE_TRAFFIC_SECRET 0fccceab0ecad78cefd8574d9748c9f256882d35eb512943f9b66575e7404836 33d8216dca9fd57afd214e18b49da23a84ea2e40195875c009967db39b6e37df
CLIENT_TRAFFIC_SECRET_0 0fccceab0ecad78cefd8574d9748c9f256882d35eb512943f9b66575e7404836 5bb2129f41916d430472fba89fb90fe6af83ff022390866eee4baeaea2de1db4
SERVER_TRAFFIC_SECRET_0 0fccceab0ecad78cefd8574d9748c9f256882d35eb512943f9b66575e7404836 d4e7afe35cfb7bd2343cfb12f58980a8c9e3aaf8bec293a5c8dbfdc7a48d8072
CLIENT_HANDSHAKE_TRAFFIC_SECRET 1405ff877b5640de8d8b0286a5ce4751cad27620fee018a9ddb72e6e7d26063e 7b70d61332e79273ede80d1e1cce75f75a8ad4ac948088f4d3efef241148f20a
SERVER_HANDSHAKE_TRAFFIC_SECRET 1405ff877b5640de8d8b0286a5ce4751cad27620fee018a9ddb72e6e7d26063e a6446e3f0b6f5ae07e80a4ad0e0c9ede7f6c9ef2bb915bcaa1d716773e5489fb
CLIENT_TRAFFIC_SECRET_0 1405ff877b5640de8d8b0286a5ce4751cad27620fee018a9ddb72e6e7d26063e 5062550c0f5a266fe48c5e5bb5dd5ae34e5dc557a933da40b547a972ebdb3258
SERVER_TRAFFIC_SECRET_0 1405ff877b5640de8d8b0286a5ce4751cad27620fee018a9ddb72e6e7d26063e 1e70a6c7de6f0251142e9da871c191987cd10570c22c77280f5e021e40cc3c2f
CLIENT_HANDSHAKE_TRAFFIC_SECRET 004d79f7ac034dd344fc130a70c0ba596a91b5f592224af6755c9ebc849f60c8 45d0c203c5b2b39fb860caf87bf8e62ebebb68cc5f91b59509277bf60680cd8d
SERVER_HANDSHAKE_TRAFFIC_SECRET 004d79f7ac034dd344fc130a70c0ba596a91b5f592224af6755c9ebc849f60c8 98a917826e49d29d867f93bc9501154744c9de1359ab03348f1688e04b2b9e2c
CLIENT_TRAFFIC_SECRET_0 004d79f7ac034dd344fc130a70c0ba596a91b5f592224af6755c9ebc849f60c8 6def3291ae59354316b1d77888c69ff0f80d0378714a7584015a7852d4ddd1d3
SERVER_TRAFFIC_SECRET_0 004d79f7ac034dd344fc130a70c0ba596a91b5f592224af6755c9ebc849f60c8 56f2a2b746e8f269ef390066217036371c81bc3addcd956a962343f47e75e526
CLIENT_HANDSHAKE_TRAFFIC_SECRET 74b5568ee2b8b5782df32c08226d91efe6449cc54bb9cb6352100ba659f3203c 2975b66b85fb7177ad77548decb12cf4b0bd4a39f0140b4dc7a42ac67c9a787a
SERVER_HANDSHAKE_TRAFFIC_SECRET 74b5568ee2b8b5782df32c08226d91efe6449cc54bb9cb6352100ba659f3203c 55999c785c7d8f2400db32f08fa4349f3cdac1c3832e22e6619d93a41c471361
CLIENT_TRAFFIC_SECRET_0 74b5568ee2b8b5782df32c08226d91efe6449cc54bb9cb6352100ba659f3203c ecd2118868777aa8daeffd05cb8d6519f58c1ec5ea1681331df2a20fa911f0c2
SERVER_TRAFFIC_SECRET_0 74b5568ee2b8b5782df32c08226d91efe6449cc54bb9cb6352100ba659f3203c 4e226eaf3fff21ae4d3614d092783cb66f538d32341e5ecf4eb941fe760da6b8
CLIENT_HANDSHAKE_TRAFFIC_SECRET 4fa6c3c3cf908b3efae3c3760ba2534efa142a75f52f69bbf1c86dcb014059a5 0be67c8e66991fe8494070cdb8eb763de32ab20e1b6de33868827889db2adc23
SERVER_HANDSHAKE_TRAFFIC_SECRET 4fa6c3c3cf908b3efae3c3760ba2534efa142a75f52f69bbf1c86dcb014059a5 50cc88baa2d95edcc0485022b93b78f8d8d37a6368074247d15361879a97091a
CLIENT_TRAFFIC_SECRET_0 4fa6c3c3cf908b3efae3c3760ba2534efa142a75f52f69bbf1c86dcb014059a5 ad2ecca5ef9f3b3bf29b37c0f34238e7c97698b2366a9eacfdab6bf2fe739b67
SERVER_TRAFFIC_SECRET_0 4fa6c3c3cf908b3efae3c3760ba2534efa142a75f52f69bbf1c86dcb014059a5 e19851997fe51892e7cf20b34819c1cdb32b7917c2bff49721410b68cbb337d8
CLIENT_HANDSHAKE_TRAFFIC_SECRET 35a06b7ddbe0fb5bb297ec3860acab6bff5a8a2c7a6b766178dc0f92736bf06a d4451e98ec8818459388e07c51ed234bf68d15af88965af6ecb1fcfd465b3fbc
SERVER_HANDSHAKE_TRAFFIC_SECRET 35a06b7ddbe0fb5bb297ec3860acab6bff5a8a2c7a6b766178dc0f92736bf06a c64def100e84a6546a8c93110baa0f03d49214d4a133f8f4ff1d959ded335690
CLIENT_TRAFFIC_SECRET_0 35a06b7ddbe0fb5bb297ec3860acab6bff5a8a2c7a6b766178dc0f92736bf06a 025c5889e7ccb8c45e84f10971d6151db8fa91e161c39fccf9444e595db6270e
SERVER_TRAFFIC_SECRET_0 35a06b7ddbe0fb5bb297ec3860acab6bff5a8a2c7a6b766178dc0f92736bf06a 3b728bdb1c681434c1030fe9e541fed2e885aa665bf0ce09f7e093917de3bc45
CLIENT_HANDSHAKE_TRAFFIC_SECRET 29fcb0d74b071884dbd3621a59bf9a35f1bda191f592ae132ba5675a108f6705 8938872c436f751332c5055e8100afbed8d97a78fc906c25dd98152d0439acd5
SERVER_HANDSHAKE_TRAFFIC_SECRET 29fcb0d74b071884dbd3621a59bf9a35f1bda191f592ae132ba5675a108f6705 010cef81b0058a19e07495a5f289c5ee1f9f2df2082ae961c05b35962c569437
CLIENT_TRAFFIC_SECRET_0 29fcb0d74b071884dbd3621a59bf9a35f1bda191f592ae132ba5675a108f6705 6c8de61442fc48aae881e2b27cee4fb1baecc09486ad648f28fdfeabbd25cecc
SERVER_TRAFFIC_SECRET_0 29fcb0d74b071884dbd3621a59bf9a35f1bda191f592ae132ba5675a108f6705 f6a665915a92724eb9bffbd6de0c1fa129cafa8d530a031e9fe863f3e272a0b8
CLIENT_HANDSHAKE_TRAFFIC_SECRET 89cb121ae51fcd34206af1d0e261b0e9464a56bfdee86129fea735689ae7c973 c87cd558594e1002abb77379dbb77a18a327e02d4d663684531cbfa95cb64c20
SERVER_HANDSHAKE_TRAFFIC_SECRET 89cb121ae51fcd34206af1d0e261b0e9464a56bfdee86129fea735689ae7c973 96ee1d6c04b1fdcaf23d0f140610b928d29a9307f862aa2239520f1a72dd0ea1
CLIENT_TRAFFIC_SECRET_0 89cb121ae51fcd34206af1d0e261b0e9464a56bfdee86129fea735689ae7c973 0597289bb4a7bd32a9f66b941faeed613e22b72c4c3ca0fe3330cfac7565d4d9
SERVER_TRAFFIC_SECRET_0 89cb121ae51fcd34206af1d0e261b0e9464a56bfdee86129fea735689ae7c973 4975217dc8fa754ea615c1f8174c768ac3d68788498410689182e96ee4b889a8
CLIENT_HANDSHAKE_TRAFFIC_SECRET 9c0677eeb4ae40348267636682132fd723a4e8a0e14e9774185788ee27d26846 fdcceccd2883941ca5405ac18a7555c512784ed89b911b19be6654bb5bcf677a
SERVER_HANDSHAKE_TRAFFIC_SECRET 9c0677eeb4ae40348267636682132fd723a4e8a0e14e9774185788ee27d26846 883b894e0977f714e786e246988b3be251d2472f2c61e5bd44bfa79e0e4e95a7
CLIENT_TRAFFIC_SECRET_0 9c0677eeb4ae40348267636682132fd723a4e8a0e14e9774185788ee27d26846 27a70d3074f01a0c88ce22c993d516c5437ad7fffcac5d873774308000b4437f
SERVER_TRAFFIC_SECRET_0 9c0677eeb4ae40348267636682132fd723a4e8a0e14e9774185788ee27d26846 f88f00cda3b4272a909dac11e2e673cd47034642e8ff1974dd82df51edcb9b5f
CLIENT_HANDSHAKE_TRAFFIC_SECRET b59018a2d10a4a64ea4fa05abee39df84d2f93ca329f07e1480f0df5673518ae ac24422348f22c1e2a1b9d7aa56fad43d7e65741bcc8d9fd702236736a22642d
SERVER_HANDSHAKE_TRAFFIC_SECRET b59018a2d10a4a64ea4fa05abee39df84d2f93ca329f07e1480f0df5673518ae 471f32f2ff60675d2ec9b61bef7d74697fbdbb69ce69729c6042d6b83bc9e29b
CLIENT_TRAFFIC_SECRET_0 b59018a2d10a4a64ea4fa05abee39df84d2f93ca329f07e1480f0df5673518ae 4e080b913f870c706f31edb303effbd9015dcf68a71e0a7c210a2698b414caa5
SERVER_TRAFFIC_SECRET_0 b59018a2d10a4a64ea4fa05abee39df84d2f93ca329f07e1480f0df5673518ae 252d6ad4dc3de67a1574ef4c5b5a3e27366f22225796ca65a4c276738aca9a00
CLIENT_HANDSHAKE_TRAFFIC_SECRET 1af35cb3bd1734ae5c437e42faef51c24efa5db00209e9b341e6d6fd351437cc 2ab9aca30b7891319f8ea1db4bd15beec73740f9d8cd395d77ca5087b0709533
SERVER_HANDSHAKE_TRAFFIC_SECRET 1af35cb3bd1734ae5c437e42faef51c24efa5db00209e9b341e6d6fd351437cc 22ee684884443782021ba30617faeb58f8662b104f8be9eb6ba8732fd4d7dbc4
CLIENT_TRAFFIC_SECRET_0 1af35cb3bd1734ae5c437e42faef51c24efa5db00209e9b341e6d6fd351437cc 6a8f61206d413dafdbf30e7539c9932cdc18106223597b68d0f1384e7ce5953b
SERVER_TRAFFIC_SECRET_0 1af35cb3bd1734ae5c437e42faef51c24efa5db00209e9b341e6d6fd351437cc 9063b2ea7b0a9a3ae26e603ddcee514bef2d508a8483acb987aea9ad23be3772
CLIENT_HANDSHAKE_TRAFFIC_SECRET 71567e7bf411a83c797e7b6306819b633e45892e457c58c59f6549754ae211f6 b193ec4f6c2f1a41b0e8f356138b4dca0dab84330c554170da40f009aa3556b7
SERVER_HANDSHAKE_TRAFFIC_SECRET 71567e7bf411a83c797e7b6306819b633e45892e457c58c59f6549754ae211f6 f73032377f6171655854807114a663e604412ee73ce140214a98c1c76f0702ed
CLIENT_TRAFFIC_SECRET_0 71567e7bf411a83c797e7b6306819b633e45892e457c58c59f6549754ae211f6 6cfe126a6644831fe5626568d1e8bea43c55e837324fa92cb59fc6492ed837b7
SERVER_TRAFFIC_SECRET_0 71567e7bf411a83c797e7b6306819b633e45892e457c58c59f6549754ae211f6 ae83dd387d0319cafbcfd81d262f75dbc9188b447ff961b4d0e14ce3d890cf1f
CLIENT_HANDSHAKE_TRAFFIC_SECRET efab21c959949600a947f224ebe096ead6ec931880bf5d6769c8896ae012f71a 74f6aa7c288dfb58d63f680d847b8a62b3771a6cbfde75104d12101b1806b973
SERVER_HANDSHAKE_TRAFFIC_SECRET efab21c959949600a947f224ebe096ead6ec931880bf5d6769c8896ae012f71a 83c760efc2a1cdb3b58ed39ef3c64255a704c92fb59d35e233fea41bc0b070ea
CLIENT_TRAFFIC_SECRET_0 efab21c959949600a947f224ebe096ead6ec931880bf5d6769c8896ae012f71a 52fb71612902999a8442e77ed51b67ef20de3780ce65fdcb1148126f62bb89a8
SERVER_TRAFFIC_SECRET_0 efab21c959949600a947f224ebe096ead6ec931880bf5d6769c8896ae012f71a 50f7c588157f24e202e769346670fc88445be656f23acc68db3f52c3973057ac
CLIENT_HANDSHAKE_TRAFFIC_SECRET ac7a09df9eeac13a42f0e009f91766fbb649d69db09e51c57654266c57d7fe6d f48ecfb108660475e959eb244fc0b176fdfd984b1032cc2142e9525a23952a3d
SERVER_HANDSHAKE_TRAFFIC_SECRET ac7a09df9eeac13a42f0e009f91766fbb649d69db09e51c57654266c57d7fe6d 1cd8844969ef480bc1b954e7f111c84c1d1163f0609772d07784d91ea797853c
CLIENT_TRAFFIC_SECRET_0 ac7a09df9eeac13a42f0e009f91766fbb649d69db09e51c57654266c57d7fe6d 90f29a30ce0add71adc3ada2a061c662b25acef51f72831ea720444114d7f404
SERVER_TRAFFIC_SECRET_0 ac7a09df9eeac13a42f0e009f91766fbb649d69db09e51c57654266c57d7fe6d c0a57009239a20b3f9cb0bbf98469d8ab127f7a3713ac89ce0fe98c5ae5f6f05
CLIENT_HANDSHAKE_TRAFFIC_SECRET 803f40658cb62bc72d9988393241bd9631819ef31fb5070ff1a1565190c94381 a314a6cdc7c1c03203b80fd33a3a4216e48a4ffaaa00e310665ec3f095ac1787
SERVER_HANDSHAKE_TRAFFIC_SECRET 803f40658cb62bc72d9988393241bd9631819ef31fb5070ff1a1565190c94381 6c8544da1ea3a7cff30b4ce4d89438e909da465b7ce23e66100fd7d5b11f841c
CLIENT_TRAFFIC_SECRET_0 803f40658cb62bc72d9988393241bd9631819ef31fb5070ff1a1565190c94381 ab1a65a4bbbf00c4948841fd29ec968bbf1bca22474af2bfe5c195b74faa69a6
SERVER_TRAFFIC_SECRET_0 803f40658cb62bc72d9988393241bd9631819ef31fb5070ff1a1565190c94381 d1b2a90787595a224ce8a44feac2e28257ed2b56594c8ad77cfacee55f2e86f8
CLIENT_HANDSHAKE_TRAFFIC_SECRET 4fd7b732cb11212169f5a5f40b386c30bd19ec00ada9d5b26030ea37f5382223 c41622049bc6015b8d9f431534fea7e1ffb63c9a54380f09f5862d49ffd5c410
SERVER_HANDSHAKE_TRAFFIC_SECRET 4fd7b732cb11212169f5a5f40b386c30bd19ec00ada9d5b26030ea37f5382223 9de6778c5f50e2efe8ade2f25c6c207980c7bbd4495ae8eaa32e8f21b7a15b57
CLIENT_TRAFFIC_SECRET_0 4fd7b732cb11212169f5a5f40b386c30bd19ec00ada9d5b26030ea37f5382223 a918a85655feb6b301c3af9a849b0edfe1c09d98fccd038f2a20da0cd6571de2
SERVER_TRAFFIC_SECRET_0 4fd7b732cb11212169f5a5f40b386c30bd19ec00ada9d5b26030ea37f5382223 7038707248a2fecd435f40b77b30b68abc375b29a300a79e97d857e29ea8c911
CLIENT_HANDSHAKE_TRAFFIC_SECRET 3d8966fe0a03bdbbfe08c36d5f1df8c107b28e046f0ab0bea7b3c0326fa9f9b0 b9bb3f7da532fe599a2cd21ccc8d0d12dd06276e8181b012df9ba2769ea4a89c
SERVER_HANDSHAKE_TRAFFIC_SECRET 3d8966fe0a03bdbbfe08c36d5f1df8c107b28e046f0ab0bea7b3c0326fa9f9b0 38ebbb4bb6e6864da9b824659b5c55c802c1d8be9d6a5f0f5149075cf4ba6990
CLIENT_TRAFFIC_SECRET_0 3d8966fe0a03bdbbfe08c36d5f1df8c107b28e046f0ab0bea7b3c0326fa9f9b0 35814867f765eabee3222672a89b025c7f0e08c5cd44b68735dc3e4dbb72255c
SERVER_TRAFFIC_SECRET_0 3d8966fe0a03bdbbfe08c36d5f1df8c107b28e046f0ab0bea7b3c0326fa9f9b0 980f027ce7f7b359da18185a9701af209cafb0413e1bbcfe1b8d7372217d4518
CLIENT_HANDSHAKE_TRAFFIC_SECRET 14cc5c3297d9f97aa1266b35e2fb1ea3597f567ad84b895ad825a0d40c802669 b21b4726d03e9667495e5741fecc022baaaedf5879c2e7d481591fc31526557b
SERVER_HANDSHAKE_TRAFFIC_SECRET 14cc5c3297d9f97aa1266b35e2fb1ea3597f567ad84b895ad825a0d40c802669 c1e66ad6b9369928c08b5d4ad6b7c0ade58afafb7cf8f4814eaf559cd2f01302
CLIENT_TRAFFIC_SECRET_0 14cc5c3297d9f97aa1266b35e2fb1ea3597f567ad84b895ad825a0d40c802669 c4976e18b84161506883a63648219f2d16324d675f83631af3701fc5d6f3b38c
SERVER_TRAFFIC_SECRET_0 14cc5c3297d9f97aa1266b35e2fb1ea3597f567ad84b895ad825a0d40c802669 90a4e275f7befbf2f29453bd4f0289bb398564b541627903e4dc0540b3e1de21
CLIENT_HANDSHAKE_TRAFFIC_SECRET d1c5e185bef4a8b37482e73dd94f1a3c854b63ebd4c2fbc0f60b585f16dc490b cfe8b3cdbdad04fea29498e9517b9d0db23f69eeada5fb8db6154365fad341b4
SERVER_HANDSHAKE_TRAFFIC_SECRET d1c5e185bef4a8b37482e73dd94f1a3c854b63ebd4c2fbc0f60b585f16dc490b 214082868366855bf7a62618486bc919f00a271c76b91b14570f097ae380ec54
CLIENT_TRAFFIC_SECRET_0 d1c5e185bef4a8b37482e73dd94f1a3c854b63ebd4c2fbc0f60b585f16dc490b 8bb12a473d3aeb1b30106acb59befcc455d9c94c20861afe210aa78ad36b8c4d
SERVER_TRAFFIC_SECRET_0 d1c5e185bef4a8b37482e73dd94f1a3c854b63ebd4c2fbc0f60b585f16dc490b 4397b72291b23cadf1295ba9f473fafdea842fd1b9076de87f8b9a3a1293c02d
CLIENT_HANDSHAKE_TRAFFIC_SECRET 7802ccf43ca5ae6ff514a7cafbe97901e5bd55c6746a031b80871beb4f554ddb f8afd7b99be11fe2b2ecda379dbaf8e36c247c7827d91a503f4040792754e2c9
SERVER_HANDSHAKE_TRAFFIC_SECRET 7802ccf43ca5ae6ff514a7cafbe97901e5bd55c6746a031b80871beb4f554ddb ba7dd2ce3bbfc8e8a2df006a2f93465b8f5d8d8a6227f4e157305b3324f9de2a
CLIENT_TRAFFIC_SECRET_0 7802ccf43ca5ae6ff514a7cafbe97901e5bd55c6746a031b80871beb4f554ddb 07455e9f447925885f8fca1e40095611607565264f7418ef9125e079b7702c57
SERVER_TRAFFIC_SECRET_0 7802ccf43ca5ae6ff514a7cafbe97901e5bd55c6746a031b80871beb4f554ddb 140067166962e8f3f8c039e08a9811e3e65ce72695e0f7f5470b527bccd69edc
CLIENT_HANDSHAKE_TRAFFIC_SECRET 0eb5cd531802f78c6eff6d321be2740827211f8a4f828f6cf9561082e9bfc9f9 7f5a0cc6b3ede0cb077aa3f30e204f0a073fd1d12dd272377ef8f8921ff9c947
SERVER_HANDSHAKE_TRAFFIC_SECRET 0eb5cd531802f78c6eff6d321be2740827211f8a4f828f6cf9561082e9bfc9f9 808a5386806feb9c00b81c06dbbd02b19eeeb4303c946f387aa0467b185a5123
CLIENT_TRAFFIC_SECRET_0 0eb5cd531802f78c6eff6d321be2740827211f8a4f828f6cf9561082e9bfc9f9 7d5d6d4b4a341b1ec6c60f4579c31cf4fbe3722b38d95bf0d3011f0802a278ae
SERVER_TRAFFIC_SECRET_0 0eb5cd531802f78c6eff6d321be2740827211f8a4f828f6cf9561082e9bfc9f9 99b71b24baa2162ad0047606db9d155cba520fad8d45a3f1da0f0c6736d1a71a
CLIENT_HANDSHAKE_TRAFFIC_SECRET b37cf6e60aad43156197c6b4a4d84f04ec438e1473e747c81f990cb584724070 24d1506cde453bddf677f4247282f8a90aca3a729509f80ace3d4089db67acbf
SERVER_HANDSHAKE_TRAFFIC_SECRET b37cf6e60aad43156197c6b4a4d84f04ec438e1473e747c81f990cb584724070 4c598237248ee0845266d34cbcce723d9defe3a53f075ee3a277d09a0c68426b
CLIENT_TRAFFIC_SECRET_0 b37cf6e60aad43156197c6b4a4d84f04ec438e1473e747c81f990cb584724070 ed5419b09ea5eaf865ffb9579c92c12cc289f001a47dd429b41c62e1dbe9cc44
SERVER_TRAFFIC_SECRET_0 b37cf6e60aad43156197c6b4a4d84f04ec438e1473e747c81f990cb584724070 81d12c11b5d6a2a15bad6f588e27ebd0177f26be08b107ca786374ca16f36241
CLIENT_HANDSHAKE_TRAFFIC_SECRET a72f9a52fee811e59170440cb19db5060913b39f8332839ed77eefe105379616 0fe18d966dae98ab8175cfed8ca90c628d10ffd1ab08034402fcbab9f9431486
SERVER_HANDSHAKE_TRAFFIC_SECRET a72f9a52fee811e59170440cb19db5060913b39f8332839ed77eefe105379616 70adf231f578980051280e5f29eb722f5ab487ce937daf39e731685280f0a1e1
CLIENT_TRAFFIC_SECRET_0 a72f9a52fee811e59170440cb19db5060913b39f8332839ed77eefe105379616 f1f978c5bb845af3f5a58e25bb892451030b0c8f0863fafa389aff7121e976bb
SERVER_TRAFFIC_SECRET_0 a72f9a52fee811e59170440cb19db5060913b39f8332839ed77eefe105379616 8b6a1f500874ce841c7f0568d9bb010b816b7f17cb036f9dbd955c89b51a6846
CLIENT_HANDSHAKE_TRAFFIC_SECRET f61dc6f4785188a4a116a272c602cc11e5b214fc469d1daec762ef81d118c914 dde090e5ed3a8455b736a2fa5daa1a38fc10fc84450c26bf41aa4b7e6ad5d5a1
SERVER_HANDSHAKE_TRAFFIC_SECRET f61dc6f4785188a4a116a272c602cc11e5b214fc469d1daec762ef81d118c914 3e956b4dc1b78e82777756121244ebe5b1dfac756681ceeaa91f50ebcc98e4fb
CLIENT_TRAFFIC_SECRET_0 f61dc6f4785188a4a116a272c602cc11e5b214fc469d1daec762ef81d118c914 22e8d71b1054c295e1707957cb9260a8bd9bd38c5280a9aed2dca0cf8b6bd691
SERVER_TRAFFIC_SECRET_0 f61dc6f4785188a4a116a272c602cc11e5b214fc469d1daec762ef81d118c914 c9633d2fbb692af6baa69df136abebfefcf94e4efd676e0bb71aa505238fe51e
CLIENT_HANDSHAKE_TRAFFIC_SECRET e035b5594e2bce68e4e02ffd192c18f05a5d667f4ce13734a749effdccb0b133 60697f6f0e4127e18ea67a35ff982420ab57f7c5e930c8d122f8e99ff4652959
SERVER_HANDSHAKE_TRAFFIC_SECRET e035b5594e2bce68e4e02ffd192c18f05a5d667f4ce13734a749effdccb0b133 400b6864945a779996bfb7145a57ab051346ce7c9d5a6c72cf9ab2c52b45e546
CLIENT_TRAFFIC_SECRET_0 e035b5594e2bce68e4e02ffd192c18f05a5d667f4ce13734a749effdccb0b133 3e46a1810f8a6a39e4c881c36dccf1c6cef79ae4b5f757dfe148ada86adf0f01
SERVER_TRAFFIC_SECRET_0 e035b5594e2bce68e4e02ffd192c18f05a5d667f4ce13734a749effdccb0b133 2bc739024e5a6e9de34e93489c789fcb8fd9bcffc1e2f0f02da3593dedcfb069
CLIENT_HANDSHAKE_TRAFFIC_SECRET 8bae6b72794022abd1a3faef2e82b84bdd1cc6885e85fa14ed61a97c4ede5af6 97455704fbcd76685ef19a7559329f493c73c78f41cab0d9a6b034ef11ca05f7
SERVER_HANDSHAKE_TRAFFIC_SECRET 8bae6b72794022abd1a3faef2e82b84bdd1cc6885e85fa14ed61a97c4ede5af6 9e699f76196bb4ec5d4c7adff82b61562f2912bba59fc900e35e0920aedeea9c
CLIENT_TRAFFIC_SECRET_0 8bae6b72794022abd1a3faef2e82b84bdd1cc6885e85fa14ed61a97c4ede5af6 c66f9f4a70e235ecf87263eaaa46869216eb5e0bf03e8c803063eff7a6ae30a5
SERVER_TRAFFIC_SECRET_0 8bae6b72794022abd1a3faef2e82b84bdd1cc6885e85fa14ed61a97c4ede5af6 f8c80edfef2c92e7c049a1eed46ab02b52c454d4aa5fcd1d400734285c8844c8
CLIENT_HANDSHAKE_TRAFFIC_SECRET 84a6b4bb848415a55867b0215c41609195fe6435d188bb60572072bc875732c7 374f6d2da50b44e86e7a2fbc631b91a35cf885698d827b544a7ba1ddcd41ceb9
SERVER_HANDSHAKE_TRAFFIC_SECRET 84a6b4bb848415a55867b0215c41609195fe6435d188bb60572072bc875732c7 d20caa952fe5fa6790df9a4bae21b464505d88325c26a81a79703f9c97b4ea0b
CLIENT_TRAFFIC_SECRET_0 84a6b4bb848415a55867b0215c41609195fe6435d188bb60572072bc875732c7 2aa76ee3cbdae1a9a6514d6a3c511030d1d1e6463c302624dc8c6ad1a80a0e9e
SERVER_TRAFFIC_SECRET_0 84a6b4bb848415a55867b0215c41609195fe6435d188bb60572072bc875732c7 b5c3f1de235a8eb42e6527d1182a543d81e57f2b9b42be14704cf77bfa8ba7ad
CLIENT_HANDSHAKE_TRAFFIC_SECRET 0c59afe46de9c116e2e6a2f382fa920bf498838ef5d9fa1b071eff7fff04e960 098e75c2f9df93a4512dbc3c6c233e54dc37124444cc2a39c040fd78806d1df1
SERVER_HANDSHAKE_TRAFFIC_SECRET 0c59afe46de9c116e2e6a2f382fa920bf498838ef5d9fa1b071eff7fff04e960 3c198bbeda79ac89c94d1632caa2bdc53ce4c579e0acc23f760ff8faa25ec5cc
CLIENT_TRAFFIC_SECRET_0 0c59afe46de9c116e2e6a2f382fa920bf498838ef5d9fa1b071eff7fff04e960 33862de24266c1644d8d6cfdf723ebf4fed85decfebbcb459f76c95803cfe137
SERVER_TRAFFIC_SECRET_0 0c59afe46de9c116e2e6a2f382fa920bf498838ef5d9fa1b071eff7fff04e960 5083ef73c8da83b76b187ae54cb77ad4394a5dcc4a54829e8a549841e0106ab3
CLIENT_HANDSHAKE_TRAFFIC_SECRET 01086c2749bd40ddc10b485c6aad045e3960de03cd5dd0eceb26d58827d5ef02 b947dee18484eef031dd1092adbe1fc84c809e6eb71bf1cc80576224f7b06f13
SERVER_HANDSHAKE_TRAFFIC_SECRET 01086c2749bd40ddc10b485c6aad045e3960de03cd5dd0eceb26d58827d5ef02 9872064b09c99fb49168ff796893b8c77416d171b62abaaccb518e64374ecb40
CLIENT_TRAFFIC_SECRET_0 01086c2749bd40ddc10b485c6aad045e3960de03cd5dd0eceb26d58827d5ef02 79bbd0405468c6259cb5fb97c15851dafc5426f4c3a71ef3b63eba60b21fda8c
SERVER_TRAFFIC_SECRET_0 01086c2749bd40ddc10b485c6aad045e3960de03cd5dd0eceb26d58827d5ef02 08d2549829934a4088f60086bb0c6fa9a7330cac066bfc501ed9b23287f2d55e
CLIENT_HANDSHAKE_TRAFFIC_SECRET babf60539af6ea83c6e3c712fb95d6adc743fb7e584c667c50d11f3fb4385ce3 14d1d9234fedda6e6ddce350b9a34fc4258be1d44d8baaacdc104b9d70339860
SERVER_HANDSHAKE_TRAFFIC_SECRET babf60539af6ea83c6e3c712fb95d6adc743fb7e584c667c50d11f3fb4385ce3 4fb1eddf3a29cb0835238fff5379bc7839b599194098c3b47e647acf4cd9b886
CLIENT_TRAFFIC_SECRET_0 babf60539af6ea83c6e3c712fb95d6adc743fb7e584c667c50d11f3fb4385ce3 60ba7e3ae4aa7e65dfae5cbe487db3ed06b1121ecd3de7a8aeb8d470073f7083
SERVER_TRAFFIC_SECRET_0 babf60539af6ea83c6e3c712fb95d6adc743fb7e584c667c50d11f3fb4385ce3 a7f2e5999d68cd9be550ca5c349452a89356d89b941db0db0731db4fb1cb42e9
CLIENT_HANDSHAKE_TRAFFIC_SECRET 1b0ee30063b4df2f173c52f1721fe3d10f24696e51f3f6490ee04742f7dc4736 f2c91802945daf24bb0c22d7534c567c72b3cf77886f08614b22b88fb5c0bfbb
SERVER_HANDSHAKE_TRAFFIC_SECRET 1b0ee30063b4df2f173c52f1721fe3d10f24696e51f3f6490ee04742f7dc4736 1cfbf974b3d1fea21711f3a0c4607af5e2691d68d3fa487ff72ebd0cfb4049f0
CLIENT_TRAFFIC_SECRET_0 1b0ee30063b4df2f173c52f1721fe3d10f24696e51f3f6490ee04742f7dc4736 479c6ccbd65b7db87fbfbbc7a91366e590dae784cebe486aa46e45e872f3a389
SERVER_TRAFFIC_SECRET_0 1b0ee30063b4df2f173c52f1721fe3d10f24696e51f3f6490ee04742f7dc4736 4516515d28b210df599d0ccf1c1c15cdfd840703a9e3c6a8de5e905f94fe1fe4
CLIENT_HANDSHAKE_TRAFFIC_SECRET 68f2bfc0194af4e20841a0c14e07cffae4ee67352355680b835400a6547653fb 5b19b85297467fec27cacfab40e7164af614fd2393a8e946c1c63c7adfd9be2e
SERVER_HANDSHAKE_TRAFFIC_SECRET 68f2bfc0194af4e20841a0c14e07cffae4ee67352355680b835400a6547653fb bbad5f1bbee27b3ad2d01f299d5e739f8d934b057d6079ea161125006e89f9c6
CLIENT_TRAFFIC_SECRET_0 68f2bfc0194af4e20841a0c14e07cffae4ee67352355680b835400a6547653fb 3b446f4687f8e7468282dd715f0f002bc5e4f7575a58ea0dd1499c6964597a09
SERVER_TRAFFIC_SECRET_0 68f2bfc0194af4e20841a0c14e07cffae4ee67352355680b835400a6547653fb 301c40f625fa5463abd140b727142a9cf0708bbf49bb901e282f0a752a43ffa6
CLIENT_HANDSHAKE_TRAFFIC_SECRET 92d847d26621869b06f4dccbc6d4fdfdb5567679fee0fdc94909e9ffe60eb86c ae73506704733b37188b3764f2c8343468dbaeb65d6660662641a058ebe6445a
SERVER_HANDSHAKE_TRAFFIC_SECRET 92d847d26621869b06f4dccbc6d4fdfdb5567679fee0fdc94909e9ffe60eb86c b980f6107a6585ac7413b3830738ec0143e95b216cf6eb2d3ff758990a9a0f25
CLIENT_TRAFFIC_SECRET_0 92d847d26621869b06f4dccbc6d4fdfdb5567679fee0fdc94909e9ffe60eb86c 34bb495690fc4b2e457944ce091e0f7247a4aceac6962b2066a1706bcb5274ad
SERVER_TRAFFIC_SECRET_0 92d847d26621869b06f4dccbc6d4fdfdb5567679fee0fdc94909e9ffe60eb86c f389ba556586b61f6e0ee90349580cd9bc03aadbd6a335a3e5f7b8a74aa353ee
CLIENT_HANDSHAKE_TRAFFIC_SECRET 91b7c03c5a62369e34ce8ae3e544142e0614d11e10cfb6a29bd2695ae97d63a5 3b7222ced906f5e636d8130744524e0477f7e0355f5534b4de7649ca84ca7f4e
SERVER_HANDSHAKE_TRAFFIC_SECRET 91b7c03c5a62369e34ce8ae3e544142e0614d11e10cfb6a29bd2695ae97d63a5 d6818801fbbbf7e6fc70331118ed02a9b0aaf31b56c139ff3ed6c602e921248b
CLIENT_TRAFFIC_SECRET_0 91b7c03c5a62369e34ce8ae3e544142e0614d11e10cfb6a29bd2695ae97d63a5 58881e88f9e9e342ea868421c6130069fe83b00f04ca681fdd7f6f93191687d6
SERVER_TRAFFIC_SECRET_0 91b7c03c5a62369e34ce8ae3e544142e0614d11e10cfb6a29bd2695ae97d63a5 620c76bbcea10727312c5bc58a41e46ba4afb7e40e70005c06fe0fd2b0f7ef2c
CLIENT_HANDSHAKE_TRAFFIC_SECRET 078a028f36c54222d3075358899727318031f36ecda4d47a72189061f1f966fd 2ada6b8de9475663d647f9639e79679d5c57d996e474c4f72d5a8d49bd2097f4
SERVER_HANDSHAKE_TRAFFIC_SECRET 078a028f36c54222d3075358899727318031f36ecda4d47a72189061f1f966fd af1e18e031f57bf9d4e72f652734e77e956bcebda551cd3d1097b712d3852248
CLIENT_TRAFFIC_SECRET_0 078a028f36c54222d3075358899727318031f36ecda4d47a72189061f1f966fd a2b37ee6e2c17da528e8df82b0e574179853439234579922fb2649daa88f3a22
SERVER_TRAFFIC_SECRET_0 078a028f36c54222d3075358899727318031f36ecda4d47a72189061f1f966fd dd181c7e552a26850032f81e59aad2b5e8476d7fdeda84cf9c9848f7832dd646
CLIENT_HANDSHAKE_TRAFFIC_SECRET 8aa5aec9f5ae0deb5205ce6892d323d850887a6de2acbbd5029ff5764baaf3aa e2322ba2cd55a22e196f4d59838eb906b33c132b047225d2e24aec3c509cd5ed
SERVER_HANDSHAKE_TRAFFIC_SECRET 8aa5aec9f5ae0deb5205ce6892d323d850887a6de2acbbd5029ff5764baaf3aa a8fd26fe4656d034972f14673abe0165bef2e1233f6345e583eabf3665c95210
CLIENT_TRAFFIC_SECRET_0 8aa5aec9f5ae0deb5205ce6892d323d850887a6de2acbbd5029ff5764baaf3aa 3f55277fc2f13a16bc776ac6b133994323bf4c48ef0910959915b864d2e33b49
SERVER_TRAFFIC_SECRET_0 8aa5aec9f5ae0deb5205ce6892d323d850887a6de2acbbd5029ff5764baaf3aa 8aeb39c2881bf685c48d308d979f02fad694c24a9cb0805b6f48bedde79107ff
CLIENT_HANDSHAKE_TRAFFIC_SECRET c7d343b8a703bc2cd79380d44e027f22d04d8cd0d74316c12d8b22fe5de97fb6 8d3643d4c2bce56ff93c7f6dfac53455e98dbf02308cf245e871fc761fb75058
SERVER_HANDSHAKE_TRAFFIC_SECRET c7d343b8a703bc2cd79380d44e027f22d04d8cd0d74316c12d8b22fe5de97fb6 3fe5ff5c59b52705253207db38d02207cdef59416962b5c25df9d8daa3484413
CLIENT_TRAFFIC_SECRET_0 c7d343b8a703bc2cd79380d44e027f22d04d8cd0d74316c12d8b22fe5de97fb6 ece79ef74ec48f9c55a4407f132841bcad15ac556affd0a306063df59b51b9f2
SERVER_TRAFFIC_SECRET_0 c7d343b8a703bc2cd79380d44e027f22d04d8cd0d74316c12d8b22fe5de97fb6 cc763d455cb339eaa82f625e864ef92e52b464677bcb6fe9accef46639d3bcdb
CLIENT_HANDSHAKE_TRAFFIC_SECRET e4683e790879dbe6a172b8e1df72a40e2199297fc5301b84d770bab389b10b86 6cf6c62256e8b36ee2e5e16cc3e5c47350799ce528b4c9c07ea97db8fa7a2538
SERVER_HANDSHAKE_TRAFFIC_SECRET e4683e790879dbe6a172b8e1df72a40e2199297fc5301b84d770bab389b10b86 dc54b7a4c2d00df30713074d452be0eca66e83075f329a7caf8bf23a59bc8a7e
CLIENT_TRAFFIC_SECRET_0 e4683e790879dbe6a172b8e1df72a40e2199297fc5301b84d770bab389b10b86 cd23fb700a1fba5912a7579916fb2ff1cd633693d94e8381a12cfe98bcca0c99
SERVER_TRAFFIC_SECRET_0 e4683e790879dbe6a172b8e1df72a40e2199297fc5301b84d770bab389b10b86 3b2cda147c0ef0f78f85d342fae8879459c8d474b7f29253651e4c9466032e94
CLIENT_HANDSHAKE_TRAFFIC_SECRET 25fdc35fa7b29dd544242b7c2c8b34c42f4ecc5d27c45ef3d33ebbb613ee9af6 db9f477d67e65f70d7ff0147550ba999dd142b3445d214e399659ef0f68c4916
SERVER_HANDSHAKE_TRAFFIC_SECRET 25fdc35fa7b29dd544242b7c2c8b34c42f4ecc5d27c45ef3d33ebbb613ee9af6 ad7c1945fe5365ceeecba63e6fb9b753f686c41655f6d736840222349ef31d40
CLIENT_TRAFFIC_SECRET_0 25fdc35fa7b29dd544242b7c2c8b34c42f4ecc5d27c45ef3d33ebbb613ee9af6 4c77e0a8a2f73aeefe9aa256e184b63f79fe900a2644f7e0fb35cf81a98b5902
SERVER_TRAFFIC_SECRET_0 25fdc35fa7b29dd544242b7c2c8b34c42f4ecc5d27c45ef3d33ebbb613ee9af6 832444efed61f14da619fbb222231b69b180f817471adbbba7275f56091f8f0e
CLIENT_HANDSHAKE_TRAFFIC_SECRET 40798630f150ae63a4b4190fc80fb58cdec07bc0fbadc6769864f229288db3a2 33aa394c23e4eac61786154a8b7b450899f56e4bc7785ff7ea1b1167bd57d448
SERVER_HANDSHAKE_TRAFFIC_SECRET 40798630f150ae63a4b4190fc80fb58cdec07bc0fbadc6769864f229288db3a2 6777462f78b89b9185639c5b8e221a5c0366f70eec714c1a0271029fcb9f2302
CLIENT_TRAFFIC_SECRET_0 40798630f150ae63a4b4190fc80fb58cdec07bc0fbadc6769864f229288db3a2 bcd214e25fbc58a7afd8ae23a57a14f3cc8112675d17db626bbf9429708291a3
SERVER_TRAFFIC_SECRET_0 40798630f150ae63a4b4190fc80fb58cdec07bc0fbadc6769864f229288db3a2 e0fce96bbad280f2a60cc07511dbb72a797c5bab4e0b755f24ed914fb99d5317
CLIENT_HANDSHAKE_TRAFFIC_SECRET d27386dd81c31232f81a9a2af38e7ebd94e231bbc499b9e73ab4c6191b8a7229 f468be2c3b9aefcfef81f342816e723da008d3e9673f5b1cb2389ad31a6fc737
SERVER_HANDSHAKE_TRAFFIC_SECRET d27386dd81c31232f81a9a2af38e7ebd94e231bbc499b9e73ab4c6191b8a7229 ef04354360297b2c4c4255ca158071bbab143b2801dcec69704b1a96563c82a4
CLIENT_TRAFFIC_SECRET_0 d27386dd81c31232f81a9a2af38e7ebd94e231bbc499b9e73ab4c6191b8a7229 cead6d1337bd8b70686a299be305437b4993b7fe2d56494970dab228c46b2c08
SERVER_TRAFFIC_SECRET_0 d27386dd81c31232f81a9a2af38e7ebd94e231bbc499b9e73ab4c6191b8a7229 ddaaf1183221815264c05bd7a26df1b6418d6e1e8b899ae46e0dfe9d711c7cd2
CLIENT_HANDSHAKE_TRAFFIC_SECRET 76f00b8943bb41bed2488dd08bdf135b1516d2efafe3c4bc3c94b42fecc9f5e6 cd8f89f532eb5e39af71bf27a59f3be2ce445fda7295ae877a78eb3805497906
SERVER_HANDSHAKE_TRAFFIC_SECRET 76f00b8943bb41bed2488dd08bdf135b1516d2efafe3c4bc3c94b42fecc9f5e6 36796cc7f05d377ab19951c5f58a13c83c18474d65b18bece4f3ce545226b496
CLIENT_TRAFFIC_SECRET_0 76f00b8943bb41bed2488dd08bdf135b1516d2efafe3c4bc3c94b42fecc9f5e6 de4c1d3eb8e56cada14f9976454c6bbab2937bc9515b332f31d1a95c6c08d8c7
SERVER_TRAFFIC_SECRET_0 76f00b8943bb41bed2488dd08bdf135b1516d2efafe3c4bc3c94b42fecc9f5e6 3a8ed59cda4f6a8045dcf407edfa1295e4efa354b08131c197ed4e1ed2452ee4
CLIENT_HANDSHAKE_TRAFFIC_SECRET ac271228c6a5a9e9b0870c835a507bfab4d55141e579accb85c600595c87d274 e5946f7210097b5996cf6257e3db27fa4eb08428179425543db70e7947071a3a
SERVER_HANDSHAKE_TRAFFIC_SECRET ac271228c6a5a9e9b0870c835a507bfab4d55141e579accb85c600595c87d274 fbd3688abb7f51207efacd8ac00044553086a9e77cc6553cb042ed92551bd32f
CLIENT_TRAFFIC_SECRET_0 ac271228c6a5a9e9b0870c835a507bfab4d55141e579accb85c600595c87d274 1fd251d92884c8b657b4211bf36c57dbdde99026f3a719f4d4d43d6414d03002
SERVER_TRAFFIC_SECRET_0 ac271228c6a5a9e9b0870c835a507bfab4d55141e579accb85c600595c87d274 51f8d8cd83a680234e8967676f3afc12c1bc98ec59679f37f78dd401b9b8a081
CLIENT_HANDSHAKE_TRAFFIC_SECRET 42436d704e75e7c0fdd03fd92bcf3a36290b8e80df56ea1536a4012a4ffe493a 06a52b3f93ac2f1a3b818b1a8de1ae034bce22d601a724a80021ebaeb41096c9
SERVER_HANDSHAKE_TRAFFIC_SECRET 42436d704e75e7c0fdd03fd92bcf3a36290b8e80df56ea1536a4012a4ffe493a 9018d10c5e840af3864f36fe32b46974881e1a49e1fcf7dcf3023e23931ca128
CLIENT_TRAFFIC_SECRET_0 42436d704e75e7c0fdd03fd92bcf3a36290b8e80df56ea1536a4012a4ffe493a 75b3209282561f9e7878dc222dfc0a0d9243e492deebde4b037ce6912ff3cf7e
SERVER_TRAFFIC_SECRET_0 42436d704e75e7c0fdd03fd92bcf3a36290b8e80df56ea1536a4012a4ffe493a 1bf069210ff1f083263bdf3c1dbaa7db736502d78da832a3ef69aaa0cdd4fb0a
CLIENT_HANDSHAKE_TRAFFIC_SECRET af06b65ab1e12764fc20ab9e45ef8099accdf195aae52079d8c2954b3640f7ef 0802a78ad34b23ecb6cd05be908ae7dfbceda1b6138e56adc93432bc8347b693
SERVER_HANDSHAKE_TRAFFIC_SECRET af06b65ab1e12764fc20ab9e45ef8099accdf195aae52079d8c2954b3640f7ef 2e3056102098b6f1647565824ba3e8e373cc53ec36b93453edd10eff72bebde0
CLIENT_TRAFFIC_SECRET_0 af06b65ab1e12764fc20ab9e45ef8099accdf195aae52079d8c2954b3640f7ef bd1a6c1c587cc63f829703b18136d057380def7f7fd8e7040c9a7cf0cba18504
SERVER_TRAFFIC_SECRET_0 af06b65ab1e12764fc20ab9e45ef8099accdf195aae52079d8c2954b3640f7ef 86e9e58d1e1d6028cb5f2de1da4b7df56f389faccb3fc539dfed1aa128794d30
CLIENT_HANDSHAKE_TRAFFIC_SECRET 55e6115fe084b4eabc559ae28b93ab23dd447bdbec0f6c0b70598d2859149811 717d9be8c8161d422a2ab22412321128ad6423661ba1809f08ef4c95005c2974
SERVER_HANDSHAKE_TRAFFIC_SECRET 55e6115fe084b4eabc559ae28b93ab23dd447bdbec0f6c0b70598d2859149811 e92ac8006b6c80563d193aff77e32a6ee17db3fa2d7a3be6acf41577006d77c5
CLIENT_TRAFFIC_SECRET_0 55e6115fe084b4eabc559ae28b93ab23dd447bdbec0f6c0b70598d2859149811 096c1e6e6bfb480c3e20be7b5bd85cb77a6e1318f7392c16317fb74eb75c3dd0
SERVER_TRAFFIC_SECRET_0 55e6115fe084b4eabc559ae28b93ab23dd447bdbec0f6c0b70598d2859149811 30657b803c6f619c95f8b2fd57112e5dd766169ffae5d5e7d29da3ef86f0804d
CLIENT_HANDSHAKE_TRAFFIC_SECRET 80fcb1e4b8c9ef62b39e604acb6d8b944285985fc309db91135be32e15cac6ef d35cb0d2757a415f1528f6fe7ef3b2acad3654ae5362f8b127566f5ee7d6ecea
SERVER_HANDSHAKE_TRAFFIC_SECRET 80fcb1e4b8c9ef62b39e604acb6d8b944285985fc309db91135be32e15cac6ef 83bf3c5e8fcea78ca1ceeb63580acbdc7fc27db4490bcf47d36572026e8f5321
CLIENT_TRAFFIC_SECRET_0 80fcb1e4b8c9ef62b39e604acb6d8b944285985fc309db91135be32e15cac6ef 373fae48a0aa4e862d3da725b0b47c1dbd9a93ea668111bbfdff8641438f3c88
SERVER_TRAFFIC_SECRET_0 80fcb1e4b8c9ef62b39e604acb6d8b944285985fc309db91135be32e15cac6ef 18669ce828ed2df04f452fe0183a4148a206614f6da5e5d80525bdf3795e1e67
CLIENT_HANDSHAKE_TRAFFIC_SECRET b6b18fc62e8817ff1c14f518d06c0e6bcd0809cdf8d94e618927d81bf7d466f5 7aa849146bd7df3c33bde62bc492136df4728e10eb3d5e59e656aab1fda8ec86
SERVER_HANDSHAKE_TRAFFIC_SECRET b6b18fc62e8817ff1c14f518d06c0e6bcd0809cdf8d94e618927d81bf7d466f5 75c2b0323ffc701b74abc2c4af8da6112082e83a0eaf294f1974a3211f77fe76
CLIENT_TRAFFIC_SECRET_0 b6b18fc62e8817ff1c14f518d06c0e6bcd0809cdf8d94e618927d81bf7d466f5 fd75aa50c6eaebf7135bf9be166fedc1928e50f7ec09b77d4e4ac04befd4a053
SERVER_TRAFFIC_SECRET_0 b6b18fc62e8817ff1c14f518d06c0e6bcd0809cdf8d94e618927d81bf7d466f5 7fa5d656c4fee7ea3c1a5917685cfdbabfd7e8551459056483633902cec05c0e
CLIENT_HANDSHAKE_TRAFFIC_SECRET 06b39fd8daee98c0010529853e712a5d06facf49f6122768f87d12de91ab2f3b ec1601bd118fd151c012aad0410b28bd8965c4bcd2cb827375a4559e302ead38
SERVER_HANDSHAKE_TRAFFIC_SECRET 06b39fd8daee98c0010529853e712a5d06facf49f6122768f87d12de91ab2f3b b34b94a64a572b8af8effd78bec0d8bf45cb9f959089abc5df8ada993eb82459
CLIENT_TRAFFIC_SECRET_0 06b39fd8daee98c0010529853e712a5d06facf49f6122768f87d12de91ab2f3b 97507234f1d5731ee4c66a9d678b9609d67c7320147fa5b8bf407bb76a4bc8ba
SERVER_TRAFFIC_SECRET_0 06b39fd8daee98c0010529853e712a5d06facf49f6122768f87d12de91ab2f3b cf1e6832b066c4e5aa0a0fbe6868b4003410246eb676207d8fbc7742a16ef226
CLIENT_HANDSHAKE_TRAFFIC_SECRET ecdf4003358a4adf6c20ee9b630ee733d7d51b738e03cd3033c33812acfc6fc9 4e65dbe7c67cd7b44415d40ab665bc4fe2e1812cf4a25deeeb5d4697537b9053
SERVER_HANDSHAKE_TRAFFIC_SECRET ecdf4003358a4adf6c20ee9b630ee733d7d51b738e03cd3033c33812acfc6fc9 e445b316ecd9b34495addda76185f816ea76eeb81221448505cf319e989a2c05
CLIENT_TRAFFIC_SECRET_0 ecdf4003358a4adf6c20ee9b630ee733d7d51b738e03cd3033c33812acfc6fc9 13a689782620a5244db78179ebe33be9c044157d7ac043361c3c42d8dd5e16dd
SERVER_TRAFFIC_SECRET_0 ecdf4003358a4adf6c20ee9b630ee733d7d51b738e03cd3033c33812acfc6fc9 9b0753e1097df53053e6a6d86d0da4780ced32b2b4c080a6c111ad24b8ecb736
CLIENT_HANDSHAKE_TRAFFIC_SECRET 3d59aa82417f1364ba3db8c3869f8b66a74f04dda7b26abeb383b06adf2fe135 d9e42f6aff74d92ff8d243c9663e19cdf28bc225d9796f1b98eebdcc2f174bcf
SERVER_HANDSHAKE_TRAFFIC_SECRET 3d59aa82417f1364ba3db8c3869f8b66a74f04dda7b26abeb383b06adf2fe135 61a4325191f79674bd1553fea931317b1c18a0c013a92dddd20abac9a49d0c46
CLIENT_TRAFFIC_SECRET_0 3d59aa82417f1364ba3db8c3869f8b66a74f04dda7b26abeb383b06adf2fe135 8d306b790835e9cc40407fad926e9fcffa36ee81546c8fc25a646dd68af42ab9
SERVER_TRAFFIC_SECRET_0 3d59aa82417f1364ba3db8c3869f8b66a74f04dda7b26abeb383b06adf2fe135 d0f0b5d2b884f9a6d7e526945e7e8a8b7ef5d64894b2709d5854c0e7cd92cf62
CLIENT_HANDSHAKE_TRAFFIC_SECRET ddfec0f1feb2302922604f3d182ca7db4c1f5e5305ca727a7a8e878ccd366d50 e41dd7d003b0e1d0689314115179d59094d4942868ab44cd2df9ef7a5e5ec6ff
SERVER_HANDSHAKE_TRAFFIC_SECRET ddfec0f1feb2302922604f3d182ca7db4c1f5e5305ca727a7a8e878ccd366d50 dbe997b33c317c7a8ed799d3a6682d0a0515b632fa0141b0d5cc82a4517ea33b
CLIENT_TRAFFIC_SECRET_0 ddfec0f1feb2302922604f3d182ca7db4c1f5e5305ca727a7a8e878ccd366d50 ebab0991c5a2beac88e41eee95b783b73f2b8c1a3f4af6fb096ad6fa11e5c041
SERVER_TRAFFIC_SECRET_0 ddfec0f1feb2302922604f3d182ca7db4c1f5e5305ca727a7a8e878ccd366d50 a64b20f155b40155e4ec651d7ae6ce7e66dc79bea159829a265ffcb91eb36804
CLIENT_HANDSHAKE_TRAFFIC_SECRET 82d3e20377f9648a9d20ee581d38f50e74d12345dee3cf5acfde4ce82cb9d28a d20fd84075ea57fb3a5468e0b17b9a4f22ed813f0730585e9ecf9a95f7dc2e27
SERVER_HANDSHAKE_TRAFFIC_SECRET 82d3e20377f9648a9d20ee581d38f50e74d12345dee3cf5acfde4ce82cb9d28a aeb1a9007acd50d7e37b093f1733fc775065b5a46338ab3bfaf0caa30c36b74a
CLIENT_TRAFFIC_SECRET_0 82d3e20377f9648a9d20ee581d38f50e74d12345dee3cf5acfde4ce82cb9d28a ebc21b21d0cebf1e4b531950316ec3f3aa98629b1bdb696fb7c02aab3fe6c0a6
SERVER_TRAFFIC_SECRET_0 82d3e20377f9648a9d20ee581d38f50e74d12345dee3cf5acfde4ce82cb9d28a ea1fe955ce1e99f2e0ddac87b8511df923b4ae019a03f785bfc5afeaf1a8edd6
CLIENT_HANDSHAKE_TRAFFIC_SECRET 7c3978b7245983a284aca974e367b03402872da05bcc655ce259d60e378aaef8 d61b523538e3b1673353a5fd16d43063226fc12506f7260c8b6ec7846216af2e
SERVER_HANDSHAKE_TRAFFIC_SECRET 7c3978b7245983a284aca974e367b03402872da05bcc655ce259d60e378aaef8 9a6ae797a1e151a53542e16b54a193381c501cce3bd7b431c58ecd754e139bf9
CLIENT_TRAFFIC_SECRET_0 7c3978b7245983a284aca974e367b03402872da05bcc655ce259d60e378aaef8 e64c6a933617c32ba24be20a9db2d4f1989848070409139a632b2ae0a2a2fae0
SERVER_TRAFFIC_SECRET_0 7c3978b7245983a284aca974e367b03402872da05bcc655ce259d60e378aaef8 63d04581bee9890220b935638bf9c1b208b1aa49709c1be42ecdaf1f14d40740
CLIENT_HANDSHAKE_TRAFFIC_SECRET 54d810e0e9ad282f726e46d108570b5efdf8d1756bb15c4de0bdfaee26271564 f609becf01405c4e87defbcda3f657cd2aeba863cb878725efb804177714ae9a
SERVER_HANDSHAKE_TRAFFIC_SECRET 54d810e0e9ad282f726e46d108570b5efdf8d1756bb15c4de0bdfaee26271564 03f4c25ff14b5588f12a0436dc2cd66c10daf5c90cef583743f1d71c59072e9c
CLIENT_TRAFFIC_SECRET_0 54d810e0e9ad282f726e46d108570b5efdf8d1756bb15c4de0bdfaee26271564 799ff4181c7f0b7f2f9bca7b08678146ad6fac14ffb5c2552215addb9f395fa0
SERVER_TRAFFIC_SECRET_0 54d810e0e9ad282f726e46d108570b5efdf8d1756bb15c4de0bdfaee26271564 e684bec3c31263233a8ded5976dc5978adf3d8eb1896b2c6a7da779a774fd352
CLIENT_HANDSHAKE_TRAFFIC_SECRET 4e0b26ed54806548275f441989e15cd0b6609459520fafdb118ac577add31bbf 0d93028ad39d32f2eb68dcb8d3b42798663c8d83c866990b0e3c498149876cc8
SERVER_HANDSHAKE_TRAFFIC_SECRET 4e0b26ed54806548275f441989e15cd0b6609459520fafdb118ac577add31bbf 69cc33c871edc7d3765bec0703f3f89904b8ff19a9b218dadf737e3313a1196d
CLIENT_TRAFFIC_SECRET_0 4e0b26ed54806548275f441989e15cd0b6609459520fafdb118ac577add31bbf 7d132eadebad7f03adb76e2bbb1e52c772639b7b02c544a77e3c79f0cd409bcc
SERVER_TRAFFIC_SECRET_0 4e0b26ed54806548275f441989e15cd0b6609459520fafdb118ac577add31bbf 29107c3de9ef38c20b699a1b75caf393e34fb975816b54cead619d1b739f981a
CLIENT_HANDSHAKE_TRAFFIC_SECRET d383e7d94882c228d09286573c31229b0f7b2ffe051b7d7f1412bd4f9b817ff4 71082111cdf8fb84d64af7993da029be81c2cba0a5c34f4d45f5dea3d75baeee
SERVER_HANDSHAKE_TRAFFIC_SECRET d383e7d94882c228d09286573c31229b0f7b2ffe051b7d7f1412bd4f9b817ff4 c2456f61c0b16d8f20c6fe1dcdff8b60e57d22862fe3454c7afcbe580c34290f
CLIENT_TRAFFIC_SECRET_0 d383e7d94882c228d09286573c31229b0f7b2ffe051b7d7f1412bd4f9b817ff4 0e0d1ba5b06ea975a9f504c69d7fe005dd9029d17646557bf241db83152b76ce
SERVER_TRAFFIC_SECRET_0 d383e7d94882c228d09286573c31229b0f7b2ffe051b7d7f1412bd4f9b817ff4 20c204185b2ed5b3fadc004e5e88336679b84cd0a1cafad8dd9779891172a9f2
CLIENT_HANDSHAKE_TRAFFIC_SECRET 8d34291757474929ad5dfc56ddf269c92e52646c8796a4851d998f6765e08d6b 5b7e28ddd47ca0ca6760f34d4addecb80b494e0f36b16e296894491fdba0ca9a
SERVER_HANDSHAKE_TRAFFIC_SECRET 8d34291757474929ad5dfc56ddf269c92e52646c8796a4851d998f6765e08d6b 4c0c4e3c3529d1e5d7955c52fc4032899df829a7639b1f0b529347e0b5d8e122
CLIENT_TRAFFIC_SECRET_0 8d34291757474929ad5dfc56ddf269c92e52646c8796a4851d998f6765e08d6b 9104edc06c55084b28cfe59aa46d4a8a607e2a5dd8c7b8fcc150e7646f01fbbf
SERVER_TRAFFIC_SECRET_0 8d34291757474929ad5dfc56ddf269c92e52646c8796a4851d998f6765e08d6b d6f08e18f72579079b669b202c1ed4a22757e703e9d57ce3c15eadcc5100a350
CLIENT_HANDSHAKE_TRAFFIC_SECRET e62d07d133dbbf051fb37c69468a3b8b3ea25d4813e1053d910faf3dd362f89b d15b2ef35752473bdaba83f7c5e271dab44ea30646c39c27c3ed091081e8d817
SERVER_HANDSHAKE_TRAFFIC_SECRET e62d07d133dbbf051fb37c69468a3b8b3ea25d4813e1053d910faf3dd362f89b 83dc5428814334d46711245a0b76cc06f1a9f23423717c44c0a4d4c5bfd93ff9
CLIENT_TRAFFIC_SECRET_0 e62d07d133dbbf051fb37c69468a3b8b3ea25d4813e1053d910faf3dd362f89b 1e010464b83e9fccf313be0c20f19c43dc1604a2ce05a89a3f20a9a609cb0a57
SERVER_TRAFFIC_SECRET_0 e62d07d133dbbf051fb37c69468a3b8b3ea25d4813e1053d910faf3dd362f89b e2326b20f1c18e0489fdd858af6f08d249c5e28a6b9ba754cec9470e7d656ca7
CLIENT_HANDSHAKE_TRAFFIC_SECRET 3a9643b259286d16af7bb17b4e1cb949b97af837208ac38dee472eb11ad3db05 20f2553cd533e022b8cc2ce3a04b47af3a31127e188bebb21e632e3403093e4c
SERVER_HANDSHAKE_TRAFFIC_SECRET 3a9643b259286d16af7bb17b4e1cb949b97af837208ac38dee472eb11ad3db05 f92d4cde58e7a54bbedb1242e9543584183fa5c6868d9a463548faf9b76193ed
CLIENT_TRAFFIC_SECRET_0 3a9643b259286d16af7bb17b4e1cb949b97af837208ac38dee472eb11ad3db05 9edf2a4f733ce141d1c4dfca69afb39ff5e14da86f7d5506012b59aa251016f7
SERVER_TRAFFIC_SECRET_0 3a9643b259286d16af7bb17b4e1cb949b97af837208ac38dee472eb11ad3db05 cc1f096e7a9a788a849ffbb4c9a457b77a0722e1ffc1aec8433e0562cec16ace
CLIENT_HANDSHAKE_TRAFFIC_SECRET 555b1100d5ac4e7e47f2ecf58d3d89465ccaef0da8ac4a3e9fee896346c5ee27 53085fd28085984f45532077b245e1538cea54210548c60a85cead87af9d97f7
SERVER_HANDSHAKE_TRAFFIC_SECRET 555b1100d5ac4e7e47f2ecf58d3d89465ccaef0da8ac4a3e9fee896346c5ee27 2ff45784bbdee1c6ebd73ede5218f33245e16ef87072919a6d2404609c8a0005
CLIENT_TRAFFIC_SECRET_0 555b1100d5ac4e7e47f2ecf58d3d89465ccaef0da8ac4a3e9fee896346c5ee27 33185480a0ec9cf136c6646761dd49bdf0b83014e9327eff4da4f5d7c00ae7cc
SERVER_TRAFFIC_SECRET_0 555b1100d5ac4e7e47f2ecf58d3d89465ccaef0da8ac4a3e9fee896346c5ee27 a92258023d24003e9f3d7f4ec25d5f0ec7d8cb8f7fae12b0ed0be20978d0eabc
CLIENT_HANDSHAKE_TRAFFIC_SECRET 810b4c0631b2587b915fa192a7dbc532789b5385cb7e987e07cf9832733d108a c51af720be399af46c5c6163dc7e31641a7c8fdd6e95cc8b8def096c8de30e5e
SERVER_HANDSHAKE_TRAFFIC_SECRET 810b4c0631b2587b915fa192a7dbc532789b5385cb7e987e07cf9832733d108a 0982334d4f8250bf680bb1a502153f028202e768d0fd88f20e4a72df401a0639
CLIENT_TRAFFIC_SECRET_0 810b4c0631b2587b915fa192a7dbc532789b5385cb7e987e07cf9832733d108a ae99986759c86152a54551e42a374cff53e16b446cefb064932590da08d56b78
SERVER_TRAFFIC_SECRET_0 810b4c0631b2587b915fa192a7dbc532789b5385cb7e987e07cf9832733d108a bc7816cbebad434b33337ed1b263c08e54a617ad63cba46746fb912c4ca1fc85
CLIENT_HANDSHAKE_TRAFFIC_SECRET 735cb7e04c177e0f66f081f1963396561831206f379cb6ab140db9c547f3644c 94f07d0d4560936ff3c209be0267b84857affa8a10cc790cd0de3d2b53a3a6f7
SERVER_HANDSHAKE_TRAFFIC_SECRET 735cb7e04c177e0f66f081f1963396561831206f379cb6ab140db9c547f3644c e49e166210a4cf778375567af29734761332f040dfb87dd157f77a70a9ee6db6
CLIENT_TRAFFIC_SECRET_0 735cb7e04c177e0f66f081f1963396561831206f379cb6ab140db9c547f3644c e7fb07c8df4bb11ac03b9f330336f359ae925a6b0ae6fb78e4d8790594bcf66d
SERVER_TRAFFIC_SECRET_0 735cb7e04c177e0f66f081f1963396561831206f379cb6ab140db9c547f3644c 959e17bf12229661c76ab37cdbd999d73c82541f9a7e34377bfd2781e5499be3
CLIENT_HANDSHAKE_TRAFFIC_SECRET 5d9cea733ce3a539474d36f3e9210467bcc8a7e4adb87e63bf22df84d327e755 9f91e910fa271385307f453417d498a83bc180954da383abf19da8ecaa8b1aa4
SERVER_HANDSHAKE_TRAFFIC_SECRET 5d9cea733ce3a539474d36f3e9210467bcc8a7e4adb87e63bf22df84d327e755 f4dad3a2eee521f5dc20edc4892f158a52626f64b3ce9e0af924e143df1a338c
CLIENT_TRAFFIC_SECRET_0 5d9cea733ce3a539474d36f3e9210467bcc8a7e4adb87e63bf22df84d327e755 71aaecb60550d97dc4e15a3917934b93a33fb791e4cf01cec2300f6d68fd13e0
SERVER_TRAFFIC_SECRET_0 5d9cea733ce3a539474d36f3e9210467bcc8a7e4adb87e63bf22df84d327e755 899396743c325af29676bb77f4998e871f1ea7d64e3b137d073c8caee8811df5
CLIENT_HANDSHAKE_TRAFFIC_SECRET ba542f72c058d5cc0a9b8c47e107fe1b11d35126f5b9a1edafbe28f7155c92c8 1f707af84f9de5472b878a1da68069bdecdf86638de878df11eb94c30d0297c0
SERVER_HANDSHAKE_TRAFFIC_SECRET ba542f72c058d5cc0a9b8c47e107fe1b11d35126f5b9a1edafbe28f7155c92c8 7b9e74f8b1321cd6ac479a8892a8ac44da5c93eedc1bb6fa32c7212cc8a512a1
CLIENT_TRAFFIC_SECRET_0 ba542f72c058d5cc0a9b8c47e107fe1b11d35126f5b9a1edafbe28f7155c92c8 456809050db477ebd02808ffdf5e63cd37d2b755e0033c9c9b638bd5b641cb4d
SERVER_TRAFFIC_SECRET_0 ba542f72c058d5cc0a9b8c47e107fe1b11d35126f5b9a1edafbe28f7155c92c8 32fff0801983c0943d7b2a547f36a54822d43a9e1f3510c8f3650ef0140629f2
CLIENT_HANDSHAKE_TRAFFIC_SECRET bc0b7441d4511375ff6c44cffdde76eaa04adea97287a2299dd16033d3ef2a45 904d7d8b0b5f4d2bebc7c143fd2acf8ebfcd15566b5afae88917caf895e60f63
SERVER_HANDSHAKE_TRAFFIC_SECRET bc0b7441d4511375ff6c44cffdde76eaa04adea97287a2299dd16033d3ef2a45 50e8ce7d6fcfc8328e8035b6ed040c9448aae57e3ac35d885a673b8f5c3c8ac5
CLIENT_TRAFFIC_SECRET_0 bc0b7441d4511375ff6c44cffdde76eaa04adea97287a2299dd16033d3ef2a45 881ea88eeb8d90a65b8fd95e63bfe5306bbcdf6389b7b8c5434e91ceb608586c
SERVER_TRAFFIC_SECRET_0 bc0b7441d4511375ff6c44cffdde76eaa04adea97287a2299dd16033d3ef2a45 fbf0b17f30707cc935c3e07f9caa95bf77b4a1fcfec75e7a0d8afe418bb3487c
CLIENT_HANDSHAKE_TRAFFIC_SECRET 26588c9607ff473dd586b5668acd12b99570e44f6067992a908136c04b20cf7f cae9b41b5a770ad643dad31ee58060568e57935945dbfc84877d73627ce3d048
SERVER_HANDSHAKE_TRAFFIC_SECRET 26588c9607ff473dd586b5668acd12b99570e44f6067992a908136c04b20cf7f 2070be6bb380b222bd85a7027c88700945293f535c0fa4026b811b42ccb53408
CLIENT_TRAFFIC_SECRET_0 26588c9607ff473dd586b5668acd12b99570e44f6067992a908136c04b20cf7f b7478184114d53717fe6897e9e518a24094ad40c79b0c14560f3bf60c6c1f154
SERVER_TRAFFIC_SECRET_0 26588c9607ff473dd586b5668acd12b99570e44f6067992a908136c04b20cf7f 936024fb3509ec4813b6226e48edf50b2326330b246805ed3773f33f0ee8e7b1
CLIENT_HANDSHAKE_TRAFFIC_SECRET a26d50a3cd4289e0261effd4a50a21bb627c937d20bc14b539cf419636220d01 c18a2a59e23310f72d9e0d06598f703e534bb30c7445caf148d00b3040f101ef
SERVER_HANDSHAKE_TRAFFIC_SECRET a26d50a3cd4289e0261effd4a50a21bb627c937d20bc14b539cf419636220d01 76fc37d6308304b4d626854a146f1427e6567e8a453c3b375bad46b510a3836a
CLIENT_TRAFFIC_SECRET_0 a26d50a3cd4289e0261effd4a50a21bb627c937d20bc14b539cf419636220d01 aec083ff58da4ca7d4b63727b49f63b3e4b9741af10c8b05985f1b33940c6fde
SERVER_TRAFFIC_SECRET_0 a26d50a3cd4289e0261effd4a50a21bb627c937d20bc14b539cf419636220d01 81d66433d886413a3f3935cbe2b7ad78c60260466b3a4bf1065310895562e1e1
CLIENT_HANDSHAKE_TRAFFIC_SECRET 8426a6e092c47708cb602db83f8ecb6a54eb75e1e13aec7e3b088071341e0184 1a7beda1df6f240d14283514dde4d06f2f3da2a8f9da2c059c9c41dfc14656f7
SERVER_HANDSHAKE_TRAFFIC_SECRET 8426a6e092c47708cb602db83f8ecb6a54eb75e1e13aec7e3b088071341e0184 bc054d71235ba0fbc992067a772fa9e0d088a0ec5eaa6b0adcffc731ad046753
CLIENT_TRAFFIC_SECRET_0 8426a6e092c47708cb602db83f8ecb6a54eb75e1e13aec7e3b088071341e0184 4bdbc1811e38e97ce9c92d93a1afd6f066bfcd64ec58bfb91e3755feb3fcd75f
SERVER_TRAFFIC_SECRET_0 8426a6e092c47708cb602db83f8ecb6a54eb75e1e13aec7e3b088071341e0184 e2fbfbcc6b06d4787d23dbcc12cc9eb7ec0798716d85f7290b8e80d35a29eb94
CLIENT_HANDSHAKE_TRAFFIC_SECRET f82fd6d46d9dd19a1995078544d723122576dbfd92cb61834c29f241749f4d0f 7406763054f4963f8e8b3c27448897a136a82a50ddfc73b1aa08a4b4cf3771be
SERVER_HANDSHAKE_TRAFFIC_SECRET f82fd6d46d9dd19a1995078544d723122576dbfd92cb61834c29f241749f4d0f ce01fb5ec90b27df86e30e21c13d954cc336fbf7c57724837216b31feb08b468
CLIENT_TRAFFIC_SECRET_0 f82fd6d46d9dd19a1995078544d723122576dbfd92cb61834c29f241749f4d0f faebd26947a61212c96dacd534e3dab56f537ab5032e12bc959a7fe6ae1f18db
SERVER_TRAFFIC_SECRET_0 f82fd6d46d9dd19a1995078544d723122576dbfd92cb61834c29f241749f4d0f 10171945412e7afb248573e415e631641ccb565057a9f08adf3dfae718a5b4d5
CLIENT_HANDSHAKE_TRAFFIC_SECRET 2b0123dcfce90dccd50b17109c2f832b5a5461380337b67125572df3fb636a01 1dfce7edfa144c23acf08ef4ee431593175d06877c43b6714fbdbb39608b0a33
SERVER_HANDSHAKE_TRAFFIC_SECRET 2b0123dcfce90dccd50b17109c2f832b5a5461380337b67125572df3fb636a01 c13066248235374fae8011b94938b2435f550d9a9c4345b2fd2a5095c7da35a2
CLIENT_TRAFFIC_SECRET_0 2b0123dcfce90dccd50b17109c2f832b5a5461380337b67125572df3fb636a01 deda2da3d9f3812c394515177ebcd3ba2bcd151169061f6c501b13785394227e
SERVER_TRAFFIC_SECRET_0 2b0123dcfce90dccd50b17109c2f832b5a5461380337b67125572df3fb636a01 816b055f889d5ad87816238b36f83d68241c0c202028ca1739fe4978b15285a7
CLIENT_HANDSHAKE_TRAFFIC_SECRET 5d85340e74a0e61d0fe27f91995202c21265789bd6edd0fecf186ab2ac68bbc5 7f8e7543c6693d99f8b4650f142b633669e830290bc4c1820cfae7f5dd26cc7c
SERVER_HANDSHAKE_TRAFFIC_SECRET 5d85340e74a0e61d0fe27f91995202c21265789bd6edd0fecf186ab2ac68bbc5 46e0b8406f48a74a767f0b2dcdbf5811d43876071c14c273abe11553e2a230ce
CLIENT_TRAFFIC_SECRET_0 5d85340e74a0e61d0fe27f91995202c21265789bd6edd0fecf186ab2ac68bbc5 7143f3fc6483d08bc6347c0e0ca9b1cdf293dcebfdc3eeb28fef6f8488cd781f
SERVER_TRAFFIC_SECRET_0 5d85340e74a0e61d0fe27f91995202c21265789bd6edd0fecf186ab2ac68bbc5 fee9bfdf4e1b0aafc051b359ae622d163e73c488a1ab0df2566963082b14540c
CLIENT_HANDSHAKE_TRAFFIC_SECRET 7ad03c0370d19ad3a8d43b6faddbc6b8a77008a56191c7fe3ca921933d651ec7 638b19acb86cee8d8a812ca886c9e14bf084756ec64f94e8ef13c2f6be57401b
SERVER_HANDSHAKE_TRAFFIC_SECRET 7ad03c0370d19ad3a8d43b6faddbc6b8a77008a56191c7fe3ca921933d651ec7 64228555f8520445d67cddf558ea7c9fdb83c65908bab8500b5a732e9b5dab90
CLIENT_TRAFFIC_SECRET_0 7ad03c0370d19ad3a8d43b6faddbc6b8a77008a56191c7fe3ca921933d651ec7 f3575a5cb3fb70a90853b9fed187eb697080bc11231b175566e547e5c584d435
SERVER_TRAFFIC_SECRET_0 7ad03c0370d19ad3a8d43b6faddbc6b8a77008a56191c7fe3ca921933d651ec7 0b56a76af25cad8a60664ad2984131fe4bea6daa65d77280622c4bbc8aab7826
CLIENT_HANDSHAKE_TRAFFIC_SECRET fe44f053873510ae46c062d02cc4fb9c6608c4bee6176449649ba17db1ccacd9 5588b04e7f8a2ead83993e15e63370d7704147efdf26f50aab50e3843216a2d5
SERVER_HANDSHAKE_TRAFFIC_SECRET fe44f053873510ae46c062d02cc4fb9c6608c4bee6176449649ba17db1ccacd9 fc5341b22196c219d1867d6c4e3352485260611846bc94af10b8df6c72c9de76
CLIENT_TRAFFIC_SECRET_0 fe44f053873510ae46c062d02cc4fb9c6608c4bee6176449649ba17db1ccacd9 9bf733bafff540218e69ecdbd86ed3a33cd5f7f3460b6c2787a4b2a47ddaef07
SERVER_TRAFFIC_SECRET_0 fe44f053873510ae46c062d02cc4fb9c6608c4bee6176449649ba17db1ccacd9 d78a1d0964d2593ef55e9911acf6379bb4988a8126ad3a2e4e405ca3f5c3bc4b
CLIENT_HANDSHAKE_TRAFFIC_SECRET 5c57789460bf99223452f47b850abe8383d65d8b7e58e2eebeccd4d0666114fb 880d8d53e9e3785e81f1c3d0e69a0516c877de2c74c1e9234483927a08f42011
SERVER_HANDSHAKE_TRAFFIC_SECRET 5c57789460bf99223452f47b850abe8383d65d8b7e58e2eebeccd4d0666114fb 96a7bcaff4bcedbabb1a0fb12c79454ec35cfd4231961f9f2c15fc240aae89f7
CLIENT_TRAFFIC_SECRET_0 5c57789460bf99223452f47b850abe8383d65d8b7e58e2eebeccd4d0666114fb 63e958f2b797358f48008a3337c258fb645e8135eebaf301316553734009f94a
SERVER_TRAFFIC_SECRET_0 5c57789460bf99223452f47b850abe8383d65d8b7e58e2eebeccd4d0666114fb a280fefc8d23791ce24dc0ab84e84ba504fc4f959b1409fb5f31420d9d984205
CLIENT_HANDSHAKE_TRAFFIC_SECRET bf1f619e59c2bbd4868d120b6703d650cff00b6beb6b52537bcad4c9e22c8d6a 05afa28ff63039f14b6435a1f0b78c4e186da32168f00ec502f1d05fedf5aaad
SERVER_HANDSHAKE_TRAFFIC_SECRET bf1f619e59c2bbd4868d120b6703d650cff00b6beb6b52537bcad4c9e22c8d6a 07fe704e05f76a5939f8501a9cff43a970e7cd8522c99452cb8657bba706f194
CLIENT_TRAFFIC_SECRET_0 bf1f619e59c2bbd4868d120b6703d650cff00b6beb6b52537bcad4c9e22c8d6a 9844d1564e00939bf64283390176c3772af914e9f8315fe1f1112db8ed148d7e
SERVER_TRAFFIC_SECRET_0 bf1f619e59c2bbd4868d120b6703d650cff00b6beb6b52537bcad4c9e22c8d6a 756830b3ba640a4911aa54228596ef647fce7c6c5b1f1a6f9e6d2141c7d103ab
CLIENT_HANDSHAKE_TRAFFIC_SECRET 8c79f72fe13973d1421870cacc3e069e528c778707529db482f1804493b674d3 0d8e64503f05a22e9cfb4d2834e84f7a2214236409594d9ee026d3fc812eeb8d
SERVER_HANDSHAKE_TRAFFIC_SECRET 8c79f72fe13973d1421870cacc3e069e528c778707529db482f1804493b674d3 970150d40328f6e4b0ac57c3b5607b79efde50698238aaa8c411ba1938738755
CLIENT_TRAFFIC_SECRET_0 8c79f72fe13973d1421870cacc3e069e528c778707529db482f1804493b674d3 e5458706989e25b10cf3bb3c66ca0df7fd2f0da5eca2e616002e385e0966dfc0
SERVER_TRAFFIC_SECRET_0 8c79f72fe13973d1421870cacc3e069e528c778707529db482f1804493b674d3 c6b8c7a3364b18f9503e3fb162c0384aa9ae702ebedfd2186f5150a82f8810b2
CLIENT_HANDSHAKE_TRAFFIC_SECRET c00aeba67f9805bfae7fab46079884b594918e0b496b665e97de2212bfa31eda 4ab993e7a0d4b98cb7d11efa66ce5490a6174f2edd33d05e7c02f10c775b481f
SERVER_HANDSHAKE_TRAFFIC_SECRET c00aeba67f9805bfae7fab46079884b594918e0b496b665e97de2212bfa31eda 549393d56d93bdeba964d07449507da315d45efe5a5b7dd3312f80f02b0ee6f8
CLIENT_TRAFFIC_SECRET_0 c00aeba67f9805bfae7fab46079884b594918e0b496b665e97de2212bfa31eda 3a3f0a5b5301efac56374b6053c71406cc3e3db2fa4b89ee0d6f9e4338ec04df
SERVER_TRAFFIC_SECRET_0 c00aeba67f9805bfae7fab46079884b594918e0b496b665e97de2212bfa31eda b6f562cb9d3462851bc02eab7b4d96b807c859fd405446bdcc254dce270ae553
CLIENT_HANDSHAKE_TRAFFIC_SECRET e92e2ad8d84e1ea280078cc682b0e2dcd904e54ef76bff12f28c3ae8c00538b7 44c13cc778eccc811123adbafb4ce4dea6341a80e75edd2d21e092cb0241fe9b
SERVER_HANDSHAKE_TRAFFIC_SECRET e92e2ad8d84e1ea280078cc682b0e2dcd904e54ef76bff12f28c3ae8c00538b7 b2354296623a3e62fa7cf1baacc345882212f23a32083cff51f80afe8f40dfdb
CLIENT_TRAFFIC_SECRET_0 e92e2ad8d84e1ea280078cc682b0e2dcd904e54ef76bff12f28c3ae8c00538b7 de22f6243f23120e82da5d2b0e600223440403e9d0c77320094a0b1b1552c691
SERVER_TRAFFIC_SECRET_0 e92e2ad8d84e1ea280078cc682b0e2dcd904e54ef76bff12f28c3ae8c00538b7 aac134ee697c30b68bbe3feccbac761aa0e4c13b0bc9a66ee7b3942a87208f73
CLIENT_HANDSHAKE_TRAFFIC_SECRET 8df9cc280a8b6820ec69a7952d11a5c304e6d974e4c277790066d67509994b90 a0e3f748c3c4a7168cfe5d4a8314a4b198393652155e9a98676336a4432ff999
SERVER_HANDSHAKE_TRAFFIC_SECRET 8df9cc280a8b6820ec69a7952d11a5c304e6d974e4c277790066d67509994b90 505feab14d0d964408fa8cee7e84aa95db096eee06164c07b143f13994ef6163
CLIENT_TRAFFIC_SECRET_0 8df9cc280a8b6820ec69a7952d11a5c304e6d974e4c277790066d67509994b90 a8c8d15e4434b3bc222e5ce37bd6b16da8e1e0a8fe3b505c31038f3bf5519d2d
SERVER_TRAFFIC_SECRET_0 8df9cc280a8b6820ec69a7952d11a5c304e6d974e4c277790066d67509994b90 94878e8be38fe846c7574dfcc19ee28b3ad3f9dedb332ccdfc43847beec9408c
CLIENT_HANDSHAKE_TRAFFIC_SECRET 7884e02490369007d94751655f9c07a7a40b04c2b5d907b26162e8db41799791 64f016a9ab8217c7e98c35ae094952a8861375cde831ecb19f3e7e009571bbad
SERVER_HANDSHAKE_TRAFFIC_SECRET 7884e02490369007d94751655f9c07a7a40b04c2b5d907b26162e8db41799791 659788142c18e3937cde71f640af19cceb8e8ac169b2ed58184f2f12b4a8858b
CLIENT_TRAFFIC_SECRET_0 7884e02490369007d94751655f9c07a7a40b04c2b5d907b26162e8db41799791 aaa17dc5fd3ecfeb1e9ebe59d0edc69def6203ac24a7993c0a569d26c5cc7a49
SERVER_TRAFFIC_SECRET_0 7884e02490369007d94751655f9c07a7a40b04c2b5d907b26162e8db41799791 acbeed653a2dd792089f896a86562adad5e0b3ef07009f64cfb16292abe3e860
CLIENT_HANDSHAKE_TRAFFIC_SECRET abebad2c9c6ebc1a9e2ec19a086a4210b571021f74aea86ee5413d650311f871 ca3d7f9107f92b77624d6ffb407cbf0f5ce704d18c07cfb8e134a0111c58ef96
SERVER_HANDSHAKE_TRAFFIC_SECRET abebad2c9c6ebc1a9e2ec19a086a4210b571021f74aea86ee5413d650311f871 bcebc1aa09ff57f687ff1ef22546b0e73a6841e5c962e4ed50df249ff814c961
CLIENT_TRAFFIC_SECRET_0 abebad2c9c6ebc1a9e2ec19a086a4210b571021f74aea86ee5413d650311f871 f64d95f3a4099c63250e8692a59e7c2bc44cfd4783e3e78804d4562793217129
SERVER_TRAFFIC_SECRET_0 abebad2c9c6ebc1a9e2ec19a086a4210b571021f74aea86ee5413d650311f871 70766bf04115194552f2165d8272641e4e276df971de6c860ddd20a68d7d8dcd
CLIENT_HANDSHAKE_TRAFFIC_SECRET dbbaea58d361ea5457fa52934db7a70a50226b2981fb1be562c204a20791f28e ad9807f63b2502a64ab82a7ec86163294c963dff50e026a764d4b6df8f843382
SERVER_HANDSHAKE_TRAFFIC_SECRET dbbaea58d361ea5457fa52934db7a70a50226b2981fb1be562c204a20791f28e 0eadfcdaea90e266554a045cbb6c3013047016ab57e4610b4b22fb2d13df6ee6
CLIENT_TRAFFIC_SECRET_0 dbbaea58d361ea5457fa52934db7a70a50226b2981fb1be562c204a20791f28e 3b87aefa35f98cb0a24314d45298576c38f74a1ffde205466e9f35ce4752aaef
SERVER_TRAFFIC_SECRET_0 dbbaea58d361ea5457fa52934db7a70a50226b2981fb1be562c204a20791f28e 777bf8ed6dacc28f6dd8ae29d01beab97720abce8119d6c4db71ca5a98786180
CLIENT_HANDSHAKE_TRAFFIC_SECRET 7af86d70d0be796a2e73834615d461a876286b4a171ccefcb91697ce879af2ba abf3dab8d91e0cb37287c764466fc97ea5cb829e1f73092e002d2dd55415d88d
SERVER_HANDSHAKE_TRAFFIC_SECRET 7af86d70d0be796a2e73834615d461a876286b4a171ccefcb91697ce879af2ba 1bacf7544beae591621711bee6d05b19fdd82d8a55e9cb3aa037fd6675b625c5
CLIENT_TRAFFIC_SECRET_0 7af86d70d0be796a2e73834615d461a876286b4a171ccefcb91697ce879af2ba a47081b52139df7d8e066fafa370a65dcd80bbbefa762fb0c875285bb6633c86
SERVER_TRAFFIC_SECRET_0 7af86d70d0be796a2e73834615d461a876286b4a171ccefcb91697ce879af2ba f38ed5fd192b091c5bf822fc5fcdca97d4292ced386d03f7ac4866223a3d3b4c
CLIENT_HANDSHAKE_TRAFFIC_SECRET 402f931dd8de9ae95966077099fe9d85c578f5fc3e87280e758c2f0b22f5f3f7 e65a6fcd6ab25b3543cb52d52530583959bbe5a1333c5e7c90eb9e27a2e74bba
SERVER_HANDSHAKE_TRAFFIC_SECRET 402f931dd8de9ae95966077099fe9d85c578f5fc3e87280e758c2f0b22f5f3f7 caa1606b86ad19f6430fc8474e20fddf9538efceebfc5d9d5080c7e29042e393
CLIENT_TRAFFIC_SECRET_0 402f931dd8de9ae95966077099fe9d85c578f5fc3e87280e758c2f0b22f5f3f7 ec79c00280b1caa2c15073197911dbd22574133aaf50ba51405de4bb902082d2
SERVER_TRAFFIC_SECRET_0 402f931dd8de9ae95966077099fe9d85c578f5fc3e87280e758c2f0b22f5f3f7 719a7cbbc53242fb65fa132b56e49c7f7824e175f921b4117860fca75abab9a6
CLIENT_HANDSHAKE_TRAFFIC_SECRET d74b07ee8e260d3e2c6a03d68ea190abec125585b601c0a8584d43ae9679b9c7 c05f707cccb573ca6f0de4696411128e7da0403ca4eb9a8c337ad303441780c0
SERVER_HANDSHAKE_TRAFFIC_SECRET d74b07ee8e260d3e2c6a03d68ea190abec125585b601c0a8584d43ae9679b9c7 92478fa5ae9e296dc7cc6cea3d1897a918ca5f51e5e4789ab19249389967e946
CLIENT_TRAFFIC_SECRET_0 d74b07ee8e260d3e2c6a03d68ea190abec125585b601c0a8584d43ae9679b9c7 0881a17cd5b2c20370bab78196a522ec733c2e7b49c5514dd310ef5de5914aa2
SERVER_TRAFFIC_SECRET_0 d74b07ee8e260d3e2c6a03d68ea190abec125585b601c0a8584d43ae9679b9c7 48531ab4fbafd94fe3f6d283089fc8d5460c3fc659c3cc5eb6c7df367c7708e1
CLIENT_HANDSHAKE_TRAFFIC_SECRET 2596b2cc6b58ad9aafa40ab50768cc34f9627b7268ad82ac4e9cc4fdc1c4d90a e1d1dc9c57f2be383d9217500419743d11941198e37d3bf088ab3937e795e683
SERVER_HANDSHAKE_TRAFFIC_SECRET 2596b2cc6b58ad9aafa40ab50768cc34f9627b7268ad82ac4e9cc4fdc1c4d90a 7e8fd84ec1baa62f50c7f84fafbb2e2332a9e937d344bc5f074416548e9096a3
CLIENT_TRAFFIC_SECRET_0 2596b2cc6b58ad9aafa40ab50768cc34f9627b7268ad82ac4e9cc4fdc1c4d90a 6181cd47aa41a6552439db7a2dc1aadd0e2aca34dd6103242fe0b4ce835ce5c0
SERVER_TRAFFIC_SECRET_0 2596b2cc6b58ad9aafa40ab50768cc34f9627b7268ad82ac4e9cc4fdc1c4d90a 6c8a9c59eeb855c9c7c5266596c9919dda7b9761c4d64f3be85578604f12f775
CLIENT_HANDSHAKE_TRAFFIC_SECRET 093b9fa85b977ebe31aef0b9d2185fb2c848859e08281b5424c71caf3828f200 5e5ce3629d9e23642e98ecdde27f294cccca15c957c77b786829bb9956fa2a2d
SERVER_HANDSHAKE_TRAFFIC_SECRET 093b9fa85b977ebe31aef0b9d2185fb2c848859e08281b5424c71caf3828f200 fe39901618add3499a78d0bdd9d1764eb8ffb01bc8675b44b7705e29444f61f8
CLIENT_TRAFFIC_SECRET_0 093b9fa85b977ebe31aef0b9d2185fb2c848859e08281b5424c71caf3828f200 a0bd19053efff936367250636ebdc2d9ff4c7e781061248f14da5a7d841a691d
SERVER_TRAFFIC_SECRET_0 093b9fa85b977ebe31aef0b9d2185fb2c848859e08281b5424c71caf3828f200 a780f04e85f9b4c6e4f47ee41c9cd6fbce1cfaa2f65d10a70e023c00d5078165
CLIENT_HANDSHAKE_TRAFFIC_SECRET 6e0e7fa5634d5bbdb36db67eaf45f066c38e43dfe1e8c2b90afcd98269d5852e 14b8278fc19b31d20e49fb06a07f7bd8216d3a2b355a9e1c6a590c466d2fa575
SERVER_HANDSHAKE_TRAFFIC_SECRET 6e0e7fa5634d5bbdb36db67eaf45f066c38e43dfe1e8c2b90afcd98269d5852e c6c8dd410d04c7f0680c7a7b03802663f000a9ee5b09171d7a06b12930feaf2c
CLIENT_TRAFFIC_SECRET_0 6e0e7fa5634d5bbdb36db67eaf45f066c38e43dfe1e8c2b90afcd98269d5852e d24dc35598c1c5fd5f24139712ddd01de5c09f957c8eba32b8785ab948e681cf
SERVER_TRAFFIC_SECRET_0 6e0e7fa5634d5bbdb36db67eaf45f066c38e43dfe1e8c2b90afcd98269d5852e e350515e65be5b2e5b6669b6d4ebc6a9d3e0357a9c070d37f8d356927c964dba
CLIENT_HANDSHAKE_TRAFFIC_SECRET c2d3862f5d0b2351c4ae9971bce115450012d2f33d03d3e724a7b8f903dcdb18 de4b8b92acf41a77f3815f49c563ca0c1c9636e9183d362f55c481c25e02c641
SERVER_HANDSHAKE_TRAFFIC_SECRET c2d3862f5d0b2351c4ae9971bce115450012d2f33d03d3e724a7b8f903dcdb18 3d48c6558273691f7d9337e9d0aa5d7e904040c24b1c9294b7b71b42f141ae09
CLIENT_TRAFFIC_SECRET_0 c2d3862f5d0b2351c4ae9971bce115450012d2f33d03d3e724a7b8f903dcdb18 f6e244b3931d286403a47b8019afed1e681d2351f812e76e62fa89b8aff32247
SERVER_TRAFFIC_SECRET_0 c2d3862f5d0b2351c4ae9971bce115450012d2f33d03d3e724a7b8f903dcdb18 cb93f169327352f282ca874112f12dbae044829a37a7ac421e24a2132f72a0d7
CLIENT_HANDSHAKE_TRAFFIC_SECRET 19b233f064d89cdaef0ce4d1b66075150e0575971aaffa178ca292d9d748c1b4 34fbf7df6cf3c74e44a6506454521493cb34416253cff45ca1d5ee3a603baf4f
SERVER_HANDSHAKE_TRAFFIC_SECRET 19b233f064d89cdaef0ce4d1b66075150e0575971aaffa178ca292d9d748c1b4 e34f901cd09354b585e0c52db0a0570f130687069a87dc19d68f5562594a241b
CLIENT_TRAFFIC_SECRET_0 19b233f064d89cdaef0ce4d1b66075150e0575971aaffa178ca292d9d748c1b4 0932828fe99957d7509821192ec25ce0a01edb8085e4943b56cd5386c2ed71b0
SERVER_TRAFFIC_SECRET_0 19b233f064d89cdaef0ce4d1b66075150e0575971aaffa178ca292d9d748c1b4 26bc1d0a64eb423bf6de27a1605d6000b5424e75769df3df664a1148327ba728
CLIENT_HANDSHAKE_TRAFFIC_SECRET 1fedc0bf1f2820e39acfa5269e886eda847d202074a64507ebeeeb2eb0fc3f54 4c44e3bce9c66c0510c5978203d509e0457e51919260daf60924e6831b7e31eb
SERVER_HANDSHAKE_TRAFFIC_SECRET 1fedc0bf1f2820e39acfa5269e886eda847d202074a64507ebeeeb2eb0fc3f54 6839bd237eb9d811b666f99729b094b857b563c953e33b65259d34f0315566b0
CLIENT_TRAFFIC_SECRET_0 1fedc0bf1f2820e39acfa5269e886eda847d202074a64507ebeeeb2eb0fc3f54 164d4d643c323a75d3055d74b853d7a5faa0e69244331f158d7ea8063fee8922
SERVER_TRAFFIC_SECRET_0 1fedc0bf1f2820e39acfa5269e886eda847d202074a64507ebeeeb2eb0fc3f54 aa47f9bb659802f7584febf193177ebfbae38bce5bd1f25c6d1ceb46b9972867
CLIENT_HANDSHAKE_TRAFFIC_SECRET 1cf1ef6cfe29e896846cd745dcf66b70f6985150085226d481a19ce562f97885 8a36f7a43c11f21d3f3a686cefcf9b555455bafb93ab8f097f92906fcf62d146
SERVER_HANDSHAKE_TRAFFIC_SECRET 1cf1ef6cfe29e896846cd745dcf66b70f6985150085226d481a19ce562f97885 a60cb26dd9ba9206043e4c8deb114128e532e2f1c2718718ea413ffa6412a883
CLIENT_TRAFFIC_SECRET_0 1cf1ef6cfe29e896846cd745dcf66b70f6985150085226d481a19ce562f97885 202c933d88755c447ad57cb5563194c5a73c70a3bbfe832f779186717c8889cd
SERVER_TRAFFIC_SECRET_0 1cf1ef6cfe29e896846cd745dcf66b70f6985150085226d481a19ce562f97885 c09a47a6d48a9ba043abbe5e8d386aab066fe702d03e9bfc8c2835d490ad80d7
CLIENT_HANDSHAKE_TRAFFIC_SECRET 31c2be974602e78593c452049d935dfc454f8f9d0a72d43a5680ca11eb119f9e e3750ab6c5e0f4d1213ea6908690dc62e9245ea3d56f08d9c82b7a7d7ba58f87
SERVER_HANDSHAKE_TRAFFIC_SECRET 31c2be974602e78593c452049d935dfc454f8f9d0a72d43a5680ca11eb119f9e 88d1a72092f4bf83799accb2a806b1bd87e4128834892fa551fce91ab9bc186b
CLIENT_TRAFFIC_SECRET_0 31c2be974602e78593c452049d935dfc454f8f9d0a72d43a5680ca11eb119f9e 3f0c8f013e697f7d39ed83a1816144cfd051501fbb5b47fd1bf4387c6eec8f3b
SERVER_TRAFFIC_SECRET_0 31c2be974602e78593c452049d935dfc454f8f9d0a72d43a5680ca11eb119f9e d8bed2968945b57c0c5aa81f1c6b68a8aaff6bfb79ba1d5e37ef6232caaef6bb
CLIENT_HANDSHAKE_TRAFFIC_SECRET 75f5536cdb1a3a8ebaa4b9dbe2b59c88c60cab8666ae08fd32f70980a023023b b39085c8c2d12d189b6317f5879f5e546a5c302c139d7c3f3bd5f582b3d2eb49
SERVER_HANDSHAKE_TRAFFIC_SECRET 75f5536cdb1a3a8ebaa4b9dbe2b59c88c60cab8666ae08fd32f70980a023023b e27cdb2c945ada5a13f2845b32ea56eba202b83683337cdcabaea90ed343d618
CLIENT_TRAFFIC_SECRET_0 75f5536cdb1a3a8ebaa4b9dbe2b59c88c60cab8666ae08fd32f70980a023023b eabdc0c931141204e88033bf70ac5709318b893589b52eeb0f882ef6e84d7ac1
SERVER_TRAFFIC_SECRET_0 75f5536cdb1a3a8ebaa4b9dbe2b59c88c60cab8666ae08fd32f70980a023023b 56ea940e3b2a9ca00aabfd77dec7229a022d165041b8e1bd5d656b6bc47879ee
CLIENT_HANDSHAKE_TRAFFIC_SECRET 7b35ee81d6a44a48d94f97ec58e64125e74cf59f9689e51dc84782e2b48af614 35a5184181e0c3e9afa93ebf6a0151242aa70e88946c49ffda36be0994344db9
SERVER_HANDSHAKE_TRAFFIC_SECRET 7b35ee81d6a44a48d94f97ec58e64125e74cf59f9689e51dc84782e2b48af614 b1a606d0f6b2dc2b2e103fc718bcfa054fb552ec4ec7f81499be9a6377eedd67
CLIENT_TRAFFIC_SECRET_0 7b35ee81d6a44a48d94f97ec58e64125e74cf59f9689e51dc84782e2b48af614 b96ea4dffb85bd1b7ad241b1b815130e619089db671e7025d7a9b8d8c487e2f4
SERVER_TRAFFIC_SECRET_0 7b35ee81d6a44a48d94f97ec58e64125e74cf59f9689e51dc84782e2b48af614 a626b09c1493975be6caec246d5a617d5c00c6a4b5bf4b2c6ba654fd08171b5a
CLIENT_HANDSHAKE_TRAFFIC_SECRET 60161ad430d4d5d6003fec0d71e67d8b14b901ade58fdcd4230cb75903797ca8 d183fcfebf9f2f142ab3b246c99aedda4c94ef7bcbd632f98ebf2ca3be7c355e
SERVER_HANDSHAKE_TRAFFIC_SECRET 60161ad430d4d5d6003fec0d71e67d8b14b901ade58fdcd4230cb75903797ca8 239e6761fa40cbb0f0aac50eaf8d6b6a5fde816cc842defa4bb38c3764ed3966
CLIENT_TRAFFIC_SECRET_0 60161ad430d4d5d6003fec0d71e67d8b14b901ade58fdcd4230cb75903797ca8 8ae7c3a518e200d8af3b7b041b2fd634966db05918f79d2c186c10c7a47372f2
SERVER_TRAFFIC_SECRET_0 60161ad430d4d5d6003fec0d71e67d8b14b901ade58fdcd4230cb75903797ca8 c47b6076ac609a44099bf4a6a42ef0b1ca05b2ffecf692eee58b751672465197
CLIENT_HANDSHAKE_TRAFFIC_SECRET d82a1eb6036980d18fe65b596610ec5cd0de624df33995507e30e56bd41b3f4d 8a8af4755b09ab3f66df29ad2440242c361a8f34efcb4fd95f58db343fc17f58
SERVER_HANDSHAKE_TRAFFIC_SECRET d82a1eb6036980d18fe65b596610ec5cd0de624df33995507e30e56bd41b3f4d 03851aea6dec65961863d47670b11be92e4e992250d55a6bedda8b04dec6d157
CLIENT_TRAFFIC_SECRET_0 d82a1eb6036980d18fe65b596610ec5cd0de624df33995507e30e56bd41b3f4d 1665bed498c1d6d8704e374b94d1f04350a05c4c17f1d2ebe71672a35a5b4849
SERVER_TRAFFIC_SECRET_0 d82a1eb6036980d18fe65b596610ec5cd0de624df33995507e30e56bd41b3f4d 4722bb92105fc027d9c91440871b6ae93d1f793ba617c963a6ea090e94f0c5ba
CLIENT_HANDSHAKE_TRAFFIC_SECRET c121621e05e0e1dc769fa05b9312a3256dc707e129da905e662b51a932acabe6 99f7fde8452a5482583bde40d9db8eb843890922ba4d3066ecc7c88135afd1cc
SERVER_HANDSHAKE_TRAFFIC_SECRET c121621e05e0e1dc769fa05b9312a3256dc707e129da905e662b51a932acabe6 bc47d474c113ede2d6084fe22e9c33b6ec2af5bbeb58b07e5ba2c73ea8de0e1e
CLIENT_TRAFFIC_SECRET_0 c121621e05e0e1dc769fa05b9312a3256dc707e129da905e662b51a932acabe6 2b5b54c6f73e0597503f8e52e75ea5839c31f6a0de920ce24a9532e81319ef9a
SERVER_TRAFFIC_SECRET_0 c121621e05e0e1dc769fa05b9312a3256dc707e129da905e662b51a932acabe6 fd3010756d6ea83e7624d45ae5f46aa850f3e30f14965e3de321398d2c988c1c
CLIENT_HANDSHAKE_TRAFFIC_SECRET 91c9c12b3e360b09fb38c53a8619b77fac2d57ceebb6969a6a1f2d01018a2cb9 5d3c07c24766598636f25519d06294a247102e51a8856289d3b66f87f79e2a95
SERVER_HANDSHAKE_TRAFFIC_SECRET 91c9c12b3e360b09fb38c53a8619b77fac2d57ceebb6969a6a1f2d01018a2cb9 c7f87958b60997e9be80c4622067f67b85c185aef28842ee52bbf696f7ef957c
CLIENT_TRAFFIC_SECRET_0 91c9c12b3e360b09fb38c53a8619b77fac2d57ceebb6969a6a1f2d01018a2cb9 b802ee38538dd0110ca0d1d006f85d453d8cbf27e6d42989bf7e1fef39dd1dac
SERVER_TRAFFIC_SECRET_0 91c9c12b3e360b09fb38c53a8619b77fac2d57ceebb6969a6a1f2d01018a2cb9 aa99a3e77c270367f381c4f28b67f34147f1195536c81098f7e83e9a21e114c5
CLIENT_HANDSHAKE_TRAFFIC_SECRET 91ef2ea025c5a6924658764c5fa0c706128dbadc6320bf8f36012505717e33cf 020d37831c8e6e0ca9b41844c71cb928c8afabe0c65733d855e1b3536e1d4fff
SERVER_HANDSHAKE_TRAFFIC_SECRET 91ef2ea025c5a6924658764c5fa0c706128dbadc6320bf8f36012505717e33cf 107337ae9140efce8d193c8da2d2e209a5bfc85b0ef8b6dc75ba4df53acdf754
CLIENT_TRAFFIC_SECRET_0 91ef2ea025c5a6924658764c5fa0c706128dbadc6320bf8f36012505717e33cf 4e2098c1b3bc97329b9d009cae09716fa6f2dce88ef7b4d6d5360134194bb935
SERVER_TRAFFIC_SECRET_0 91ef2ea025c5a6924658764c5fa0c706128dbadc6320bf8f36012505717e33cf a41798032fb005683ad03746ffca287918d9a153eaaa9ab22a4c22260d5e85c0
CLIENT_HANDSHAKE_TRAFFIC_SECRET fc2b96dffb5ae4473890edfae8293d5860072b3d6be56b0aba0302e181d75eb8 487bc0c770e28f2e2a76d03060f4fa6a17988d9df0e2f2908956dac62f35f43f
SERVER_HANDSHAKE_TRAFFIC_SECRET fc2b96dffb5ae4473890edfae8293d5860072b3d6be56b0aba0302e181d75eb8 cd73a6a2bd0aaac4d64793831e68f27173029cf4445fdd7865dd82722a7df9d7
CLIENT_TRAFFIC_SECRET_0 fc2b96dffb5ae4473890edfae8293d5860072b3d6be56b0aba0302e181d75eb8 21008e0348bccee3451c7c1c9e0e0f6bb63791cc9a85d2d1de400d25fd5b6485
SERVER_TRAFFIC_SECRET_0 fc2b96dffb5ae4473890edfae8293d5860072b3d6be56b0aba0302e181d75eb8 0677ca6f66eed5bcb9ae3c56d9bb8bd49628d8361ed3a049bd87487d109b0e32
CLIENT_HANDSHAKE_TRAFFIC_SECRET fcadb3c6c17767560a5b3faee6fa16da7e8f03b67444d572836cdc8a68120a09 a63740a128badf8e5a75ae063f90d55dd873c8f847b006b0f7cd9dca2c12bbf3
SERVER_HANDSHAKE_TRAFFIC_SECRET fcadb3c6c17767560a5b3faee6fa16da7e8f03b67444d572836cdc8a68120a09 71e34d473ccdcc49373401f1723306373eef5e4df5f4ddd966bf002f68d88034
CLIENT_TRAFFIC_SECRET_0 fcadb3c6c17767560a5b3faee6fa16da7e8f03b67444d572836cdc8a68120a09 e51f916cce926410fd8dc78dfe1f1c870b420848dc13508862fe9cd5b84a6583
SERVER_TRAFFIC_SECRET_0 fcadb3c6c17767560a5b3faee6fa16da7e8f03b67444d572836cdc8a68120a09 a858b865a7f687f6ba852263a3887d4ad5f386ab158d859f87f0218750b0ca83
CLIENT_HANDSHAKE_TRAFFIC_SECRET 1dcf3e4aa77cf6e31e365f73c0b09818395e9c0df7d67c71668cc69712d9e866 914d11de535c1aac1db8eb1ee4f58586b2c3e146c5bf905c5574f9e819d77bf3
SERVER_HANDSHAKE_TRAFFIC_SECRET 1dcf3e4aa77cf6e31e365f73c0b09818395e9c0df7d67c71668cc69712d9e866 8b841b4cc26b6aa76138973ae3b3e1f2a4ad80760cf4c1d3aed60bb8c6d1e99a
CLIENT_TRAFFIC_SECRET_0 1dcf3e4aa77cf6e31e365f73c0b09818395e9c0df7d67c71668cc69712d9e866 9572190451582242096570b9620a8e3b6b92b37a9a8f3169a9188911636919a7
SERVER_TRAFFIC_SECRET_0 1dcf3e4aa77cf6e31e365f73c0b09818395e9c0df7d67c71668cc69712d9e866 e32e95de04ddd1018b409177aea51e341ed3097612b44167efd3b109aa835497
CLIENT_HANDSHAKE_TRAFFIC_SECRET d947fb435ae5b0952e5c9e73ec8f01dbb4259d8d3e5b2bee06a2867ff778ffd8 899d99f8c6fee9f328dc03edba75ecf0d9582979358a005db22b5a484335a9d8
SERVER_HANDSHAKE_TRAFFIC_SECRET d947fb435ae5b0952e5c9e73ec8f01dbb4259d8d3e5b2bee06a2867ff778ffd8 0128fdb302eeeabc7811f41ed24d4d2056d60bcddf05dd9b063899f6dff2a3a8
CLIENT_TRAFFIC_SECRET_0 d947fb435ae5b0952e5c9e73ec8f01dbb4259d8d3e5b2bee06a2867ff778ffd8 641e66eff56576722e072defa518679e1b6f191fa9dd5b365055d389e461aad3
SERVER_TRAFFIC_SECRET_0 d947fb435ae5b0952e5c9e73ec8f01dbb4259d8d3e5b2bee06a2867ff778ffd8 371d6163c2a839003e4363b9464c4fb40c6d1a6dd8628994a9fd302148c6cb75
CLIENT_HANDSHAKE_TRAFFIC_SECRET 5ef506191737d096575c12ac1477c67de36be32ea078fc13177e596fab77a428 9636e9e12c405c5331cbbecc2e7d5b83edf34c555ded9c94ab7d5ff62ee1a9fb
SERVER_HANDSHAKE_TRAFFIC_SECRET 5ef506191737d096575c12ac1477c67de36be32ea078fc13177e596fab77a428 bfa5168da242662590ef3163c95bd044b4286ec08540b8ea4d3791fcac5214c6
CLIENT_TRAFFIC_SECRET_0 5ef506191737d096575c12ac1477c67de36be32ea078fc13177e596fab77a428 eeeb11b0dffed076d583a7503ea4737510b42df327a6edb078601b0b527b4934
SERVER_TRAFFIC_SECRET_0 5ef506191737d096575c12ac1477c67de36be32ea078fc13177e596fab77a428 fcb1e1f407f16e40d0bc127ff1bba50119f73f0293f23f6f27914d8ed7b4705f
CLIENT_HANDSHAKE_TRAFFIC_SECRET 47a00d7239861813bf99294c5dbf6239cbfe6b635e1644bd7ba68225e9f08ae7 b4e06eae4874e9528d2b74171d76dcb5a9c30c97101d2153499b4af856401972
SERVER_HANDSHAKE_TRAFFIC_SECRET 47a00d7239861813bf99294c5dbf6239cbfe6b635e1644bd7ba68225e9f08ae7 a439c54b5254ab566b1ba9c6d526366f5fd54b4b2e7d9b2702035b4d054ac872
CLIENT_TRAFFIC_SECRET_0 47a00d7239861813bf99294c5dbf6239cbfe6b635e1644bd7ba68225e9f08ae7 30a88908b2ed6b9b8bd62b239d7460e9e95128d10d1eb0c9d9a28135d500723c
SERVER_TRAFFIC_SECRET_0 47a00d7239861813bf99294c5dbf6239cbfe6b635e1644bd7ba68225e9f08ae7 9cf3a412975434036c651ab69e2541a43586f62cc13d78c0eab3d344076c1055
CLIENT_HANDSHAKE_TRAFFIC_SECRET 001aad97ad4d664d132a193bc907d989d603b814fdb7f83e3a1d59408c86fa66 7938372286f8e01123ed02130f0ef417068431c605dc65880dd6d6b4518c02db
SERVER_HANDSHAKE_TRAFFIC_SECRET 001aad97ad4d664d132a193bc907d989d603b814fdb7f83e3a1d59408c86fa66 14cc1008aedad56c230099c53c58d9e494dab15e9ce95599e8ff7fcd133dae02
CLIENT_TRAFFIC_SECRET_0 001aad97ad4d664d132a193bc907d989d603b814fdb7f83e3a1d59408c86fa66 a5b8e885dbe67226b02ca2c6ff7ae26c76554894ea0afd057d674be069d95729
SERVER_TRAFFIC_SECRET_0 001aad97ad4d664d132a193bc907d989d603b814fdb7f83e3a1d59408c86fa66 7f71f36f4d9d7d131a66cec3b70126c2cd73424028009edc24b42da585018c89
CLIENT_HANDSHAKE_TRAFFIC_SECRET 2eac968aa00c8c64e83b4821eab6baa873331d1afed17b79cfa9c4dcadd7c099 98736b807bac635dc5bd0f7d466846c7a42bdec7a93b07a42aff1ef6a2361cde
SERVER_HANDSHAKE_TRAFFIC_SECRET 2eac968aa00c8c64e83b4821eab6baa873331d1afed17b79cfa9c4dcadd7c099 a870cfb989cc266af81d3a708400edb2b9c69e856bfc8982f932c6f6c75d2db7
CLIENT_TRAFFIC_SECRET_0 2eac968aa00c8c64e83b4821eab6baa873331d1afed17b79cfa9c4dcadd7c099 1047f38445590e128544007608166a07e856c7d07a02856827ed4e1c3f3a5921
SERVER_TRAFFIC_SECRET_0 2eac968aa00c8c64e83b4821eab6baa873331d1afed17b79cfa9c4dcadd7c099 862a15ed67a22a19c400d530ea52c4cb7a26f61f894ec58365b3f8f913b95158
CLIENT_HANDSHAKE_TRAFFIC_SECRET c5519bda8deb444bea4046a1c9eade68f81b6d9fb0afd70e22e243fabb237f03 2763dd53f4f80ff04d735e2f772f5aa33f72b3118f77aa046d04375d6455c084
SERVER_HANDSHAKE_TRAFFIC_SECRET c5519bda8deb444bea4046a1c9eade68f81b6d9fb0afd70e22e243fabb237f03 d3630888a05cec9f9cd27833d5929ecd5d95efb13bbd9a7c853b32410bc127c4
CLIENT_TRAFFIC_SECRET_0 c5519bda8deb444bea4046a1c9eade68f81b6d9fb0afd70e22e243fabb237f03 f1058a55d2dae936a92829f3de851fb0f47bd2c8ef5dfea338f5e1cd00d64665
SERVER_TRAFFIC_SECRET_0 c5519bda8deb444bea4046a1c9eade68f81b6d9fb0afd70e22e243fabb237f03 735a964c69bdd940957477d3e7d56c83c7e19110d6de2a83cb2bd6c57deb7888
CLIENT_HANDSHAKE_TRAFFIC_SECRET 49eac106ae282b80cd9b79a0c202a28122d86333d5edb26c87fc9b8324af2e61 b67b32a77347f8da02dd8ef45c116d02ae2ab1d88f5ba716d2a88c4000a1894c
SERVER_HANDSHAKE_TRAFFIC_SECRET 49eac106ae282b80cd9b79a0c202a28122d86333d5edb26c87fc9b8324af2e61 cd8bf3ba887adfef6b44fb94440811b36dca41fedc6c3a6322fb3f129dc002cc
CLIENT_TRAFFIC_SECRET_0 49eac106ae282b80cd9b79a0c202a28122d86333d5edb26c87fc9b8324af2e61 8cfca49fd2d54b5a8b76ec42c50c1d4257a47ba41e6a4069f9a57846e6a7b6a4
SERVER_TRAFFIC_SECRET_0 49eac106ae282b80cd9b79a0c202a28122d86333d5edb26c87fc9b8324af2e61 70cfa9af1d530803468a7f7856a2ec3b28af9db9fbdc3499b3c4126e2779c03f
CLIENT_HANDSHAKE_TRAFFIC_SECRET 72b3b1c6395998db032d115842f83406eed6bdc062a432546f6bb5c1d66ac52c 1bc7c88e102924208d2df4b6ea882638b26a68f980286998e6a8e0290695e1e4
SERVER_HANDSHAKE_TRAFFIC_SECRET 72b3b1c6395998db032d115842f83406eed6bdc062a432546f6bb5c1d66ac52c 0fc97872bc6553c20ad828f343d2b50219cacb0cb5b85eceec4d725f16d1104b
CLIENT_TRAFFIC_SECRET_0 72b3b1c6395998db032d115842f83406eed6bdc062a432546f6bb5c1d66ac52c 8634182cf248cec437775faa84b0eb60f5e1f8055135ef3fac0e338dd659b715
SERVER_TRAFFIC_SECRET_0 72b3b1c6395998db032d115842f83406eed6bdc062a432546f6bb5c1d66ac52c bbb662adb50180ab59b730efcc7a10215838393115a75902d7ff7e3a4c2ed2b1
CLIENT_HANDSHAKE_TRAFFIC_SECRET 24a32e3fbf4392fe7908bdcf973f5dbfa3259c5baa7d512168c8809762d47c17 14f35e84432d749e919cc24a0a73b5d56b863b7b0c9c76d9c931e3db95dfd4df
SERVER_HANDSHAKE_TRAFFIC_SECRET 24a32e3fbf4392fe7908bdcf973f5dbfa3259c5baa7d512168c8809762d47c17 2f4e97cd8cb46c618690cfd1cdb1c9e3ccaabe5a01aa71a2523fa978c93b9c7a
CLIENT_TRAFFIC_SECRET_0 24a32e3fbf4392fe7908bdcf973f5dbfa3259c5baa7d512168c8809762d47c17 9b816ff21c4eb8924f08e2ffd86442597397c742577bd78c5f52e888f8c86d24
SERVER_TRAFFIC_SECRET_0 24a32e3fbf4392fe7908bdcf973f5dbfa3259c5baa7d512168c8809762d47c17 1a5bea60d5c2bd962cdcc3b4ba94c016d3629bae06369569f7d2979c8efc07d7
CLIENT_HANDSHAKE_TRAFFIC_SECRET 0ccc23d86b1baf26302753b1602ac9351b881b240cc68856a196e44b4e7c382c 5608b2777487d384b66d5cb0559344a23a7cdc25553f36f0e32752d4d6213396
SERVER_HANDSHAKE_TRAFFIC_SECRET 0ccc23d86b1baf26302753b1602ac9351b881b240cc68856a196e44b4e7c382c 78b04ab3a1e2eae1ee3b66f5dd72d08c6019261eb8995f0a39c22d93952d0eb0
CLIENT_TRAFFIC_SECRET_0 0ccc23d86b1baf26302753b1602ac9351b881b240cc68856a196e44b4e7c382c 102b94dedf98bb90993b3d5448dfbf6a7d397371d68e7947cfa9e795c5538353
SERVER_TRAFFIC_SECRET_0 0ccc23d86b1baf26302753b1602ac9351b881b240cc68856a196e44b4e7c382c 0e1c87fd139b8cfb692ca8d40b38dc127e168b3583b9dfe941e83cb4f26e3a66
CLIENT_HANDSHAKE_TRAFFIC_SECRET 52806518f720cc4324f92efcc31cf878bfb7bf1473e6e723da4801c135fdf33b 4070e2a96551259038ae7fc39940c4d333d29d403e64db4d0c33e08d13a0b7dc
SERVER_HANDSHAKE_TRAFFIC_SECRET 52806518f720cc4324f92efcc31cf878bfb7bf1473e6e723da4801c135fdf33b 84d890f3dfd1089a1fea69c22d8c6d8342e0f80a11a66163a4707fde9782986e
CLIENT_TRAFFIC_SECRET_0 52806518f720cc4324f92efcc31cf878bfb7bf1473e6e723da4801c135fdf33b c5eb4b13c0a76c1aab44df2c5fe3658058869fc63d0609148c89f2654c663abc
SERVER_TRAFFIC_SECRET_0 52806518f720cc4324f92efcc31cf878bfb7bf1473e6e723da4801c135fdf33b b65295f915a8c5db15c95cb9920bfd4faf0724432831b2f7a6bfba2fcba2feb5
CLIENT_HANDSHAKE_TRAFFIC_SECRET ded7c49ad03faba1f8c151cfc6f9e66e716f7b24ab54c437f02b883e685c388f 6a7bc23d135a6a667f698aad4415c89391d23a339618a1f39ace747d15ece81a
SERVER_HANDSHAKE_TRAFFIC_SECRET ded7c49ad03faba1f8c151cfc6f9e66e716f7b24ab54c437f02b883e685c388f b789c66c3214c830599ff610a6ee208759564c40ed5d109e72b02150701d8742
CLIENT_TRAFFIC_SECRET_0 ded7c49ad03faba1f8c151cfc6f9e66e716f7b24ab54c437f02b883e685c388f 6134a029be488071dc9492a2ed0859c1175565c9243d06a7fabed5964a0c99a5
SERVER_TRAFFIC_SECRET_0 ded7c49ad03faba1f8c151cfc6f9e66e716f7b24ab54c437f02b883e685c388f 000bdc66d63eef5ce3559e6cadaf132c694c083250926f9c8517845d9def9cd8
CLIENT_HANDSHAKE_TRAFFIC_SECRET 35e67f2c9ba43e7857f62429a671f03048fed4b77b446f0bebec59ecac41ccc5 a79609aae438b9f118a45db120e26e3bc4b708bfcc07ad16121700e56555ca2e
SERVER_HANDSHAKE_TRAFFIC_SECRET 35e67f2c9ba43e7857f62429a671f03048fed4b77b446f0bebec59ecac41ccc5 98631e339390019f53c160f315973e324991f92a8f6de7604d6418135f1ae9b8
CLIENT_TRAFFIC_SECRET_0 35e67f2c9ba43e7857f62429a671f03048fed4b77b446f0bebec59ecac41ccc5 38543e4b896e7ff56f8ad3a42bb73886f328d9fe4ebd57f7a79c82e24018ab7c
SERVER_TRAFFIC_SECRET_0 35e67f2c9ba43e7857f62429a671f03048fed4b77b446f0bebec59ecac41ccc5 86aa6b3d10738717c81f14aa744838ddf4484cb33b114bedfc62b9fcec27ec9b
CLIENT_HANDSHAKE_TRAFFIC_SECRET 1688aa048fe4598288c16b1c57f016691cbe7f7d614167d3663cf309d0797cec d3bbb6bf11e4da3b2c35d91fc4f87892bd5893b971892ce57deaa27533e36aa7
SERVER_HANDSHAKE_TRAFFIC_SECRET 1688aa048fe4598288c16b1c57f016691cbe7f7d614167d3663cf309d0797cec 8474aac65821fb542b560f7fa6872f08e0ef68e32d83668f847d432fa416611f
CLIENT_TRAFFIC_SECRET_0 1688aa048fe4598288c16b1c57f016691cbe7f7d614167d3663cf309d0797cec a3df8c091be8f8c41063fdfacdebdf515dc3f8990e883a80bbdbc6cb31323ef9
SERVER_TRAFFIC_SECRET_0 1688aa048fe4598288c16b1c57f016691cbe7f7d614167d3663cf309d0797cec f8d230cd434a69e74bfeb36f7a390f67c7dcf2d54ea3e23d560eaf6b496ea6d0
CLIENT_HANDSHAKE_TRAFFIC_SECRET 90d25dd0c091cc3f06e24fac591884e2c61b12c003a46c582ce3d46638875302 a75e8739abb062115b2819f2195892f16d7635fb3afa5a822acedc9dde6d7563
SERVER_HANDSHAKE_TRAFFIC_SECRET 90d25dd0c091cc3f06e24fac591884e2c61b12c003a46c582ce3d46638875302 e38d50b0d545099e4cd928ad18339cf141714f8e3247123909e58e75a8093a4f
CLIENT_TRAFFIC_SECRET_0 90d25dd0c091cc3f06e24fac591884e2c61b12c003a46c582ce3d46638875302 6c7f57baf8d3819624c42aef93fc09f23ff0bfd44f298273e5cc95dea679424b
SERVER_TRAFFIC_SECRET_0 90d25dd0c091cc3f06e24fac591884e2c61b12c003a46c582ce3d46638875302 80427e8ff545c6107564c82767272dd8e0007498785281b7f1f77d38acc4161e
CLIENT_HANDSHAKE_TRAFFIC_SECRET ccf7a83c75ae64750e7808c01f2359a7216939472a2b972e0ff54eb0f49e10b2 e6d9e8525bb654eb430210c32a0577c1534fb4a4732c5fd4800195b4f1cdc723
SERVER_HANDSHAKE_TRAFFIC_SECRET ccf7a83c75ae64750e7808c01f2359a7216939472a2b972e0ff54eb0f49e10b2 c1f6cd6b3c14300a55ee950f6bcd4a002fa9fc563ad91db5656119fd1a97a6e6
CLIENT_TRAFFIC_SECRET_0 ccf7a83c75ae64750e7808c01f2359a7216939472a2b972e0ff54eb0f49e10b2 fcec74e494e3c197655cc74d785bdbc8d459cf6d89745c722fd364f237b3e795
SERVER_TRAFFIC_SECRET_0 ccf7a83c75ae64750e7808c01f2359a7216939472a2b972e0ff54eb0f49e10b2 fca3c7a59af9890fb65fa614c6b86014ffef7675c3de4baa0eee02a36fd003fd
CLIENT_HANDSHAKE_TRAFFIC_SECRET 77adb2f8516d4653a3bb092407d202b6b051851a498695c3109fe65199418a51 c29b13cf4f1384cd2d29cd5d63db3544efd1486548bf28d9b1d5e0430dea8951
SERVER_HANDSHAKE_TRAFFIC_SECRET 77adb2f8516d4653a3bb092407d202b6b051851a498695c3109fe65199418a51 f9afa8e9fd293d97e276c9c15e4ac040fce46b7db1a5d581b2ec838de65df5bf
CLIENT_TRAFFIC_SECRET_0 77adb2f8516d4653a3bb092407d202b6b051851a498695c3109fe65199418a51 f7960bd29dff9a502ae7089f712267b332c41637e0f99645356dbada5d866819
SERVER_TRAFFIC_SECRET_0 77adb2f8516d4653a3bb092407d202b6b051851a498695c3109fe65199418a51 9fa7a25beef74ac70dad849392ecb13ff381acea081c6e31b6a807301adaa65f
CLIENT_HANDSHAKE_TRAFFIC_SECRET f4a85dda879d26d5226e4ce96b377a8625748aaa67e17d9307b326d6afbfbb4c f555e39ecd9a864eb1a1c9819ff6dd10b8343bd46b8ce7b2bf310a6e379532b4
SERVER_HANDSHAKE_TRAFFIC_SECRET f4a85dda879d26d5226e4ce96b377a8625748aaa67e17d9307b326d6afbfbb4c aef414b3b86c0327432e3cf7a262c8e130e4818db5d6f78e987447ddf91df185
CLIENT_TRAFFIC_SECRET_0 f4a85dda879d26d5226e4ce96b377a8625748aaa67e17d9307b326d6afbfbb4c 61394c8989c7cb3c9651000c110f86dad5510fdf697f9286af4423a7744b5508
SERVER_TRAFFIC_SECRET_0 f4a85dda879d26d5226e4ce96b377a8625748aaa67e17d9307b326d6afbfbb4c b1f696b8208a97ff30946e0fb96378f7288be83f79f58a06d4a76c92d90cab91
CLIENT_HANDSHAKE_TRAFFIC_SECRET 3e4e34abf36f9d4faab5c2f87934945756d00132a31287248709343012ada49c 61112b8b6eb46ba026717d2c74cc4e03cedb71762d0b1a32271d75b100767966
SERVER_HANDSHAKE_TRAFFIC_SECRET 3e4e34abf36f9d4faab5c2f87934945756d00132a31287248709343012ada49c 2352a683b22fc49603605a41645a526e15bac8ab3404564270706e0035331917
CLIENT_TRAFFIC_SECRET_0 3e4e34abf36f9d4faab5c2f87934945756d00132a31287248709343012ada49c 49070b5a9ab09045a246e665bcddcf8cbff5e4735dbe7f6454e508f5918985cd
SERVER_TRAFFIC_SECRET_0 3e4e34abf36f9d4faab5c2f87934945756d00132a31287248709343012ada49c 644ddda44d30a5e222803076c16149907ab02de9042ee18ba06e4e1aa44cfb24
CLIENT_HANDSHAKE_TRAFFIC_SECRET 9605028879d465b176861ea683f93f6771153b083e6a2066252e003ce7ba6ea9 c06ad0aacf8956d247c3e7bb386aa4fe09fb627fe1329b4063efb7be1124109f
SERVER_HANDSHAKE_TRAFFIC_SECRET 9605028879d465b176861ea683f93f6771153b083e6a2066252e003ce7ba6ea9 c8c1c1f95067362eb52a981c8db8482c59fe1addcb5aef328fa37f3842014ffa
CLIENT_TRAFFIC_SECRET_0 9605028879d465b176861ea683f93f6771153b083e6a2066252e003ce7ba6ea9 4832772e8762dd15322c04b6a16ac694429c840580b193389bb1695070ba5c30
SERVER_TRAFFIC_SECRET_0 9605028879d465b176861ea683f93f6771153b083e6a2066252e003ce7ba6ea9 a74002e6d3622c5a2b2986bb6b95b09f0977ef5cdfd955f51ce6051e34aa3cfd
CLIENT_HANDSHAKE_TRAFFIC_SECRET ec4c42505e5da60a6742ece6d7e068fff6f259983b7491f95c1ed56185634eee 8c32f84d9297c16b17e9e9783c1922ec3b6a3e100d4b1f8370fc9fa010ff9b4d
SERVER_HANDSHAKE_TRAFFIC_SECRET ec4c42505e5da60a6742ece6d7e068fff6f259983b7491f95c1ed56185634eee 92e7f8787885118fbe3a03a7ced8d14ae7fa10a45f7e0046177c2e0a8cf9ffce
CLIENT_TRAFFIC_SECRET_0 ec4c42505e5da60a6742ece6d7e068fff6f259983b7491f95c1ed56185634eee 16627f49ddf475f83e19df85e5404b2e2e0146e41a34955214fbfc1f1a19c657
SERVER_TRAFFIC_SECRET_0 ec4c42505e5da60a6742ece6d7e068fff6f259983b7491f95c1ed56185634eee 3f18ca31261c635348ce1be6d79b602382da2568ca09dd9b0ca08fc80d500c3b
CLIENT_HANDSHAKE_TRAFFIC_SECRET ef34b80ac4cc0d7a52870315c14ec102944860af4a6c580edc699e53d483a7af 2806ca0bb145aef57255fa8e7b89349eb935bb1f99e8b2ded3ac3fedcaad7453
SERVER_HANDSHAKE_TRAFFIC_SECRET ef34b80ac4cc0d7a52870315c14ec102944860af4a6c580edc699e53d483a7af 83fa351c72ed548444f440c81622c5534a1db63502a573a22a81add2a318bfcd
CLIENT_TRAFFIC_SECRET_0 ef34b80ac4cc0d7a52870315c14ec102944860af4a6c580edc699e53d483a7af 9a1a8caccebc1de2d343f634267416426c71b88b966bb624ad10555cd180cddc
SERVER_TRAFFIC_SECRET_0 ef34b80ac4cc0d7a52870315c14ec102944860af4a6c580edc699e53d483a7af dc1bc8d140186711cf196182db681fc6a7627121a5cdf83b8b15ec87f2ca53b5
CLIENT_HANDSHAKE_TRAFFIC_SECRET 201ba4c7c79192ac7242ce7ee3530674d17de7afd8658d59a9f28495af6c5769 75f50fee86f86662b89cc594f17ca29af3392611851afe4b1dc57f5bd6640ea8
SERVER_HANDSHAKE_TRAFFIC_SECRET 201ba4c7c79192ac7242ce7ee3530674d17de7afd8658d59a9f28495af6c5769 d8bcfe72e4dbc78b1e739a11d276d5dfe4ce3a7fc0dc574b4dd9994fe41fb68d
CLIENT_TRAFFIC_SECRET_0 201ba4c7c79192ac7242ce7ee3530674d17de7afd8658d59a9f28495af6c5769 7ce5080584fe30e61d594ecf89db088db6c94747068581e024554cf2fc850105
SERVER_TRAFFIC_SECRET_0 201ba4c7c79192ac7242ce7ee3530674d17de7afd8658d59a9f28495af6c5769 a6ca3cc1117d6c7ccd9a6cf72dadfc3851c76c55695ee126c2f264eb7db15126
CLIENT_HANDSHAKE_TRAFFIC_SECRET 716a6cccc702017105e09fc34d660b0427d1c1368326b18d87b788529de55c1a 2ed6ba117d1d3020297d5ca6a00f4374372aa3ded3fb7d7e7936d6f9bee17eed
SERVER_HANDSHAKE_TRAFFIC_SECRET 716a6cccc702017105e09fc34d660b0427d1c1368326b18d87b788529de55c1a b094e7a94d86fa65b26da5f4997ffabbb8f4df979f71d29b1b99cdd1eaf89fe8
CLIENT_TRAFFIC_SECRET_0 716a6cccc702017105e09fc34d660b0427d1c1368326b18d87b788529de55c1a 143a598046fa2896a26a09649e9d35775450c33a09a999fe2ce7f161f0cce317
SERVER_TRAFFIC_SECRET_0 716a6cccc702017105e09fc34d660b0427d1c1368326b18d87b788529de55c1a 97fc6b981a9b0db9bf851d3bcf784d7084cc785cee934dc07900c141e1078419
CLIENT_HANDSHAKE_TRAFFIC_SECRET 884e1bb126d95d8efd4c049bc451f66ec6c2e2e8a22519111a3bc0663fbce45b 18baa108508dce2150c404c9bc48a325ca4a140c21986aa55c9077b41d54f674
SERVER_HANDSHAKE_TRAFFIC_SECRET 884e1bb126d95d8efd4c049bc451f66ec6c2e2e8a22519111a3bc0663fbce45b 9444296cf95c5f3d70a65d65956a35d7bd6e74c73201db80b9a570bafc9f9360
CLIENT_TRAFFIC_SECRET_0 884e1bb126d95d8efd4c049bc451f66ec6c2e2e8a22519111a3bc0663fbce45b 3faaae7285d77370bf211f4486c657696ec27270bc13be38999934278cc04966
SERVER_TRAFFIC_SECRET_0 884e1bb126d95d8efd4c049bc451f66ec6c2e2e8a22519111a3bc0663fbce45b cf112a3c145083a993186f32dad3e7745c2fda2f594faefac5b1de2c6fc782f6
CLIENT_HANDSHAKE_TRAFFIC_SECRET 18307f263b298110127164e8ec7cab59fb3276e4df04e348b24fa87f6e00e66f b92848ea92bb565fbcf37bd8ef7414b12baacf6585017e9d3df8245e7867b9b7
SERVER_HANDSHAKE_TRAFFIC_SECRET 18307f263b298110127164e8ec7cab59fb3276e4df04e348b24fa87f6e00e66f 00fa03c9debe4bf21691785b36b300c9fbf23052f3eb39c7d37a4fcd204a39ce
CLIENT_TRAFFIC_SECRET_0 18307f263b298110127164e8ec7cab59fb3276e4df04e348b24fa87f6e00e66f 3aabbe0cd5511e9bb10739ebda66e21f91e8910a2e35c8c0c89d6969c5420831
SERVER_TRAFFIC_SECRET_0 18307f263b298110127164e8ec7cab59fb3276e4df04e348b24fa87f6e00e66f 6d27e4cb82cf5784c62d7f41c9b0d8df40213d3639fe70542f4b25a39f60cd03
CLIENT_HANDSHAKE_TRAFFIC_SECRET 9e09e997144c87dae05832f0cb0f976ccb7eae940b97f804f24bf5205d79f5b3 6360b86c00f3511aba65ca1cf607545f206bd250ad97a64f5dbcbfdd3d2b5617
SERVER_HANDSHAKE_TRAFFIC_SECRET 9e09e997144c87dae05832f0cb0f976ccb7eae940b97f804f24bf5205d79f5b3 38f4f7522810da7661ed0ea11295774770fd07fba470a95465fec5dfbc59ef72
CLIENT_TRAFFIC_SECRET_0 9e09e997144c87dae05832f0cb0f976ccb7eae940b97f804f24bf5205d79f5b3 2695be62386bf806db36f7ea1ce95fc946b40b541b39a6340b39a63d8fdf88d6
SERVER_TRAFFIC_SECRET_0 9e09e997144c87dae05832f0cb0f976ccb7eae940b97f804f24bf5205d79f5b3 5259463dfdff7df76d4be4b4656755a30a1cd4acff39fba9e419cbcbba246af9
CLIENT_HANDSHAKE_TRAFFIC_SECRET 712fd4414f8165d644fdef01deb7c5106a891e2de43888c0c720b58b4fc41090 06bdee3e8bbc5a1b42af97b8518eac97aba44132bda914d6505f9d0bcb93922c
SERVER_HANDSHAKE_TRAFFIC_SECRET 712fd4414f8165d644fdef01deb7c5106a891e2de43888c0c720b58b4fc41090 b39a1fb536d53ad6e5765bd2e03494b76e566974c6ae249145a4495f780ebd38
CLIENT_TRAFFIC_SECRET_0 712fd4414f8165d644fdef01deb7c5106a891e2de43888c0c720b58b4fc41090 07a16cc924afa841f3483d36b264763fabfbd42f089a122990e5eef65aafa468
SERVER_TRAFFIC_SECRET_0 712fd4414f8165d644fdef01deb7c5106a891e2de43888c0c720b58b4fc41090 1b4960b652f3398ac5d26ed0f6c1bf274887094dea1ad8c4dedc296477e61b4b
CLIENT_HANDSHAKE_TRAFFIC_SECRET bc0f416c14203b6db533c20dcd97c2b412ce1825e6ff13d96070c67693b6ff46 41798d0cbd7b6cba6d74504b5347cd7871c0594cad72915557e2cb39b178802a
SERVER_HANDSHAKE_TRAFFIC_SECRET bc0f416c14203b6db533c20dcd97c2b412ce1825e6ff13d96070c67693b6ff46 865c6db29f8b5b022891812055a65e379bea554b6d668913ca8923cb8d79e0f9
CLIENT_TRAFFIC_SECRET_0 bc0f416c14203b6db533c20dcd97c2b412ce1825e6ff13d96070c67693b6ff46 113715c4b01441bacf3937deeb42982663c0873a5d9e4fec3d20ef4772ba47c8
SERVER_TRAFFIC_SECRET_0 bc0f416c14203b6db533c20dcd97c2b412ce1825e6ff13d96070c67693b6ff46 d1ac351b8b64d7e412ef654733831dc6775fd8b693eeb74866a5edd87a3807a6
CLIENT_HANDSHAKE_TRAFFIC_SECRET 938659891449cba8fdbbe1e96209651fa3372cfd419163796cfa0a51d9b117ff 7c830e5f449da691bcca1fcbcc985b87d568c3ffcb547eb165b3c617fe9977a4
SERVER_HANDSHAKE_TRAFFIC_SECRET 938659891449cba8fdbbe1e96209651fa3372cfd419163796cfa0a51d9b117ff 236dc8a3a8f94589002b39de1234b26bf03cf8c70ec8d27af931bb9dc31ccd2a
CLIENT_TRAFFIC_SECRET_0 938659891449cba8fdbbe1e96209651fa3372cfd419163796cfa0a51d9b117ff 78dfe83b510218c90b4fe90bf9b1d912980452bc8073523a2b6da022e32b036a
SERVER_TRAFFIC_SECRET_0 938659891449cba8fdbbe1e96209651fa3372cfd419163796cfa0a51d9b117ff 1d4fefffcd8786e9a016683347d695996cd51375a0cf9a887f133e469cff08a7
CLIENT_HANDSHAKE_TRAFFIC_SECRET 9054461368421fb5e98f75f6f413b21898eef22427a8f7deab485246432e8c9e 4926d664648b490fe52726549e22cc863ab6e1d38b0829e1743bffd87cb4635b
SERVER_HANDSHAKE_TRAFFIC_SECRET 9054461368421fb5e98f75f6f413b21898eef22427a8f7deab485246432e8c9e 50e2a37480cc81571c1405d56190d1eeb819b0d9c97db30cf00959ecc11d4d28
CLIENT_TRAFFIC_SECRET_0 9054461368421fb5e98f75f6f413b21898eef22427a8f7deab485246432e8c9e 714d38a5d38407df2e3b1247f408f701dfb3b909e70b32d150c47682c77ab044
SERVER_TRAFFIC_SECRET_0 9054461368421fb5e98f75f6f413b21898eef22427a8f7deab485246432e8c9e 5fbba6bffc582d9cdb7b690250886fb483bba724bb1192367b35bc862380388c
CLIENT_HANDSHAKE_TRAFFIC_SECRET db41adcf87d76bbf5e960f78719ab625ae633dd7a24479354cfa2cef2b197610 1cd20796a73bb1a42dbf291a52072146560dc3a13845d43b353895b53cea236f
SERVER_HANDSHAKE_TRAFFIC_SECRET db41adcf87d76bbf5e960f78719ab625ae633dd7a24479354cfa2cef2b197610 4ed274a904e5ce538389ebb4fa7cf010a272761fc08f8c450ec8f82ff7521965
CLIENT_TRAFFIC_SECRET_0 db41adcf87d76bbf5e960f78719ab625ae633dd7a24479354cfa2cef2b197610 75945c4fbdd187ac62f7fa19e6badffd4f9e1e14efac9a93deb6becdd45c3f83
SERVER_TRAFFIC_SECRET_0 db41adcf87d76bbf5e960f78719ab625ae633dd7a24479354cfa2cef2b197610 adc3aea2b38508c0cd3054b5c8020379da1d18ed29c0ff59cc42da0fb78c3434
CLIENT_HANDSHAKE_TRAFFIC_SECRET d81b68861bf874ff41b36ec2f903a5bcd1ca865e65dfe9a7166f72d1eca71086 7d21d9e905cdce4ef5cbb9b972b9210c293702e158bb1a749c271660a206ab6a
SERVER_HANDSHAKE_TRAFFIC_SECRET d81b68861bf874ff41b36ec2f903a5bcd1ca865e65dfe9a7166f72d1eca71086 78410eece37460bd0c35a986e32619ec991ebfad3d1958ec7b05e69b8e12b2ad
CLIENT_TRAFFIC_SECRET_0 d81b68861bf874ff41b36ec2f903a5bcd1ca865e65dfe9a7166f72d1eca71086 a083793b804f33f23a337c0382793714c82457d24ab5775f31965d54f48c5e72
SERVER_TRAFFIC_SECRET_0 d81b68861bf874ff41b36ec2f903a5bcd1ca865e65dfe9a7166f72d1eca71086 9e7a978938c2867ed392ed56fb0e573ab185c9501f878f38196061b79254f288
CLIENT_HANDSHAKE_TRAFFIC_SECRET 4866e902c69541b470e8d414bb4fd9ca2921655dcdcb00c15d1517e4c57335a4 4889a0d2732714b0080d58ccd0fd3de8f1671095067731d58dc91aa58e5be036
SERVER_HANDSHAKE_TRAFFIC_SECRET 4866e902c69541b470e8d414bb4fd9ca2921655dcdcb00c15d1517e4c57335a4 e45cfb5b2340a0b90639b5677ec8f563c8f28aedd41ad6d418cc9c8cd8fa1616
CLIENT_TRAFFIC_SECRET_0 4866e902c69541b470e8d414bb4fd9ca2921655dcdcb00c15d1517e4c57335a4 dfa18ec66b2cca8ed824b232015a6378974e3fedec72ea18a29ba1dfe9ace287
SERVER_TRAFFIC_SECRET_0 4866e902c69541b470e8d414bb4fd9ca2921655dcdcb00c15d1517e4c57335a4 e9a30146ed166b4fe9ec9adc078d780baaab471d46a4605b48c635e8397477df
CLIENT_HANDSHAKE_TRAFFIC_SECRET 260e123f085637fe0f37a1bb2b84bf6483026a0cf7b868ade5b95823ecd5126c 766fa53b01256a4a8eabefd68a5688f4060fe111e3017c4084e74b06322e8607
SERVER_HANDSHAKE_TRAFFIC_SECRET 260e123f085637fe0f37a1bb2b84bf6483026a0cf7b868ade5b95823ecd5126c 6fa929280a31f38f754308bf777a450e40d206a626748dc10fcff54d53b572c9
CLIENT_TRAFFIC_SECRET_0 260e123f085637fe0f37a1bb2b84bf6483026a0cf7b868ade5b95823ecd5126c 83a296772ed240a3d5ee2b85069a498e107f20fcece9a113c0404acf2dceab49
SERVER_TRAFFIC_SECRET_0 260e123f085637fe0f37a1bb2b84bf6483026a0cf7b868ade5b95823ecd5126c a2c87d86a0902de58670be26a1e9feb55eb3f62839fdc7c2ea0389062b807fc1
CLIENT_HANDSHAKE_TRAFFIC_SECRET f6d799b7d96306b90d381a3ed68724a0b29f536f0f20e2689b44793724bc2698 fd9e6420ff903bb7b1752733ac68e7e1040cad8fff907d429095716a8bacc3b1
SERVER_HANDSHAKE_TRAFFIC_SECRET f6d799b7d96306b90d381a3ed68724a0b29f536f0f20e2689b44793724bc2698 6cfd41477030eea8296c19f0fde773098b0a3f4aeeef8a1c855baab6cc935df2
CLIENT_TRAFFIC_SECRET_0 f6d799b7d96306b90d381a3ed68724a0b29f536f0f20e2689b44793724bc2698 be174a987d7847a3b40640fc152cd5de7e0a4ef303f2bec849d9e009e6a4de28
SERVER_TRAFFIC_SECRET_0 f6d799b7d96306b90d381a3ed68724a0b29f536f0f20e2689b44793724bc2698 8a5313c8b1a34f3a1acb3b53be4c09ea0f876666e77be5be27df9f038b75a5af
CLIENT_HANDSHAKE_TRAFFIC_SECRET 0932eeed08eab6c41aaddbe5ba5cf972c1e3925293709c72f6aaf884a0c2e3d5 0ac0f0c1142e2165f768647a5fb87946af54c9ce6758ecf8ba8e00fba4e62691
SERVER_HANDSHAKE_TRAFFIC_SECRET 0932eeed08eab6c41aaddbe5ba5cf972c1e3925293709c72f6aaf884a0c2e3d5 b00994d31b419a7f85af731010b6c0413b516ad90be6794e5deabdb40fa7912a
CLIENT_TRAFFIC_SECRET_0 0932eeed08eab6c41aaddbe5ba5cf972c1e3925293709c72f6aaf884a0c2e3d5 9e2f967a568d6778c87868529f817f3901f51e315a51aadb5447ba5839cf9c79
SERVER_TRAFFIC_SECRET_0 0932eeed08eab6c41aaddbe5ba5cf972c1e3925293709c72f6aaf884a0c2e3d5 3d641538176f21ade069196af3cafab6fa834863aee940e23b3769a96f59ec48
CLIENT_HANDSHAKE_TRAFFIC_SECRET 8e14bb9fa7199a2c1d5f3d58b21e6401900726c2317d6b680fecf4ea2a3c672b 51ab366430fe75cdc2de57379a1aceec1934776aaa775ce97bebd0f8a06fee47
SERVER_HANDSHAKE_TRAFFIC_SECRET 8e14bb9fa7199a2c1d5f3d58b21e6401900726c2317d6b680fecf4ea2a3c672b 5fdd5ce132ad3e5aa9eda3561faf86f8c18159e5f6d11e76536c4c3c1764d8f3
CLIENT_TRAFFIC_SECRET_0 8e14bb9fa7199a2c1d5f3d58b21e6401900726c2317d6b680fecf4ea2a3c672b b78d7a55fe862597f16f0c0a927700afd0aea043b64dd2876edfbd8cf375ada9
SERVER_TRAFFIC_SECRET_0 8e14bb9fa7199a2c1d5f3d58b21e6401900726c2317d6b680fecf4ea2a3c672b 660c31ee882942e2e667818b7da0cbce68d1480188ef1595bf5c87f133e93d05
CLIENT_HANDSHAKE_TRAFFIC_SECRET 3a1250cba0364309b7aa55e8f7e8fbe6bc02e210ab6b1998da1d37fb147ae52b b38f4816e3329c47f8a32a3f66275e00af1d8da0293a356a92bb37c4d0271d92
SERVER_HANDSHAKE_TRAFFIC_SECRET 3a1250cba0364309b7aa55e8f7e8fbe6bc02e210ab6b1998da1d37fb147ae52b 5178eb5d983b422efd5bb1c2676d2752cbb6ca4538323b272f4e9da4e673864c
CLIENT_TRAFFIC_SECRET_0 3a1250cba0364309b7aa55e8f7e8fbe6bc02e210ab6b1998da1d37fb147ae52b 3d60c2df16b1a1841a59edd197afa02042b569543a986e4798cfee9a29d214e3
SERVER_TRAFFIC_SECRET_0 3a1250cba0364309b7aa55e8f7e8fbe6bc02e210ab6b1998da1d37fb147ae52b 9594313380f4932d0bef2c3167ff1925be6f0c094e184d0109d483aad312735b
CLIENT_HANDSHAKE_TRAFFIC_SECRET 2e11a5a71994d2e18e2847dae453dfb468707a5c77ad6caf0cc3b4480478a252 6abb70a66d97c6a81a2bae316208165e1f44aaeb1cc85fa66993cf65c8fecada
SERVER_HANDSHAKE_TRAFFIC_SECRET 2e11a5a71994d2e18e2847dae453dfb468707a5c77ad6caf0cc3b4480478a252 4cc69017c7cf8d42f2089aaa0dbae03ea6656d869f39d1fdff530fb30f613070
CLIENT_TRAFFIC_SECRET_0 2e11a5a71994d2e18e2847dae453dfb468707a5c77ad6caf0cc3b4480478a252 9aedb22804f0b41f5a0487d746e3586bd79fddd0d128e9bb56fff4f1a6aa9b81
SERVER_TRAFFIC_SECRET_0 2e11a5a71994d2e18e2847dae453dfb468707a5c77ad6caf0cc3b4480478a252 6c9b1d5af3b9c07fd3c25953fbdcaa1e86e1bb2f4637836fc9e31f972ddd9de9
CLIENT_HANDSHAKE_TRAFFIC_SECRET dd1b1bdae6a47ac3535d470322193468f755341bed02ed99847858020fe1a78b 5dc13e8e46fae23b94c3b4c75cd57aa0a882f7e2331b49bc9c0635dc28a45934
SERVER_HANDSHAKE_TRAFFIC_SECRET dd1b1bdae6a47ac3535d470322193468f755341bed02ed99847858020fe1a78b ce50cc510fcf9cedd286f201fa96d8c39af530cf2cf3fcb182f7bcf4d4c60133
CLIENT_TRAFFIC_SECRET_0 dd1b1bdae6a47ac3535d470322193468f755341bed02ed99847858020fe1a78b a6082081f6705fbc6a59d790e8b6337718441382611795d03c51faccb35f31da
SERVER_TRAFFIC_SECRET_0 dd1b1bdae6a47ac3535d470322193468f755341bed02ed99847858020fe1a78b c7260d0d0bea8ebad394d758a299e1c3b9b2cccd8543169c7f42b095b61d1a66
CLIENT_HANDSHAKE_TRAFFIC_SECRET d59aa4bfc17881e15002bdf11b3448040440086bce500fce35216da83f9b1103 7cb286f4c1fdbfce4d4c366d9dbaaa19f43eaf5630ea4d02b8b619116084680c
SERVER_HANDSHAKE_TRAFFIC_SECRET d59aa4bfc17881e15002bdf11b3448040440086bce500fce35216da83f9b1103 ee943bb26065401e7eca4118c476eb695455ab0b6a7ac97d04878fbd62cf2b2b
CLIENT_TRAFFIC_SECRET_0 d59aa4bfc17881e15002bdf11b3448040440086bce500fce35216da83f9b1103 39163338f648c04503ccbedff8b1bb76ec132edcfbda9820a72e74c81b42dbfb
SERVER_TRAFFIC_SECRET_0 d59aa4bfc17881e15002bdf11b3448040440086bce500fce35216da83f9b1103 38a3aa2c46da96bce52273b7012a8656c290eb5ebec363e0982ee9c2bcecaacd
CLIENT_HANDSHAKE_TRAFFIC_SECRET 5133b08664b714a149d2c34c1f12ff95303d817887906f58b677c132094a477e 6588b174e415970407cd0c9d4240c89492bb6481c45b388c96e4ace2702e8dc9
SERVER_HANDSHAKE_TRAFFIC_SECRET 5133b08664b714a149d2c34c1f12ff95303d817887906f58b677c132094a477e 07c0ca0df2d5face6f088ef26fda013a1ab177085fc3c498dd3a723c650fd793
CLIENT_TRAFFIC_SECRET_0 5133b08664b714a149d2c34c1f12ff95303d817887906f58b677c132094a477e 0743963d2f002496503537a88655cb5dde65f1cfeeaf76611e56bd0f90bfdb86
SERVER_TRAFFIC_SECRET_0 5133b08664b714a149d2c34c1f12ff95303d817887906f58b677c132094a477e e19781db57f6831b004d256169cf8c3ff540665ede0c7e252d9a7799a70d7efc
CLIENT_HANDSHAKE_TRAFFIC_SECRET c162704934109991491b5441b18220de1cb51c43b1d1f2ccff1bd8a9ad67a2cb 632e0f0cc9193b4a5e1ea28d06e2862d54717ff2493e8bfd54343424b49578b2
SERVER_HANDSHAKE_TRAFFIC_SECRET c162704934109991491b5441b18220de1cb51c43b1d1f2ccff1bd8a9ad67a2cb 5cf1bc5d9a23913fa7d266f65ef2c88b72a4072346b94a04a11c1abfc0fb9367
CLIENT_TRAFFIC_SECRET_0 c162704934109991491b5441b18220de1cb51c43b1d1f2ccff1bd8a9ad67a2cb d9498727d3e80e9e37f51939073e327a8d8364c02250848ede183fc1a6e10d2b
SERVER_TRAFFIC_SECRET_0 c162704934109991491b5441b18220de1cb51c43b1d1f2ccff1bd8a9ad67a2cb 91938dd9d37407ca09a1ac66412660b9bc8cdd16d73048acbc48b030a79ba88a
CLIENT_HANDSHAKE_TRAFFIC_SECRET c92eddc73fd14be7440e1e9fe89f4b3fffc7fce085c16c87b8deddb5f3cbf73b f4483b5c5ac2075b207dcdb7e0822969e5fb24576a88d846bfba254016400009
SERVER_HANDSHAKE_TRAFFIC_SECRET c92eddc73fd14be7440e1e9fe89f4b3fffc7fce085c16c87b8deddb5f3cbf73b 33ad796c171eccf4429d540d7bf6a079673d8c965df0a8f730f56a36306f119f
CLIENT_TRAFFIC_SECRET_0 c92eddc73fd14be7440e1e9fe89f4b3fffc7fce085c16c87b8deddb5f3cbf73b 1cad430298fc3c08e41891b1231438c3d6367b74284161e4c845a887ec76c6aa
SERVER_TRAFFIC_SECRET_0 c92eddc73fd14be7440e1e9fe89f4b3fffc7fce085c16c87b8deddb5f3cbf73b f594da5e775395408b846df129dd8fccbf7d25be37fdc1d74ae0883f1fbef4b6
CLIENT_HANDSHAKE_TRAFFIC_SECRET d1af5ed1d522a79e98beaa876ed9c726dfaaca3a3cd0431cfbd8fb493b8769a3 111c2d7b18f4b899831ec383dbaa54f6c61c43cbc81c2f2714a97c5f47914fce
SERVER_HANDSHAKE_TRAFFIC_SECRET d1af5ed1d522a79e98beaa876ed9c726dfaaca3a3cd0431cfbd8fb493b8769a3 a29048cb38afa48e0158bb82e1b37d771cd192fca568ed6c999fb313c0883c33
CLIENT_TRAFFIC_SECRET_0 d1af5ed1d522a79e98beaa876ed9c726dfaaca3a3cd0431cfbd8fb493b8769a3 90ee9ea42ce34f1cdb4eb0c1302eca07131c99be3ddc91dc5a19e32001d7bae9
SERVER_TRAFFIC_SECRET_0 d1af5ed1d522a79e98beaa876ed9c726dfaaca3a3cd0431cfbd8fb493b8769a3 55d6f7591295ea5e5c0c887fc0984eb6889b32159a0f6346dc25ee4f77b1a860
CLIENT_HANDSHAKE_TRAFFIC_SECRET 8f3549a9421d706d2d537a9063ec92e55cacf58442f91fb51e6b7baee9292712 011913b7e1fa85c7eb5a7d42c0190ac16f9d0a23ce941f9e64276f77b91bd27d
SERVER_HANDSHAKE_TRAFFIC_SECRET 8f3549a9421d706d2d537a9063ec92e55cacf58442f91fb51e6b7baee9292712 9c7eeebf3b6358a025c5fc09f59feaeccb9fdd2ad6abbb820ce8cbdae472de14
CLIENT_TRAFFIC_SECRET_0 8f3549a9421d706d2d537a9063ec92e55cacf58442f91fb51e6b7baee9292712 6da2b5606b275abc02415a4e8b1f7fb50bcbec92bef307b4c2ed0b2e7b5ae762
SERVER_TRAFFIC_SECRET_0 8f3549a9421d706d2d537a9063ec92e55cacf58442f91fb51e6b7baee9292712 1ba9bab1ba830c89d33612d7a25e49d2a194027ce165251ff562a2fa7207c962
CLIENT_HANDSHAKE_TRAFFIC_SECRET ae360c4334e99414b1954cea59bbd5fa8abd3709cd6767ee0908c52c3e85d0f4 1e521f3445dc3785012287c0ea172532d400ceeb659818d785fe7b2c9b4b6ca9
SERVER_HANDSHAKE_TRAFFIC_SECRET ae360c4334e99414b1954cea59bbd5fa8abd3709cd6767ee0908c52c3e85d0f4 b8dcba6190a5fe6cab8fc01a41b79239a0f9f44477cac60f52f8b9df76e1875b
CLIENT_TRAFFIC_SECRET_0 ae360c4334e99414b1954cea59bbd5fa8abd3709cd6767ee0908c52c3e85d0f4 d57ab1be6c14c819fc165881c17752e6a72a4ce23b6788ac3324593ee0aaeaf8
SERVER_TRAFFIC_SECRET_0 ae360c4334e99414b1954cea59bbd5fa8abd3709cd6767ee0908c52c3e85d0f4 e2f7d2947065b5e836954a43d46c1a671a745bf5ccd8d2a9d1ddda6cc1dc4c95
CLIENT_HANDSHAKE_TRAFFIC_SECRET 2765998887df03ed0e323dd859fa173532523c161f761253fddb7ec2af7e4b59 038c029bc7af040f56bd92f0dfe1434966c88ca9c4cf4c2752faebd66fa48064
SERVER_HANDSHAKE_TRAFFIC_SECRET 2765998887df03ed0e323dd859fa173532523c161f761253fddb7ec2af7e4b59 04842c4be920b9b36beaa2a9dd5e9f4f4e4f622bf42ef0769fc64696ed8ed22e
CLIENT_TRAFFIC_SECRET_0 2765998887df03ed0e323dd859fa173532523c161f761253fddb7ec2af7e4b59 f2f54e158c0f2b94309fbb98acdaa2389c6eb164a0b3fadc9ea5d2ca22abe9d2
SERVER_TRAFFIC_SECRET_0 2765998887df03ed0e323dd859fa173532523c161f761253fddb7ec2af7e4b59 81e82238f81df1bff47f8ef94062c838e5b440434791bb9f7a36a3423cd6256e
CLIENT_HANDSHAKE_TRAFFIC_SECRET ab507486e07c0d57790109e3b0f9e572337fd4afbf92831ec0042d05614f1eb5 837b60f81820cb2f71cafbc8c20735822da6ba312f3dcc2919463d25ffd6ddd9
SERVER_HANDSHAKE_TRAFFIC_SECRET ab507486e07c0d57790109e3b0f9e572337fd4afbf92831ec0042d05614f1eb5 c87693e3dd5f7b3f44a918a37f2b61b7d216293deb13ab3a378ce71b58650e11
CLIENT_TRAFFIC_SECRET_0 ab507486e07c0d57790109e3b0f9e572337fd4afbf92831ec0042d05614f1eb5 d5d93fb857936472f4d3ddd8c3f3a4d7ba2f178f09574b825c6bc480b5c0ddaf
SERVER_TRAFFIC_SECRET_0 ab507486e07c0d57790109e3b0f9e572337fd4afbf92831ec0042d05614f1eb5 21de7296a0a5f1d98dee778866fcbc5003577fd22e85484239e22ad7d9e34399
CLIENT_HANDSHAKE_TRAFFIC_SECRET 4479f5003a579a44b02846f4a813a900c5b4ad19c54668a1c48ed534d29cd7f6 c605abef551cc55106daa13f7d2fe1cf9c0280a5f5ac9959cd77fef74eb70e53
SERVER_HANDSHAKE_TRAFFIC_SECRET 4479f5003a579a44b02846f4a813a900c5b4ad19c54668a1c48ed534d29cd7f6 04aac65ac25ce89ac36c88269b449dd381b88b240dee6f337c072662ec59250e
CLIENT_TRAFFIC_SECRET_0 4479f5003a579a44b02846f4a813a900c5b4ad19c54668a1c48ed534d29cd7f6 d9abddca1a60d0c1548220c96cafd597fd9c7acb5b6eb932b26f3ce1414806f5
SERVER_TRAFFIC_SECRET_0 4479f5003a579a44b02846f4a813a900c5b4ad19c54668a1c48ed534d29cd7f6 2dfafdaae7368827d276d6f12fc456a69ce3a235494c541ec987aae94f7af620
CLIENT_HANDSHAKE_TRAFFIC_SECRET 66822c0e447d50c90c02d53d96a45212cd6f46bfad25e056c4f901453cbcad0a b22c466e42a92566267f240b85cec397e67f328283cea808704892297af6b56f
SERVER_HANDSHAKE_TRAFFIC_SECRET 66822c0e447d50c90c02d53d96a45212cd6f46bfad25e056c4f901453cbcad0a 2fb34c24741bcf29b7359ca849a11149e0cb0df9efbfb0c77d8c3702841b499f
CLIENT_TRAFFIC_SECRET_0 66822c0e447d50c90c02d53d96a45212cd6f46bfad25e056c4f901453cbcad0a d32271bec187440ad5568bccc7ad687c84523da7a6db7412e3e4e7923e2ce94d
SERVER_TRAFFIC_SECRET_0 66822c0e447d50c90c02d53d96a45212cd6f46bfad25e056c4f901453cbcad0a 5bf89c08a76bd0fb1cd6643dd57f1b3631d47b87f68d939b7c56aeb7ea56d9e8
CLIENT_HANDSHAKE_TRAFFIC_SECRET 704d41cde99465ec7d99143fb9a71a73adba2bae6f66a5b7b29133c97288598b 4d69559900d953c4dbb13d3ff357e66b76e4d9687a4c5a2b6b6161162514dd61
SERVER_HANDSHAKE_TRAFFIC_SECRET 704d41cde99465ec7d99143fb9a71a73adba2bae6f66a5b7b29133c97288598b d91353191fc486261e3f3370756cecab2a8be2358009899c0da1f0bd7b977003
CLIENT_TRAFFIC_SECRET_0 704d41cde99465ec7d99143fb9a71a73adba2bae6f66a5b7b29133c97288598b 3cc1dfaac37fc083986e9b294979ab989a2157993ac6d423d6c6e569299607ac
SERVER_TRAFFIC_SECRET_0 704d41cde99465ec7d99143fb9a71a73adba2bae6f66a5b7b29133c97288598b 7699d1600539bff37cba95151de7d4262eb0eb4ee63e0d2d83c618746343cab3
CLIENT_HANDSHAKE_TRAFFIC_SECRET 682ff0752f0076b5475c8c9757d6f19b85c322c21013a41010e3303016d5c877 d73513d075644214b202d9cbc84e3de975096dd722a4fdf62d9fa9e96832e901
SERVER_HANDSHAKE_TRAFFIC_SECRET 682ff0752f0076b5475c8c9757d6f19b85c322c21013a41010e3303016d5c877 945f3ca0e6874a8bf982adce76b2601ee9d31a6dc8e55c95d5f57addc8dde435
CLIENT_TRAFFIC_SECRET_0 682ff0752f0076b5475c8c9757d6f19b85c322c21013a41010e3303016d5c877 733f1c31dc5f29eb8cf22b0d904f0fd1613f24fcb861571e0777edd26e0a61fa
SERVER_TRAFFIC_SECRET_0 682ff0752f0076b5475c8c9757d6f19b85c322c21013a41010e3303016d5c877 90270110c5be71045138ab09af6c33af6f84f00d079f1be52d89c6aab99962cb
CLIENT_HANDSHAKE_TRAFFIC_SECRET b5d8f231b267b7389b2c700d0cbbe73e10a992f2b5ff4cea2a4b63c0fefba562 bf0df8db34622eb49655f51ed2398267e0c7e9c8e3c99e4f82d08b5025ddf08b
SERVER_HANDSHAKE_TRAFFIC_SECRET b5d8f231b267b7389b2c700d0cbbe73e10a992f2b5ff4cea2a4b63c0fefba562 844094224dae4c1c43acff316227e353174f1897ff4783bcb2f85fd68765db43
CLIENT_TRAFFIC_SECRET_0 b5d8f231b267b7389b2c700d0cbbe73e10a992f2b5ff4cea2a4b63c0fefba562 c2390e80adf06616056f1ef235fd8985dac135533481b579a4d30cee1c116f26
SERVER_TRAFFIC_SECRET_0 b5d8f231b267b7389b2c700d0cbbe73e10a992f2b5ff4cea2a4b63c0fefba562 2ad1bb70ac9ba7092877c8ada0e9151ad3709db2ff93158b35a1c81f09f06840
CLIENT_HANDSHAKE_TRAFFIC_SECRET df7dc49e1c839f49d71ebda8fe4b7f6a1c9b3825b5c7e666d77084248c21d1ea e5dd44d0b3e8ef0a708cffc9088a80980fdd5552bd10cd36236585b8d9dd3612
SERVER_HANDSHAKE_TRAFFIC_SECRET df7dc49e1c839f49d71ebda8fe4b7f6a1c9b3825b5c7e666d77084248c21d1ea 099b23b85a1ca3c4a77617a412d0ca126fd0380990b180af9b1842782bb20807
CLIENT_TRAFFIC_SECRET_0 df7dc49e1c839f49d71ebda8fe4b7f6a1c9b3825b5c7e666d77084248c21d1ea 2d6de79f9a8d616e573686bae8783d2028144e21b909eb7f4695c11c6f55456c
SERVER_TRAFFIC_SECRET_0 df7dc49e1c839f49d71ebda8fe4b7f6a1c9b3825b5c7e666d77084248c21d1ea 2bca49fb2c9b5d7a82ee24b4e00767c3b4a83310250beb15bb6615523d01a910
CLIENT_HANDSHAKE_TRAFFIC_SECRET c1f9377338bb8b1e6e5ef1c393b19d12ef7d7b816d7a41f12bae427442038327 aae439aa18d2a1eebca384a06973bc7531a830087818e06d80d235d356775a0f
SERVER_HANDSHAKE_TRAFFIC_SECRET c1f9377338bb8b1e6e5ef1c393b19d12ef7d7b816d7a41f12bae427442038327 25c1cca0d33d1e7e1477e858eceeb07b3694f72503e5c5cf194fbda1b4b00640
CLIENT_TRAFFIC_SECRET_0 c1f9377338bb8b1e6e5ef1c393b19d12ef7d7b816d7a41f12bae427442038327 94a38b44028c1e7f1e49a6000bf1347e58f99aec4f7baaf528f67cc586dbe103
SERVER_TRAFFIC_SECRET_0 c1f9377338bb8b1e6e5ef1c393b19d12ef7d7b816d7a41f12bae427442038327 554a60551dfa463d480ff293ba9426411f1761f6bd8953508f10e2031e73e67a
CLIENT_HANDSHAKE_TRAFFIC_SECRET 9963a7125e57c0004d50739507d692f97c4490a4c4a4ea2cdcefd89b9b7e2b2a 3a17fa4648db78b41f3b205380936ccf3e1754778a5ac8e3e80008f1b8e3aa11
SERVER_HANDSHAKE_TRAFFIC_SECRET 9963a7125e57c0004d50739507d692f97c4490a4c4a4ea2cdcefd89b9b7e2b2a 33fbd82462376789742844e557717f18ff998e4b196d985593e2a008c4050e82
CLIENT_TRAFFIC_SECRET_0 9963a7125e57c0004d50739507d692f97c4490a4c4a4ea2cdcefd89b9b7e2b2a 8008e6a4fb470139bc59283bda9a01881417e770f25340ad186d8d328d2676aa
SERVER_TRAFFIC_SECRET_0 9963a7125e57c0004d50739507d692f97c4490a4c4a4ea2cdcefd89b9b7e2b2a 911aff5d4b7ce72ade1a4735ef97eb0ae4d19b3986e669d3a75876145b0b4b36
CLIENT_HANDSHAKE_TRAFFIC_SECRET f1128af3fad181c6ea532007f6590c3c64b0f0ce3db82d8d5bff8524bfbfc20c 250f9f06d87ef0d798f0c60d3e8fe15882f939c13d76a30942cf4e21bc5c2f12
SERVER_HANDSHAKE_TRAFFIC_SECRET f1128af3fad181c6ea532007f6590c3c64b0f0ce3db82d8d5bff8524bfbfc20c 50b831bf0a3e55357468e23ce063e3bdb3fd3cd4d7c5c1c87561baf1a0cac1dc
CLIENT_TRAFFIC_SECRET_0 f1128af3fad181c6ea532007f6590c3c64b0f0ce3db82d8d5bff8524bfbfc20c 0a11f86143a45f4fb42eb28a936059d34fa109a08d05e7c61731ee36e87c1556
SERVER_TRAFFIC_SECRET_0 f1128af3fad181c6ea532007f6590c3c64b0f0ce3db82d8d5bff8524bfbfc20c 93020d13405de0931ba39447cc53162bdcdeb59606d4c6930d6c7db4e0653ae1
CLIENT_HANDSHAKE_TRAFFIC_SECRET 4c71a91b02ba82fa656095beb967a2c85df56f31fd14fe3d92a86f30d2e326b9 e7dcdc9481acc87abebcc49965b6e4d89fdd077a462b9d5ce4f1bb038c911dbf
SERVER_HANDSHAKE_TRAFFIC_SECRET 4c71a91b02ba82fa656095beb967a2c85df56f31fd14fe3d92a86f30d2e326b9 7ce2391a81f6c4e29679634eb006eb0d39527ba90ecd73ec95bbe528da603e71
CLIENT_TRAFFIC_SECRET_0 4c71a91b02ba82fa656095beb967a2c85df56f31fd14fe3d92a86f30d2e326b9 718db517393ec5f9f5331533cd9c673f21513aada712eb9957d767d0a55e188d
SERVER_TRAFFIC_SECRET_0 4c71a91b02ba82fa656095beb967a2c85df56f31fd14fe3d92a86f30d2e326b9 bd1d09849e835ee62a302e302ebb0a0be5641c57a244e2422e27273c38fce145
CLIENT_HANDSHAKE_TRAFFIC_SECRET 6a7eda1a1e4f2563332a5b86fba963f83d33d712a026e2a65332405f153d2653 464ef547cc3e61867701154fa4654d50b1e1fed037713914eea47ea9e82e9b4f
SERVER_HANDSHAKE_TRAFFIC_SECRET 6a7eda1a1e4f2563332a5b86fba963f83d33d712a026e2a65332405f153d2653 ff388eb13c5309633494a5647f75efd872d08c64090bc7da59aa55f12b057ec9
CLIENT_TRAFFIC_SECRET_0 6a7eda1a1e4f2563332a5b86fba963f83d33d712a026e2a65332405f153d2653 4f5a3088cd6ce5dab4e03daca6bb18641b2f89ce92e917b83eb61946d24c6955
SERVER_TRAFFIC_SECRET_0 6a7eda1a1e4f2563332a5b86fba963f83d33d712a026e2a65332405f153d2653 1ce916621a73e5f1819298eccc091f7aa3eee91a577938c8bdda3daddf91fb04
CLIENT_HANDSHAKE_TRAFFIC_SECRET 9e3288dc5575f1fd2e59f8b1dd464431fe55242d0e3a32fcd713363294ad8bab e2b0eb98c43db0ffb934f57bc059fabc1fda417f63955d7ba9e3e22c4d7578b5
SERVER_HANDSHAKE_TRAFFIC_SECRET 9e3288dc5575f1fd2e59f8b1dd464431fe55242d0e3a32fcd713363294ad8bab d327dc159439d0cfc4a11108ee38ccf46aa22af7d745717cbc4c7c3e83e8c68c
CLIENT_TRAFFIC_SECRET_0 9e3288dc5575f1fd2e59f8b1dd464431fe55242d0e3a32fcd713363294ad8bab c86b4eeeab01bcde0417a7f3606309694950beb35b38eeb66f594cabc8987f6d
SERVER_TRAFFIC_SECRET_0 9e3288dc5575f1fd2e59f8b1dd464431fe55242d0e3a32fcd713363294ad8bab d280d09f85e5fb01a9f021ec6b0a68d55f939bfc25bce014a571292e62d2bc2a
CLIENT_HANDSHAKE_TRAFFIC_SECRET a7112fcc2bc07405528625c72301325d3b2276e79e785d610e7d76f81174f06d f410f0c6a98b48e2592130ee93a54d033961d8a80ccbb227f38780f83bbda87e
SERVER_HANDSHAKE_TRAFFIC_SECRET a7112fcc2bc07405528625c72301325d3b2276e79e785d610e7d76f81174f06d 85d7eef4fc692bce47d44170ab4a16891cfcc93ed85963494f9868b11a07f486
CLIENT_TRAFFIC_SECRET_0 a7112fcc2bc07405528625c72301325d3b2276e79e785d610e7d76f81174f06d 2bef7cd99750602c2535eb63919480c7d6e2d3d531f8bf885b8015e5b1757ad3
SERVER_TRAFFIC_SECRET_0 a7112fcc2bc07405528625c72301325d3b2276e79e785d610e7d76f81174f06d 10d1eac37ca4fcd7335dc0c65cc0d52a15027204102899c393eb0df3c0b67376
CLIENT_HANDSHAKE_TRAFFIC_SECRET 3fc629bd102076b0c85590c868c79925edee6473c61b083fa20adaa0eb8a8801 b229bcf547ee477fe8485a6f022b60e92426db2c218b131de07f38a73635e76b
SERVER_HANDSHAKE_TRAFFIC_SECRET 3fc629bd102076b0c85590c868c79925edee6473c61b083fa20adaa0eb8a8801 91670b5d5bc157c5855ad1b8169c19aad5c624b2699a3ad0fa153fa7ea75f74c
CLIENT_TRAFFIC_SECRET_0 3fc629bd102076b0c85590c868c79925edee6473c61b083fa20adaa0eb8a8801 0663f6472baf00f80920a57c3ae07e808d3a5bed52342761290336677698d07e
SERVER_TRAFFIC_SECRET_0 3fc629bd102076b0c85590c868c79925edee6473c61b083fa20adaa0eb8a8801 25cd00f33cf297ed746196e97b22a2f33a6ea03ab6ac3a23c35775fb8669d25a
CLIENT_HANDSHAKE_TRAFFIC_SECRET b88b47491d017b6af2c09eaa2585a23cf370d0793b2374a9d67ba31f1c8c72c8 b0943b118e6e9214bcbba97a2d3db82bb24496002af5e7e033ceec93cbc00e09
SERVER_HANDSHAKE_TRAFFIC_SECRET b88b47491d017b6af2c09eaa2585a23cf370d0793b2374a9d67ba31f1c8c72c8 1b9739da79f0301731b4400f397d9ef8923482ebec760cd326580b1f58d1f376
CLIENT_TRAFFIC_SECRET_0 b88b47491d017b6af2c09eaa2585a23cf370d0793b2374a9d67ba31f1c8c72c8 65c850a4d6060974d4e06807fa19a732389b93ff86a2cff5559149cfe496ce45
SERVER_TRAFFIC_SECRET_0 b88b47491d017b6af2c09eaa2585a23cf370d0793b2374a9d67ba31f1c8c72c8 9ea1a0a37e4d2cdfcb7120de7f49f1b54a1c8b8a4ded9fc26c3423ef35ca048b
CLIENT_HANDSHAKE_TRAFFIC_SECRET 34e85011f4c3638b9f2ff3bd66d3fe4beeddca7549a9bb5beedc9adb77953b76 74f526bcff0da510b4d014162b44607c9290fc36575de10d20297098a7184e0c
SERVER_HANDSHAKE_TRAFFIC_SECRET 34e85011f4c3638b9f2ff3bd66d3fe4beeddca7549a9bb5beedc9adb77953b76 e90bd834988fd763722e832e27c16481a92d33214d6dbaeea336db9e004fedd0
CLIENT_TRAFFIC_SECRET_0 34e85011f4c3638b9f2ff3bd66d3fe4beeddca7549a9bb5beedc9adb77953b76 99a9786e103c9355e8f1dd97f5a46ad376e03e339302d49b13c5ddf965eeb849
SERVER_TRAFFIC_SECRET_0 34e85011f4c3638b9f2ff3bd66d3fe4beeddca7549a9bb5beedc9adb77953b76 4fcd3af038ccd0bf28b06b24d6d1dc1ada8281a403c6e96f9e95bda55cec2dd3
CLIENT_HANDSHAKE_TRAFFIC_SECRET 0d5b32d0ebc39671440ff66b0f32fcd458258020aff91c1c9f0a140eed4a1c13 dd5afd04d4fde51b4a9aa44890fdc67f1eec0ec309ea849e19a883627ba35807
SERVER_HANDSHAKE_TRAFFIC_SECRET 0d5b32d0ebc39671440ff66b0f32fcd458258020aff91c1c9f0a140eed4a1c13 687a022d8e067cb4e55ff96e6e162fe79b27c767185386e05f944068fadcbee8
CLIENT_TRAFFIC_SECRET_0 0d5b32d0ebc39671440ff66b0f32fcd458258020aff91c1c9f0a140eed4a1c13 9bfba672e6e5c6e3fdbc44df2da7b4af2465bd44e44de19d7834ab4583315543
SERVER_TRAFFIC_SECRET_0 0d5b32d0ebc39671440ff66b0f32fcd458258020aff91c1c9f0a140eed4a1c13 b9c4cd33b4197b993efae655e0c94d2146891c546ae3967ff0acd009669a2fd7
CLIENT_HANDSHAKE_TRAFFIC_SECRET 8c943b9304f6ba3587c388fd52d3019a615c365e884570b57bdd8a090cf4c816 508c7c1e6e9830d5f000973d467d66c29a70d5daec9e07aa39ea51bca61add6c
SERVER_HANDSHAKE_TRAFFIC_SECRET 8c943b9304f6ba3587c388fd52d3019a615c365e884570b57bdd8a090cf4c816 fceb40255ea085c429cd8b0a1594627a45f8754efe2513fd41147336104802f8
CLIENT_TRAFFIC_SECRET_0 8c943b9304f6ba3587c388fd52d3019a615c365e884570b57bdd8a090cf4c816 37ea3cb97ac48cc9dd8484a8f83feb0a8e5658387f28d4cee82f20431474305d
SERVER_TRAFFIC_SECRET_0 8c943b9304f6ba3587c388fd52d3019a615c365e884570b57bdd8a090cf4c816 d9971f908dcf3accdb7386bf0e11dcbaaf6cf68ad975ec1b45234f3d90f39e09
CLIENT_HANDSHAKE_TRAFFIC_SECRET 892e38cce6d232020c388b4f9e4689862682f592e46c4302a67f356172aa2053 c7086e52b7f4565f53b059be459db2c2ac7207618cc1ef37d40caf1571035ca4
SERVER_HANDSHAKE_TRAFFIC_SECRET 892e38cce6d232020c388b4f9e4689862682f592e46c4302a67f356172aa2053 fc0f5453680acc1e55e4b8d5648273fed62e03680a1dec9527f3a029dea04ede
CLIENT_TRAFFIC_SECRET_0 892e38cce6d232020c388b4f9e4689862682f592e46c4302a67f356172aa2053 41b0930807befc6f5726cb41d21bc34a5dfcc7842adccfeb896999ffebb2b7d1
SERVER_TRAFFIC_SECRET_0 892e38cce6d232020c388b4f9e4689862682f592e46c4302a67f356172aa2053 02b5150cb868062d8783ade71f022b2494c98f1a1d1ab66a7413ccb2893d8f8e
CLIENT_HANDSHAKE_TRAFFIC_SECRET 92f0023bc8ae823b7dc9b6371506243ccc3ad79a8ccb1d887c47e4966034bfea f9658f5a54b3dba84b47de856879a015916e66646a302504ffe94c4fd72bf448
SERVER_HANDSHAKE_TRAFFIC_SECRET 92f0023bc8ae823b7dc9b6371506243ccc3ad79a8ccb1d887c47e4966034bfea 3ef8530507cf98e94933c2139d196f87b0e2c6cf9553a28d92ae367732966e7f
CLIENT_TRAFFIC_SECRET_0 92f0023bc8ae823b7dc9b6371506243ccc3ad79a8ccb1d887c47e4966034bfea 30fda6fe3b703dfe875e0b6c4460d13f36408ffdb130113c679b55285584737b
SERVER_TRAFFIC_SECRET_0 92f0023bc8ae823b7dc9b6371506243ccc3ad79a8ccb1d887c47e4966034bfea 069baf19f87431f52a28749d68200cc5293ad8d30d01c4702865d2242ae960e6
CLIENT_HANDSHAKE_TRAFFIC_SECRET 19e7d0d8488d4b28218b4a8c7423117441ab1ce1761441135b59b270f2925091 2e19432ad4f30ad19be02bc99969ebb3d8f67be626da5a850eae69f43ccc7210
SERVER_HANDSHAKE_TRAFFIC_SECRET 19e7d0d8488d4b28218b4a8c7423117441ab1ce1761441135b59b270f2925091 2e2598e55b4aed6d05b352d2c86efa1b1aad451405836563adee0f25257f1679
CLIENT_TRAFFIC_SECRET_0 19e7d0d8488d4b28218b4a8c7423117441ab1ce1761441135b59b270f2925091 f321a45d4f0e24d46d58cd181dad389212883f14179960e4d8e2501bb1e43ce3
SERVER_TRAFFIC_SECRET_0 19e7d0d8488d4b28218b4a8c7423117441ab1ce1761441135b59b270f2925091 670f3c529eec3430ed40c415e37647b37f0f700210facc0aa125e3105d645d57
CLIENT_HANDSHAKE_TRAFFIC_SECRET d85c8bc7f97d25fb16b3afeb729788dce005870e1e45f568a938c54b806e550e 8e234e63f1001d0dbce6361aea9abc3b777862b80b230585572e3c9368056b6f
SERVER_HANDSHAKE_TRAFFIC_SECRET d85c8bc7f97d25fb16b3afeb729788dce005870e1e45f568a938c54b806e550e 9572c4719d511bd719955a1f3b03c913c6fbaaa7ef462463ed10ce968852b80e
CLIENT_TRAFFIC_SECRET_0 d85c8bc7f97d25fb16b3afeb729788dce005870e1e45f568a938c54b806e550e b6e360e2a0b9910884adab7d25b6c228b02c7be2fad0bd4cdd9631951ea15621
SERVER_TRAFFIC_SECRET_0 d85c8bc7f97d25fb16b3afeb729788dce005870e1e45f568a938c54b806e550e 8f76c3e3cee9e2f5fc055db6a6a0018dc6f2934f622c787b5bb63f893ff53844
CLIENT_HANDSHAKE_TRAFFIC_SECRET 97b680c061b5e4a666f9ede06775c6d7eb708789a4fbd79acd67ae42dc50f892 eab39cbe47a21ba604059a6d9228765c0729adf5fd34196303509cf3bf58f451
SERVER_HANDSHAKE_TRAFFIC_SECRET 97b680c061b5e4a666f9ede06775c6d7eb708789a4fbd79acd67ae42dc50f892 dcc1cd705e06eb871fc60080bbe824d8d0f482c9317e13efd4b87742f315b36a
CLIENT_TRAFFIC_SECRET_0 97b680c061b5e4a666f9ede06775c6d7eb708789a4fbd79acd67ae42dc50f892 1e29e6bce84f68bfe323ad5629afd9b3e9066337da1974178c43a077e48c78cf
SERVER_TRAFFIC_SECRET_0 97b680c061b5e4a666f9ede06775c6d7eb708789a4fbd79acd67ae42dc50f892 f40b941855e2a7b389c16cf1a698e43535a43f240e80e32933321c627605b1fe
CLIENT_HANDSHAKE_TRAFFIC_SECRET 01bea89b806387e73e1343749a15b9638c952d9fb660698215d4c715a232f2dd 71473d709c759524a02c5509a9448298a22e441a8cf6b1d25ea65738f06bece7
SERVER_HANDSHAKE_TRAFFIC_SECRET 01bea89b806387e73e1343749a15b9638c952d9fb660698215d4c715a232f2dd 402d62abe3f89b18047ca998cbe11c1afbdd5bc9201f5c0723c3d9454c9a31e3
CLIENT_TRAFFIC_SECRET_0 01bea89b806387e73e1343749a15b9638c952d9fb660698215d4c715a232f2dd 779c3ea37769a2819d4d2629e0d3dd5c31375025bb83a16aa0272139be1750be
SERVER_TRAFFIC_SECRET_0 01bea89b806387e73e1343749a15b9638c952d9fb660698215d4c715a232f2dd 76bdb437b7fbde87146f769fae261e69a34bbad6b2c6b4e81b3d578e72992382
CLIENT_HANDSHAKE_TRAFFIC_SECRET 9a89952466854a530662a9a68da068de782dee0034fcf1a36bd64e49b2cc53b0 761ae47685f79ae0d192d049696603f16a8e37f30fdae4250dc00342fd9d4c65
SERVER_HANDSHAKE_TRAFFIC_SECRET 9a89952466854a530662a9a68da068de782dee0034fcf1a36bd64e49b2cc53b0 0794518638295efded5722ef3169f58475ef52f3fdd2eba922b85bcc60d601a1
CLIENT_TRAFFIC_SECRET_0 9a89952466854a530662a9a68da068de782dee0034fcf1a36bd64e49b2cc53b0 9a4fddb472d8087777c76f6be8281448bfb66b7b83cca9f180b88aabec9673d6
SERVER_TRAFFIC_SECRET_0 9a89952466854a530662a9a68da068de782dee0034fcf1a36bd64e49b2cc53b0 cf72ecef4f22e8211d4d4b7352441b2870031ad19ea372a806e2b95c56003b20
CLIENT_HANDSHAKE_TRAFFIC_SECRET 6a3f1835f63573f435e3c2213cfb2033c6b9ef21ce8f63925ff8257b73b73206 a8a4ffd78f20b7eed88c8f73898c34f456ba84e3d6566338c547ef722de4fd63
SERVER_HANDSHAKE_TRAFFIC_SECRET 6a3f1835f63573f435e3c2213cfb2033c6b9ef21ce8f63925ff8257b73b73206 743003720029bafe40b23aa7f5541acfb33b6a68f5d861e2fe554e5d7df8def1
CLIENT_TRAFFIC_SECRET_0 6a3f1835f63573f435e3c2213cfb2033c6b9ef21ce8f63925ff8257b73b73206 1f83cedda743cea5e86901877a21eff3fa8b8ad85b6e05e390632b294f0f3a9c
SERVER_TRAFFIC_SECRET_0 6a3f1835f63573f435e3c2213cfb2033c6b9ef21ce8f63925ff8257b73b73206 80e1c89f9765f6fc0aaf4efd747a708744087ae8edf71cb4c5698e4302846418
CLIENT_HANDSHAKE_TRAFFIC_SECRET e2cf0253ee1c40633aa91c9ca961e2f7acd6fe71c2fa1377695b7c526dba9e65 fd56b70e311bf47f73cf9bf6d159e4dfd1cfaef3607fb4f21fa4f37339457caa
SERVER_HANDSHAKE_TRAFFIC_SECRET e2cf0253ee1c40633aa91c9ca961e2f7acd6fe71c2fa1377695b7c526dba9e65 6c35f351f58b6b62b8224f60537a5b47f2acdc9df3de0251894920d158a0b94c
CLIENT_TRAFFIC_SECRET_0 e2cf0253ee1c40633aa91c9ca961e2f7acd6fe71c2fa1377695b7c526dba9e65 a78f16d89bba2675147a97a7e55a054989f3476bafb78a0c80e96f18906c43ca
SERVER_TRAFFIC_SECRET_0 e2cf0253ee1c40633aa91c9ca961e2f7acd6fe71c2fa1377695b7c526dba9e65 9a1dcd7b996921e2b13067277b3a89e417ed9ce6eecb5a6aa906f445ace0bfe5
CLIENT_HANDSHAKE_TRAFFIC_SECRET 116b852c5597155903ee28aa00f00fe79ce3f9a2ecef359ebc0f5a16179ca51e 6f6a7f963c70b0ef42c7737d3f5bb27d0347e67764e6413e1084ed9b69f73e37
SERVER_HANDSHAKE_TRAFFIC_SECRET 116b852c5597155903ee28aa00f00fe79ce3f9a2ecef359ebc0f5a16179ca51e b988dfac3aa4b0d731c1c2e4a31df327f97d9804aa2091b0457ceeaf25e0b2ff
CLIENT_TRAFFIC_SECRET_0 116b852c5597155903ee28aa00f00fe79ce3f9a2ecef359ebc0f5a16179ca51e 36723219051bc749bd56b57852fbc64ade0c29836266a4d16075856c1140ef4d
SERVER_TRAFFIC_SECRET_0 116b852c5597155903ee28aa00f00fe79ce3f9a2ecef359ebc0f5a16179ca51e 9abf21882406c5bc98aa1397fc935deeba352683aafdc821b3894e8e2e130609
CLIENT_HANDSHAKE_TRAFFIC_SECRET ce5bec8e47bbd743c5512a75cc8cd5b311cc26f8f3f3b1ac3ea1a1808b0ec262 7084cd96227b54ec89f37d8b07a0cf8a39cde421f34225a82763f59fa4651ea4
SERVER_HANDSHAKE_TRAFFIC_SECRET ce5bec8e47bbd743c5512a75cc8cd5b311cc26f8f3f3b1ac3ea1a1808b0ec262 b3790686550a2c44a1b15da179c3a3fcfaa35a3ca9c502a817ca1ddbe8664ce5
CLIENT_TRAFFIC_SECRET_0 ce5bec8e47bbd743c5512a75cc8cd5b311cc26f8f3f3b1ac3ea1a1808b0ec262 04a6b48fd347f53086541ee5e51bbc3cca58074882a8ec115f0dfbce4d3fe12d
SERVER_TRAFFIC_SECRET_0 ce5bec8e47bbd743c5512a75cc8cd5b311cc26f8f3f3b1ac3ea1a1808b0ec262 3df5b62b1999c64e07050f195f1ba85ef21238f37a90c5b1e294defd1d8e360a
CLIENT_HANDSHAKE_TRAFFIC_SECRET fd7770c3aea88c8cb438ba505809aef5412355441d7d2a0b68b3bac917468d98 2e2221245429dc9dc327f8b004b8a4b09dc210282bf76c9292b511e7f1b05ce8
SERVER_HANDSHAKE_TRAFFIC_SECRET fd7770c3aea88c8cb438ba505809aef5412355441d7d2a0b68b3bac917468d98 cbaab865d51dda5356ae45f089872d92fc1ae0feb53ef476187c9e630c2bd5c2
CLIENT_TRAFFIC_SECRET_0 fd7770c3aea88c8cb438ba505809aef5412355441d7d2a0b68b3bac917468d98 1bea7373f09ad7331447262403c6f876362c7847cf99c71e234151883fb783e9
SERVER_TRAFFIC_SECRET_0 fd7770c3aea88c8cb438ba505809aef5412355441d7d2a0b68b3bac917468d98 da5921ead27b692a67ff5137fcb096e75a8971ffe119f85aab8964dc0298d6b1
CLIENT_HANDSHAKE_TRAFFIC_SECRET 2687b614ff3f956a780696e8ca5459ee966e98b3409ac0174804caa9e824c1d3 4e919a89a93fbd832b591bd92888bafed2ad927e29b2f11d5b8d96244067aee6
SERVER_HANDSHAKE_TRAFFIC_SECRET 2687b614ff3f956a780696e8ca5459ee966e98b3409ac0174804caa9e824c1d3 70f4e093cbe1565e6b653b2da124f5e0d0853ef2771ca865548bc6e7a004af02
CLIENT_TRAFFIC_SECRET_0 2687b614ff3f956a780696e8ca5459ee966e98b3409ac0174804caa9e824c1d3 fbca3d9e47d38bdc41b75bbcb5214563dbdf9ac027cbe194cec32f7fa666d0f9
SERVER_TRAFFIC_SECRET_0 2687b614ff3f956a780696e8ca5459ee966e98b3409ac0174804caa9e824c1d3 c2284ffd3c546110ea3b6a81a2ee62ecbb9371be641c6fa24f3e2e9251db842d
CLIENT_HANDSHAKE_TRAFFIC_SECRET 5968a016dc5bad81d9b445276e693b80ff1b55d32794356a9b63bf9653a2f5fe af2d71d64325ba6d13abf2ccf04304f3a8028ec2dbb8c9c040d86a8053049efc
SERVER_HANDSHAKE_TRAFFIC_SECRET 5968a016dc5bad81d9b445276e693b80ff1b55d32794356a9b63bf9653a2f5fe 114030ffb4dc8360624851f09e6ccb210632b2403a2845b37bb2e721f118b078
CLIENT_TRAFFIC_SECRET_0 5968a016dc5bad81d9b445276e693b80ff1b55d32794356a9b63bf9653a2f5fe 59ecbd183ea56e3b359b02327cf66ffa3a14f347c680397c58bfc0d7009a87cd
SERVER_TRAFFIC_SECRET_0 5968a016dc5bad81d9b445276e693b80ff1b55d32794356a9b63bf9653a2f5fe fbadf16f241653eef0d62dbb3a2083c81a1e2898d7e757cec01c9801c8419f8f
CLIENT_HANDSHAKE_TRAFFIC_SECRET c92b39685746a34d5351ddd59e4738d2b746ae3050827ae1d015bc404a1529e7 7d1d012f0b595aaa839213e3a2d2b4e95de62ad8f81e0c7aca0b07872b30156c
SERVER_HANDSHAKE_TRAFFIC_SECRET c92b39685746a34d5351ddd59e4738d2b746ae3050827ae1d015bc404a1529e7 ded2a2f12997bc159df553b8b4f858a09c9bcf4c04ed385fe375c7e1eb5dae8d
CLIENT_TRAFFIC_SECRET_0 c92b39685746a34d5351ddd59e4738d2b746ae3050827ae1d015bc404a1529e7 e18fa88615511ed4c172a768f027454255951b8c6eca8d8bf2f9e8cf66bda121
SERVER_TRAFFIC_SECRET_0 c92b39685746a34d5351ddd59e4738d2b746ae3050827ae1d015bc404a1529e7 45e500ca6794a3d0657732460d09147b2c321a5c6283505275e40a785152c579
CLIENT_HANDSHAKE_TRAFFIC_SECRET a87898dcd3657beb2f91e431d5894896d824bfd41c92dc09caff43c1ca406f9b 065b604c8ad08783aabec37d4df54f6736869ed0dbfb2e04522f5a6e7a225b54
SERVER_HANDSHAKE_TRAFFIC_SECRET a87898dcd3657beb2f91e431d5894896d824bfd41c92dc09caff43c1ca406f9b ea94af61eeda5d154b1cc3a7ca9b742cc972768b3c6c12be52f259dcef9180d7
CLIENT_TRAFFIC_SECRET_0 a87898dcd3657beb2f91e431d5894896d824bfd41c92dc09caff43c1ca406f9b 6f330851df50fbfc833a4916323a6e82dbe3f89346ec0a2f995237d432c29cd5
SERVER_TRAFFIC_SECRET_0 a87898dcd3657beb2f91e431d5894896d824bfd41c92dc09caff43c1ca406f9b c0ce9301e2aa250e08bb1ad0fafd93e6748b1ed96f3d8c609e8def9ff4bc02e8
CLIENT_HANDSHAKE_TRAFFIC_SECRET d76e7cfa667f6c4ef76d3408d7fe7e3213a788d7960c29056a3829061c745883 cb0dbbe31ce201ede7cf2b75848267062a321589d318961770a18f0b863843a5
SERVER_HANDSHAKE_TRAFFIC_SECRET d76e7cfa667f6c4ef76d3408d7fe7e3213a788d7960c29056a3829061c745883 e9ecd8e226bb12e5586119d3ea560cd2b7c2b2a4cbdeaa2373a6ce7b12e8b72a
CLIENT_TRAFFIC_SECRET_0 d76e7cfa667f6c4ef76d3408d7fe7e3213a788d7960c29056a3829061c745883 ecc31ff96feaec82023b1a3052c5bc333c108cdc368cc2ba3556940c0a5f80fe
SERVER_TRAFFIC_SECRET_0 d76e7cfa667f6c4ef76d3408d7fe7e3213a788d7960c29056a3829061c745883 962ffa1de23998717492e906393c8a14749ae8bd0c3252d3f566bdc3c247fb63
CLIENT_HANDSHAKE_TRAFFIC_SECRET 7b0df011f94450ad5104059bbc005306231228a5fee08e9340eddaee5d4c939c 386de2cbf838f44ca954c872b3f261174e6b0c1697a10d178c8a04cc413f51ba
SERVER_HANDSHAKE_TRAFFIC_SECRET 7b0df011f94450ad5104059bbc005306231228a5fee08e9340eddaee5d4c939c 4413d4d5c624865176fa8ab1e74935d3fa4cb79002cd4af220269d226c01db5f
CLIENT_TRAFFIC_SECRET_0 7b0df011f94450ad5104059bbc005306231228a5fee08e9340eddaee5d4c939c 21af895746e594b87a9aac36fe0ce64c01f6c3067b8e06dbb590c4f940ab454b
SERVER_TRAFFIC_SECRET_0 7b0df011f94450ad5104059bbc005306231228a5fee08e9340eddaee5d4c939c d9ff1af5033be751c599beafab7138d687a1918b9ed1c59d32cd6a2f1b97ff10
CLIENT_HANDSHAKE_TRAFFIC_SECRET 2bedb7b05ea9ec73d35f19a4ec3b68973388c374811da54deb34997705602fa6 7ba355613712e70033ae8efc8630f33b5191c581e05bf3b0b8afe039044c2e05
SERVER_HANDSHAKE_TRAFFIC_SECRET 2bedb7b05ea9ec73d35f19a4ec3b68973388c374811da54deb34997705602fa6 2f42153cf14833e446e2e62c501877129a35e4fc7dcf82456c15a329cf117e7a
CLIENT_TRAFFIC_SECRET_0 2bedb7b05ea9ec73d35f19a4ec3b68973388c374811da54deb34997705602fa6 d040a7b4e8dd2cde3559c423afe7a1c41c652cd3e01d5b3348dd823fc5befbbd
SERVER_TRAFFIC_SECRET_0 2bedb7b05ea9ec73d35f19a4ec3b68973388c374811da54deb34997705602fa6 cba290f34f911e5cced9b37621973c70d7ba4e8bf8b8a9a6aa6ab66dc78d28f7
CLIENT_HANDSHAKE_TRAFFIC_SECRET 69831545697fdb6acfcb0c56da53421dcf7b51f20cde80ec87ef6bfb8ee8c660 e3fd6a345a1aaa7844aba88a3f402038f25be611426c5fdfb66e059bd1761026
SERVER_HANDSHAKE_TRAFFIC_SECRET 69831545697fdb6acfcb0c56da53421dcf7b51f20cde80ec87ef6bfb8ee8c660 0928832d797b838b060b095be9d255b12adb18efc0de3c70d0d0aa105cadcc3a
CLIENT_TRAFFIC_SECRET_0 69831545697fdb6acfcb0c56da53421dcf7b51f20cde80ec87ef6bfb8ee8c660 868415509f8b79bc11b1aa562fc8b21e85c4f9de4a9d479a5f70c774c6c3c6df
SERVER_TRAFFIC_SECRET_0 69831545697fdb6acfcb0c56da53421dcf7b51f20cde80ec87ef6bfb8ee8c660 20d4c4a4a80cabdbb836ca4b3053b99158e22a4d6e772b94ef386fe1037a9fce
CLIENT_HANDSHAKE_TRAFFIC_SECRET 0e07569015bf6c7668b647444b607724c04e73e94b9277d40024e1aff4c32600 9714276f49d0349a794eb50028ab6337523079431abc350dec1ab1dbedb5d01a
SERVER_HANDSHAKE_TRAFFIC_SECRET 0e07569015bf6c7668b647444b607724c04e73e94b9277d40024e1aff4c32600 f309428d43b3f4e9933561e804c19bc5d9828459ef5d09f2b066b12b9679cc88
CLIENT_TRAFFIC_SECRET_0 0e07569015bf6c7668b647444b607724c04e73e94b9277d40024e1aff4c32600 f770aa6ade9c9a7c7645369af72cc121521a27a865cd4baaa6afc72e51fbba52
SERVER_TRAFFIC_SECRET_0 0e07569015bf6c7668b647444b607724c04e73e94b9277d40024e1aff4c32600 32b9e5f58d534d0ac27d24c497925b2725678f6befa0b229659c23a86ce00501
CLIENT_HANDSHAKE_TRAFFIC_SECRET d9c2f6a18c03df9e14b992d1d312cf8c02c8a04b5f9371f1dd55b3999f661f5e fd4f9761c91f3c6366404e3e8657dcf8cf1ad848ea6f6420648bbdd5597e67fe
SERVER_HANDSHAKE_TRAFFIC_SECRET d9c2f6a18c03df9e14b992d1d312cf8c02c8a04b5f9371f1dd55b3999f661f5e 4e9cf5bbe0a4a1a34f520b1d02750904ca391545211538d88fa5efc759764a3f
CLIENT_TRAFFIC_SECRET_0 d9c2f6a18c03df9e14b992d1d312cf8c02c8a04b5f9371f1dd55b3999f661f5e e3e25d4a2c5957b023cf5629dd6774807ef2fd6ba176e5b01987e22caa324692
SERVER_TRAFFIC_SECRET_0 d9c2f6a18c03df9e14b992d1d312cf8c02c8a04b5f9371f1dd55b3999f661f5e 1c3676bee3bfc7ddff22183e8d25018209e1ce5d3bcf4e540db20fa0354c9eab
CLIENT_HANDSHAKE_TRAFFIC_SECRET 838bc8ade400c0af6db9ca8b12cadf6a2faae65c225a3a1b7417de427af012e1 898379fd2684d1cee5c59ee3a58fd3ed758bf3c39e73a139e75face266aea2d8
SERVER_HANDSHAKE_TRAFFIC_SECRET 838bc8ade400c0af6db9ca8b12cadf6a2faae65c225a3a1b7417de427af012e1 45687e36fcd38086f9efd39ab0b0d10432e33c173ca71fb53e897623624a4a19
CLIENT_TRAFFIC_SECRET_0 838bc8ade400c0af6db9ca8b12cadf6a2faae65c225a3a1b7417de427af012e1 0884c3a11d7181787ecacfb8bf08e3674311726dd9c42a6d7a43a156c56393ce
SERVER_TRAFFIC_SECRET_0 838bc8ade400c0af6db9ca8b12cadf6a2faae65c225a3a1b7417de427af012e1 ede8d2a60fadc39cc11a329f8194256de63e793faef747ad83e5a14ee5207277
CLIENT_HANDSHAKE_TRAFFIC_SECRET 07dade0e02a9415d4c9608fe98544d403b5ec73cab99d4bf01e44e3f0df01e8d d5747119bb259915d467ef441d37836838de52f33fa967d3a9aaf756e0685e83
SERVER_HANDSHAKE_TRAFFIC_SECRET 07dade0e02a9415d4c9608fe98544d403b5ec73cab99d4bf01e44e3f0df01e8d 48b0e68f4ed1a3c8789d6dec918419b6d5156c1f7fdb95c4e5619f41032f999c
CLIENT_TRAFFIC_SECRET_0 07dade0e02a9415d4c9608fe98544d403b5ec73cab99d4bf01e44e3f0df01e8d 1c5b2a992569d56ed9e0e585be192378c6e8beefa7b92034983feea7275f23ea
SERVER_TRAFFIC_SECRET_0 07dade0e02a9415d4c9608fe98544d403b5ec73cab99d4bf01e44e3f0df01e8d 7ebdd670260f06c728b10910b7d3fb5467de24540c67dad4b132b4cf8535c335
CLIENT_HANDSHAKE_TRAFFIC_SECRET 9edf64e36ef32f13f477f857aaef2c10590f143f7493d36fcccf42026ad34b16 fec93c376171186c3fcfa598e1c60fe33f210d51a46f460b9a1d84c77a923f74
SERVER_HANDSHAKE_TRAFFIC_SECRET 9edf64e36ef32f13f477f857aaef2c10590f143f7493d36fcccf42026ad34b16 003aeb7b4f02aa2d1982f50f3a91f3dbd53d54001cd34883aa396b750fdbb5f6
CLIENT_TRAFFIC_SECRET_0 9edf64e36ef32f13f477f857aaef2c10590f143f7493d36fcccf42026ad34b16 58561722c00c5ae86503649e4020562b1ad332c7d2b18041f2d6d725dbda1e60
SERVER_TRAFFIC_SECRET_0 9edf64e36ef32f13f477f857aaef2c10590f143f7493d36fcccf42026ad34b16 000aca054e44eecd93f5660e0a3564894a423e6c66b229fc6e3c8f7fe0bb223b
CLIENT_HANDSHAKE_TRAFFIC_SECRET cbd5172a3cd2f49b6742fd2b774510c8984c510aef4d89b6767d3bc4e9da99f1 3abd3ef5aad2876a0093418c3a4ede4d38c4c91f62b7d1b905233b420f8ad773
SERVER_HANDSHAKE_TRAFFIC_SECRET cbd5172a3cd2f49b6742fd2b774510c8984c510aef4d89b6767d3bc4e9da99f1 95ff8f1147ea18af215b4ba34e3b1e7dc9bfcd9ec76b63c960280b92cb6cb4b6
CLIENT_TRAFFIC_SECRET_0 cbd5172a3cd2f49b6742fd2b774510c8984c510aef4d89b6767d3bc4e9da99f1 804e6b70b17ffe65708efcb58b2ca958d0f2a9f411e73ee7d0c4c4c0cab2ad7d
SERVER_TRAFFIC_SECRET_0 cbd5172a3cd2f49b6742fd2b774510c8984c510aef4d89b6767d3bc4e9da99f1 6595bc66a640514ee029b4ed553cadef3ecca46f459ad8fd597fbb7e6092d25f
CLIENT_HANDSHAKE_TRAFFIC_SECRET f78759989658585a3ea6a6b1a1da3a86d4b8cc2b56cdafa30d68eeedc30eff97 00e266b309b4682a66486e072170514de7f2d4a3d29152e3fb33174557e33122
SERVER_HANDSHAKE_TRAFFIC_SECRET f78759989658585a3ea6a6b1a1da3a86d4b8cc2b56cdafa30d68eeedc30eff97 c13ebd952a06cd2b5e0a867e953c24dc1a13817a60d42f0ae3c510e0877f89e1
CLIENT_TRAFFIC_SECRET_0 f78759989658585a3ea6a6b1a1da3a86d4b8cc2b56cdafa30d68eeedc30eff97 940608c5e3b2121d51080969b91d91f82a5ca5381f500a04cadeec7459b46158
SERVER_TRAFFIC_SECRET_0 f78759989658585a3ea6a6b1a1da3a86d4b8cc2b56cdafa30d68eeedc30eff97 cb7bffcfa8f21d43068d9a7f21f0251a85add7542db341bd64691f4130b6259f
CLIENT_HANDSHAKE_TRAFFIC_SECRET 7f7069478863626a1fe359daf8d7d5074283c4b1c383d7509e81a8015d37d8b1 ae679a759aba96c229078c3e94670511bec0e09b69e25977727eed11ebc9b995
SERVER_HANDSHAKE_TRAFFIC_SECRET 7f7069478863626a1fe359daf8d7d5074283c4b1c383d7509e81a8015d37d8b1 1d009e8abaa3110bab924d2c7d0a5fca515bbf45cf8914d0597d48b2aadbd690
CLIENT_TRAFFIC_SECRET_0 7f7069478863626a1fe359daf8d7d5074283c4b1c383d7509e81a8015d37d8b1 d8abe77df82ae3383541b3291ea023219cc7ca70b08322ccf091b33c43c3f23a
SERVER_TRAFFIC_SECRET_0 7f7069478863626a1fe359daf8d7d5074283c4b1c383d7509e81a8015d37d8b1 45a22c514b65746a12f209ef3ac86786df09e8bbb4578207612cedcb350537aa
CLIENT_HANDSHAKE_TRAFFIC_SECRET e9b78d84d807ee4270bd9b6d80884da4a3d4ac69907c8bfecb555d30e32e1405 c5df5809a485250d80fe05996faab727bb2509fe6a2ee53b3fbbcdefc1d42a65
SERVER_HANDSHAKE_TRAFFIC_SECRET e9b78d84d807ee4270bd9b6d80884da4a3d4ac69907c8bfecb555d30e32e1405 eabad837a4c8ea109ebabda78a6ddc6ebc0a2f8f6d4158454cbea5c43a787161
CLIENT_TRAFFIC_SECRET_0 e9b78d84d807ee4270bd9b6d80884da4a3d4ac69907c8bfecb555d30e32e1405 50fc87c5539a9592c97ab8e76ede57183588d9cfd62189585bdf5449b00c46cf
SERVER_TRAFFIC_SECRET_0 e9b78d84d807ee4270bd9b6d80884da4a3d4ac69907c8bfecb555d30e32e1405 17a9f80678af1f777f652a193192b0a2d6cd1efc6fe48628657dd5cebb0cfb30
CLIENT_HANDSHAKE_TRAFFIC_SECRET 724677b55c87a9a5c03ac8547df894eefcc56add93dd15746871902d81305a9a 995afc74c5d8a5cb1b8c5cf4775c57d54025a7476fbb3b370f72c0b798bca057
SERVER_HANDSHAKE_TRAFFIC_SECRET 724677b55c87a9a5c03ac8547df894eefcc56add93dd15746871902d81305a9a 1c9c636eaa48935de6f00864f9d06250d5f50a72e0bb7fd2cec116e0efab059c
CLIENT_TRAFFIC_SECRET_0 724677b55c87a9a5c03ac8547df894eefcc56add93dd15746871902d81305a9a 10d02497dffb9652051b4ad4bb6809cda62b66979cde3046ef7be750003959ed
SERVER_TRAFFIC_SECRET_0 724677b55c87a9a5c03ac8547df894eefcc56add93dd15746871902d81305a9a 87d0ddf82bab6824068aaeb056eb07251333e9f70cbe47d95191a9cd0e8030c6
CLIENT_HANDSHAKE_TRAFFIC_SECRET cdca98c853fa8644fc21aa495f3ced2cfcd1b3254e13a0eeaff18c59a87a66f5 603108308a767a7c2a2361e7e7717c15f3b8073af6439677b1f0fe5eba102aa3
SERVER_HANDSHAKE_TRAFFIC_SECRET cdca98c853fa8644fc21aa495f3ced2cfcd1b3254e13a0eeaff18c59a87a66f5 4fab73c655d7cdb81569ca0b14f644403fc1a2119a91c83fb6594568c0a5f17e
CLIENT_TRAFFIC_SECRET_0 cdca98c853fa8644fc21aa495f3ced2cfcd1b3254e13a0eeaff18c59a87a66f5 76514df997560163a83d733c55225290624bd53967055c033eb943fc268f6335
SERVER_TRAFFIC_SECRET_0 cdca98c853fa8644fc21aa495f3ced2cfcd1b3254e13a0eeaff18c59a87a66f5 5d1fcb2973325bd714d812f86ed094ec13fecfeaf98199326b423b614d1a7be0
CLIENT_HANDSHAKE_TRAFFIC_SECRET 001adb32f296e8dee0ac6e6efe7ebcace033617213cd3f49eb3e1b0306f274fc 50fa765ff2d85449c5311849baa8aa8ecdb0e7666ab09cf60bd3685a039a563f
SERVER_HANDSHAKE_TRAFFIC_SECRET 001adb32f296e8dee0ac6e6efe7ebcace033617213cd3f49eb3e1b0306f274fc 0bdb0e936c9a569d9bc74053c2a0f9303f332d0a8835be92b272531e35986c7a
CLIENT_TRAFFIC_SECRET_0 001adb32f296e8dee0ac6e6efe7ebcace033617213cd3f49eb3e1b0306f274fc 9fa95fd4aaf2c9bbb05ab59dfbf4fe8e01a57150c350fe20814551bf19b546d7
SERVER_TRAFFIC_SECRET_0 001adb32f296e8dee0ac6e6efe7ebcace033617213cd3f49eb3e1b0306f274fc 92eb315425e874b4e6b3cba7ed0d630159ee7818690fbbe8741156cc5a623a7e
CLIENT_HANDSHAKE_TRAFFIC_SECRET cf07acfdea73bf99c88ec2db5d7f35c23903a92fed5c2e1bd6d12eb3e2016dc7 de84f7c2170fe73038f669b749a2ccbe80e83be396a1d666bf797e89b88e4b0b
SERVER_HANDSHAKE_TRAFFIC_SECRET cf07acfdea73bf99c88ec2db5d7f35c23903a92fed5c2e1bd6d12eb3e2016dc7 48b442a327c11d301f8b66e643e455baa507d63a467e5c4cd877d853519b494e
CLIENT_TRAFFIC_SECRET_0 cf07acfdea73bf99c88ec2db5d7f35c23903a92fed5c2e1bd6d12eb3e2016dc7 d6b42f3cd93bda56955207e52e5fe4db812d79b318b9ad6ebf33a59c8e92fd59
SERVER_TRAFFIC_SECRET_0 cf07acfdea73bf99c88ec2db5d7f35c23903a92fed5c2e1bd6d12eb3e2016dc7 6b27e5c27da407dd6fe76f9c6bd5c3a08be5fb3fe41d70239230c8e266dce7ff
CLIENT_HANDSHAKE_TRAFFIC_SECRET 331bea7b09466c050d65fcde27db87059e669ed0fb0138eb5a59e8dffd66592d 176ce373a19b5cd1a0fa730d60c13813c1fbb491a7dd3e885b93e4fcf03333e4
SERVER_HANDSHAKE_TRAFFIC_SECRET 331bea7b09466c050d65fcde27db87059e669ed0fb0138eb5a59e8dffd66592d eb56b966e65c7cbb89a051fe8cf2571ba26c28d6c336e4602103bd2ca8d6bbea
CLIENT_TRAFFIC_SECRET_0 331bea7b09466c050d65fcde27db87059e669ed0fb0138eb5a59e8dffd66592d 9651358773e5ad31f2e644031fbfab467bcf58dfe43acc7a830ae10d4444c6af
SERVER_TRAFFIC_SECRET_0 331bea7b09466c050d65fcde27db87059e669ed0fb0138eb5a59e8dffd66592d 0f1939a4715727ff99ecad0d525d1275a79dbad91dec4edaab537ce459358a69
CLIENT_HANDSHAKE_TRAFFIC_SECRET f3731a9ceb77510bf71672b70a1e577774a1384a59014894a97ff960b5524e1f 03940583e464d6727b88a218c8bc7470ed0c66d01289255e7890adf8d62524b4
SERVER_HANDSHAKE_TRAFFIC_SECRET f3731a9ceb77510bf71672b70a1e577774a1384a59014894a97ff960b5524e1f 3230578915c94eaf8a68be5edb53a7e321d15e3f785ebb8f0423503cbfc366dd
CLIENT_TRAFFIC_SECRET_0 f3731a9ceb77510bf71672b70a1e577774a1384a59014894a97ff960b5524e1f 328ff237e47830503f9e76bd417539f599089b794b782cef1de72422a0fac2a8
SERVER_TRAFFIC_SECRET_0 f3731a9ceb77510bf71672b70a1e577774a1384a59014894a97ff960b5524e1f 5d7b2f6c1f56dd08a24472e51665db4b6bc7dceb7e06ed7c6000a6cd238e1683
CLIENT_HANDSHAKE_TRAFFIC_SECRET d4286ad5daa1e525d783e309ad35ab099f9527d64155a4d39fd3994750e8bfc5 bd22c5f95225c9a057dfeeae10a3fdcd5df8c23a257d2255c9d0fb148f1e97b4
SERVER_HANDSHAKE_TRAFFIC_SECRET d4286ad5daa1e525d783e309ad35ab099f9527d64155a4d39fd3994750e8bfc5 50d3ae8ee15ca2e92aab127b6ab3deddbac26a9d549774b8265b905de6781056
CLIENT_TRAFFIC_SECRET_0 d4286ad5daa1e525d783e309ad35ab099f9527d64155a4d39fd3994750e8bfc5 4f8bc1cf84f7f43802a55cf9a1dc1ad977cf1d33d343ed8d35e143464fb7bd57
SERVER_TRAFFIC_SECRET_0 d4286ad5daa1e525d783e309ad35ab099f9527d64155a4d39fd3994750e8bfc5 0600d7a16223e6755578f0abcc5233d87608c7aaab0dd949778276278ceb84f0
CLIENT_HANDSHAKE_TRAFFIC_SECRET 888aef3a393c7d4bf3dd7dae20da6e075f5a15e07fdf510d2623a999598ea583 8ef3e225fbd918df842ac64ccc1ef77caf37107f927492c6be5030f0f059a317
SERVER_HANDSHAKE_TRAFFIC_SECRET 888aef3a393c7d4bf3dd7dae20da6e075f5a15e07fdf510d2623a999598ea583 781217bccf33d9a7a3a099bd859f226c558c686bc546981cd8ecfe667207f18f
CLIENT_TRAFFIC_SECRET_0 888aef3a393c7d4bf3dd7dae20da6e075f5a15e07fdf510d2623a999598ea583 ad202f92a683aa3c882d54a65a4bc0bbfa3702f575d763835995fa786196226b
SERVER_TRAFFIC_SECRET_0 888aef3a393c7d4bf3dd7dae20da6e075f5a15e07fdf510d2623a999598ea583 36f35016808e544f5ba70059c95c8d107262a84371dae38de205b1574f2db513
CLIENT_HANDSHAKE_TRAFFIC_SECRET ccdefb02724883e1287a4e8ed15d40a26a293c31540bdd2fff270b22b80a7bb6 b45a25c6310d2d200bdf54eb52222613e1057626b7f99e8b8d7897a7ae26c3c3
SERVER_HANDSHAKE_TRAFFIC_SECRET ccdefb02724883e1287a4e8ed15d40a26a293c31540bdd2fff270b22b80a7bb6 a52d923a6fd21fdaa935a18c7edc20971c4e6d5131d3f3ed8b1274ff8a4fbfde
CLIENT_TRAFFIC_SECRET_0 ccdefb02724883e1287a4e8ed15d40a26a293c31540bdd2fff270b22b80a7bb6 7d414ec50cd95a6c4fe67fee40878c42b52b724deb745be75ff141fb4f75170f
SERVER_TRAFFIC_SECRET_0 ccdefb02724883e1287a4e8ed15d40a26a293c31540bdd2fff270b22b80a7bb6 d0ebe8e09bda7c2d41c09a3a60b1a5cec07c1bcd6419fd5d7ebc99ba12b3b77e
CLIENT_HANDSHAKE_TRAFFIC_SECRET d390e51fea3fc417039fab0b8750b72945165b3dfdcdb51690040695bb5bde6d 42a9e2839c7afdb802bc16b0666ecfdc38d28b934c9160715aebc0ffe99f2ffd
SERVER_HANDSHAKE_TRAFFIC_SECRET d390e51fea3fc417039fab0b8750b72945165b3dfdcdb51690040695bb5bde6d 2dc6579998c777c0b1c92e635b80cda6d67b45f375dd5b299c3212499ff16e4a
CLIENT_TRAFFIC_SECRET_0 d390e51fea3fc417039fab0b8750b72945165b3dfdcdb51690040695bb5bde6d fed94e76eb4c36d3bb9129a6e961748c07596d7f1385ba81e6e11fe32a96fe73
SERVER_TRAFFIC_SECRET_0 d390e51fea3fc417039fab0b8750b72945165b3dfdcdb51690040695bb5bde6d 5856e79fc3323aec7de812a7c56472e839a3eb2f9ed93c0a6df1e77c6743ddc3
CLIENT_HANDSHAKE_TRAFFIC_SECRET 5fcce7efb2226be348aa6a3f154cb5c7ce573d7c2ae61871fc15818025d97b1f e1dd33c79c7456044db94d4818be0f968641868e853d4f3f72813120c3478b58
SERVER_HANDSHAKE_TRAFFIC_SECRET 5fcce7efb2226be348aa6a3f154cb5c7ce573d7c2ae61871fc15818025d97b1f 44451a8b0981c2fc4626cea140b0d16994017c053d0137360d00466fc1bc53cd
CLIENT_TRAFFIC_SECRET_0 5fcce7efb2226be348aa6a3f154cb5c7ce573d7c2ae61871fc15818025d97b1f 57b7b7b2c57033b8f78c027305a451d1b8fa6b6ce4fb5756ca6c6a13dc167657
SERVER_TRAFFIC_SECRET_0 5fcce7efb2226be348aa6a3f154cb5c7ce573d7c2ae61871fc15818025d97b1f 06056aecb52c94b78cfac033c000bb4be0fdeb86be32b528422245b1c891674c
CLIENT_HANDSHAKE_TRAFFIC_SECRET 1401d4abac90f28308b3fabe17f58f6acf26483180438898a0bbab8b449e1219 1171e2b177a4b8ed8e6eb25ce1c0e9424c39a3aa573a901ffd9779a4d9259164
SERVER_HANDSHAKE_TRAFFIC_SECRET 1401d4abac90f28308b3fabe17f58f6acf26483180438898a0bbab8b449e1219 b03cf7ec67c7475e505cdf941ab1369b575aef28f3413c0f2324389fae16a296
CLIENT_TRAFFIC_SECRET_0 1401d4abac90f28308b3fabe17f58f6acf26483180438898a0bbab8b449e1219 b02df8fbb3942483d7750576e809d272e3d3012bf40a6d154f8de21b0832adaa
SERVER_TRAFFIC_SECRET_0 1401d4abac90f28308b3fabe17f58f6acf26483180438898a0bbab8b449e1219 f00c0e523d0e666536da8bb92353467be2c53d474eeeb80ba1929eccb8c8e517
CLIENT_HANDSHAKE_TRAFFIC_SECRET 7439b12e25ea2aa7c3c53e7ed4f3b18ecaf6fcc404227f674798e2bd2ac423e2 715f961b056ffea8a8c3f507dedfb5c62fb9364c44b2f2d826e78c03f3a19fc6
SERVER_HANDSHAKE_TRAFFIC_SECRET 7439b12e25ea2aa7c3c53e7ed4f3b18ecaf6fcc404227f674798e2bd2ac423e2 8c921254e5baa19303d8681e358d1747c602f9b81814a50c8b61b4e945e9d4ca
CLIENT_TRAFFIC_SECRET_0 7439b12e25ea2aa7c3c53e7ed4f3b18ecaf6fcc404227f674798e2bd2ac423e2 ef376be732f947567e105083b6ab6d62bf1711cc5ca85b4692bbbc7506712eec
SERVER_TRAFFIC_SECRET_0 7439b12e25ea2aa7c3c53e7ed4f3b18ecaf6fcc404227f674798e2bd2ac423e2 72caf82f223529324f07b8c42fead4be6a4bc12ef9ecd1926d2db3420da439af
CLIENT_HANDSHAKE_TRAFFIC_SECRET 1745e64f323f23389e83e46d33606f030227becb3f0deb8b9c71c9fcd80595d2 55887051ea486d67ec17d52f73af299d3fb1a0e471fd2aaf69907b7c9d6e5dcb
SERVER_HANDSHAKE_TRAFFIC_SECRET 1745e64f323f23389e83e46d33606f030227becb3f0deb8b9c71c9fcd80595d2 3a6bedc09129cfcd42dd9181519d89562a6e5632c0e58cf8d4b51169570c69f3
CLIENT_TRAFFIC_SECRET_0 1745e64f323f23389e83e46d33606f030227becb3f0deb8b9c71c9fcd80595d2 c60f8109ecab67446c19f99487faa9c299258745f88b8b9cc54718e4dd65badb
SERVER_TRAFFIC_SECRET_0 1745e64f323f23389e83e46d33606f030227becb3f0deb8b9c71c9fcd80595d2 4de837b389b1dfba44cb8acfe3525189d0872b97375e06af1610101bd12cc4dc
CLIENT_HANDSHAKE_TRAFFIC_SECRET bfa5b11e389b9808540863af5d28e96aabcc3d92b42c7a6f2d6876a462b076e1 0b9fcccdc8259952562c878769f27d2737ccebcf296fcfca7249cc1980d7e32a
SERVER_HANDSHAKE_TRAFFIC_SECRET bfa5b11e389b9808540863af5d28e96aabcc3d92b42c7a6f2d6876a462b076e1 b8a1cbadcde5c406e3b9c25d9048da3e1e8d576a9d482613bda5bad8fb3feb60
CLIENT_TRAFFIC_SECRET_0 bfa5b11e389b9808540863af5d28e96aabcc3d92b42c7a6f2d6876a462b076e1 82f03adab30005687ae7f1344d93853f537e3540fd0a4c372a67bc81f96dd629
SERVER_TRAFFIC_SECRET_0 bfa5b11e389b9808540863af5d28e96aabcc3d92b42c7a6f2d6876a462b076e1 b223af17252ab241939491094317c81899d73a440cc16786a321058395a3a048
CLIENT_HANDSHAKE_TRAFFIC_SECRET 45c1381987064fd4a78de726005a7219c3bccc34855f26f4bcb6fa254ffb6686 d6ad8faad2cd536ebf11b7e2bab708579e07428f8ea5f8efb3810bc18f57dc64
SERVER_HANDSHAKE_TRAFFIC_SECRET 45c1381987064fd4a78de726005a7219c3bccc34855f26f4bcb6fa254ffb6686 ef385c6ba98da7b2152b3ac681f827c52434c37b385082a33489af9a7f76ac24
CLIENT_TRAFFIC_SECRET_0 45c1381987064fd4a78de726005a7219c3bccc34855f26f4bcb6fa254ffb6686 b5759f90006c6bb87061d10f94dc2e6b12c6d2cc9555d89de885cf21fb8d18df
SERVER_TRAFFIC_SECRET_0 45c1381987064fd4a78de726005a7219c3bccc34855f26f4bcb6fa254ffb6686 7b71ad37cb8447ea688be58f5dccfcc4d5b549ecd8bb5c42f63accaeb2fdbcfb
CLIENT_HANDSHAKE_TRAFFIC_SECRET 5099380471fa965be261e4f6a8be43090b9d86126a6249b95f09069363d79f5e 58f44fe39eda683b7ea7a5c891220f6d03d0f4dba0c6854f0f02c7532136ece8
SERVER_HANDSHAKE_TRAFFIC_SECRET 5099380471fa965be261e4f6a8be43090b9d86126a6249b95f09069363d79f5e 079c9da187d462f3585129d9392bfbd74a664f77e738394a0d48340cd4b9debb
CLIENT_TRAFFIC_SECRET_0 5099380471fa965be261e4f6a8be43090b9d86126a6249b95f09069363d79f5e 43265aaf478ad8b003336c08b64861675b73a05c3d9a1dc630b3640792487d8f
SERVER_TRAFFIC_SECRET_0 5099380471fa965be261e4f6a8be43090b9d86126a6249b95f09069363d79f5e 98b6d7bb0e83c58c75abd6c34c2abb11ac607cfc308a1d93af79fccdfc6587af
CLIENT_HANDSHAKE_TRAFFIC_SECRET 833f76c1fc82bf31e17c56c0f76074f994f6fb093f9c8daa6726eda1aa5936d4 cafb56db125caf86b86cfb5661813824acdaf8620257a241c3250cfc44789a42
SERVER_HANDSHAKE_TRAFFIC_SECRET 833f76c1fc82bf31e17c56c0f76074f994f6fb093f9c8daa6726eda1aa5936d4 1da2e09047176003cdbe3a972fb199d2d622893be7308bf15483b3f7dc97cf3e
CLIENT_TRAFFIC_SECRET_0 833f76c1fc82bf31e17c56c0f76074f994f6fb093f9c8daa6726eda1aa5936d4 396a89f749d0cace8b8be8d9e92fdd980a0c493c44242005f762f1a2720904da
SERVER_TRAFFIC_SECRET_0 833f76c1fc82bf31e17c56c0f76074f994f6fb093f9c8daa6726eda1aa5936d4 1bc4c61d0cfd7e17066e0693bde897921f5b30903100e68c80148ebb416f4c94
CLIENT_HANDSHAKE_TRAFFIC_SECRET e3d8d0f5ffd5c826e3d5280d421b20a679e97885ffd9028613a4b2b0d68c5cef e434a321c9eca3e3caccccbb2b25e6106cfb8d5af0e9f0b2457b7794582216e9
SERVER_HANDSHAKE_TRAFFIC_SECRET e3d8d0f5ffd5c826e3d5280d421b20a679e97885ffd9028613a4b2b0d68c5cef abc641b169786d220393a1a036030cc74f634f560fd096b3b6cd79645e1159f9
CLIENT_TRAFFIC_SECRET_0 e3d8d0f5ffd5c826e3d5280d421b20a679e97885ffd9028613a4b2b0d68c5cef fd577216eaadbb634f1a2c336191f0f0921dd1903a4ddb5642f9e57009e4339b
SERVER_TRAFFIC_SECRET_0 e3d8d0f5ffd5c826e3d5280d421b20a679e97885ffd9028613a4b2b0d68c5cef c85972bb2473b22fa89827974b182d64023a2c04b48f0f330325ff8d38d3b3f0
CLIENT_HANDSHAKE_TRAFFIC_SECRET 791456c202217111ea728223cb35842b97838b76394854213e305b7af1cadd4f 7ed8f2ccadb5d7a1fbb1f198ef1d0e256add3b17c6c603b9aed75d5c99e51b50
SERVER_HANDSHAKE_TRAFFIC_SECRET 791456c202217111ea728223cb35842b97838b76394854213e305b7af1cadd4f 369f7bb15c960dc67115e5fed456b743a98293fb83e105e4ab73e813f67d80bb
CLIENT_TRAFFIC_SECRET_0 791456c202217111ea728223cb35842b97838b76394854213e305b7af1cadd4f 0b7dd132ac63c6c45ee11217647d29867061fef71228d22c9248fc3cce773ce6
SERVER_TRAFFIC_SECRET_0 791456c202217111ea728223cb35842b97838b76394854213e305b7af1cadd4f 6d12e1c785987b3e5a50b57cca33b0fcb3533a2249305ee0811016e86c48ec78
CLIENT_HANDSHAKE_TRAFFIC_SECRET 7169b23b2acbffa0339de3b9491c9c07968510027b261ad7fb4c3881560ce11b ea3f03680c5edeeb6166bf6f62818b6b144d56a6130a3715f5a1d52e33431bc7
SERVER_HANDSHAKE_TRAFFIC_SECRET 7169b23b2acbffa0339de3b9491c9c07968510027b261ad7fb4c3881560ce11b 5ad91d37036346fba604073769b38ced550e4cccd1c00910495a2e9d72ea8bf5
CLIENT_TRAFFIC_SECRET_0 7169b23b2acbffa0339de3b9491c9c07968510027b261ad7fb4c3881560ce11b 1479b39682ad0fda850fed171562633be1249bad6e15bd0f83cad07cf14aed31
SERVER_TRAFFIC_SECRET_0 7169b23b2acbffa0339de3b9491c9c07968510027b261ad7fb4c3881560ce11b 58b766de07540c844faae3fa2e68e6c68e5cadae3a59013f5b9e8266944da410
CLIENT_HANDSHAKE_TRAFFIC_SECRET 13f8b40184341118496e93d75936928aabdd5e3af7da8d3eefd775c3c98c0834 b49edee2a7bd8e9dd6b54c2eff79876a32157d2ed61eb317961ad0f2d8dbc471
SERVER_HANDSHAKE_TRAFFIC_SECRET 13f8b40184341118496e93d75936928aabdd5e3af7da8d3eefd775c3c98c0834 05f665dc52f8fe89bfce57dabd6379985885b271464f4b53dcca0c4804dc25b2
CLIENT_TRAFFIC_SECRET_0 13f8b40184341118496e93d75936928aabdd5e3af7da8d3eefd775c3c98c0834 d3cc9ed7d03c0f6de4b8de1c565e000d63570c3aec75a19d373dabeb52f99706
SERVER_TRAFFIC_SECRET_0 13f8b40184341118496e93d75936928aabdd5e3af7da8d3eefd775c3c98c0834 010965cf6acb54e11b0295daf25c28167a59d9fb928373bef0c2f5ef83940759
CLIENT_HANDSHAKE_TRAFFIC_SECRET 9988ab54cdeb1d4c835e1bdf7a9bc90439e0e206ca3fab6718379c2efee9da24 2ed72958b54b3f722ddd06f759c5d94c22665b1918c0fd53acab1f575df88229
SERVER_HANDSHAKE_TRAFFIC_SECRET 9988ab54cdeb1d4c835e1bdf7a9bc90439e0e206ca3fab6718379c2efee9da24 05aa1401e92957b3c5d896e76f9ecc98f3e8d54890bdab7f117095fef133bc29
CLIENT_TRAFFIC_SECRET_0 9988ab54cdeb1d4c835e1bdf7a9bc90439e0e206ca3fab6718379c2efee9da24 4c285daf064153ad44e28071b2225169db71e184434be2a462428cfedaa8fecc
SERVER_TRAFFIC_SECRET_0 9988ab54cdeb1d4c835e1bdf7a9bc90439e0e206ca3fab6718379c2efee9da24 7e2e8091a4e13c79c18606a670ae215654c5789ad6caa3595c35445553703d15
CLIENT_HANDSHAKE_TRAFFIC_SECRET f3af389c9265984fb1f12a4210afe2f832aec066acdcbc6cec2afc239f0ac7c4 9624953640ccef37cf8cd7efb5185c24349db43503b9412cc70eada2e78f8d6b
SERVER_HANDSHAKE_TRAFFIC_SECRET f3af389c9265984fb1f12a4210afe2f832aec066acdcbc6cec2afc239f0ac7c4 853b35425b0cdc767b4e351d2a65811fb5f052b5ceabbb87554ff3859c6e95eb
CLIENT_TRAFFIC_SECRET_0 f3af389c9265984fb1f12a4210afe2f832aec066acdcbc6cec2afc239f0ac7c4 2dc334dc1d3b222b2c8f51960b4a0729ceea53c4ff31dea085726e7045f81747
SERVER_TRAFFIC_SECRET_0 f3af389c9265984fb1f12a4210afe2f832aec066acdcbc6cec2afc239f0ac7c4 51b7bf286b9698d6dfe30cde62339a8c0acb993754c8a17d6ea3ce6db354c73e
CLIENT_HANDSHAKE_TRAFFIC_SECRET 01aaa6066fcdffe34de3fe173eb8ee95e08637997f49e0b103570a5f23efe95b 71b28e9229ff1c633925b7b395dc0626f892332853cd07c42327da05e8550964
SERVER_HANDSHAKE_TRAFFIC_SECRET 01aaa6066fcdffe34de3fe173eb8ee95e08637997f49e0b103570a5f23efe95b eda3f174c3fd5559896f888d90613000500e7813364ad0721e080ea403761af7
CLIENT_TRAFFIC_SECRET_0 01aaa6066fcdffe34de3fe173eb8ee95e08637997f49e0b103570a5f23efe95b 83dcd1c5d26d9062148797e44efcd75c54cc24fd706d40445139da607cfe6bc5
SERVER_TRAFFIC_SECRET_0 01aaa6066fcdffe34de3fe173eb8ee95e08637997f49e0b103570a5f23efe95b 3ad07946e9bb2c74d27d6160e8902303e98776cf5756215901ee0cd6249c704f
CLIENT_HANDSHAKE_TRAFFIC_SECRET a9d63db2d8c817d4a181ac03fd90d0f92b6c2a7ad22338470dd81c9f63f22d92 59c1231dba85b9483b20912b835a4243327bdbcc06fe3bdfb20bb7f3da7e206a
SERVER_HANDSHAKE_TRAFFIC_SECRET a9d63db2d8c817d4a181ac03fd90d0f92b6c2a7ad22338470dd81c9f63f22d92 56c0d94ffe1616427ecb0eb96e1526fafadbc6755191de8e377bfeebf2620c3d
CLIENT_TRAFFIC_SECRET_0 a9d63db2d8c817d4a181ac03fd90d0f92b6c2a7ad22338470dd81c9f63f22d92 1db8a4d7c4cedc0e82499224fb4877a410655f798831d8d830185d9afbb6d29b
SERVER_TRAFFIC_SECRET_0 a9d63db2d8c817d4a181ac03fd90d0f92b6c2a7ad22338470dd81c9f63f22d92 e4ddf79fab88a2e5776b6562dd92384df40e35263c516ec54b72c6937c5aa6d4
CLIENT_HANDSHAKE_TRAFFIC_SECRET 9d9707051dfde1be5f2f44426affe2a5999ac0faa3bf09182fedab594b117e77 b5ffcdae587e6485ba30cd0f4bdd7648dd4772bff590ed3855225ad60c649672
SERVER_HANDSHAKE_TRAFFIC_SECRET 9d9707051dfde1be5f2f44426affe2a5999ac0faa3bf09182fedab594b117e77 f2cddc44d0ce866e5aac1803b301d1837a9d681d0a086ac177ddde78d03ea675
CLIENT_TRAFFIC_SECRET_0 9d9707051dfde1be5f2f44426affe2a5999ac0faa3bf09182fedab594b117e77 c8edc93f8c47c772fa0d9923047550b1fb507dff938857499b49ac24dc44f37f
SERVER_TRAFFIC_SECRET_0 9d9707051dfde1be5f2f44426affe2a5999ac0faa3bf09182fedab594b117e77 9705f1a5e53df4384f0effbd9db7631c22fff77cea3a75df310839cf70bdf39f
CLIENT_HANDSHAKE_TRAFFIC_SECRET a8aa4b2950ee8c87e33429334b314d62aed750153f4895406baa94aed3478a00 aa0699945fdc9a9f8000e1b4dc8d3db8ad3135d58d020f117fa4f3b53d426947
SERVER_HANDSHAKE_TRAFFIC_SECRET a8aa4b2950ee8c87e33429334b314d62aed750153f4895406baa94aed3478a00 b9e706c3d7e17ea9c826468a610ddd950ac7f140474b285eed571aeccaa49573
CLIENT_TRAFFIC_SECRET_0 a8aa4b2950ee8c87e33429334b314d62aed750153f4895406baa94aed3478a00 34127ca4b0a83c90759288049568d4f33d6d07444c1787844959c20d338caef5
SERVER_TRAFFIC_SECRET_0 a8aa4b2950ee8c87e33429334b314d62aed750153f4895406baa94aed3478a00 25ab1d6ece1c6349bd1aacb49f62f2d927fd863dc009c7d4cf84c09189ac12cd
CLIENT_HANDSHAKE_TRAFFIC_SECRET 6f1d21d1b06186d9d94a90ee4eaeb87f4cbd106f624b20abf8045e4eb1e7ff4f 55c1729b76eefadea203db7e2997bc15a61e36bd46ccdeca50ed024abe0c7170
SERVER_HANDSHAKE_TRAFFIC_SECRET 6f1d21d1b06186d9d94a90ee4eaeb87f4cbd106f624b20abf8045e4eb1e7ff4f dd8050f7b159f2ee6176144a21845b4ddbf03bfbe14dd51627b51890f56044fa
CLIENT_TRAFFIC_SECRET_0 6f1d21d1b06186d9d94a90ee4eaeb87f4cbd106f624b20abf8045e4eb1e7ff4f 6b758623584b6e2d65e843be55e59f675c7b3db18f5b62949caeccd059114cfc
SERVER_TRAFFIC_SECRET_0 6f1d21d1b06186d9d94a90ee4eaeb87f4cbd106f624b20abf8045e4eb1e7ff4f 45ce616f274d1439896bde5f6828d3a5ffcafd7fe937a7c13952597e95249700
CLIENT_HANDSHAKE_TRAFFIC_SECRET 08dcf71306b97ae3e4a52d9604e9c34155846c42151c28361964189c4462b52c 88d3016407f6b65719e95cd701d6a20253313805490054dd4c7ad221b77e83ea
SERVER_HANDSHAKE_TRAFFIC_SECRET 08dcf71306b97ae3e4a52d9604e9c34155846c42151c28361964189c4462b52c 24f39f1f4b8601acf510a533d351ddba77237f83adf17c13c5ced2e0391ee319
CLIENT_TRAFFIC_SECRET_0 08dcf71306b97ae3e4a52d9604e9c34155846c42151c28361964189c4462b52c 4c1a5c6640c6d18c0fca962f39adaa42ca3ba133e9a85a922ad8289c4b819d75
SERVER_TRAFFIC_SECRET_0 08dcf71306b97ae3e4a52d9604e9c34155846c42151c28361964189c4462b52c 598d37b9052a1448c2549092d98b634ae7db18dd51fcfee1b25f87d56830f98f
CLIENT_HANDSHAKE_TRAFFIC_SECRET d7089b8891ae3c09b2bf75fdc0b53da3c08fb97168440c98cb667e3fc428601e aac3d8bc3ab5c5ac6e6667d08ad60d9cae9021df88084751d7dec305c37da716
SERVER_HANDSHAKE_TRAFFIC_SECRET d7089b8891ae3c09b2bf75fdc0b53da3c08fb97168440c98cb667e3fc428601e c52822dc7a05bb7782111322638aada689b5122ae85fb0838f643833e4eda016
CLIENT_TRAFFIC_SECRET_0 d7089b8891ae3c09b2bf75fdc0b53da3c08fb97168440c98cb667e3fc428601e cfd6baab74708895edbc3ccccf7cc39eacc01c87e450a4ab213a35c4f5c0c2ea
SERVER_TRAFFIC_SECRET_0 d7089b8891ae3c09b2bf75fdc0b53da3c08fb97168440c98cb667e3fc428601e 5862f202b139b7c064d0f058597411a3086b3b9a64c3f6f0a76d1eef36760071
CLIENT_HANDSHAKE_TRAFFIC_SECRET 91af277b519c7cb643f5f53408deea4d1133de99e9fc465e1b54f9f5733660ae 624e1d5b3e596fe6ee016efd339582c2dfefc44ad3479583ea9e453564488058
SERVER_HANDSHAKE_TRAFFIC_SECRET 91af277b519c7cb643f5f53408deea4d1133de99e9fc465e1b54f9f5733660ae 47a0ebe588ba62bb5e670b2c0a0e1912869ccbbc3edd9b2b12b32479ff42cd33
CLIENT_TRAFFIC_SECRET_0 91af277b519c7cb643f5f53408deea4d1133de99e9fc465e1b54f9f5733660ae 58468b9e7530b2cb0404f3966eef399ab2bc4211ed2bf375640134baa435a76d
SERVER_TRAFFIC_SECRET_0 91af277b519c7cb643f5f53408deea4d1133de99e9fc465e1b54f9f5733660ae 08a8c789ceeb279718140ab3f1e421ee0f3adf9244654b68ee28c73bddf9e75e
CLIENT_HANDSHAKE_TRAFFIC_SECRET ae718b716ddecec789ded0ace96e46be7c658812f11b03875dc89183df1478f2 9224967a30c7c81c49f4cc8280e4f442476e47dd79e7289a2e3bfdbd9ba3db1d
SERVER_HANDSHAKE_TRAFFIC_SECRET ae718b716ddecec789ded0ace96e46be7c658812f11b03875dc89183df1478f2 1d1c80d4224c6e5b9160efb6e76ddb73ef02c3c666f56996e0c67a2b9f1f92e6
CLIENT_TRAFFIC_SECRET_0 ae718b716ddecec789ded0ace96e46be7c658812f11b03875dc89183df1478f2 4ad9f683b4be92eac9535018227d025dbd5c9ea5ec68a05322f3145d3973a6b3
SERVER_TRAFFIC_SECRET_0 ae718b716ddecec789ded0ace96e46be7c658812f11b03875dc89183df1478f2 fa17d701d1f4da963197c9581c62b0436bc4007e821f6749aa0a94ef11d00282
CLIENT_HANDSHAKE_TRAFFIC_SECRET 276e065ac88065f15e747f54275f1ef76c7e530b49ebe72a328c921cb90528b8 3867eee6149948b830afbee1fdf1e36eea3cab31405a5b93cf676c600b91fcd5
SERVER_HANDSHAKE_TRAFFIC_SECRET 276e065ac88065f15e747f54275f1ef76c7e530b49ebe72a328c921cb90528b8 b2ba3564d0edff7524e20f2feaf46b420195ac4291528303eb0a88bf2fa5f940
CLIENT_TRAFFIC_SECRET_0 276e065ac88065f15e747f54275f1ef76c7e530b49ebe72a328c921cb90528b8 ef3b8d221d936c574614e94ced7df507ca5fd56681ed5e4da2b5a446fe65dc93
SERVER_TRAFFIC_SECRET_0 276e065ac88065f15e747f54275f1ef76c7e530b49ebe72a328c921cb90528b8 afd2ff59b79242f62f902d7da7829bfd9105b6fcc5e6e3d04d46d6c9831e2577
CLIENT_HANDSHAKE_TRAFFIC_SECRET 0c18f672125cfb7a5292f9481b53dea2dd16c4a4259adae4e2d100f9b33b4bb9 3e4a9bc4cc59ea5657ad57917f795ceba867f0eba53c78e1d2f1aab1cb8a0659
SERVER_HANDSHAKE_TRAFFIC_SECRET 0c18f672125cfb7a5292f9481b53dea2dd16c4a4259adae4e2d100f9b33b4bb9 24b562f47ea9d3e97217df00c1a108e1117b1806cbdcd680938364e2adee7a2c
CLIENT_TRAFFIC_SECRET_0 0c18f672125cfb7a5292f9481b53dea2dd16c4a4259adae4e2d100f9b33b4bb9 616cf76991c2edbfde4842069a92952661872803282875deacb0b27fdeaedbee
SERVER_TRAFFIC_SECRET_0 0c18f672125cfb7a5292f9481b53dea2dd16c4a4259adae4e2d100f9b33b4bb9 f5bba6418785bb085dde36be620ae731333a57f848fd8941b4d86e98c4a7c191
CLIENT_HANDSHAKE_TRAFFIC_SECRET 6bc078a473667b50e7841ec11ca0ba7e2bbb9bcfdcecda414c142b4f76a8840e d8b17bb5ce32fd5d983dae4f243b4fc1e2b5f0676b980764cd46c4ec2e4ff69e
SERVER_HANDSHAKE_TRAFFIC_SECRET 6bc078a473667b50e7841ec11ca0ba7e2bbb9bcfdcecda414c142b4f76a8840e 7b6ab55df25099efcd6ee8a5cee9d064534e40b8ef8d93d82e319e095c8c1ed8
CLIENT_TRAFFIC_SECRET_0 6bc078a473667b50e7841ec11ca0ba7e2bbb9bcfdcecda414c142b4f76a8840e 610fa1374d33101cd9ae73bfece8ea170bb42b2beaeb189f07a2a877774dfe55
SERVER_TRAFFIC_SECRET_0 6bc078a473667b50e7841ec11ca0ba7e2bbb9bcfdcecda414c142b4f76a8840e c9382028b873977723b2f0b3c52c3dc2fb1e03549b0673cd15ad30b0e58997a0
CLIENT_HANDSHAKE_TRAFFIC_SECRET 0ec05ca36c9c2f2c793742f0b6d4e51f8043d69bc847ce96b20ef87d8d7e523d 5d8435428a5d0211e54c00726ccc3737da2f38b6433b52e481ab2dc82e39af43
SERVER_HANDSHAKE_TRAFFIC_SECRET 0ec05ca36c9c2f2c793742f0b6d4e51f8043d69bc847ce96b20ef87d8d7e523d d0c6c2e5d525896ae2139a96b1eba72885b70a91438ab87777725483f21d210f
CLIENT_TRAFFIC_SECRET_0 0ec05ca36c9c2f2c793742f0b6d4e51f8043d69bc847ce96b20ef87d8d7e523d 9d25c21e5e2b52ae08aca5e0072f51e14412a61004d93d3187c021c24fabb6a1
SERVER_TRAFFIC_SECRET_0 0ec05ca36c9c2f2c793742f0b6d4e51f8043d69bc847ce96b20ef87d8d7e523d f16fa8e22a238a10c9040b7faf637273275392ac85351b56092cd7bd959cc92b
CLIENT_HANDSHAKE_TRAFFIC_SECRET 971b330c0c4c5828ca8508044d5b223433156a93908227c37306ce41a8128198 3998537dfceb0877e44c32fb577ab0a701788d75d02d8e2cdec224a22e934a06
SERVER_HANDSHAKE_TRAFFIC_SECRET 971b330c0c4c5828ca8508044d5b223433156a93908227c37306ce41a8128198 2fda197ae19949ad875520ce63784c793e31a06967a1699e7f24c407f80dc74b
CLIENT_TRAFFIC_SECRET_0 971b330c0c4c5828ca8508044d5b223433156a93908227c37306ce41a8128198 b21b219efef1dfeba07e0ec7eb620d7cf30ca68146b385c9d16b323eba70f4e2
SERVER_TRAFFIC_SECRET_0 971b330c0c4c5828ca8508044d5b223433156a93908227c37306ce41a8128198 8246e044fa74064530cd21036171620db81cd7e0018b22d2a8f46d4f4c5fd5da
CLIENT_HANDSHAKE_TRAFFIC_SECRET 709ea3603d56d5e088c723183733ee97f3182282f51a0d219b32c4a9c6939664 99a190e590fcffcce0818331dad668ba36077a3836c2478729e3a7bfda124970
SERVER_HANDSHAKE_TRAFFIC_SECRET 709ea3603d56d5e088c723183733ee97f3182282f51a0d219b32c4a9c6939664 10cc47ac4e0c76c697fc055c63026ebc066c2382e212b819f1722baba8168a29
CLIENT_TRAFFIC_SECRET_0 709ea3603d56d5e088c723183733ee97f3182282f51a0d219b32c4a9c6939664 b2b3d2ce88ed1749c7d0dc8f0e6a24f256f0f97e82a45b89a7baa3c60206adde
SERVER_TRAFFIC_SECRET_0 709ea3603d56d5e088c723183733ee97f3182282f51a0d219b32c4a9c6939664 3a0be8a8552c16f5bd1b7921d70b22b7634b66cbec6e49825fb858982fce1d5b
CLIENT_HANDSHAKE_TRAFFIC_SECRET 9afc837b78c0512db3f910ad932f69afb37b1e749f6dc9df673e29129a4769f5 c201aeea8e596820d51e7fb69c6f0f32e1aa732fc488c3b1190430e05349c0c2
SERVER_HANDSHAKE_TRAFFIC_SECRET 9afc837b78c0512db3f910ad932f69afb37b1e749f6dc9df673e29129a4769f5 a6b56e88e9b4f74670a242812096871792b20a6c3428907aaaa2ac0170314793
CLIENT_TRAFFIC_SECRET_0 9afc837b78c0512db3f910ad932f69afb37b1e749f6dc9df673e29129a4769f5 0fda9de6555a91b404409423e34dec78c7a192e81b155497672bcfad1768f47a
SERVER_TRAFFIC_SECRET_0 9afc837b78c0512db3f910ad932f69afb37b1e749f6dc9df673e29129a4769f5 c9748200683ee751e079e5c9f8777e16d779652d9a2ca8ae82948efd7d77d473
CLIENT_HANDSHAKE_TRAFFIC_SECRET cf169cebad86a7da65ff41a2bcf55569c4862e1f1244bcfa74da1d7cad2217cd 32f50f8d0688b8037754c3dd101845397efa0f837607cf9802a0a1c4fc2efbea
SERVER_HANDSHAKE_TRAFFIC_SECRET cf169cebad86a7da65ff41a2bcf55569c4862e1f1244bcfa74da1d7cad2217cd c746a261076d87a8d5c4fa0364037b9f1aa80e15ad2e035fd56fb48c7dcdc61b
CLIENT_TRAFFIC_SECRET_0 cf169cebad86a7da65ff41a2bcf55569c4862e1f1244bcfa74da1d7cad2217cd 1067f6a3b4fd0d72aa7a79aacfe8d76300a34050d1601ec8c15935f824775ec5
SERVER_TRAFFIC_SECRET_0 cf169cebad86a7da65ff41a2bcf55569c4862e1f1244bcfa74da1d7cad2217cd 1860ce2f186e46641e62fc71768b6cbce267abe82960c7ce49dc65df639ba20d
CLIENT_HANDSHAKE_TRAFFIC_SECRET 73ef603ec141dcee17ff899a8c0042ec6d475ae8ef47e05fa06349d49b6b2d32 e0fc9b23b499672b541e79a92766aba094d59ce74062c209ddc851b9875e1c13
SERVER_HANDSHAKE_TRAFFIC_SECRET 73ef603ec141dcee17ff899a8c0042ec6d475ae8ef47e05fa06349d49b6b2d32 abafaa1feaac1c641abf60a411b60350c2afb62008737152bc147e6b848426ed
CLIENT_TRAFFIC_SECRET_0 73ef603ec141dcee17ff899a8c0042ec6d475ae8ef47e05fa06349d49b6b2d32 c68e6338ac8abde29d9ea0444f0c33aa0e8ab63c17427f3bf109712f65278118
SERVER_TRAFFIC_SECRET_0 73ef603ec141dcee17ff899a8c0042ec6d475ae8ef47e05fa06349d49b6b2d32 bb5763bdafead910ae7ce1aa2caa677780eaaeead22595fe91c570d2884ea882
CLIENT_HANDSHAKE_TRAFFIC_SECRET a839a143d84559f7977248c338f467f057bcce9dec02a12ce3ce31d26a1a3116 e5480a72a624c7d25bfa8e5556711fb78e0a72fdf98fe9060be2a90a7cb06248
SERVER_HANDSHAKE_TRAFFIC_SECRET a839a143d84559f7977248c338f467f057bcce9dec02a12ce3ce31d26a1a3116 84673a3e665566911adf5bfc1ac19bc681b3d322956bdf91db3d346d4fb39ee3
CLIENT_TRAFFIC_SECRET_0 a839a143d84559f7977248c338f467f057bcce9dec02a12ce3ce31d26a1a3116 45c7a1d8e709e831111c7e5b6629de6b03e4af2fa29bce10d3ea60c99a3ca0b9
SERVER_TRAFFIC_SECRET_0 a839a143d84559f7977248c338f467f057bcce9dec02a12ce3ce31d26a1a3116 b4aa3ad536bf031a91b0402e0a6a65dbb4c35b4a7a8da05028d9001a7b3f0076
CLIENT_HANDSHAKE_TRAFFIC_SECRET c7d5f2246339569affe4349aa5f67e7f1897f7695e639323e3580ca77255e10d 09bc54d8e3e27e3f5f673c0f7f026fcdeb3bd7ce363afdfdd6ff166bc7b5b412
SERVER_HANDSHAKE_TRAFFIC_SECRET c7d5f2246339569affe4349aa5f67e7f1897f7695e639323e3580ca77255e10d 4f766640ba519a8492601e244f5362ac020107a00defd10666d58858bc21db55
CLIENT_TRAFFIC_SECRET_0 c7d5f2246339569affe4349aa5f67e7f1897f7695e639323e3580ca77255e10d 0a12bbd780353114aad73b08e66a1090b91fb469c55ebea0f59d4865f907f87f
SERVER_TRAFFIC_SECRET_0 c7d5f2246339569affe4349aa5f67e7f1897f7695e639323e3580ca77255e10d 4587828de8c5a95dfcab8636b76672477ac2760003d7c787903b8e9e6981f520
CLIENT_HANDSHAKE_TRAFFIC_SECRET cbd2cd69d0fd77f151d87e93fae8d1f98750c0f72fa67370c0e85cce3ed86c5a 2548ce2f59397cf898e9aabb11dd69388d5dbc003e2f9c74c5b72425ba9e9d7a
SERVER_HANDSHAKE_TRAFFIC_SECRET cbd2cd69d0fd77f151d87e93fae8d1f98750c0f72fa67370c0e85cce3ed86c5a cd7a1fa0e21a1b87f94248b4ac5de330f8ce3c851cc1c8b1eba75b7a28b5b4bd
CLIENT_TRAFFIC_SECRET_0 cbd2cd69d0fd77f151d87e93fae8d1f98750c0f72fa67370c0e85cce3ed86c5a 211ca3fde69649e5ba95380bc7e56c01b65c1cf556d08cacbe77066f740797fe
SERVER_TRAFFIC_SECRET_0 cbd2cd69d0fd77f151d87e93fae8d1f98750c0f72fa67370c0e85cce3ed86c5a 2cfa6a9e5322d50b65501d7600bf702bc5e9947586e895a0e4f53e1e78258541
CLIENT_HANDSHAKE_TRAFFIC_SECRET f9210481ffb24a89cc97d9acad9da78b72cc94f3385c34474b61327eb97d72e1 dcf7dd5b7503425feccb9b5040537feb929a9c258f4ca0f12c1572d64e2b9a9c
SERVER_HANDSHAKE_TRAFFIC_SECRET f9210481ffb24a89cc97d9acad9da78b72cc94f3385c34474b61327eb97d72e1 194d6e5d5506fade05f794c78c7d6e9fedb3f37d491d638a1a0379dc075d8325
CLIENT_TRAFFIC_SECRET_0 f9210481ffb24a89cc97d9acad9da78b72cc94f3385c34474b61327eb97d72e1 5a125b80e78443499eec9ef70bbeed76a81265312849c14a55daa5fa9071fefc
SERVER_TRAFFIC_SECRET_0 f9210481ffb24a89cc97d9acad9da78b72cc94f3385c34474b61327eb97d72e1 0d6cce19530e417211e9d7de131865d56a9c2d9b710caadb405a9c31045f70ea
CLIENT_HANDSHAKE_TRAFFIC_SECRET 769e75996faaf2a33773cc0164f536c9a33980f496c03af742dcb8cb78fe227e b3e742d6dd65e40f3089ba23033564cd216047b95d8eb80e0c63c9b0ccc8e698
SERVER_HANDSHAKE_TRAFFIC_SECRET 769e75996faaf2a33773cc0164f536c9a33980f496c03af742dcb8cb78fe227e f24b8734d36882c5d286518b1a220eefece09b77f620cfc2011181a3f451e829
CLIENT_TRAFFIC_SECRET_0 769e75996faaf2a33773cc0164f536c9a33980f496c03af742dcb8cb78fe227e a138251a5e5e92c7aa092d034ab9a2e5a3ee2276eddb516e7ba33493eed909aa
SERVER_TRAFFIC_SECRET_0 769e75996faaf2a33773cc0164f536c9a33980f496c03af742dcb8cb78fe227e 4cf75120ecb78590ef3eda266d59ef2a4586cda9f2f8a5b95cab024548d83fcf
CLIENT_HANDSHAKE_TRAFFIC_SECRET f0fa54bb130f94ce112a95d4b49a9e1d2bf3aaceb9fe46215bda7805d7ba0b69 75af5783cfe7642f05ef31efb5a69ed4f67c5c001bbb6acb57968cb7fa5f6444
SERVER_HANDSHAKE_TRAFFIC_SECRET f0fa54bb130f94ce112a95d4b49a9e1d2bf3aaceb9fe46215bda7805d7ba0b69 bac652f155ce22fb25327445877ebe1c1bbd770743845aa3e56dcc3d8c015e44
CLIENT_TRAFFIC_SECRET_0 f0fa54bb130f94ce112a95d4b49a9e1d2bf3aaceb9fe46215bda7805d7ba0b69 56d68b0998abb6c9de3a668836d5a392af5ac0f6fc2763bf96499f1ba9075e80
SERVER_TRAFFIC_SECRET_0 f0fa54bb130f94ce112a95d4b49a9e1d2bf3aaceb9fe46215bda7805d7ba0b69 930aa948d52d2e33a7f9e189c2045bdb1620d87173ae35830e9471b6c9aa86f3
CLIENT_HANDSHAKE_TRAFFIC_SECRET 9a699692975ba8a017113ed1183c1cbf74c8f03d71142d5f92cfbbaa103bf8cf 659785948ee2eb0a8fb890e93212b2818b989c1ede96cd3ea3940bc89bb78105
SERVER_HANDSHAKE_TRAFFIC_SECRET 9a699692975ba8a017113ed1183c1cbf74c8f03d71142d5f92cfbbaa103bf8cf f43e04bc669f150ae4eab7d15d53d8811bdb1c82ea01341c8466dc7819eeec5b
CLIENT_TRAFFIC_SECRET_0 9a699692975ba8a017113ed1183c1cbf74c8f03d71142d5f92cfbbaa103bf8cf eefb1ac8399879af95c52db807f7826e0ea12966f048a26682aeb58ba6541750
SERVER_TRAFFIC_SECRET_0 9a699692975ba8a017113ed1183c1cbf74c8f03d71142d5f92cfbbaa103bf8cf ecbf20df72737b2a13e1401e4b83ab57288ea0d8332ba9f28739b551f1556e07
CLIENT_HANDSHAKE_TRAFFIC_SECRET d00220328e241683df7618e8801bc57ca3e081e2d2b39ed274802d42aad6bbd7 798c55f0f15951bcff49df9048d7c735de080836c80e550c5e90e5835c2b323d
SERVER_HANDSHAKE_TRAFFIC_SECRET d00220328e241683df7618e8801bc57ca3e081e2d2b39ed274802d42aad6bbd7 d426acbd128bcb1a93db6ad5ba9ca95705cf67191313aea05ee4c9717c03a11b
CLIENT_TRAFFIC_SECRET_0 d00220328e241683df7618e8801bc57ca3e081e2d2b39ed274802d42aad6bbd7 126010bc7df062ccc1ef153ad7aaabc60e1f0ab9ccd2510e53ffa6b22431651e
SERVER_TRAFFIC_SECRET_0 d00220328e241683df7618e8801bc57ca3e081e2d2b39ed274802d42aad6bbd7 fd7eeb22f107c2273f6018e63a06ba8ebea0ea2f2103e2af54734b9fa69357ae
CLIENT_HANDSHAKE_TRAFFIC_SECRET 421444c52be956d3653d21c9efc1bdbd8d57596886651c77300d3383a030a697 fce89569e1eb2ba3aad7e64b27466447e4d85ccf3aa78de8925d082fee906f94
SERVER_HANDSHAKE_TRAFFIC_SECRET 421444c52be956d3653d21c9efc1bdbd8d57596886651c77300d3383a030a697 c65e098e772a34ebd72f42bafe92bbb5ab1f2f99aceabb4b5a5a7dfa3ab37c1a
CLIENT_TRAFFIC_SECRET_0 421444c52be956d3653d21c9efc1bdbd8d57596886651c77300d3383a030a697 70015982e1ceec5f9b90f363f8856723c2832a36cb7837271e2b904a90a91f8b
SERVER_TRAFFIC_SECRET_0 421444c52be956d3653d21c9efc1bdbd8d57596886651c77300d3383a030a697 f606497778d8740f2f31cce799ee92e4ca7af3230579f529243b8f400d9d5f97
CLIENT_HANDSHAKE_TRAFFIC_SECRET d0827a4f62488f27413d1b39e5203a23b9d4af9e605fd0f430ee72d66ba76ab3 094a383637aef602e728ec8e844760bf222a74472717790bcaec5719c790b1d2
SERVER_HANDSHAKE_TRAFFIC_SECRET d0827a4f62488f27413d1b39e5203a23b9d4af9e605fd0f430ee72d66ba76ab3 2bcd80338842a982ebeaa40dea64ec438f02a7bfc1cbbed9a5fb17b56805bdd3
CLIENT_TRAFFIC_SECRET_0 d0827a4f62488f27413d1b39e5203a23b9d4af9e605fd0f430ee72d66ba76ab3 367243b3f00e23785b4bc31c6fee70a81ce4480053422e3e9f7838a113410469
SERVER_TRAFFIC_SECRET_0 d0827a4f62488f27413d1b39e5203a23b9d4af9e605fd0f430ee72d66ba76ab3 32c57ecd4b6d39b99a7ad485a17c34232b90ee24c06d7c94a07d93f2d2c18abf
CLIENT_HANDSHAKE_TRAFFIC_SECRET c5b401bcdcfea4c566a74d288af38e0136e09695a313d3696fe8ddbd603262a0 2016e037822025d3b6161bcf4cc515414a808fc4cc1ed718ed57b7b42e06b6bf
SERVER_HANDSHAKE_TRAFFIC_SECRET c5b401bcdcfea4c566a74d288af38e0136e09695a313d3696fe8ddbd603262a0 bd22b606c7b3d91052c74d880de6d8cc456f796c5058b558e8d66bc03b7b9918
CLIENT_TRAFFIC_SECRET_0 c5b401bcdcfea4c566a74d288af38e0136e09695a313d3696fe8ddbd603262a0 29333e17eef0bb74fa3cfe34566827ed3a7150a567038fdefa3b323e65d5021c
SERVER_TRAFFIC_SECRET_0 c5b401bcdcfea4c566a74d288af38e0136e09695a313d3696fe8ddbd603262a0 5eb6312ddf7ce3b0187b9b9ccda621df9efbe5d51f9f7dd402a4ae85c7c2fa94
CLIENT_HANDSHAKE_TRAFFIC_SECRET b5fa68aae26754018d369b61a69cca12345676542cb585c0ee4102f915cdf8ba 91250bd47ce59182fc0a9fb541b5f7578a18ce515d64dfd1f243a6852a1521e9
SERVER_HANDSHAKE_TRAFFIC_SECRET b5fa68aae26754018d369b61a69cca12345676542cb585c0ee4102f915cdf8ba 61ad5ce448f78e383dbcf093da18defeeb82ad8511e6530cb510a813b20c4913
CLIENT_TRAFFIC_SECRET_0 b5fa68aae26754018d369b61a69cca12345676542cb585c0ee4102f915cdf8ba 35c2354bbf8cbe76d9773cd61be20278b2bb992efe692eac90f1a803000bc37b
SERVER_TRAFFIC_SECRET_0 b5fa68aae26754018d369b61a69cca12345676542cb585c0ee4102f915cdf8ba d155c10b3b729b8cc6986f9b87c96d4dbb4e6ba7fa4e4882f6d662a3d9c62a18
CLIENT_HANDSHAKE_TRAFFIC_SECRET d76ed90400a52bd3f2922165f61f4ccc6ddf4bb37e49fffebaf732b414136abe 7fd4ac4b3b3087713cad96a5c303e80fd9e63c17765fe3d074090c7bfe7831c1
SERVER_HANDSHAKE_TRAFFIC_SECRET d76ed90400a52bd3f2922165f61f4ccc6ddf4bb37e49fffebaf732b414136abe 1fa7fb7c46c4c29ccd8ec2c21eda4bf1e4dfd8fee73eec8e39d6d6440c1b12c8
CLIENT_TRAFFIC_SECRET_0 d76ed90400a52bd3f2922165f61f4ccc6ddf4bb37e49fffebaf732b414136abe a96258b0ca259c84d9976cda794dedff669aebe39de98580525c7fe15c3d3e0a
SERVER_TRAFFIC_SECRET_0 d76ed90400a52bd3f2922165f61f4ccc6ddf4bb37e49fffebaf732b414136abe bf59cc9937ee6b2809d9ecb79246e85dac08790367478c6e606bec9a2019e4fc
CLIENT_HANDSHAKE_TRAFFIC_SECRET 6b043275bd25991dde9c71cfa21f45581dd2c217a8d0324e8e01597a77641a81 36fe490d56e0fc4955ad6789e9e1000c6f0d7a8ece6c22783e8eb9525e455de5
SERVER_HANDSHAKE_TRAFFIC_SECRET 6b043275bd25991dde9c71cfa21f45581dd2c217a8d0324e8e01597a77641a81 43b52f92e18645cdcd95f133f7920fac6fed399c6bfc349604e9974ba3558ee7
CLIENT_TRAFFIC_SECRET_0 6b043275bd25991dde9c71cfa21f45581dd2c217a8d0324e8e01597a77641a81 7a20ae725b8fd9ca59826d7090eb0f23bce25f3a5e7bac5f209fc9138cca59f0
SERVER_TRAFFIC_SECRET_0 6b043275bd25991dde9c71cfa21f45581dd2c217a8d0324e8e01597a77641a81 939b4712e528dc78cf9b57b7eef0e0bd1d9e9bf599d71be55f32c9c4084c9d8f
CLIENT_HANDSHAKE_TRAFFIC_SECRET 2352b4f0ee871c2abee3d6aa977700eee06de69e900ebf78c5108de7ce326be8 37a7143d39b0c12dab36fc8f15925c4a55facf13fc8989ea9ddbbc2a35c23abd
SERVER_HANDSHAKE_TRAFFIC_SECRET 2352b4f0ee871c2abee3d6aa977700eee06de69e900ebf78c5108de7ce326be8 91e8ccb67e1d3de972fef23b71fdfbc9be628f9adf2aaf989bc27007479482ad
CLIENT_TRAFFIC_SECRET_0 2352b4f0ee871c2abee3d6aa977700eee06de69e900ebf78c5108de7ce326be8 dd33a8f791c88a1d360e269bb079126feb1e75b24d79e1629eb90a5413e15d47
SERVER_TRAFFIC_SECRET_0 2352b4f0ee871c2abee3d6aa977700eee06de69e900ebf78c5108de7ce326be8 0a15295601452a0fb1a55cf7a06870212cc0aed6e18a050278b3378ac77bb3a0
CLIENT_HANDSHAKE_TRAFFIC_SECRET 479f1d61c0228140be01e63badb276b78d6ef1b06b90ec5e4bdeb68a15d828e6 17c9be5a6151ad3444d9ae719a08a00dd355c9855586065e0512b808a1c8f897
SERVER_HANDSHAKE_TRAFFIC_SECRET 479f1d61c0228140be01e63badb276b78d6ef1b06b90ec5e4bdeb68a15d828e6 58aaabc949de8b7605440804f830d2ef820b2fdcbeffcf700bc71b79f7290f89
CLIENT_TRAFFIC_SECRET_0 479f1d61c0228140be01e63badb276b78d6ef1b06b90ec5e4bdeb68a15d828e6 b38548a4d316d1e076852b415583da4f02240ae841adcf4fc026241eb0d01220
SERVER_TRAFFIC_SECRET_0 479f1d61c0228140be01e63badb276b78d6ef1b06b90ec5e4bdeb68a15d828e6 b6a52958e07d903ce091d022fafadc439aa0773cbae802d7e53f671b47e4cbc6
CLIENT_HANDSHAKE_TRAFFIC_SECRET d5861551b758f9957ca150cb0cbd461771eeb20c53ec49f0f3198ba5460c47c0 0676a746c99ad0b8a1a8a80b4c67027fc7834c38b73d22a5b8b804db4c35e9eb
SERVER_HANDSHAKE_TRAFFIC_SECRET d5861551b758f9957ca150cb0cbd461771eeb20c53ec49f0f3198ba5460c47c0 b4aa6b8e201e5a46eb2495eb98e6fb8c692eeac629ff9a815240bcadf7ea38f3
CLIENT_TRAFFIC_SECRET_0 d5861551b758f9957ca150cb0cbd461771eeb20c53ec49f0f3198ba5460c47c0 15d01bd5de5e3b285e6fd06d5cb041ebfd1693f1ab98f0508a98cb8f80afa63a
SERVER_TRAFFIC_SECRET_0 d5861551b758f9957ca150cb0cbd461771eeb20c53ec49f0f3198ba5460c47c0 420f6fd013a362f84e2af92c1ef55ee1dac4feb83ae5ba4853c8761c0d97b262
CLIENT_HANDSHAKE_TRAFFIC_SECRET 482468b687df2e8468b48f750618a1166c9e13b00e68dc85f22b9cdcdd737ac1 a996545a18cb5a0d037a009d4f9b243ed897410f17e563099a024e7992e7de78
SERVER_HANDSHAKE_TRAFFIC_SECRET 482468b687df2e8468b48f750618a1166c9e13b00e68dc85f22b9cdcdd737ac1 53ed86ab78fff3a85264f1a138e712aca9abbc7e695de593253183880e8f9a78
CLIENT_TRAFFIC_SECRET_0 482468b687df2e8468b48f750618a1166c9e13b00e68dc85f22b9cdcdd737ac1 fd99dc692b1fa30879ebc881e4dd2e15df1027f1c07047d5c616022bc7a75c15
SERVER_TRAFFIC_SECRET_0 482468b687df2e8468b48f750618a1166c9e13b00e68dc85f22b9cdcdd737ac1 6d213f935dd066f8f3c6d8cbbdd20f85b5d1cc8881df983dbab9b33aeb62fcb9
CLIENT_HANDSHAKE_TRAFFIC_SECRET d66059eb97850d278d429c05fa604089e6164cf27e71815fead98e9a27105442 4e6854f839223140ee431804939cc64dad9c3f6151de3cbdd2425126dd7762cb
SERVER_HANDSHAKE_TRAFFIC_SECRET d66059eb97850d278d429c05fa604089e6164cf27e71815fead98e9a27105442 6a1518bb61dd3b42ecb8b8879f256b0ed2d3ef02d4b4d182a92c9dd3dd217992
CLIENT_TRAFFIC_SECRET_0 d66059eb97850d278d429c05fa604089e6164cf27e71815fead98e9a27105442 5657bef5c2b8aa58174513e1c990878636d9d8c71a17c334d2fcdaef48a9a413
SERVER_TRAFFIC_SECRET_0 d66059eb97850d278d429c05fa604089e6164cf27e71815fead98e9a27105442 706abf6a7b65da5007adb942fa659e91f845540c973cd911661126e6e45ad2a3
CLIENT_HANDSHAKE_TRAFFIC_SECRET 7d4d80a1d556bc11d37c1cfe0184a73733e7306cfd879673eb7d201f4534f6cf 88cbe3d7b7e4c72c01eeea5e080e6765542f86bb33cd03cb4e9cf37c28a6e9c9
SERVER_HANDSHAKE_TRAFFIC_SECRET 7d4d80a1d556bc11d37c1cfe0184a73733e7306cfd879673eb7d201f4534f6cf 2234323ecbb447faf0f4cd2c4cd37f1c1381252c07266914029afadbdc76fe45
CLIENT_TRAFFIC_SECRET_0 7d4d80a1d556bc11d37c1cfe0184a73733e7306cfd879673eb7d201f4534f6cf 5e90dc35b1fc7f2246ec58e6427ed396bc35637e70e253fd9bb150f1dff51ce9
SERVER_TRAFFIC_SECRET_0 7d4d80a1d556bc11d37c1cfe0184a73733e7306cfd879673eb7d201f4534f6cf 0609a43fd1ce8129f6448d43b312cca11d9485e4643cfd30ec1f4365261b2ac2
CLIENT_HANDSHAKE_TRAFFIC_SECRET 3c18d1b31e9427ef40ae0253a854ea1b5881a24576cd3064f1d742964d940189 8fde521460242eaba108592e95f82577c3f0dc5f437d0a0dca0b5e671c74483e
SERVER_HANDSHAKE_TRAFFIC_SECRET 3c18d1b31e9427ef40ae0253a854ea1b5881a24576cd3064f1d742964d940189 1ddf267a20505a310503a3da7b04aa0ab7c17f4b774d74ee5f1da762479cc3bd
CLIENT_TRAFFIC_SECRET_0 3c18d1b31e9427ef40ae0253a854ea1b5881a24576cd3064f1d742964d940189 db6a3cd3061f181d863f153857c0e419da7ec3eaadf01b96ccf739a19afd4a06
SERVER_TRAFFIC_SECRET_0 3c18d1b31e9427ef40ae0253a854ea1b5881a24576cd3064f1d742964d940189 16c6bbe729f91584a1bebf2498cf1ca142003672e78936c29fbf13b09e6b2846
CLIENT_HANDSHAKE_TRAFFIC_SECRET 10fec1e75e2dd751db2db2da88ce024738af817261f413d231008d8a00b9c852 1178e332aadd96bc224f82879ad95b64e341879d2fbeffbf8f6bd3876ebe7b2e
SERVER_HANDSHAKE_TRAFFIC_SECRET 10fec1e75e2dd751db2db2da88ce024738af817261f413d231008d8a00b9c852 9d610336bbc55f855c6132702fa366a5f19cfea9181a59b7a81f2f2b067b948b
CLIENT_TRAFFIC_SECRET_0 10fec1e75e2dd751db2db2da88ce024738af817261f413d231008d8a00b9c852 d23427b21165c90197da21053e3b7bc56acd2cd5f0cd06607e56c1ecb7700860
SERVER_TRAFFIC_SECRET_0 10fec1e75e2dd751db2db2da88ce024738af817261f413d231008d8a00b9c852 e720ebaf4d13ffcf872815cbd79bc1e50123c47f3413d7daa5b6f5252163f77c
CLIENT_HANDSHAKE_TRAFFIC_SECRET cd27ce602f72f084784ac713985924518ea6f188fb900d13b2eb1638dafde38d cb643a8b1b76becb8facb3302a42ccbb6dd9dc987dec0d4c3c61c76652859d1a
SERVER_HANDSHAKE_TRAFFIC_SECRET cd27ce602f72f084784ac713985924518ea6f188fb900d13b2eb1638dafde38d 04290c3cedf98984b2c5a8626d42ef2eafbd7f413b5a272d131ede7f7adb38da
CLIENT_TRAFFIC_SECRET_0 cd27ce602f72f084784ac713985924518ea6f188fb900d13b2eb1638dafde38d c069b35f9454de896692cf842b252f5a70660b5e326c9b752e83d11508944f7d
SERVER_TRAFFIC_SECRET_0 cd27ce602f72f084784ac713985924518ea6f188fb900d13b2eb1638dafde38d ff672d755c194b7ce0b7e9539d2f934d21ee9c4f1ac9cac61b05daba3d310f03
CLIENT_HANDSHAKE_TRAFFIC_SECRET 71fc5cd2f5760e00c3ef47764807875aa3edef44935faa43cc8d440d64e2f711 be72cb5cd39133790b886af3c8356963518a21a57158c265975175d300438146
SERVER_HANDSHAKE_TRAFFIC_SECRET 71fc5cd2f5760e00c3ef47764807875aa3edef44935faa43cc8d440d64e2f711 222067c6b22fd003811f04a9fc871fb30bd45b0781221c6ca9b5709b76abfd88
CLIENT_TRAFFIC_SECRET_0 71fc5cd2f5760e00c3ef47764807875aa3edef44935faa43cc8d440d64e2f711 80862d31af5cca9856f7f0fc963aee500b0e1378e70fa892d74b1cdbaed6ba1b
SERVER_TRAFFIC_SECRET_0 71fc5cd2f5760e00c3ef47764807875aa3edef44935faa43cc8d440d64e2f711 07384684c1b0ae2e2c571c447b7c8e736c75da7a93b67a8b7c9801ab06105efb
CLIENT_HANDSHAKE_TRAFFIC_SECRET 1f21120a1213d2a3ea336fdf472af9f6db7443d278a86b259c569e9fc4f2fa8c 5ca65a60ffdcb91620d159461c4b596733725e28a373821078282e65045aacde
SERVER_HANDSHAKE_TRAFFIC_SECRET 1f21120a1213d2a3ea336fdf472af9f6db7443d278a86b259c569e9fc4f2fa8c 831eaa1cc136cf3e3a5e629e269f0cf11a0086c772a91b264abddc2f7d6e7683
CLIENT_TRAFFIC_SECRET_0 1f21120a1213d2a3ea336fdf472af9f6db7443d278a86b259c569e9fc4f2fa8c ce3a17d43bab83e3578f744e1e1383e8bb8cfd001d9a50de1085259e6283a86b
SERVER_TRAFFIC_SECRET_0 1f21120a1213d2a3ea336fdf472af9f6db7443d278a86b259c569e9fc4f2fa8c f4c6549b31fe71f8b745cfdf686ac6d5dad9f36a4c01e168b436763cafafd47d
CLIENT_HANDSHAKE_TRAFFIC_SECRET a6cf19f79a750909141802df40f9f21f0c36d8c4b423bcf49dfefd7136124529 6e1c4cb8c11f1b6ccf861ebf9fe3f563e9429d56dcfa025da7d22afb15b16d48
SERVER_HANDSHAKE_TRAFFIC_SECRET a6cf19f79a750909141802df40f9f21f0c36d8c4b423bcf49dfefd7136124529 a1539d48045912cd2bb44fdf27b8e7ec0ce55430aa53258e28c4d3a81c9e978a
CLIENT_TRAFFIC_SECRET_0 a6cf19f79a750909141802df40f9f21f0c36d8c4b423bcf49dfefd7136124529 ce6d54c4931abf035e15a5ce497d15ad1915f8bb230b35c77ce94c1304b08eb3
SERVER_TRAFFIC_SECRET_0 a6cf19f79a750909141802df40f9f21f0c36d8c4b423bcf49dfefd7136124529 0b7e5fe8dcce29f8d5a34d9796f9e03be422d5e882cbd1dfeabcb2ce4f8e5341
CLIENT_HANDSHAKE_TRAFFIC_SECRET 9cae010f55c08c03133e1b5b397407ae1c0093046abec2b26f16fd217a40a441 ca957ba00be492414a333e75f83d292662136a8f9430507ebb88751c4980ab82
SERVER_HANDSHAKE_TRAFFIC_SECRET 9cae010f55c08c03133e1b5b397407ae1c0093046abec2b26f16fd217a40a441 b2bff54212ef2f616998aa35a74742e811c0c001b839f37926ae4a81aaee31e3
CLIENT_TRAFFIC_SECRET_0 9cae010f55c08c03133e1b5b397407ae1c0093046abec2b26f16fd217a40a441 629f50b6c6c7f7345d110d9829bde8bbd61cf5acd6c290ebba9f06728acb70ca
SERVER_TRAFFIC_SECRET_0 9cae010f55c08c03133e1b5b397407ae1c0093046abec2b26f16fd217a40a441 f150e6ecc0187e082619553e85ecdf3e9a287957df062ab0bd3d30fb8a0701d3
CLIENT_HANDSHAKE_TRAFFIC_SECRET f9635ac817c3c0f60484a467be2cc542016940dfdc5c52debfd0ce1fab83128b 10b91975fdb411b9810271a503d6711469fca6c9ef3e9ad69257bb9c6f82d3be
SERVER_HANDSHAKE_TRAFFIC_SECRET f9635ac817c3c0f60484a467be2cc542016940dfdc5c52debfd0ce1fab83128b 82500f209489a41438f8820a39ff5cef86622356afd9de7d511f95db2d52114d
CLIENT_TRAFFIC_SECRET_0 f9635ac817c3c0f60484a467be2cc542016940dfdc5c52debfd0ce1fab83128b 459e2f109c2682413357d9e38c9c4769d599ea5c4a80d8129e1069e97bc7526c
SERVER_TRAFFIC_SECRET_0 f9635ac817c3c0f60484a467be2cc542016940dfdc5c52debfd0ce1fab83128b 37e6afbfe3e9b1f9a89c04284139accce396c50f800e73ca5890884f26210684
CLIENT_HANDSHAKE_TRAFFIC_SECRET 587229071f0150c896839cbc0aea6f49fd0dfabde73c4718df59f2db0c2eea8b 227ec330a1724c8eac0c846487187cb112412aea4c2ca44ca1cec083e3a42d7f
SERVER_HANDSHAKE_TRAFFIC_SECRET 587229071f0150c896839cbc0aea6f49fd0dfabde73c4718df59f2db0c2eea8b 3d2e1beb242fc23ed5d6a514364015ccc1c317c0441eebe781d08ffa9c5b16a0
CLIENT_TRAFFIC_SECRET_0 587229071f0150c896839cbc0aea6f49fd0dfabde73c4718df59f2db0c2eea8b fd4bbd4dc47e52474b0f9e448db6cdfe3d76da29095e46add246feb457170a19
SERVER_TRAFFIC_SECRET_0 587229071f0150c896839cbc0aea6f49fd0dfabde73c4718df59f2db0c2eea8b 5eb22683e57b63f8ab0133075749ca1d1505a97de6a5f27e08f74c7a90597c8a
CLIENT_HANDSHAKE_TRAFFIC_SECRET a00c760b5c9fd703f716ff9351a3f98210d9a522e05a969eb0b87b5d5de71741 5e01477ff6e098be8d48cca04bc64aae708f2fe376564c96adbd3d899ad0db4e
SERVER_HANDSHAKE_TRAFFIC_SECRET a00c760b5c9fd703f716ff9351a3f98210d9a522e05a969eb0b87b5d5de71741 866e8a55908f6c4a2809a88355f4848a4d188ebb4c9756b572473f21f45488be
CLIENT_TRAFFIC_SECRET_0 a00c760b5c9fd703f716ff9351a3f98210d9a522e05a969eb0b87b5d5de71741 95b1363736f104129684333b229c321a5321fbf0c64d0488fef1b87242f57bf3
SERVER_TRAFFIC_SECRET_0 a00c760b5c9fd703f716ff9351a3f98210d9a522e05a969eb0b87b5d5de71741 cee8c84ca33825beb1e84a793c2cc4031980eb43bb0c8ef185ae6d175ee0d301
CLIENT_HANDSHAKE_TRAFFIC_SECRET aeb2979915912587d8e6e16c21bf08d37680e52bf0873a58cf5473e2e85be683 d1465f977933ecf2584a12b6fd310efbf160cb68e864eab433bbef2ffe5df481
SERVER_HANDSHAKE_TRAFFIC_SECRET aeb2979915912587d8e6e16c21bf08d37680e52bf0873a58cf5473e2e85be683 dd06e7067888b9e037a8abca3e9048997f10f39287fd9c660b2a831e3b4344da
CLIENT_TRAFFIC_SECRET_0 aeb2979915912587d8e6e16c21bf08d37680e52bf0873a58cf5473e2e85be683 e545a231667409f3ceb65069dabebf0564890d78533baad6d961d6f7b0727595
SERVER_TRAFFIC_SECRET_0 aeb2979915912587d8e6e16c21bf08d37680e52bf0873a58cf5473e2e85be683 6e4f080661e06114f372d4427834a64f0c869ba41bc6e55073cdaff53bb69d6e
CLIENT_HANDSHAKE_TRAFFIC_SECRET 01c49b0e6aa35da4d4108de878a11e0ff59cce61f79b86815b281db6588c93cb 35767cc1760cca6596fc1cace7008688600c22776fd13515c095579eed49a58c
SERVER_HANDSHAKE_TRAFFIC_SECRET 01c49b0e6aa35da4d4108de878a11e0ff59cce61f79b86815b281db6588c93cb 510609756774839210a2b9a1666069cd76d62232e999ffabd4c0eeb031cac86c
CLIENT_TRAFFIC_SECRET_0 01c49b0e6aa35da4d4108de878a11e0ff59cce61f79b86815b281db6588c93cb c4fe85dd13cee7f1d357e20fe0ce1ea35cedf33204bfe49af781bb281ab868c9
SERVER_TRAFFIC_SECRET_0 01c49b0e6aa35da4d4108de878a11e0ff59cce61f79b86815b281db6588c93cb b7dba7da3ed1e7dbca39547462f007063254d4abe7e9850bd208a0ba106ab067
CLIENT_HANDSHAKE_TRAFFIC_SECRET 87f59757b7694744256c67c621e05f76688e4960795e3c1268a02cf59eab4601 2b1bce94b73dfe9251f1ab1103add24dfa48b0b96b4d8c714703da29a710e89e
SERVER_HANDSHAKE_TRAFFIC_SECRET 87f59757b7694744256c67c621e05f76688e4960795e3c1268a02cf59eab4601 0d36941267b0bf7eb4cdb9478c5d160208f664e0d1e450cf26336e64798c3a7b
CLIENT_TRAFFIC_SECRET_0 87f59757b7694744256c67c621e05f76688e4960795e3c1268a02cf59eab4601 28e415a52a0c240330afa72dbfb1eab4b3ba985221bb4b67f83a0caeec9dbb57
SERVER_TRAFFIC_SECRET_0 87f59757b7694744256c67c621e05f76688e4960795e3c1268a02cf59eab4601 9edaf3e278cecef41cc9453d38d497e7f2df004351dc08f6c5cc2d1272fb5b32
CLIENT_HANDSHAKE_TRAFFIC_SECRET df71f238696655dfa93a8624c0e4b5aa4f6d731d8eeadc138a76a25e84db16f9 ff521cb5c0c902c1b8e68db3ecd9d4d35ffde3236d56eef931b4917d08173d2c
SERVER_HANDSHAKE_TRAFFIC_SECRET df71f238696655dfa93a8624c0e4b5aa4f6d731d8eeadc138a76a25e84db16f9 7450bc66821a7b3a536c87c52e256a3d844a51af6e4296319b0d6ebe240db7fe
CLIENT_TRAFFIC_SECRET_0 df71f238696655dfa93a8624c0e4b5aa4f6d731d8eeadc138a76a25e84db16f9 975881c14644bc1a5b0f62e1534049e958c75d0fee48c1dbf999c83835a5690d
SERVER_TRAFFIC_SECRET_0 df71f238696655dfa93a8624c0e4b5aa4f6d731d8eeadc138a76a25e84db16f9 23f2f855c8b962a886ae639523c959b636db496e21f86ffd18f7010757e6cd99
CLIENT_HANDSHAKE_TRAFFIC_SECRET c7c6f31c7234d76b9478acbf4f4efb4dc68c678d5b2c2645e5937577a1378bad 135ccaf820aea957d02136593f57009df965530f15a8f313b5e0571461cffb38
SERVER_HANDSHAKE_TRAFFIC_SECRET c7c6f31c7234d76b9478acbf4f4efb4dc68c678d5b2c2645e5937577a1378bad 273745ced13bd4dc85ae7f2ec3ef7be2e969d8f507658c3d90ee2cb0586673a4
CLIENT_TRAFFIC_SECRET_0 c7c6f31c7234d76b9478acbf4f4efb4dc68c678d5b2c2645e5937577a1378bad 928fea22a27817e8ffdfb7c7f10832e403884692c2bbb4d71de012d1bed10374
SERVER_TRAFFIC_SECRET_0 c7c6f31c7234d76b9478acbf4f4efb4dc68c678d5b2c2645e5937577a1378bad c95ab10115c76f5042eb7a701f853b8866fb966845e614ba6cbeeb7783c5b053
CLIENT_HANDSHAKE_TRAFFIC_SECRET 30bc3a4350da780f0986d2dc8f84ebb379c783699cecc8d05e37d93e8e4ea956 190afd23f9b63d8263ae3015ac89da4dee6a13d3a287a231f950a675e415f936
SERVER_HANDSHAKE_TRAFFIC_SECRET 30bc3a4350da780f0986d2dc8f84ebb379c783699cecc8d05e37d93e8e4ea956 54043eda75c84f0294e72205914b1f406cf27899613c95ff96f941b43df97e62
CLIENT_TRAFFIC_SECRET_0 30bc3a4350da780f0986d2dc8f84ebb379c783699cecc8d05e37d93e8e4ea956 82524282e46175c240de4fa048aabde626a172053ac5ed5fc1f37c3d845e94fc
SERVER_TRAFFIC_SECRET_0 30bc3a4350da780f0986d2dc8f84ebb379c783699cecc8d05e37d93e8e4ea956 fc3258cdba79046f254acf4d32ec39fe92e37a94224a222c4c28869d30eeeba5
CLIENT_HANDSHAKE_TRAFFIC_SECRET ca83d5209b2d2442b7ef85f830b1271ccf74aa1b9aaaa617ad9376b391e89a97 daa54e5b95e41a202b41fbd09e749fee10e85f4545efb177bd10991daf59af75
SERVER_HANDSHAKE_TRAFFIC_SECRET ca83d5209b2d2442b7ef85f830b1271ccf74aa1b9aaaa617ad9376b391e89a97 d45f71aefb1191ef623e4520066cebec891685a06464d924a95b1b1aceb74349
CLIENT_TRAFFIC_SECRET_0 ca83d5209b2d2442b7ef85f830b1271ccf74aa1b9aaaa617ad9376b391e89a97 15b24ee8e790f91808fbc6c57ad7f8d9c5499b41a926bd33cf876d39d4ac5e46
SERVER_TRAFFIC_SECRET_0 ca83d5209b2d2442b7ef85f830b1271ccf74aa1b9aaaa617ad9376b391e89a97 77c9051050443597f20bfbf521249cb37b2f2ad190f278771981391c3122953d
CLIENT_HANDSHAKE_TRAFFIC_SECRET 92512546d39284b7e1029796f2b8fc562ffdcabe6c0f06afe27f4cf053d8afed 92c8b7b575fceaf559ecd2dd504c84a7ab449a2706bf6b29500664d5a1be79fd
SERVER_HANDSHAKE_TRAFFIC_SECRET 92512546d39284b7e1029796f2b8fc562ffdcabe6c0f06afe27f4cf053d8afed f07b6410372376d7ecc0e4848e9f4ece76e5e4331396cf0dd352636ebca23bb8
CLIENT_TRAFFIC_SECRET_0 92512546d39284b7e1029796f2b8fc562ffdcabe6c0f06afe27f4cf053d8afed 3c9368c7f6c52d2278b1bc266023fab5d012fa1fd5143ec3a7faed4f12ebfd4e
SERVER_TRAFFIC_SECRET_0 92512546d39284b7e1029796f2b8fc562ffdcabe6c0f06afe27f4cf053d8afed bb50e5aa37547fad41fe1ce4ec1e7e2a9917b90a61f1f71a5e4cbaa7681c052c
CLIENT_HANDSHAKE_TRAFFIC_SECRET 2eae05fe0cc453a44c66687a7155b549446e7a11fb4aa55fa67034700aea0fd0 62dc97616ad4ed3ec58f89ef79f8f807bd4d9a3e3205237b85c65cb71f1d6305
SERVER_HANDSHAKE_TRAFFIC_SECRET 2eae05fe0cc453a44c66687a7155b549446e7a11fb4aa55fa67034700aea0fd0 e6d2f4b6b303debdfbda68f4702d2cc735a8ce29a2ba9856c355ce8bc88017af
CLIENT_TRAFFIC_SECRET_0 2eae05fe0cc453a44c66687a7155b549446e7a11fb4aa55fa67034700aea0fd0 2999230de8253a62b2a4eed6f067103d9139f8549ca20d130780245713fef996
SERVER_TRAFFIC_SECRET_0 2eae05fe0cc453a44c66687a7155b549446e7a11fb4aa55fa67034700aea0fd0 e5f2ab5d050256d2677492e5f71b6d8a8ad7ef45fa9fb9f47043475962337705
CLIENT_HANDSHAKE_TRAFFIC_SECRET 31dba9a217a2029838d08aa0f0b9748d1a8a7666bd0581699c8d3240823b3481 ee9870ec0d875d9a54caaf77e1f1f04501f3d5b7c1c2d6852e5dd88283bfd78f
SERVER_HANDSHAKE_TRAFFIC_SECRET 31dba9a217a2029838d08aa0f0b9748d1a8a7666bd0581699c8d3240823b3481 cee5856318244970a0a28fd88175f444257ee1e4b0703c2d4f87bb5ed8a578e9
CLIENT_TRAFFIC_SECRET_0 31dba9a217a2029838d08aa0f0b9748d1a8a7666bd0581699c8d3240823b3481 5554d84cff26673c29bb14e6b238523cf0f30451d169b9be62351b8b13fd0a5a
SERVER_TRAFFIC_SECRET_0 31dba9a217a2029838d08aa0f0b9748d1a8a7666bd0581699c8d3240823b3481 e611425e81006a54aeae8381e1ea1fbbf5f9c02cfe6935a36f53120df74ea75c
CLIENT_HANDSHAKE_TRAFFIC_SECRET 504408f83dfbdd13f5f282ab692912c6814639e28b5aed3e379945a1ae1e5771 4f14a333c7b0893a1c5e988dd7a6220e7d54784bbbb7c0c23ed7b4af00f1720b
SERVER_HANDSHAKE_TRAFFIC_SECRET 504408f83dfbdd13f5f282ab692912c6814639e28b5aed3e379945a1ae1e5771 38acbf70843aa15e72cf7a26720c69ac4abe798b252e4191d2f0b26939865b7c
CLIENT_TRAFFIC_SECRET_0 504408f83dfbdd13f5f282ab692912c6814639e28b5aed3e379945a1ae1e5771 6cc64fb9ca9d3dbc8d59dc437628597795aeea222c8b0de7c9eb5977d92130fc
SERVER_TRAFFIC_SECRET_0 504408f83dfbdd13f5f282ab692912c6814639e28b5aed3e379945a1ae1e5771 8dc56ffd2c56d3da0109c270232763f3e67b376e764e7cb0044a8a6cb4fceb6c
CLIENT_HANDSHAKE_TRAFFIC_SECRET 08357589041802a6c3e04e8fb45b1378f0f08fb54d04d392b2403b2060a59208 36306c93ab200dc1697e13285856ec5d80b32f07c936efc6222ab465c1e37fa2
SERVER_HANDSHAKE_TRAFFIC_SECRET 08357589041802a6c3e04e8fb45b1378f0f08fb54d04d392b2403b2060a59208 9e018ec8f3d2aa246ea1b6bcbd4f7220f255c864c11ed37bde89e439c15c04a3
CLIENT_TRAFFIC_SECRET_0 08357589041802a6c3e04e8fb45b1378f0f08fb54d04d392b2403b2060a59208 79c61e2a1c1aef1a126c63f3412f29609bdc6fe40d33897483f887d2330a931c
SERVER_TRAFFIC_SECRET_0 08357589041802a6c3e04e8fb45b1378f0f08fb54d04d392b2403b2060a59208 5202344de4bac904e6e7fadce6447666bdeaa784705f5c980a317656f0db7089
CLIENT_HANDSHAKE_TRAFFIC_SECRET 660dcb7cd260450f183bd085f77071a9029280c01c8663c3d3f9c3677b3b0a6d 13be60de549ccbff91481885855a59caffb5ef6c909ea7e1328bc76574e5f884
SERVER_HANDSHAKE_TRAFFIC_SECRET 660dcb7cd260450f183bd085f77071a9029280c01c8663c3d3f9c3677b3b0a6d c1e53d3e6916c10cb651f2ac76eba04404999dbfefc6918b70d0088ea910ac18
CLIENT_TRAFFIC_SECRET_0 660dcb7cd260450f183bd085f77071a9029280c01c8663c3d3f9c3677b3b0a6d 42cd4d2a49b7e0138814244b5a163aee718ee45bf758af5ee662c228a909e7c1
SERVER_TRAFFIC_SECRET_0 660dcb7cd260450f183bd085f77071a9029280c01c8663c3d3f9c3677b3b0a6d e7b7a166ffde8808a6652092b33f9b90943c9c52c96aa62b9c45a9792b912c1b
CLIENT_HANDSHAKE_TRAFFIC_SECRET d2a2aea47b60502947096764502de1e22fa1f8b408338f56b0ee32b5ae5a8650 5827911dac31cc05c42a1d044726c1b61271557c92c174bf805e42999d949476
SERVER_HANDSHAKE_TRAFFIC_SECRET d2a2aea47b60502947096764502de1e22fa1f8b408338f56b0ee32b5ae5a8650 41d5cd979200f99449b2763e8dc308d35c3933c066bea55ea6a392e81433883d
CLIENT_TRAFFIC_SECRET_0 d2a2aea47b60502947096764502de1e22fa1f8b408338f56b0ee32b5ae5a8650 f628373f15956d2f3ef711a1a8bbea76142ad09879232afa54e661a5ad9b2511
SERVER_TRAFFIC_SECRET_0 d2a2aea47b60502947096764502de1e22fa1f8b408338f56b0ee32b5ae5a8650 166fbf882f1c09dcd0874803471a594d8354249e0f5eebfc54622650c4949c9c
CLIENT_HANDSHAKE_TRAFFIC_SECRET 26a5f1b7de224fae5a96a438d73cbfaf11cd49a097127c0ed4f2fb08f11daa66 03c5ccc210acf31e02bb856e9c31e3678111cc5c1cbbdc36c085abcce552939f
SERVER_HANDSHAKE_TRAFFIC_SECRET 26a5f1b7de224fae5a96a438d73cbfaf11cd49a097127c0ed4f2fb08f11daa66 b45d1a72f35f2e3d0f419ecf0bb055d9e88b199a030b57641ec96bce541be185
CLIENT_TRAFFIC_SECRET_0 26a5f1b7de224fae5a96a438d73cbfaf11cd49a097127c0ed4f2fb08f11daa66 9c8e5acd275ba65bfa2d063d45aef4e967b74d2becaacdf24e285ad3a1998807
SERVER_TRAFFIC_SECRET_0 26a5f1b7de224fae5a96a438d73cbfaf11cd49a097127c0ed4f2fb08f11daa66 35bf23c255ac1b355c046303bcbb23b3f4a7bb12495b423d9f0c2e3ee67d037b
CLIENT_HANDSHAKE_TRAFFIC_SECRET 6dcf5a405362cdfdc9c41d5077899e4bdd1612702fe5e91913d93de1593bddad 0ceecee196f1fa4988bfc1d44c2a066806411eedb71994f0e6480bab59d037a0
SERVER_HANDSHAKE_TRAFFIC_SECRET 6dcf5a405362cdfdc9c41d5077899e4bdd1612702fe5e91913d93de1593bddad 04d4992822dbac849c19911e4b410897fee33f559f4317105bd52848091bd164
CLIENT_TRAFFIC_SECRET_0 6dcf5a405362cdfdc9c41d5077899e4bdd1612702fe5e91913d93de1593bddad f2948b57ec1512449e1ed90ae03e4e98166fc525cac795ed423656fd746a1ed8
SERVER_TRAFFIC_SECRET_0 6dcf5a405362cdfdc9c41d5077899e4bdd1612702fe5e91913d93de1593bddad 916385c8735a128d63e3edf6533b61188de3b529c9751109c430399650cb4b4d
CLIENT_HANDSHAKE_TRAFFIC_SECRET 5551a55951309c1ab7dd678e49b91cf716b560f3f00bde045ac2035fe3efbce8 2ff0afa84215b49a430a3c8649c440eb923239cd47042d66cbc0b97d053652b8
SERVER_HANDSHAKE_TRAFFIC_SECRET 5551a55951309c1ab7dd678e49b91cf716b560f3f00bde045ac2035fe3efbce8 17e87b5eca756bbbdfeb95c772721bdd58e4c3b866385da7b490bd0a2b4ac4c8
CLIENT_TRAFFIC_SECRET_0 5551a55951309c1ab7dd678e49b91cf716b560f3f00bde045ac2035fe3efbce8 a8339e3dc1065f7ae00dd95fea81b7ac94aa10ecb84eb91ce9fac7a0cd8e1e09
SERVER_TRAFFIC_SECRET_0 5551a55951309c1ab7dd678e49b91cf716b560f3f00bde045ac2035fe3efbce8 d2ba8a04f8562919b5a86d2ea1e378bf8d08236ea35bdfb3562fe7ac535bc0b6
CLIENT_HANDSHAKE_TRAFFIC_SECRET acedc6606dcaf272f2facb595a4cb4fbe1542511534d569d683b8f726fa3401e b092f3cf56efa8577021cb8049f00c09e99f77c50bd5481dd8297882b453d29a
SERVER_HANDSHAKE_TRAFFIC_SECRET acedc6606dcaf272f2facb595a4cb4fbe1542511534d569d683b8f726fa3401e ec419f6605dd0aaebb9483394aca31cc09447eb9b9214aabd4e81220ca262785
CLIENT_TRAFFIC_SECRET_0 acedc6606dcaf272f2facb595a4cb4fbe1542511534d569d683b8f726fa3401e 8766191f0a0d7e3a75abe2bc2886e87c9ebbe803deacc6c6df071973b546792c
SERVER_TRAFFIC_SECRET_0 acedc6606dcaf272f2facb595a4cb4fbe1542511534d569d683b8f726fa3401e 8d9a40c77d611b66647e55ee5a5811ba8fca991f1950973d011b8281b75877f5
CLIENT_HANDSHAKE_TRAFFIC_SECRET 25ff74c53e4cd9eeee714c9badec3dc30590d1ffd1aab7dd1cdc9b5abe2907f0 7eb2fe0491392947a83bff9fe4bc690e7a907125449cc6e15365fa7429708c1f
SERVER_HANDSHAKE_TRAFFIC_SECRET 25ff74c53e4cd9eeee714c9badec3dc30590d1ffd1aab7dd1cdc9b5abe2907f0 77a22dc08991d920913d4d92ecf880fb07c48774f19d97f092ae36f9a1fd7fb4
CLIENT_TRAFFIC_SECRET_0 25ff74c53e4cd9eeee714c9badec3dc30590d1ffd1aab7dd1cdc9b5abe2907f0 8ac8eb093141e7dc2e6933c5688c2eae78dfbf715e7fd427b04af40ecdb66c67
SERVER_TRAFFIC_SECRET_0 25ff74c53e4cd9eeee714c9badec3dc30590d1ffd1aab7dd1cdc9b5abe2907f0 3e849646e0de616605174befb3640e61670ecdc7587cdf6714ec8a1fd1da1830
CLIENT_HANDSHAKE_TRAFFIC_SECRET 58b43c0a2d7ead517c8fa3674a199910dd3521e263daaceac8243ceaf1f01a61 1e88553b600856e4db3c58fea7477f0c27cd4525ed9da87b96c68adf892cb499
SERVER_HANDSHAKE_TRAFFIC_SECRET 58b43c0a2d7ead517c8fa3674a199910dd3521e263daaceac8243ceaf1f01a61 1a4c77d3f0ef159a7fd430eca471cd1c09e97376950cdad64f164cb29b2c530b
CLIENT_TRAFFIC_SECRET_0 58b43c0a2d7ead517c8fa3674a199910dd3521e263daaceac8243ceaf1f01a61 9f6b79474e3cd6cc997b05cb299eeda5ceec74e8d36117d412fd381ff78cc33e
SERVER_TRAFFIC_SECRET_0 58b43c0a2d7ead517c8fa3674a199910dd3521e263daaceac8243ceaf1f01a61 393d572e304d472201120532ebbb84c7d0560648512c76473c517b050ca638d8
CLIENT_HANDSHAKE_TRAFFIC_SECRET c3a1d90ac52dc918ac9534e09ce5de61e97e736b41e84abc945162fa1d7e55d1 e6d989cfb8256d99c1d5889a40b9899f432570d35c2377feee1b31b986d7febe
SERVER_HANDSHAKE_TRAFFIC_SECRET c3a1d90ac52dc918ac9534e09ce5de61e97e736b41e84abc945162fa1d7e55d1 09aa51a08c75a745acf72691d2d225d4b3486b4cc8c7ca85a7f91a1e49ac982e
CLIENT_TRAFFIC_SECRET_0 c3a1d90ac52dc918ac9534e09ce5de61e97e736b41e84abc945162fa1d7e55d1 519c594da9f38c7b3c787d0a92b816676379353e494a351332abee9f7bd5e93f
SERVER_TRAFFIC_SECRET_0 c3a1d90ac52dc918ac9534e09ce5de61e97e736b41e84abc945162fa1d7e55d1 59a419e002dd8cb4994fa810680a3c2430bc51a866472cd08ccdc35348c479c6
CLIENT_HANDSHAKE_TRAFFIC_SECRET 756e7fcff12c09e739dfaf9bb26aef4b728a0f274ec61535ccd27a2076cf2888 6be2ad626307a346dc5f5738d034973113d8c553c756a346cc4d3555e7f45ca9
SERVER_HANDSHAKE_TRAFFIC_SECRET 756e7fcff12c09e739dfaf9bb26aef4b728a0f274ec61535ccd27a2076cf2888 4608e81c4753d3f61c48b3f81e63166fbbd44114ef87ec09368c1884075acb16
CLIENT_TRAFFIC_SECRET_0 756e7fcff12c09e739dfaf9bb26aef4b728a0f274ec61535ccd27a2076cf2888 c3ef33b75479ffb48b5a1e6f12ba71f1f11f9cfc2a2c16d120e908d2a9f01b9c
SERVER_TRAFFIC_SECRET_0 756e7fcff12c09e739dfaf9bb26aef4b728a0f274ec61535ccd27a2076cf2888 de438dc0c8b683140212b5773124238373ab63223fb40bc3d6b45467d1339bad
CLIENT_HANDSHAKE_TRAFFIC_SECRET 6d17a3ea82ab56d83565bbcbe648a5bd41f0f802171a2420b3c70b8863220f27 40633184b8bcc4382437bcb2086d1b9b0615c3ccf47cb38abbb6880d5a2b258e
SERVER_HANDSHAKE_TRAFFIC_SECRET 6d17a3ea82ab56d83565bbcbe648a5bd41f0f802171a2420b3c70b8863220f27 1c6bae454d5d04de051f4e552125147179c4a219838e7ee401cd861a654b648f
CLIENT_TRAFFIC_SECRET_0 6d17a3ea82ab56d83565bbcbe648a5bd41f0f802171a2420b3c70b8863220f27 06542e3f112b300db71523e0c832c8def7e0becb17b84120353407f0ccc270cc
SERVER_TRAFFIC_SECRET_0 6d17a3ea82ab56d83565bbcbe648a5bd41f0f802171a2420b3c70b8863220f27 f7c21a4c32bc33e04191257673def8207431b72a8eb0e20266594eaa0e4802ae
CLIENT_HANDSHAKE_TRAFFIC_SECRET 0afc3cde37e99ae7b4eed991a2d4508bf275824b6a2b8f10bd99c0d79ae5d9ab 015eb284df5ba8d75c591c18e0d5eb4638db7ff1c050d4268545742880813b6e
SERVER_HANDSHAKE_TRAFFIC_SECRET 0afc3cde37e99ae7b4eed991a2d4508bf275824b6a2b8f10bd99c0d79ae5d9ab 99a078a422ae7c73c2218663e344c3528fd15d3aaa53af8b5181a2a330aafb3a
CLIENT_TRAFFIC_SECRET_0 0afc3cde37e99ae7b4eed991a2d4508bf275824b6a2b8f10bd99c0d79ae5d9ab 5be747197b3ae26d8e88ae94ce29544d8789d671fa7cf892c7bf694070c9487c
SERVER_TRAFFIC_SECRET_0 0afc3cde37e99ae7b4eed991a2d4508bf275824b6a2b8f10bd99c0d79ae5d9ab 7ac55abf4e0861922c10c8558fad35aeacce8f0742a57ac07a65846a6414398f
CLIENT_HANDSHAKE_TRAFFIC_SECRET 246bc4095f6868c3ee0455806fe49fb98b6725c00990461c5fb72a2adbfc1a55 58884d40c26989a1f3b6046f199c1f4ca4ae6385d8157a201bfb829ea240b030
SERVER_HANDSHAKE_TRAFFIC_SECRET 246bc4095f6868c3ee0455806fe49fb98b6725c00990461c5fb72a2adbfc1a55 b9cc5d9a4f3828bbe6fcc6a931ce2d6d44ffd764e73f7c48f67cde16606a163a
CLIENT_TRAFFIC_SECRET_0 246bc4095f6868c3ee0455806fe49fb98b6725c00990461c5fb72a2adbfc1a55 5bb0e5bd182a67bdd55436eedf735e5818b99543678adc2a40d5958e13fe3e5d
SERVER_TRAFFIC_SECRET_0 246bc4095f6868c3ee0455806fe49fb98b6725c00990461c5fb72a2adbfc1a55 bc76fa208d85ff2ca9f4a2e6230872152915438dfdb61c5a7805eefbdfb2e15d
CLIENT_HANDSHAKE_TRAFFIC_SECRET b8354332f1378e00c77f49e18c9cca1f8e920662706c50ce9240a2b820a8490a d819ed88ca86611774f87d3dc736e58a40ca33c49a09ad0eb08b35a50ecb55dc
SERVER_HANDSHAKE_TRAFFIC_SECRET b8354332f1378e00c77f49e18c9cca1f8e920662706c50ce9240a2b820a8490a edb977967d318cb7481a72f77ffb4373a13026b59c8f9077ca673c7e2f549fc2
CLIENT_TRAFFIC_SECRET_0 b8354332f1378e00c77f49e18c9cca1f8e920662706c50ce9240a2b820a8490a 93f3fed03861eca26fa79dd77740a84ac15d7b2be3ed4f520d4e7aa550e631a2
SERVER_TRAFFIC_SECRET_0 b8354332f1378e00c77f49e18c9cca1f8e920662706c50ce9240a2b820a8490a e9ed075797d83643136506765c0cae91c175bc942b3d6d700811703523a8f32d
CLIENT_HANDSHAKE_TRAFFIC_SECRET 7f1c4a0e7efca7e12de2e4d1fe147a12d001b2cfee0e3d967b8ec944efaf47cc 5458ad538d6b495f716892b88ef9117491281cec48e30cf1eb0b6387103043b1
SERVER_HANDSHAKE_TRAFFIC_SECRET 7f1c4a0e7efca7e12de2e4d1fe147a12d001b2cfee0e3d967b8ec944efaf47cc 194c95e040aa1e6e21c6831a777cfa0314ff54e34c38875ae8795559450781cb
CLIENT_TRAFFIC_SECRET_0 7f1c4a0e7efca7e12de2e4d1fe147a12d001b2cfee0e3d967b8ec944efaf47cc 4c5c3bb480c92934097ad704434790c5b1f5c45a1d6d0b9354304491732cae2e
SERVER_TRAFFIC_SECRET_0 7f1c4a0e7efca7e12de2e4d1fe147a12d001b2cfee0e3d967b8ec944efaf47cc 21a6c2b566fc0fa8b1b945a8cb814fecebef432db78b816378d1be59afe0b59e
CLIENT_HANDSHAKE_TRAFFIC_SECRET b3b61a622f8799e15925413ce0139d4c3e3d4a5af7be128de8655bf170dd13d9 a13cb98364ea20ac44319ddbf77093b35687f25e6e1b1943894bc8db809811be
SERVER_HANDSHAKE_TRAFFIC_SECRET b3b61a622f8799e15925413ce0139d4c3e3d4a5af7be128de8655bf170dd13d9 8a4f3017625f41bd59ed500d9c6a3d687e1ec1ef27eb75e1b7220ee755fedb43
CLIENT_TRAFFIC_SECRET_0 b3b61a622f8799e15925413ce0139d4c3e3d4a5af7be128de8655bf170dd13d9 4be8daf650f4cc5aee6c2266671060898985992dd75ce3bfbdd6da53d4ba4025
SERVER_TRAFFIC_SECRET_0 b3b61a622f8799e15925413ce0139d4c3e3d4a5af7be128de8655bf170dd13d9 7872cdedf80798cd568adc28d6fdbc466feba18640ee253630b5808086648127
CLIENT_HANDSHAKE_TRAFFIC_SECRET a904f846669021c541c2597ac5521ef03b12410b2dfbccaf9deb394bbc8abbcc 6e0e26a6c0c3e3e59ada1870fabb2cb8c92b7a99456c8871f8ded3eef816ffbe
SERVER_HANDSHAKE_TRAFFIC_SECRET a904f846669021c541c2597ac5521ef03b12410b2dfbccaf9deb394bbc8abbcc b9fe8b482fc35e7fd0e82648b43d9be96a6c97b60fa487c0c1ab29b77abbb33b
CLIENT_TRAFFIC_SECRET_0 a904f846669021c541c2597ac5521ef03b12410b2dfbccaf9deb394bbc8abbcc a3f000c1fac392edc38a95c5e6e6161372d001d88173a73c67ecca12c145b0a0
SERVER_TRAFFIC_SECRET_0 a904f846669021c541c2597ac5521ef03b12410b2dfbccaf9deb394bbc8abbcc ecd9d69f4292bb0d300ce0b85288fadc45f3910752c4e03f2ea6e74801033d41
CLIENT_HANDSHAKE_TRAFFIC_SECRET f440a0dd56daef5b181de8490733750aa47e8484f799dc812c532ea7005b90c8 0eecbcfe5134367b8f026494df345859dcc456da7c58a87a3d40d18bff62c2f8
SERVER_HANDSHAKE_TRAFFIC_SECRET f440a0dd56daef5b181de8490733750aa47e8484f799dc812c532ea7005b90c8 90cc6dab5757383fb088686ce162196cc5e5b8db42ef37f8e2622e877845be10
CLIENT_TRAFFIC_SECRET_0 f440a0dd56daef5b181de8490733750aa47e8484f799dc812c532ea7005b90c8 0eab62eb7ef37a0c35fcb7e91928270065ffb6316df5bda10fc02ebcea745328
SERVER_TRAFFIC_SECRET_0 f440a0dd56daef5b181de8490733750aa47e8484f799dc812c532ea7005b90c8 a11db721b9803740e140f304a26083acdc31b036b32a05c8df614b2ba5749adb
CLIENT_HANDSHAKE_TRAFFIC_SECRET 83b3ad6a0002e6a9e594162322467591cc4d501fa2a22b37cd8124483c301c15 f964cb34280385354fa252d0aa2e19cbfe794afdd7d112d066caf3c345c79f36
SERVER_HANDSHAKE_TRAFFIC_SECRET 83b3ad6a0002e6a9e594162322467591cc4d501fa2a22b37cd8124483c301c15 bbf595f23513978cdab505a9bf479e8f808a711b7542385a87cd40f76a7b527c
CLIENT_TRAFFIC_SECRET_0 83b3ad6a0002e6a9e594162322467591cc4d501fa2a22b37cd8124483c301c15 d96468d0994d76939c4cab97c1bef1fb08bed03324cdb4e9691ded206ef4246f
SERVER_TRAFFIC_SECRET_0 83b3ad6a0002e6a9e594162322467591cc4d501fa2a22b37cd8124483c301c15 e4dc15dffbb992e1621f7843ce471bf2bd889149e1406c06d1a7435d7dd01460
CLIENT_HANDSHAKE_TRAFFIC_SECRET 652ef040c65275d384f8af4a1cc9e556074e4a68582d6dd91478b0345e838dd0 a855184875ae132524572ccb87b0bcd12dd415978f3b02f614378b775ff2b30a
SERVER_HANDSHAKE_TRAFFIC_SECRET 652ef040c65275d384f8af4a1cc9e556074e4a68582d6dd91478b0345e838dd0 2370509a7dac092fb0e62de5fde9c38302106ae31fbad61a945f46286a42c930
CLIENT_TRAFFIC_SECRET_0 652ef040c65275d384f8af4a1cc9e556074e4a68582d6dd91478b0345e838dd0 412d1610f6a92134d4d5732a66273fa4e5e362ff5881ad984672183ce1bc8dc0
SERVER_TRAFFIC_SECRET_0 652ef040c65275d384f8af4a1cc9e556074e4a68582d6dd91478b0345e838dd0 ac1dc13199e9966f6bc8ba7083d1905acf2057a4e9f2180cd74095548aea680e
CLIENT_HANDSHAKE_TRAFFIC_SECRET 2c72505c81eb050d89c3c510009a78521ed7f44eab13a0f51acc611502ca0b8b d7edeb42187f955aacb9a2121e24d6e5dc3cc29ab70c490ba99f14e7cfabe97a
SERVER_HANDSHAKE_TRAFFIC_SECRET 2c72505c81eb050d89c3c510009a78521ed7f44eab13a0f51acc611502ca0b8b e254693d410391d87772eff3e0311cf0aca10a6fc5471c93791677fedff1e3a3
CLIENT_TRAFFIC_SECRET_0 2c72505c81eb050d89c3c510009a78521ed7f44eab13a0f51acc611502ca0b8b 960b48dd174bd9a030a01634f98d754ebc66e55b6af697d3c69766a68bb2c789
SERVER_TRAFFIC_SECRET_0 2c72505c81eb050d89c3c510009a78521ed7f44eab13a0f51acc611502ca0b8b 149bb41ed7512a01820918102f521afd58fc464181bd7b76772cb40b3b9faeda
CLIENT_HANDSHAKE_TRAFFIC_SECRET 990d1b4a60ae6d759e16341889f090e03ef57034389be1eb4b3ede11c88dc528 ed97bfd097625b1a21e718b57e9f5bbeb7a0fd0252a55941493f1b1e1cd5920a
SERVER_HANDSHAKE_TRAFFIC_SECRET 990d1b4a60ae6d759e16341889f090e03ef57034389be1eb4b3ede11c88dc528 198bb50f19a9fa7d7e7241d56a717177cefa4d3c38e328f49e976b6d56b03912
CLIENT_TRAFFIC_SECRET_0 990d1b4a60ae6d759e16341889f090e03ef57034389be1eb4b3ede11c88dc528 7c90fa4cc72224afb5435a24d34bd4894f29399d6da1ac6afc123a183c94811b
SERVER_TRAFFIC_SECRET_0 990d1b4a60ae6d759e16341889f090e03ef57034389be1eb4b3ede11c88dc528 52c29741a7ae8e6d7861323dc41f5c4080a49d95ed13631e86655c41ac29a492
CLIENT_HANDSHAKE_TRAFFIC_SECRET 6bf988cbcbae065562fca0aba53e83309816e32273a4dde84d12d6d9d3a1e3fd 77e1eddf00b84d83a4bfee16a5d5734244facbc979668af1540e71029a2f1279
SERVER_HANDSHAKE_TRAFFIC_SECRET 6bf988cbcbae065562fca0aba53e83309816e32273a4dde84d12d6d9d3a1e3fd b601ad8e79affa9efb3bd837a32496b612d15013676be27ef09684adc9c6a68f
CLIENT_TRAFFIC_SECRET_0 6bf988cbcbae065562fca0aba53e83309816e32273a4dde84d12d6d9d3a1e3fd 4b1414ddbea03684d7f8d81de02f7f655a802e4fd58da8cf72f845c429c42fdc
SERVER_TRAFFIC_SECRET_0 6bf988cbcbae065562fca0aba53e83309816e32273a4dde84d12d6d9d3a1e3fd 3315c485a11ec3233e5670e1a297b6df1e1a5429f2716393dc279b95dd0277fd
CLIENT_HANDSHAKE_TRAFFIC_SECRET fc349213b4c228dba8de5dd94fa84e138887d1152297dea7e9047ea401652618 f396590352a58fdbee8391dd4807836cf8a54dd1c4e66186954627fcdabd2694
SERVER_HANDSHAKE_TRAFFIC_SECRET fc349213b4c228dba8de5dd94fa84e138887d1152297dea7e9047ea401652618 8c06c7eca795b387cfcf38865a4f12f22b57e98c0081b424e3954c0c2373cc81
CLIENT_TRAFFIC_SECRET_0 fc349213b4c228dba8de5dd94fa84e138887d1152297dea7e9047ea401652618 b2abe9870ae9ba90f43d7367c322ed016b00856e8f6322b998074d3072f57f84
SERVER_TRAFFIC_SECRET_0 fc349213b4c228dba8de5dd94fa84e138887d1152297dea7e9047ea401652618 ba51ecd5e9193b73d7a641c751de002bb207c4d9595ff4b7cce2a3a0c0ef3fd4
CLIENT_HANDSHAKE_TRAFFIC_SECRET 27ed568adc8720bfb72dc18d64468a0e26fb58da51d2994d3ca074f9295d187f 7659d0a13f48c53fb8f1c4b8b895117052d00d599eced2cae0f70b89303a052f
SERVER_HANDSHAKE_TRAFFIC_SECRET 27ed568adc8720bfb72dc18d64468a0e26fb58da51d2994d3ca074f9295d187f 1e1cd77466be9b2b1293027ccbf0823fca77d4655b778ea3a5e2a41e04337b54
CLIENT_TRAFFIC_SECRET_0 27ed568adc8720bfb72dc18d64468a0e26fb58da51d2994d3ca074f9295d187f 6ebc9725217384ec47a7a0f7815b2d02fc4c2decd7d0803da526876c60cfa398
SERVER_TRAFFIC_SECRET_0 27ed568adc8720bfb72dc18d64468a0e26fb58da51d2994d3ca074f9295d187f 9c9c8052f5b87d48377c0589ed88ca6199d61b60a77aefec5cf2cc4380bc6bd2
CLIENT_HANDSHAKE_TRAFFIC_SECRET 476e90447704cfb33703318638af7bf8f230f461f45d7da95c10246393f4e85f 24b50ea9592046c1b4dfeadeec7f439ed6c826e77faa3ecd605502ac1e8e9b66
SERVER_HANDSHAKE_TRAFFIC_SECRET 476e90447704cfb33703318638af7bf8f230f461f45d7da95c10246393f4e85f 9b7f8cd343e3aa5309701d96a0788848e1b469b8b0ec195f974c3031e0b47c2f
CLIENT_TRAFFIC_SECRET_0 476e90447704cfb33703318638af7bf8f230f461f45d7da95c10246393f4e85f dfea0d66e2cd4690b247f7c1c50d4ad2a9a870bec902e3aa4272a53c95f435ce
SERVER_TRAFFIC_SECRET_0 476e90447704cfb33703318638af7bf8f230f461f45d7da95c10246393f4e85f c98ea072f72bc767e3128c1c3916d9190acf605682299991ba911642e318cb88
CLIENT_HANDSHAKE_TRAFFIC_SECRET 5c62ddbfc9f7448c5e0741a6597430e76c422cd734678592a57ddbad039b073f f279512fd43b8f073ce7cafd9322dd52f3788a0915b8dbd6c0cd66a25e7f0cf3
SERVER_HANDSHAKE_TRAFFIC_SECRET 5c62ddbfc9f7448c5e0741a6597430e76c422cd734678592a57ddbad039b073f 13efb2d34c03dc8f992b684a5f365c3deeb9a3d0ee21e367fa77173538544a4d
CLIENT_TRAFFIC_SECRET_0 5c62ddbfc9f7448c5e0741a6597430e76c422cd734678592a57ddbad039b073f 401237a8e74803efcd83f24dcfc664a9bac32f6c89a6d5c385b5301f0728943d
SERVER_TRAFFIC_SECRET_0 5c62ddbfc9f7448c5e0741a6597430e76c422cd734678592a57ddbad039b073f caa26b7051efe67f46a24eda27e42350854b072c38fb52c0efd2aacb7e4dc50e
CLIENT_HANDSHAKE_TRAFFIC_SECRET c6f7a864ffcbb0fc4fec9074fd45db1fa5ade2ea6cfc2bd455378bba43ad27a0 9b758bf066dd4b02f579147a021a93cfa041351262ffe3912f518754052148a2
SERVER_HANDSHAKE_TRAFFIC_SECRET c6f7a864ffcbb0fc4fec9074fd45db1fa5ade2ea6cfc2bd455378bba43ad27a0 1592d81f2ab7b154e2843edce80f64986c691f48de0f2aa3671cd7cbc129eb1b
CLIENT_TRAFFIC_SECRET_0 c6f7a864ffcbb0fc4fec9074fd45db1fa5ade2ea6cfc2bd455378bba43ad27a0 946837e30deabe477fc06eda88b0f166ca800250a25e800bb081b1ceecfb33ae
SERVER_TRAFFIC_SECRET_0 c6f7a864ffcbb0fc4fec9074fd45db1fa5ade2ea6cfc2bd455378bba43ad27a0 b109bb0abf656e56aec72ac5e36ce5e37c61b959fac52757a9699ca7b00d04a1
CLIENT_HANDSHAKE_TRAFFIC_SECRET cab0fab5430f531a4b18112c810e219b30eea9fadedf1d94200973d55f86e5e6 ab32c22a353a1ad0f857182783314c582b34964c6e81a9354865f8271a2c96c7
SERVER_HANDSHAKE_TRAFFIC_SECRET cab0fab5430f531a4b18112c810e219b30eea9fadedf1d94200973d55f86e5e6 f4524cc517d6dde6d4f9f5ed4b9ad38d19416214bd375b139c5fbf7e9559d5bb
CLIENT_TRAFFIC_SECRET_0 cab0fab5430f531a4b18112c810e219b30eea9fadedf1d94200973d55f86e5e6 335361c19547b8b5e6ddb46527efd870631317936a67213a7c83e948efde0062
SERVER_TRAFFIC_SECRET_0 cab0fab5430f531a4b18112c810e219b30eea9fadedf1d94200973d55f86e5e6 9ccdb4e39624c456d7832a8c32ec68953311eeee314b178172a7b7ac02cce11e
CLIENT_HANDSHAKE_TRAFFIC_SECRET 655588d7541ae56e9b93adf56469b18252bad59e6e466d886c28d7514b84a435 2a84769a7d14aa9ba3ecde2dbb11c8daab6e20d5a437e6b1d55df63b1042e25e
SERVER_HANDSHAKE_TRAFFIC_SECRET 655588d7541ae56e9b93adf56469b18252bad59e6e466d886c28d7514b84a435 81524639ee1eacacccdf4dc3bab852be8c07073888348359016997a5997903d2
CLIENT_TRAFFIC_SECRET_0 655588d7541ae56e9b93adf56469b18252bad59e6e466d886c28d7514b84a435 379fa08b4d37c23faf8687cfb52d137eb11c5bdf77627f5cab2e5c3705f9642a
SERVER_TRAFFIC_SECRET_0 655588d7541ae56e9b93adf56469b18252bad59e6e466d886c28d7514b84a435 c3e9f1d0ebc24fca3daf009f709c63f6558c55ccd32886cbfdc39172729f65ad
CLIENT_HANDSHAKE_TRAFFIC_SECRET bfe6ac066d4b1cc956aec9e57e141fb4c58c4d6d8ccde726f4d5515b75a07e13 da1bb1a5b45847e1e938da83899f8002bc43d4425fc6ac2e4f6776aba8f91770
SERVER_HANDSHAKE_TRAFFIC_SECRET bfe6ac066d4b1cc956aec9e57e141fb4c58c4d6d8ccde726f4d5515b75a07e13 31b9dde85ba739eb7e0955cd6792f2d5ac3c45a5f5a4c350a3684e3210968656
CLIENT_TRAFFIC_SECRET_0 bfe6ac066d4b1cc956aec9e57e141fb4c58c4d6d8ccde726f4d5515b75a07e13 571b15d7f6e12910572c4820cc5fa3ff1cf3f10891a4548c26fe586057236081
SERVER_TRAFFIC_SECRET_0 bfe6ac066d4b1cc956aec9e57e141fb4c58c4d6d8ccde726f4d5515b75a07e13 adf8954104426e2bd1b6e92d95ac2a4478632912e9b4a89cef1f5cf9a1702506
CLIENT_HANDSHAKE_TRAFFIC_SECRET e86f6d80fb943238e99e9b0736aba620f97a734af706cdaac20f9662bb6dd2ff 634e5e40a6ef7c75513ab85493d8ac33ed367c0abadb08f2f3a90e99f3c4a72f
SERVER_HANDSHAKE_TRAFFIC_SECRET e86f6d80fb943238e99e9b0736aba620f97a734af706cdaac20f9662bb6dd2ff a19238872d312883d2412ef0be56710158eff572c9841c2d81b76e92e6d47600
CLIENT_TRAFFIC_SECRET_0 e86f6d80fb943238e99e9b0736aba620f97a734af706cdaac20f9662bb6dd2ff a7cf7b956a2fcf7120cd4df2a0425070e17457a8b5a6c503979413013fce8c28
SERVER_TRAFFIC_SECRET_0 e86f6d80fb943238e99e9b0736aba620f97a734af706cdaac20f9662bb6dd2ff d14a4a4a1d8cc57e81f9905ec999cafa5942d774dc883750733c7031fd5b7488
CLIENT_HANDSHAKE_TRAFFIC_SECRET b6835d932d791798df8e6594550ad0247bd2f06b8aa36ba5338a5d914d5a1dc5 bfbeda8396286a009d62c279db1efeda9110283b69cd546c66020cc42d7b6596
SERVER_HANDSHAKE_TRAFFIC_SECRET b6835d932d791798df8e6594550ad0247bd2f06b8aa36ba5338a5d914d5a1dc5 3c389221576d49d79fe90a0d121a18eb5082494d8d9c26df9f51c8438eba8e3e
CLIENT_TRAFFIC_SECRET_0 b6835d932d791798df8e6594550ad0247bd2f06b8aa36ba5338a5d914d5a1dc5 6636b8396879c6fca5cff69d058c30269209c7efaf4b52c054082b98d0007a6b
SERVER_TRAFFIC_SECRET_0 b6835d932d791798df8e6594550ad0247bd2f06b8aa36ba5338a5d914d5a1dc5 c41ec4b3aec228c7042ed0207005e14408c198a7861177de8568a7628c364472
CLIENT_HANDSHAKE_TRAFFIC_SECRET c9d94cb3ac4b6ffcd6f4cb49657e4b12b9ba13e7009e4f31ca20d9857240874c 09d05dbe84b049a6c7b9a20ddd0afd7e0633b299058ab6ba5f95beff6c83dcbc
SERVER_HANDSHAKE_TRAFFIC_SECRET c9d94cb3ac4b6ffcd6f4cb49657e4b12b9ba13e7009e4f31ca20d9857240874c 2d8ef2de3250157f6976a97057fdca2714b3028b220b6a32ba8c4369b79ff262
CLIENT_TRAFFIC_SECRET_0 c9d94cb3ac4b6ffcd6f4cb49657e4b12b9ba13e7009e4f31ca20d9857240874c 7951eadabf373a57527a284d84ca934d129b83a1a4860b464fc50f1ba1d41626
SERVER_TRAFFIC_SECRET_0 c9d94cb3ac4b6ffcd6f4cb49657e4b12b9ba13e7009e4f31ca20d9857240874c fba495a67733fdab3144cb77e7d9f1448a90ec82c4da45da444831f554da7c2e
CLIENT_HANDSHAKE_TRAFFIC_SECRET 87818fbcec7a8f45fe13f19f06db5a7fe57f0bb280bedd7c18f2db6f3c8754cc cb072a24140157026f3eeb9ef328e8e9e7a2969c7d94ec217c56c56cd1cf476c
SERVER_HANDSHAKE_TRAFFIC_SECRET 87818fbcec7a8f45fe13f19f06db5a7fe57f0bb280bedd7c18f2db6f3c8754cc 657e400cfa75e47c6f1af4237cbed8352556b2ec7df87dea1e106d175b261daf
CLIENT_TRAFFIC_SECRET_0 87818fbcec7a8f45fe13f19f06db5a7fe57f0bb280bedd7c18f2db6f3c8754cc 3369efc562f4ff71771ea2d7ba35e63e23609d095fe4b91eea515cf2223a05c3
SERVER_TRAFFIC_SECRET_0 87818fbcec7a8f45fe13f19f06db5a7fe57f0bb280bedd7c18f2db6f3c8754cc c8d1e06cfa8377a40209c02c1d33ba18da9faabbfa30f7b744c20c25483c472f
CLIENT_HANDSHAKE_TRAFFIC_SECRET 9c9501ce42e09df470f3b9d6bccd12e9b557a5fc71332c00e5abd6999dab5c90 060421ba24cb9923390c5e74572eb8781295df0b80eee01bbacce3c545fbf6bb
SERVER_HANDSHAKE_TRAFFIC_SECRET 9c9501ce42e09df470f3b9d6bccd12e9b557a5fc71332c00e5abd6999dab5c90 6cfa7fd9baa7f2d76343835b9d395a3ee64598e1a50afb08516fea3bbda10350
CLIENT_TRAFFIC_SECRET_0 9c9501ce42e09df470f3b9d6bccd12e9b557a5fc71332c00e5abd6999dab5c90 ea7aadf5da06d1170f5b5d6ea21248648defb06d085a7e4d1a28a1571e9768fb
SERVER_TRAFFIC_SECRET_0 9c9501ce42e09df470f3b9d6bccd12e9b557a5fc71332c00e5abd6999dab5c90 e946c5e6215eb387ec6aaf62e924ef3e4dbe1fb8618a6406392d32149bd086dc
CLIENT_HANDSHAKE_TRAFFIC_SECRET 1b17c01fce28047c930339e1c2c7f31540d41a9eff0692aec55d1f95f90f7f38 5e066389b7723ddf44ad13cb063a463977c30adcdea277409b164b35ddba6a8b
SERVER_HANDSHAKE_TRAFFIC_SECRET 1b17c01fce28047c930339e1c2c7f31540d41a9eff0692aec55d1f95f90f7f38 e06ffb1fbdaa8156ad20887dc7d81f172c22631df2d2f446051ef64501b6cb9c
CLIENT_TRAFFIC_SECRET_0 1b17c01fce28047c930339e1c2c7f31540d41a9eff0692aec55d1f95f90f7f38 95e053005eebdec20aba22af73cd45fb951e09a878231f91e8dbc3051c555c94
SERVER_TRAFFIC_SECRET_0 1b17c01fce28047c930339e1c2c7f31540d41a9eff0692aec55d1f95f90f7f38 7cad25a3b8015477079b657ca1bd73f67540b936b682219c5eb53c518f882331
CLIENT_HANDSHAKE_TRAFFIC_SECRET fcebc85ec7d96ec8e832b050baad0143ee5011c482a484204ffc1aa6f7af988e 0f72c9de0709bd067949feb6e7400bcd51e10ed90cafc5286323d94d810b4e91
SERVER_HANDSHAKE_TRAFFIC_SECRET fcebc85ec7d96ec8e832b050baad0143ee5011c482a484204ffc1aa6f7af988e ce88662f4aab4a70798c46f23773bef02712c630e310e0cd8303472380366c4e
CLIENT_TRAFFIC_SECRET_0 fcebc85ec7d96ec8e832b050baad0143ee5011c482a484204ffc1aa6f7af988e 9670b88ec3ece1e8ebd6e169ef828e7e8cf1051ec9de48636965e88f312ca620
SERVER_TRAFFIC_SECRET_0 fcebc85ec7d96ec8e832b050baad0143ee5011c482a484204ffc1aa6f7af988e e9e7098ab66ff28751a53111d653a8cb9b5df7d737f87ac76c9d7b89e83b3966
CLIENT_HANDSHAKE_TRAFFIC_SECRET de0b4e110343afebfe3576676ddeb9f2b01cdb7a2f8abe454f1d54967eb50994 41c0585c2b5607db2ba6660af5ec9f6771db755fc97c0bd872739976c7399368
SERVER_HANDSHAKE_TRAFFIC_SECRET de0b4e110343afebfe3576676ddeb9f2b01cdb7a2f8abe454f1d54967eb50994 1bc02bfa6b4aae36c06242b661f85618961cb9ab6d7d39bfdb9f2eeff80b1602
CLIENT_TRAFFIC_SECRET_0 de0b4e110343afebfe3576676ddeb9f2b01cdb7a2f8abe454f1d54967eb50994 624720e64cd0da6bcfbdd18b8b2e9bd8445f25a4514f6122ecf4aef135377d72
SERVER_TRAFFIC_SECRET_0 de0b4e110343afebfe3576676ddeb9f2b01cdb7a2f8abe454f1d54967eb50994 c315aff2681adc6c05bd846bc371a25a17423076b30a8f4fbc5d5073d1b47c97
CLIENT_HANDSHAKE_TRAFFIC_SECRET 69259332d3cf95046f23bd60b0cf30954ffa8b57be4e3fefcb3c861f1ee19969 a0aab9e2e81e5f576c0d55ff19e484c55f24fc103c93ee679a70b50b38285d90
SERVER_HANDSHAKE_TRAFFIC_SECRET 69259332d3cf95046f23bd60b0cf30954ffa8b57be4e3fefcb3c861f1ee19969 2b793658dbff5db3fd8b8fce28cd0cc57c41752a227c2d5a94e232c11bf42e20
CLIENT_TRAFFIC_SECRET_0 69259332d3cf95046f23bd60b0cf30954ffa8b57be4e3fefcb3c861f1ee19969 55c3746c7b15d5507e4248aa89c3c2a33a44dd13427ed25c13654a94bc506241
SERVER_TRAFFIC_SECRET_0 69259332d3cf95046f23bd60b0cf30954ffa8b57be4e3fefcb3c861f1ee19969 0f46c4feaddc5bc09cfc87dce07ae8598e802454c4f603e7df8fe40470db1dd7
CLIENT_HANDSHAKE_TRAFFIC_SECRET dc9a806b5d703ab20249bc1c25e2fb01efcfa47f1dca010fd08282bae345ac98 11e9317a42716d7a906426304a364fbf424aec8f99ea433b8a836dabaaeb0d53
SERVER_HANDSHAKE_TRAFFIC_SECRET dc9a806b5d703ab20249bc1c25e2fb01efcfa47f1dca010fd08282bae345ac98 7aa77731bdc06b60bf046aea8d2136edf9787f168be52a72b669db09819cbf15
CLIENT_TRAFFIC_SECRET_0 dc9a806b5d703ab20249bc1c25e2fb01efcfa47f1dca010fd08282bae345ac98 10fe9d61ccfd4394c623c7f9837a6ceb2efa07a902bb5b23a3837bc119178d32
SERVER_TRAFFIC_SECRET_0 dc9a806b5d703ab20249bc1c25e2fb01efcfa47f1dca010fd08282bae345ac98 f49d65db1eb0b61f69bb8d1289b3a7d01eade177dbf48d25625ca4693c052666
CLIENT_HANDSHAKE_TRAFFIC_SECRET e9cc3e69731b53060f9bc51b0280a161d8b140fd6be5529bc576d35a7b8f679d 044daa8aa55e75dee5d39543c9095429631ead860042749e2327ce71df877340
SERVER_HANDSHAKE_TRAFFIC_SECRET e9cc3e69731b53060f9bc51b0280a161d8b140fd6be5529bc576d35a7b8f679d f89480d3f456ffcf70e334ee510d081fb95af6765996499ab6aef0f3c49d1f14
CLIENT_TRAFFIC_SECRET_0 e9cc3e69731b53060f9bc51b0280a161d8b140fd6be5529bc576d35a7b8f679d f6cadb877b71c399ebe1a8694fc58476d1a5cba9e5758a79970ab21ab6423866
SERVER_TRAFFIC_SECRET_0 e9cc3e69731b53060f9bc51b0280a161d8b140fd6be5529bc576d35a7b8f679d e5da9ce1330da3828409884b8692a5b40e1b017d468aaa52bd26176e588bbf94
CLIENT_HANDSHAKE_TRAFFIC_SECRET 3697e1575945a63a450945159123bbbf2364f8fd6ace32ad0e0f8ed0a9f866f1 658193962e9b394e0b6c3a5ab85c6d56dd4bcf88ebb360375365d89e7326d896
SERVER_HANDSHAKE_TRAFFIC_SECRET 3697e1575945a63a450945159123bbbf2364f8fd6ace32ad0e0f8ed0a9f866f1 da0236be077901258b0e1199b7dbbf7ca0a4153b9fc53d24aafc7af296c37057
CLIENT_TRAFFIC_SECRET_0 3697e1575945a63a450945159123bbbf2364f8fd6ace32ad0e0f8ed0a9f866f1 0d54f5800ba9561913457549c9a79d3aeaec85a6543c49249f50378f83e77b53
SERVER_TRAFFIC_SECRET_0 3697e1575945a63a450945159123bbbf2364f8fd6ace32ad0e0f8ed0a9f866f1 f2cdbe60fb47a81a6948ff39976543d91c86c6331295eb470e99eb218a44b318
CLIENT_HANDSHAKE_TRAFFIC_SECRET 1b3bc21169518bda0ba3daeb3701945ad17d3c7868732c9ac30bce3ea7a9329c d42cdce21f496de87cc7ffa0f6f5faa117b7ffb8bd80e21164dba0f8dbe1e77a
SERVER_HANDSHAKE_TRAFFIC_SECRET 1b3bc21169518bda0ba3daeb3701945ad17d3c7868732c9ac30bce3ea7a9329c 832844a77799c8053482317fc9117ad508061891b050c29f7c1e7278673f6101
CLIENT_TRAFFIC_SECRET_0 1b3bc21169518bda0ba3daeb3701945ad17d3c7868732c9ac30bce3ea7a9329c dd40f0e29760585c009e7600e21540cf95576a51d119f7648d58e54e40b2fb2d
SERVER_TRAFFIC_SECRET_0 1b3bc21169518bda0ba3daeb3701945ad17d3c7868732c9ac30bce3ea7a9329c 5ab809c844b2b87cd93c35522b0fa63fd0e254b4763dafbe32b347c538f63480
CLIENT_HANDSHAKE_TRAFFIC_SECRET 66dd26d7cc7ddcab020a3249c6f598901028c3443a71a4f825b1d993cb71eb2c 9064a8f1502b3406e97ee25ef0a0dcd335ab8d914781c86d9d92027349f0f360
SERVER_HANDSHAKE_TRAFFIC_SECRET 66dd26d7cc7ddcab020a3249c6f598901028c3443a71a4f825b1d993cb71eb2c 6f0cbbe108c302a05c6320b9e9381dfacb6ec29a77a8b110a8e0a0849e724445
CLIENT_TRAFFIC_SECRET_0 66dd26d7cc7ddcab020a3249c6f598901028c3443a71a4f825b1d993cb71eb2c 272461814dfae7631147128ca988b3fcf03af3dc99e5f4b73e698787e3fbf785
SERVER_TRAFFIC_SECRET_0 66dd26d7cc7ddcab020a3249c6f598901028c3443a71a4f825b1d993cb71eb2c c3db1af9b428a28037a6d90f07ad0356266955a29bd0ef7ef95bd21e2877c0ec
CLIENT_HANDSHAKE_TRAFFIC_SECRET 020a4c9a1cde1038f1785c0b0d7942a9a0821f6fc30c59443dc04ab61aff6cfa bbac15fcb3c7071324f0aa371d21ef7ca65e2b29f69370dff0a77dc60faa4b49
SERVER_HANDSHAKE_TRAFFIC_SECRET 020a4c9a1cde1038f1785c0b0d7942a9a0821f6fc30c59443dc04ab61aff6cfa 7fdafa5a9b916f2f1877c0ad190b68b13ee800773464101c3307ffbabbcc0a02
CLIENT_TRAFFIC_SECRET_0 020a4c9a1cde1038f1785c0b0d7942a9a0821f6fc30c59443dc04ab61aff6cfa 6c5bb4c078083ff605a164fbc3682a102b61b90242eca678134cf791334e39ad
SERVER_TRAFFIC_SECRET_0 020a4c9a1cde1038f1785c0b0d7942a9a0821f6fc30c59443dc04ab61aff6cfa dc9efb2c671dec05c5a8d5954a4da3e77cf03266cfaaa118fe577175901ec542
CLIENT_HANDSHAKE_TRAFFIC_SECRET 508ad3eb89992b24a1384c43cc46e9a5f131ce386796646a0dedf92a1960ecdd a1f79fdb5c09e7afe8a959f0c198a9c486f35683d7e289856cfbe0954dbe854c
SERVER_HANDSHAKE_TRAFFIC_SECRET 508ad3eb89992b24a1384c43cc46e9a5f131ce386796646a0dedf92a1960ecdd b1d90107c15f82fd49f9965940e6b86920716584e9a7d40493987d376296a0b3
CLIENT_TRAFFIC_SECRET_0 508ad3eb89992b24a1384c43cc46e9a5f131ce386796646a0dedf92a1960ecdd cf42540a073b0f0ca4843ac69727f77788c59940d661224c369cd49725c7a043
SERVER_TRAFFIC_SECRET_0 508ad3eb89992b24a1384c43cc46e9a5f131ce386796646a0dedf92a1960ecdd 99267028bdf15ae2a15f61566e396238c2b6ce1a9000e502116cb36f32c4fa49
CLIENT_HANDSHAKE_TRAFFIC_SECRET 9418090a35702e5298a653c611b5cc1edb1ee608bca6f916984e3192ece0f2ce 77a3727813ada765a81d68b58acd1ead2a19a48c256f46cffc5bd7b8387c6977
SERVER_HANDSHAKE_TRAFFIC_SECRET 9418090a35702e5298a653c611b5cc1edb1ee608bca6f916984e3192ece0f2ce 3322ed1fa9f5af7096d90c1c436d19b44cf1c7cb6a64a6748fd6258017e71799
CLIENT_TRAFFIC_SECRET_0 9418090a35702e5298a653c611b5cc1edb1ee608bca6f916984e3192ece0f2ce 3c93572cd1902f2e631688735c64c3e41655fbbe81f1e196944a6f7192ecdfa3
SERVER_TRAFFIC_SECRET_0 9418090a35702e5298a653c611b5cc1edb1ee608bca6f916984e3192ece0f2ce f1ccbbd8b49c4bf7862af3784e6c3f7528cfe5dcd2a2f8fe07a55a4c9a6be752
CLIENT_HANDSHAKE_TRAFFIC_SECRET fdc3d9d20e918f6641aaf195765df23c01ebd4e7fa707a2a820f9e5975c0f990 5fdc78781c89843bf02542d338a675fecd1979e7eb448e4d63298dde9e49e381
SERVER_HANDSHAKE_TRAFFIC_SECRET fdc3d9d20e918f6641aaf195765df23c01ebd4e7fa707a2a820f9e5975c0f990 4de2ed0a3e68ff8b0897e1db9e586de56ed1d791fbd74152dcc98e75535df3ed
CLIENT_TRAFFIC_SECRET_0 fdc3d9d20e918f6641aaf195765df23c01ebd4e7fa707a2a820f9e5975c0f990 aced777b5b670e7206199a93ec168260b89cf85ce7e41dbfb9ff390fbe715dc2
SERVER_TRAFFIC_SECRET_0 fdc3d9d20e918f6641aaf195765df23c01ebd4e7fa707a2a820f9e5975c0f990 c638921974a8074a452b5e1126f0f2e05f088c1d9a7da85709b276e5ed1c9ead
CLIENT_HANDSHAKE_TRAFFIC_SECRET e26dbc1e5cfa3cdbfd0302dbb208f694a2b00f1bba21eed76dae51ea581e0ec1 4101a8ee38ca2917123acd50fb21728ed327d2dfb8ad1dea6187fbb792377546
SERVER_HANDSHAKE_TRAFFIC_SECRET e26dbc1e5cfa3cdbfd0302dbb208f694a2b00f1bba21eed76dae51ea581e0ec1 5b43383e659fc0689e3c859175c62e0070bedd09f615a401a8e456d82a1a3c66
CLIENT_TRAFFIC_SECRET_0 e26dbc1e5cfa3cdbfd0302dbb208f694a2b00f1bba21eed76dae51ea581e0ec1 1f7fd62024198451467c75287a12d3121a0a0a8076b485aa40cdc2b401019c7c
SERVER_TRAFFIC_SECRET_0 e26dbc1e5cfa3cdbfd0302dbb208f694a2b00f1bba21eed76dae51ea581e0ec1 f577078300733d3c465ac3905c533911c5d500c7c0c349665c013e075cc31c8e
CLIENT_HANDSHAKE_TRAFFIC_SECRET b53410e130b91cde1a7bc1ec7f5de12a45a7d392fb7f601d615743690b37800f c5963fd44091bb3762f862a8bbcfaae21f94e0d2d60aa9f2df18bd88aec25ecd
SERVER_HANDSHAKE_TRAFFIC_SECRET b53410e130b91cde1a7bc1ec7f5de12a45a7d392fb7f601d615743690b37800f 8f36d1747e9ce20a96947fd928a8932093b344e8148fc5b3a1416bf82ce856e3
CLIENT_TRAFFIC_SECRET_0 b53410e130b91cde1a7bc1ec7f5de12a45a7d392fb7f601d615743690b37800f ac7076d4527ab4418e8cbd6d43ce2c68febc7a2da8ae4acada1a7db89e2bc7d0
SERVER_TRAFFIC_SECRET_0 b53410e130b91cde1a7bc1ec7f5de12a45a7d392fb7f601d615743690b37800f d36c61d0585343fa3660bd96d670f76879b22f58d90da064bb0c25a35a4605d7
CLIENT_HANDSHAKE_TRAFFIC_SECRET 7108836766eede3e08513f9d979fb126fb6615659e471fb587749f5641dabeda 528cf9cc60e0675f82c8c8cd9985b4c708e06797ce8afa6c65efb991b8e6c97e
SERVER_HANDSHAKE_TRAFFIC_SECRET 7108836766eede3e08513f9d979fb126fb6615659e471fb587749f5641dabeda 6c08a3a8d89a8b2743782f40e2a4e7e28f296c60f9c2cd80f49df6888fdc2dd9
CLIENT_TRAFFIC_SECRET_0 7108836766eede3e08513f9d979fb126fb6615659e471fb587749f5641dabeda 0f3d673e26849bfb31718f69d19566aec00623ad844160751bdce0bd3499b2c5
SERVER_TRAFFIC_SECRET_0 7108836766eede3e08513f9d979fb126fb6615659e471fb587749f5641dabeda 3da3ef88d03ab3022077b0c0d2a5c9520b6de70a9a6aee32329be01aa0991a1a
CLIENT_HANDSHAKE_TRAFFIC_SECRET 3e26a731b3e52fbfcc68754208821dd2a866c2255a9502119449ea9f602685df 723b678842227d69b86a8b471ea978b08934ad8dae0cf54f5aa02d322d0a467a
SERVER_HANDSHAKE_TRAFFIC_SECRET 3e26a731b3e52fbfcc68754208821dd2a866c2255a9502119449ea9f602685df 8079aa406cc6976f3e6666ec145db25a4c1b5bf5ce8f9984d3c57b09a3f0de13
CLIENT_TRAFFIC_SECRET_0 3e26a731b3e52fbfcc68754208821dd2a866c2255a9502119449ea9f602685df 6c8852846b829577800ba6f72499ae248181b918905c590bdd9175d5633e024f
SERVER_TRAFFIC_SECRET_0 3e26a731b3e52fbfcc68754208821dd2a866c2255a9502119449ea9f602685df 8379fc16555c82d5b6ab838603a2e5eb25ad9c8d948f5dd408d16af79296cecd
CLIENT_HANDSHAKE_TRAFFIC_SECRET 4b8c2f0c01cff5bbfbf2d1e122bfbf9887972aacc787f53cea93c44470787546 2d7d522474708b05323db32425c2aaecbb8256f7f4ecbb3ff5271ea831fe55a8
SERVER_HANDSHAKE_TRAFFIC_SECRET 4b8c2f0c01cff5bbfbf2d1e122bfbf9887972aacc787f53cea93c44470787546 d1e3fec1cd439aa653aded78a4e4164513c8a30580bd5c33f32f740c3b650167
CLIENT_TRAFFIC_SECRET_0 4b8c2f0c01cff5bbfbf2d1e122bfbf9887972aacc787f53cea93c44470787546 55c7f0b3a758c117aaafe91deac38d4f38a2328315d0b14a124cca4b1301b229
SERVER_TRAFFIC_SECRET_0 4b8c2f0c01cff5bbfbf2d1e122bfbf9887972aacc787f53cea93c44470787546 d893aeca0e371aec05877460371aa027ec99972b1c5c1791609c6a3524c9d1d3
CLIENT_HANDSHAKE_TRAFFIC_SECRET e3ac4ac0c3c0dd5e0322e16178237d914c8a19fdf7cdf1dc77211a2884ce5cb8 284865ccd9d484a20de5a987dcf02fe035124ab522af2c9ac9a07f675ec68035
SERVER_HANDSHAKE_TRAFFIC_SECRET e3ac4ac0c3c0dd5e0322e16178237d914c8a19fdf7cdf1dc77211a2884ce5cb8 cc031a8a1e064d0dba976c884b0505adb075a1b520f85fd04444dedad9cdd7fc
CLIENT_TRAFFIC_SECRET_0 e3ac4ac0c3c0dd5e0322e16178237d914c8a19fdf7cdf1dc77211a2884ce5cb8 7bec0cc3639adca32b819248f7c2de91efdc9a46c0ea4c27513daacbde442869
SERVER_TRAFFIC_SECRET_0 e3ac4ac0c3c0dd5e0322e16178237d914c8a19fdf7cdf1dc77211a2884ce5cb8 613f92956c9a592cd9ee39aaa551767bfcbf0321c91932743432062ba423bc7e
CLIENT_HANDSHAKE_TRAFFIC_SECRET 70c330799386db2f87f1c0f83f49c37eb7a47633911eb1a78caacdedc240bb24 f45b5dc54ae52ff676b4fbb4c53ef5d58ee0c2d67f2a05c9f41cd8ae6bb5f686
SERVER_HANDSHAKE_TRAFFIC_SECRET 70c330799386db2f87f1c0f83f49c37eb7a47633911eb1a78caacdedc240bb24 d1747f43e3df57c05424325444daffc54d8558c9e0c0d693a128b1be1a13f88f
CLIENT_TRAFFIC_SECRET_0 70c330799386db2f87f1c0f83f49c37eb7a47633911eb1a78caacdedc240bb24 c3e50b05127b4cb3655e84f32551896a84a9f78caaf8d16c3c5e46b09e81c2af
SERVER_TRAFFIC_SECRET_0 70c330799386db2f87f1c0f83f49c37eb7a47633911eb1a78caacdedc240bb24 585b3f79192a4492810cd5023522c1ed543eb0fe4697ac55702a75129ccc843f
CLIENT_HANDSHAKE_TRAFFIC_SECRET ef2cc6f60a26d2fa84226354ff93950db2b499cc9a4320c5e95d63b10c2d3b7e 49b42067f6cfc159ce964494a3b66c2defb7afa4be5398bfdf316eb0d95ca4fe
SERVER_HANDSHAKE_TRAFFIC_SECRET ef2cc6f60a26d2fa84226354ff93950db2b499cc9a4320c5e95d63b10c2d3b7e fdcb7a5cb10ffe9653307a15fd179452fc974fe31371a8243c7f770312ed2081
CLIENT_TRAFFIC_SECRET_0 ef2cc6f60a26d2fa84226354ff93950db2b499cc9a4320c5e95d63b10c2d3b7e dba839b7b90e55b6ab476f75d95d0befba760ce3d195ef84e49bb782952efb0d
SERVER_TRAFFIC_SECRET_0 ef2cc6f60a26d2fa84226354ff93950db2b499cc9a4320c5e95d63b10c2d3b7e 6a1d08f2d58365d75049a7bd30798bd4b4d2cb733492f019c8e3f7fafd6c02a4
CLIENT_HANDSHAKE_TRAFFIC_SECRET 8978508903c06f47e6093c3d0d72269ac83995df385b3d23eb8fe5781b058736 54c7f9b7bd8f049287e5735f68d2f9da2e86c725416b207a02056705018b1764
SERVER_HANDSHAKE_TRAFFIC_SECRET 8978508903c06f47e6093c3d0d72269ac83995df385b3d23eb8fe5781b058736 1f0dc7277ab18352066cb81d3ff1b06f97c821f4c2c467629d2e671cec072c83
CLIENT_TRAFFIC_SECRET_0 8978508903c06f47e6093c3d0d72269ac83995df385b3d23eb8fe5781b058736 b128b5964e5b5698cec47a1e67a26ef2eace6153dc48ee91ef88fd1889358fbd
SERVER_TRAFFIC_SECRET_0 8978508903c06f47e6093c3d0d72269ac83995df385b3d23eb8fe5781b058736 4f05778be9ae96292a70e5438d03a6a531d1a0ae130fba72d329416e085aae6d
CLIENT_HANDSHAKE_TRAFFIC_SECRET d35a47568205a7bb77e22da42d294730ff227a5a5cc4489421209827c2b37c80 cd0701a4e2c63365dc12ed0f12530bbafe9a0aebc1a03054434ca3efb4214e65
SERVER_HANDSHAKE_TRAFFIC_SECRET d35a47568205a7bb77e22da42d294730ff227a5a5cc4489421209827c2b37c80 a5e8feb8695d90ed28f2ce0155b64c2c8a470c58b3faa93c8508bd58b393d9ce
CLIENT_TRAFFIC_SECRET_0 d35a47568205a7bb77e22da42d294730ff227a5a5cc4489421209827c2b37c80 d509ddbd32a1d157bd0d528f6395303b37ef925f1db1f54a6ef40e810411a8ee
SERVER_TRAFFIC_SECRET_0 d35a47568205a7bb77e22da42d294730ff227a5a5cc4489421209827c2b37c80 8478c934c9fe0d1b9656d65aa362ca56ca8e860128d1c4ed6bb841f2b608ac7d
CLIENT_HANDSHAKE_TRAFFIC_SECRET 460ddd2a53abf87c01e8290485273cfe28033616723cb2d8ecdadf8201e26cdf 7d1acd70c625dddd465fa81ca6b59f0c1d5fe59ff28554bece86110ed40a1440
SERVER_HANDSHAKE_TRAFFIC_SECRET 460ddd2a53abf87c01e8290485273cfe28033616723cb2d8ecdadf8201e26cdf 22099a1e1c729524e4f2f48eb535be2e7a84677718ccbc6bac52fd204b097f18
CLIENT_TRAFFIC_SECRET_0 460ddd2a53abf87c01e8290485273cfe28033616723cb2d8ecdadf8201e26cdf ac41f1ee88e5aba625812e4c6bb6d0afa71b5d6b96cf6f3d2bc2e33a0eefbc45
SERVER_TRAFFIC_SECRET_0 460ddd2a53abf87c01e8290485273cfe28033616723cb2d8ecdadf8201e26cdf 5c8fa564579e7a97b17af3493e4ef81f27f161230f26be5f132d3720e52a5fff
CLIENT_HANDSHAKE_TRAFFIC_SECRET db2a0787e2ff5e717f85a1ab1f99d0a666195ac449da1758e025159eec1ac4e7 fc4227c62b2ca55db3d6185b92a5e319aebf6d75287199df306eb3a574c35c3a
SERVER_HANDSHAKE_TRAFFIC_SECRET db2a0787e2ff5e717f85a1ab1f99d0a666195ac449da1758e025159eec1ac4e7 861b1e37a5ae6e062ed81cbe4fa3534c0079721dcd31f9a29e05597c980d9303
CLIENT_TRAFFIC_SECRET_0 db2a0787e2ff5e717f85a1ab1f99d0a666195ac449da1758e025159eec1ac4e7 8aa85ac8b400ca0d30a3323739517b562c500e0a87c72c273b9b76f2b9c7603b
SERVER_TRAFFIC_SECRET_0 db2a0787e2ff5e717f85a1ab1f99d0a666195ac449da1758e025159eec1ac4e7 6e108455c4bb807ff88ecb7f666ef6a5667415b7950715592e107541076fcc97
CLIENT_HANDSHAKE_TRAFFIC_SECRET 53ffdbc74e504699965c9e0b36eb1c7139d3b46e6f677fbf6f6022f337abe1ee 70e67b01c58df0f192310296953694d553ea86405b8b4cca9b7af1b13058e84d
SERVER_HANDSHAKE_TRAFFIC_SECRET 53ffdbc74e504699965c9e0b36eb1c7139d3b46e6f677fbf6f6022f337abe1ee f0a88294ea13dcdc2665d270bd217ca341bfb92137a4880002d4f292985cdd79
CLIENT_TRAFFIC_SECRET_0 53ffdbc74e504699965c9e0b36eb1c7139d3b46e6f677fbf6f6022f337abe1ee 8ae884af27277b2e9a5410ff4d05ac1a46a81c0da56f57581d40431965185e14
SERVER_TRAFFIC_SECRET_0 53ffdbc74e504699965c9e0b36eb1c7139d3b46e6f677fbf6f6022f337abe1ee 7683abb20d7f85abf2ecd6839c8a4ee774d22cf95a7ae98d1a5cbbd44a259eac
CLIENT_HANDSHAKE_TRAFFIC_SECRET ce368c9b91b7caa29f92d64603b76dfb0e45bea9e7dcf5260384749695304ae9 984b871bc8d40ae0c5266e9b869e1af9161a4c3d705ec1d812a995da31419229
SERVER_HANDSHAKE_TRAFFIC_SECRET ce368c9b91b7caa29f92d64603b76dfb0e45bea9e7dcf5260384749695304ae9 704923662cfc0053af6f23e4d22e70db442b11fbcd76fe2df28c2a49ed3461e6
CLIENT_TRAFFIC_SECRET_0 ce368c9b91b7caa29f92d64603b76dfb0e45bea9e7dcf5260384749695304ae9 1bafbc1846562649e8663bebf3934f6bf827060d5113f619f5241c391448fff9
SERVER_TRAFFIC_SECRET_0 ce368c9b91b7caa29f92d64603b76dfb0e45bea9e7dcf5260384749695304ae9 48e9a4012487a83534f9234ba48aabe0069cd1433b30888eca2b952b7245fbe3
CLIENT_HANDSHAKE_TRAFFIC_SECRET 89f4242a247e113974bae00d53a562810fa078add39ddc1aff8707da2dafa59a 4c00fa9df6a30458104b702acc7a44862091ba7733efba6de57175261dd48885
SERVER_HANDSHAKE_TRAFFIC_SECRET 89f4242a247e113974bae00d53a562810fa078add39ddc1aff8707da2dafa59a ab50c5977215e746d90c989d48d1853f0b4d6fd767f9a03c329d0354614bf9c4
CLIENT_TRAFFIC_SECRET_0 89f4242a247e113974bae00d53a562810fa078add39ddc1aff8707da2dafa59a e0dfc7d36b4498f66e2a08db51d45e9c14b287742c3cc589fd20a5369da3acc4
SERVER_TRAFFIC_SECRET_0 89f4242a247e113974bae00d53a562810fa078add39ddc1aff8707da2dafa59a 4f33369aaf40db07cb2966788e1219a6df8a07687e0753076a0d791ceee2767a
CLIENT_HANDSHAKE_TRAFFIC_SECRET 55bd389cb3a6f2d6603ef695116306c2fd821b25692712e38e488766fe259662 c7b15aaeba590f1949aefada9ba3ec2e448f6ebe34e4ab7cdb5f7a103f75a157
SERVER_HANDSHAKE_TRAFFIC_SECRET 55bd389cb3a6f2d6603ef695116306c2fd821b25692712e38e488766fe259662 2eb57637a1b499472a462070fffe3baa8ad68284a5c0fb62313693ccdec45f5f
CLIENT_TRAFFIC_SECRET_0 55bd389cb3a6f2d6603ef695116306c2fd821b25692712e38e488766fe259662 12fd07814ac68f15f7ce21340a1f7d495597c57d6dc38ad769f79ef9462bd530
SERVER_TRAFFIC_SECRET_0 55bd389cb3a6f2d6603ef695116306c2fd821b25692712e38e488766fe259662 f842bd734b2f19cd73ec4568b197c883efa05a6f68534fb598ff5eb3ae11d0cd
CLIENT_HANDSHAKE_TRAFFIC_SECRET 9574ae1d823cbd9a1cc8e4e4481c2c50c5ed79b47c2a0e406a8b6afeb7667cbe 2acc2f46be83ea1a3637db4563d4fcf372bfdade2381cbfd63e52e831f589f86
SERVER_HANDSHAKE_TRAFFIC_SECRET 9574ae1d823cbd9a1cc8e4e4481c2c50c5ed79b47c2a0e406a8b6afeb7667cbe 7518f2da2599a2211f3aa4eb0a981d6d88bcc86f24198b334d50c446bd3ff822
CLIENT_TRAFFIC_SECRET_0 9574ae1d823cbd9a1cc8e4e4481c2c50c5ed79b47c2a0e406a8b6afeb7667cbe 448c38f95f090e340e565280893e07f921f176993c2eba4a5aead06c07da809d
SERVER_TRAFFIC_SECRET_0 9574ae1d823cbd9a1cc8e4e4481c2c50c5ed79b47c2a0e406a8b6afeb7667cbe 98ef565c4b2e61f03d102bfc9f6eea512b7d043b96be151706c9456121937acb
CLIENT_HANDSHAKE_TRAFFIC_SECRET 3805d41b387a08b0801b1d934e547c164de93c2dc730900b08c46e42f0e3a717 5b45fa3e6230d1eaf7c691b7a947e1e11759063d01c5fe50cafc35e3ef1beb05
SERVER_HANDSHAKE_TRAFFIC_SECRET 3805d41b387a08b0801b1d934e547c164de93c2dc730900b08c46e42f0e3a717 1aab1242d146cc1d6191c626ee660a9b2a8a848a948c3e9d06a2973e47ddfad6
CLIENT_TRAFFIC_SECRET_0 3805d41b387a08b0801b1d934e547c164de93c2dc730900b08c46e42f0e3a717 d2affdf75603bb4ef7afe7b1a0e804271d75fd3ba5212e278a2d1c6ccf472585
SERVER_TRAFFIC_SECRET_0 3805d41b387a08b0801b1d934e547c164de93c2dc730900b08c46e42f0e3a717 e5139d7e8fe6575b0da535cf65331a43b3b8d0d88fea85f4382374d43001c6bf
CLIENT_HANDSHAKE_TRAFFIC_SECRET ddcc6f64ac501b3f443a65d1c1526f66ef07ebad690ed9196b1f05f450ece24f 01add0a73d51e9ae4142635944f16ae2beddb33f8ba4be206cfbfc57bf5d9a77
SERVER_HANDSHAKE_TRAFFIC_SECRET ddcc6f64ac501b3f443a65d1c1526f66ef07ebad690ed9196b1f05f450ece24f efe16ab9cd072a9a5838a911ce7a9020fd314ee3e23d79def1466a19c51daae4
CLIENT_TRAFFIC_SECRET_0 ddcc6f64ac501b3f443a65d1c1526f66ef07ebad690ed9196b1f05f450ece24f 1e4843f6eaa52817bcfc9d8bc69075922a5edf4ce6d600cda60c082c20f5415c
SERVER_TRAFFIC_SECRET_0 ddcc6f64ac501b3f443a65d1c1526f66ef07ebad690ed9196b1f05f450ece24f 1e74133322224cc17d8e4bc6c3789b1a34eabf2c2a9365afc7eb2e54d5241879
CLIENT_HANDSHAKE_TRAFFIC_SECRET 928d3c3ff3b12fb56984ae30e82600a32abb758257ae08cdb5ffff05d68665a0 d35cb1eb048df92d10eb0b878c911ae97ad1f0aab810a849a86ae50595107cc6
SERVER_HANDSHAKE_TRAFFIC_SECRET 928d3c3ff3b12fb56984ae30e82600a32abb758257ae08cdb5ffff05d68665a0 c27b3f9394265fcd2ed7ed5cbf1e97f4a9d334e71bdb9f2bf2be2cffe1ed33a1
CLIENT_TRAFFIC_SECRET_0 928d3c3ff3b12fb56984ae30e82600a32abb758257ae08cdb5ffff05d68665a0 e82097026f0c8e853f60a800d9f68e39101b61219eda9577d724ef959fb0c30d
SERVER_TRAFFIC_SECRET_0 928d3c3ff3b12fb56984ae30e82600a32abb758257ae08cdb5ffff05d68665a0 7604ba48793a8307d7542711d000e7c02476082787ce95b0bcd72dbc58783636
CLIENT_HANDSHAKE_TRAFFIC_SECRET 3ddd795b5358c6abe424ede8744d8d43d980556fe9bf2a0be35c21bdcb13a946 f632bdb3477967860342be5250fedc8b6b930517909cbcd7711f2ea149658b2e
SERVER_HANDSHAKE_TRAFFIC_SECRET 3ddd795b5358c6abe424ede8744d8d43d980556fe9bf2a0be35c21bdcb13a946 2cb24753d4d7fd1af3825b82fda54adee84a98ae96abf7e9a2033819f4305b9c
CLIENT_TRAFFIC_SECRET_0 3ddd795b5358c6abe424ede8744d8d43d980556fe9bf2a0be35c21bdcb13a946 856a260c2471c894a3813232883bf251d6217b19b57def6d565caa12e3a35758
SERVER_TRAFFIC_SECRET_0 3ddd795b5358c6abe424ede8744d8d43d980556fe9bf2a0be35c21bdcb13a946 cb91676a1dce2169e41df236a3a3216a188ff53f9ad7d5fc7dec83c9fbce8768
CLIENT_HANDSHAKE_TRAFFIC_SECRET 1e4e4a212c640431ca0d7c22f7ecc363546d0259d24d46491bcbc4759158b4c2 9c7e61fbfafd78ff8acae4fdf24d7cffaf0632913032c930384378b0f1557dd2
SERVER_HANDSHAKE_TRAFFIC_SECRET 1e4e4a212c640431ca0d7c22f7ecc363546d0259d24d46491bcbc4759158b4c2 0fc51148fe0ef1d33bcf812e6092d715c9aa0c1c6a03be67691084520209d8a1
CLIENT_TRAFFIC_SECRET_0 1e4e4a212c640431ca0d7c22f7ecc363546d0259d24d46491bcbc4759158b4c2 17704be53e5b9c68beba6a6ea907df26f61415cec0976cc26e7e4bec31355f2f
SERVER_TRAFFIC_SECRET_0 1e4e4a212c640431ca0d7c22f7ecc363546d0259d24d46491bcbc4759158b4c2 06748103319e7a4fc84eb99b2d49ceb970077bd139156352fd79e2b5ac9b2ad2
CLIENT_HANDSHAKE_TRAFFIC_SECRET 289fdb9c33680818656b04b41727ad05c4d804caaa5c56f91fa4ca7991ad5fdc 97f75597906033393b3fb4b6fdcc3a95c05d25b487430ddef7771abc6d23ce05
SERVER_HANDSHAKE_TRAFFIC_SECRET 289fdb9c33680818656b04b41727ad05c4d804caaa5c56f91fa4ca7991ad5fdc 849aad48266f3b1441a151c36681ca59e433a77a92e27061a7347f3e7745bce5
CLIENT_TRAFFIC_SECRET_0 289fdb9c33680818656b04b41727ad05c4d804caaa5c56f91fa4ca7991ad5fdc 1d9fdc2cacd577d31ecfe64a327e1db346da1efe6640fb5a2d5ec36b7d9e3483
SERVER_TRAFFIC_SECRET_0 289fdb9c33680818656b04b41727ad05c4d804caaa5c56f91fa4ca7991ad5fdc a1683ab3a43fd39819b9a2ff701e6ecba0f3a4b1d2898f04c89e47e5829c65b1
CLIENT_HANDSHAKE_TRAFFIC_SECRET 27890939c98dab55a3411323f8e5b64d01900b02f757a6ef7e9b67eeaac393fe f5b83223cc8f735e9644c55552941632db95c1ce9341c4081a948703d9b58e50
SERVER_HANDSHAKE_TRAFFIC_SECRET 27890939c98dab55a3411323f8e5b64d01900b02f757a6ef7e9b67eeaac393fe efe3eb2aa281345ebcc3f2111ea0febfeee01f7d4df6dc873c58ed38df8152bb
CLIENT_TRAFFIC_SECRET_0 27890939c98dab55a3411323f8e5b64d01900b02f757a6ef7e9b67eeaac393fe 4da3c293502dd81165880187b1a6725ea2843d7d72c6328634ad53acead1deb4
SERVER_TRAFFIC_SECRET_0 27890939c98dab55a3411323f8e5b64d01900b02f757a6ef7e9b67eeaac393fe cf23b6ffd91bdfc3685585d386418135e4df98d9217099493eb0005e74b209e7
CLIENT_HANDSHAKE_TRAFFIC_SECRET 193e33709f399bb550c26236b2773645c169e0a534fb0f63e9d60524eb5fd804 98949dc295b84fa3356224131fb1a33ec14695d3fca60f00edd4d1357aafdbda
SERVER_HANDSHAKE_TRAFFIC_SECRET 193e33709f399bb550c26236b2773645c169e0a534fb0f63e9d60524eb5fd804 dbefffb039e3a53e6358c7dc7e7a9f24632f66f063ba21c38fbe4c161b7fbf34
CLIENT_TRAFFIC_SECRET_0 193e33709f399bb550c26236b2773645c169e0a534fb0f63e9d60524eb5fd804 65e03b37da66539b6778cd1c56fb6a7fbcb823d88c59dc8944da134042b37f93
SERVER_TRAFFIC_SECRET_0 193e33709f399bb550c26236b2773645c169e0a534fb0f63e9d60524eb5fd804 31ac5568c913e9a169ba00acdb8326f58b942c361b9e55cfc5da338a7f40b28d
CLIENT_HANDSHAKE_TRAFFIC_SECRET 3d9d70106124a4fbb667101379ce23e0ba41c3f6e4e9ecaff074805d9700c651 e843fbd2089bbe0b743757f64417a71d7af9349d67a3469c58a9295bc7432556
SERVER_HANDSHAKE_TRAFFIC_SECRET 3d9d70106124a4fbb667101379ce23e0ba41c3f6e4e9ecaff074805d9700c651 49b556af9dead4e9de7b0b2fff72ccc261f638f9e45e10ad6cc9e2b191990f5a
CLIENT_TRAFFIC_SECRET_0 3d9d70106124a4fbb667101379ce23e0ba41c3f6e4e9ecaff074805d9700c651 645af0c3928e575edce2b8c894c908cbae373b93dc30220210c613d3f0b6f903
SERVER_TRAFFIC_SECRET_0 3d9d70106124a4fbb667101379ce23e0ba41c3f6e4e9ecaff074805d9700c651 14419d1101c46bff8f2ae89a052f1986326718704f1e66e11777981b04ac8c34
CLIENT_HANDSHAKE_TRAFFIC_SECRET ff21e6a8530572ecc538f21f7806e796502b94214925591ed8f55c4c4b32f68e e31154e10cad8a83b4ee15acbe1d8553f9b973345763bc7d3dd7f3f2de137455
SERVER_HANDSHAKE_TRAFFIC_SECRET ff21e6a8530572ecc538f21f7806e796502b94214925591ed8f55c4c4b32f68e a3bd3ffc07c89d607b4270c3b3a9ea8b874df33ad86e425a530f992c0b54c029
CLIENT_TRAFFIC_SECRET_0 ff21e6a8530572ecc538f21f7806e796502b94214925591ed8f55c4c4b32f68e 26bde1acd587667012cee325a58804733a8d20c9e17de1f4c3320e21ca814ab0
SERVER_TRAFFIC_SECRET_0 ff21e6a8530572ecc538f21f7806e796502b94214925591ed8f55c4c4b32f68e 9033df0f26e23620194868d743a355b7c0aab6cd846058a61cbff312341cbd9c
CLIENT_HANDSHAKE_TRAFFIC_SECRET 653a6c27ad5233d497e24152f1490ab7581cf0346a460139a362442868504094 9e08cdfe3add1cfd14bc52154ce442b2df7469e0250aa11e5cd6d37309b1aa08
SERVER_HANDSHAKE_TRAFFIC_SECRET 653a6c27ad5233d497e24152f1490ab7581cf0346a460139a362442868504094 ad23a053325530eff39f7365a3475d4545e47273bec6133d36673854063faebf
CLIENT_TRAFFIC_SECRET_0 653a6c27ad5233d497e24152f1490ab7581cf0346a460139a362442868504094 99f6dfff9c9750def210ddee616fc2bc618c782f3c0f3525f49d5d4e70f94a75
SERVER_TRAFFIC_SECRET_0 653a6c27ad5233d497e24152f1490ab7581cf0346a460139a362442868504094 56ea4572d9525269f5b4935ef3846c7d34b47890e65c1aca4434942428624849
CLIENT_HANDSHAKE_TRAFFIC_SECRET 31bb9e8344abf6d4c4dcdc9a58e1cd73261bd9b2b09679dcb72d6ad5e4c75e7f 05ee7d195a32c3a8136fc72edeeaabcff14df66b33b6e0571918d9ed0129f28a
SERVER_HANDSHAKE_TRAFFIC_SECRET 31bb9e8344abf6d4c4dcdc9a58e1cd73261bd9b2b09679dcb72d6ad5e4c75e7f 9171e5c378400b4e33adf92d64e9ae900c6bac0ebb948b3965ed2cce2962fbae
CLIENT_TRAFFIC_SECRET_0 31bb9e8344abf6d4c4dcdc9a58e1cd73261bd9b2b09679dcb72d6ad5e4c75e7f 256ff6f427c07120534ba9a3a5654102ec56e40a2efb67c9b12875db362798f9
SERVER_TRAFFIC_SECRET_0 31bb9e8344abf6d4c4dcdc9a58e1cd73261bd9b2b09679dcb72d6ad5e4c75e7f 3fac9690416a5b494811087879e6ef94d9d8b5f865104764a6a663800f079e0f
CLIENT_HANDSHAKE_TRAFFIC_SECRET 7ae9245225747c11f2fe068033a6821cc3068105bb1a77549f79784105477df2 b31a740c7efe4516ed76c460ba71d6a5aa6ab8a88206b9cd12469e8974f04417
SERVER_HANDSHAKE_TRAFFIC_SECRET 7ae9245225747c11f2fe068033a6821cc3068105bb1a77549f79784105477df2 76aae68db351977a35de9a411777bc1d8eecf7c8180bb8f0d9b34f3ad1cfebbf
CLIENT_TRAFFIC_SECRET_0 7ae9245225747c11f2fe068033a6821cc3068105bb1a77549f79784105477df2 562a99796a2cd7018f9fefb467071c3a1aa8ce85e03ab95ae468824cdc0b085f
SERVER_TRAFFIC_SECRET_0 7ae9245225747c11f2fe068033a6821cc3068105bb1a77549f79784105477df2 439be0270b47f219be8d37eb36abd011907ebde83ca7403f48e54deb69defa0c
CLIENT_HANDSHAKE_TRAFFIC_SECRET 01fb4476206b9725c4fc048923b26778f034e16f58ec8f6b58a5bd99c01cda95 f953a435c17efa997b58457d9d1cf93fe2f36be04c862c97921858bc6569f906
SERVER_HANDSHAKE_TRAFFIC_SECRET 01fb4476206b9725c4fc048923b26778f034e16f58ec8f6b58a5bd99c01cda95 9e2eaceef688a21854063d85b13bc40ab70119b640286c9f78f001763ebcf502
CLIENT_TRAFFIC_SECRET_0 01fb4476206b9725c4fc048923b26778f034e16f58ec8f6b58a5bd99c01cda95 a13d0d43ac655bea64e57f63441424d78d72fedea7a9150b816aee151b3355ea
SERVER_TRAFFIC_SECRET_0 01fb4476206b9725c4fc048923b26778f034e16f58ec8f6b58a5bd99c01cda95 8e9e5a0ea60c519f1c2ea59b7e54b42c335ad94ef848b8e9ccebbea7dd1483ce
CLIENT_HANDSHAKE_TRAFFIC_SECRET 6a9a64e5638a1f8d25f3f69e9bead26c6c7d62ab52f7d9034141a6ae9e77c474 bed48d6b16a4f6b0ba68a0efd90dae0d35d1b5fd7876b4e1e53cc45706c3671c
SERVER_HANDSHAKE_TRAFFIC_SECRET 6a9a64e5638a1f8d25f3f69e9bead26c6c7d62ab52f7d9034141a6ae9e77c474 0acf6fe82d2a65bb51dfba2d698d8c0eae95efe66a5ead625264f9b94ec89f13
CLIENT_TRAFFIC_SECRET_0 6a9a64e5638a1f8d25f3f69e9bead26c6c7d62ab52f7d9034141a6ae9e77c474 c3d3de0ceec7fa8f43507b9f18c172b35ae6227ac8a45f50a706e605cb58e178
SERVER_TRAFFIC_SECRET_0 6a9a64e5638a1f8d25f3f69e9bead26c6c7d62ab52f7d9034141a6ae9e77c474 873ff6b67079472e9e8bc3700eff460dd72e777431468015e398b3c90f4e9cba
CLIENT_HANDSHAKE_TRAFFIC_SECRET 7ebd5799a87054b369cf1b0dbd7a6612c886edbaa190951c9483b497d6737c10 c9e243e1de7affc74cab3e77cdc3ed169fcd10dc8027144eba20b70be466583b
SERVER_HANDSHAKE_TRAFFIC_SECRET 7ebd5799a87054b369cf1b0dbd7a6612c886edbaa190951c9483b497d6737c10 f0d39f119d6942fe72268b09e110fabe7d07e9626565f819feecada1bf30b0eb
CLIENT_TRAFFIC_SECRET_0 7ebd5799a87054b369cf1b0dbd7a6612c886edbaa190951c9483b497d6737c10 1cf460ae011d075ea131fb4fb808a1fa9ad04828379a66f344fc581e9c7f93f2
SERVER_TRAFFIC_SECRET_0 7ebd5799a87054b369cf1b0dbd7a6612c886edbaa190951c9483b497d6737c10 028dbf30257e05474490652e111e02c27e24e26d7c3019ba635dc6aa79918527
CLIENT_HANDSHAKE_TRAFFIC_SECRET 9d73d40fe2cd9128fb37e0dee60c4cde97bcef48c087cf96dce55a0d619620d1 c466a9e7b4e264f19b9203439cf36cfea6cbe6b0941e37a8242372bf7a8fd514
SERVER_HANDSHAKE_TRAFFIC_SECRET 9d73d40fe2cd9128fb37e0dee60c4cde97bcef48c087cf96dce55a0d619620d1 2d815e61e1c6add4c8f429137e1f7d4c38ca36721bc2c821a4599c6c05da2941
CLIENT_TRAFFIC_SECRET_0 9d73d40fe2cd9128fb37e0dee60c4cde97bcef48c087cf96dce55a0d619620d1 487581449dc7f5840aec287879c154ad89d8df461060b7b4b4273593e1955fa4
SERVER_TRAFFIC_SECRET_0 9d73d40fe2cd9128fb37e0dee60c4cde97bcef48c087cf96dce55a0d619620d1 c2ff25a2b0504ba52e09b6cec4a446b05b280273ebbc6bf75611acaa8b9f4991
CLIENT_HANDSHAKE_TRAFFIC_SECRET ae58a6aba414b9a824c5c14d2e52ba80a5bafac56fc1556dec8d7ff254e3ea6d e87341da029c79e314345e60130afed15ca369b20e70cd4929a5f1a3b31a7c20
SERVER_HANDSHAKE_TRAFFIC_SECRET ae58a6aba414b9a824c5c14d2e52ba80a5bafac56fc1556dec8d7ff254e3ea6d 58189f1db7cfca1b1a73ee84acf6ade31fc61c8d90c7423690d542aec7fa3209
CLIENT_TRAFFIC_SECRET_0 ae58a6aba414b9a824c5c14d2e52ba80a5bafac56fc1556dec8d7ff254e3ea6d 2324c62d4bc88b68e6defc3190796a51a2af2866bb43833d5f1009210501fcb9
SERVER_TRAFFIC_SECRET_0 ae58a6aba414b9a824c5c14d2e52ba80a5bafac56fc1556dec8d7ff254e3ea6d 32590dd52aa6892b64bf9576ebb8c936099c8f719a03a99bf7c96093c26cea98
CLIENT_HANDSHAKE_TRAFFIC_SECRET 04397f848a001f8596b4ad2fdc5b2ab4b84f24ac9afd9907119dc34c3af7b968 3b8bfbe45d32ad9f5c90d5c50f97959fbf4b912d7f16baa129cbcfbaea33214f
SERVER_HANDSHAKE_TRAFFIC_SECRET 04397f848a001f8596b4ad2fdc5b2ab4b84f24ac9afd9907119dc34c3af7b968 784396c3e65a2b13ae38dd3aa9ea0b87ce121e08348bb20a2f93fdd7166c42e5
CLIENT_TRAFFIC_SECRET_0 04397f848a001f8596b4ad2fdc5b2ab4b84f24ac9afd9907119dc34c3af7b968 97bf19f06998475f10e3b6ceddfded874b3d54a5000dd713d2519f17d55aceb3
SERVER_TRAFFIC_SECRET_0 04397f848a001f8596b4ad2fdc5b2ab4b84f24ac9afd9907119dc34c3af7b968 1970db45c26b4467d84782cb3d4fc0944241d4e4409ee71464b924cf1f96fdad
CLIENT_HANDSHAKE_TRAFFIC_SECRET ed463f1196e460d71ac111aec2c6961de724a8944697bd3232e72c7a50d64c38 8ef1e604288987005f311e19dc8a5fcec5c305744c87c90a785008627af26569
SERVER_HANDSHAKE_TRAFFIC_SECRET ed463f1196e460d71ac111aec2c6961de724a8944697bd3232e72c7a50d64c38 b19c2a642e5781aee191a0bf742df6344e6542af9677b028e3cf85692cd14775
CLIENT_TRAFFIC_SECRET_0 ed463f1196e460d71ac111aec2c6961de724a8944697bd3232e72c7a50d64c38 87f4c935416d8304e57784c880f9b2602ae51edf8eff19e06a1b341374bf57d7
SERVER_TRAFFIC_SECRET_0 ed463f1196e460d71ac111aec2c6961de724a8944697bd3232e72c7a50d64c38 8b002be22204d0cd36e23e48d7ef9259af424848771c663c3b13eddab2cefd6f
CLIENT_HANDSHAKE_TRAFFIC_SECRET 45075a8e6ccc6379d0a31b5f6552ed0084d6073a21f3ebd820fdad738c5d7e7e db46f1f9521e37954ab31eb98863701eb194deb2c1fc399a3e9ab4d598d5e01e
SERVER_HANDSHAKE_TRAFFIC_SECRET 45075a8e6ccc6379d0a31b5f6552ed0084d6073a21f3ebd820fdad738c5d7e7e 8a6b9985019fdc4cb0a7ca0354f99b247c534f0a19c98a1ef09cc397d92359d3
CLIENT_TRAFFIC_SECRET_0 45075a8e6ccc6379d0a31b5f6552ed0084d6073a21f3ebd820fdad738c5d7e7e 2bf758a2b363427dd1b3250bc8f6088b5554427bd4cf4141bc7d34a6f28cf77a
SERVER_TRAFFIC_SECRET_0 45075a8e6ccc6379d0a31b5f6552ed0084d6073a21f3ebd820fdad738c5d7e7e dd516a6e9287bd709878c8dd260e7653cbfe99620e6022717819548e73fdccf3
CLIENT_HANDSHAKE_TRAFFIC_SECRET 9bd6adaa18ad3ec95eb11c35d0503852eaafa59381ce82034707c7f826027e02 c39a93394799d484a4018d7b89c31b4b7d47be8e904caa7870555b8928d3b66a
SERVER_HANDSHAKE_TRAFFIC_SECRET 9bd6adaa18ad3ec95eb11c35d0503852eaafa59381ce82034707c7f826027e02 d149caedfa78bc826c588407a6da6ec69c71a500fa4173274dcd7875b34fe64d
CLIENT_TRAFFIC_SECRET_0 9bd6adaa18ad3ec95eb11c35d0503852eaafa59381ce82034707c7f826027e02 5740437e2012fcddcccd839e3bbaddcdb831927e651960bc93da653ac4f701be
SERVER_TRAFFIC_SECRET_0 9bd6adaa18ad3ec95eb11c35d0503852eaafa59381ce82034707c7f826027e02 f18914f6588f30bb5d88a90ec528e08650000d21c2df23e0af58c47c6d6f1ee5
CLIENT_HANDSHAKE_TRAFFIC_SECRET bab3b2b40adaa2699edfddd3702326a35d30259ecb0d55801eb1471f14837562 1d4658cbd6d8481f257e0dd7e4cb6aa9dbef3de4522214a2b680c701123e7ea4
SERVER_HANDSHAKE_TRAFFIC_SECRET bab3b2b40adaa2699edfddd3702326a35d30259ecb0d55801eb1471f14837562 66c3dc5414cf47c349cb0a28d2ebf7e0c8552730ecd84513286b75b9c50be85b
CLIENT_TRAFFIC_SECRET_0 bab3b2b40adaa2699edfddd3702326a35d30259ecb0d55801eb1471f14837562 0be61ad10f3f53e49295146208cafafa0e56cdd6e807b954a059fcc5efac3215
SERVER_TRAFFIC_SECRET_0 bab3b2b40adaa2699edfddd3702326a35d30259ecb0d55801eb1471f14837562 9b5831b70fa966a7ac20f558aae888e83ae27be0d4e7084a42fdb8ce6ea1cdbf
CLIENT_HANDSHAKE_TRAFFIC_SECRET 502c7f25a41da868572d5504cc521ed7a2e963da74789554de2f0ad76d1f834c cc28342762b68b2a6dc0dc43de6e0976a169fe8011e9bae39f03d7e89d5dad59
SERVER_HANDSHAKE_TRAFFIC_SECRET 502c7f25a41da868572d5504cc521ed7a2e963da74789554de2f0ad76d1f834c 9e9b0473894a8aecb66825245d9a0c33228bb2c920ba2cb0cca43d1ea871c6cf
CLIENT_TRAFFIC_SECRET_0 502c7f25a41da868572d5504cc521ed7a2e963da74789554de2f0ad76d1f834c 8dd365419b9ab27c0abb96afe67c9a9b8c9a1fb802a66e4e6fc74ae84538e1b3
SERVER_TRAFFIC_SECRET_0 502c7f25a41da868572d5504cc521ed7a2e963da74789554de2f0ad76d1f834c d76f98eabf2922276a0e56e7ff7fcc10b6b01dadb8441ecc92e8e2cf987abc57
CLIENT_HANDSHAKE_TRAFFIC_SECRET 889066f682f13985fccc2a3c38934ed82a92374405438bae62c716eb3c4f4ba7 9c63ca263f448222d3bb437fb663ac58bda8dd1102464a4934aeb9a507a238bb
SERVER_HANDSHAKE_TRAFFIC_SECRET 889066f682f13985fccc2a3c38934ed82a92374405438bae62c716eb3c4f4ba7 8c66ab9f54e1f0d90bccf07f67f0976bf5ad0b3c74d0f770005de1f43e22e0ac
CLIENT_TRAFFIC_SECRET_0 889066f682f13985fccc2a3c38934ed82a92374405438bae62c716eb3c4f4ba7 dbc329f3a23407da7ec5b873356a5e14783e3eaa855273f80aeeb73fc98d3ff1
SERVER_TRAFFIC_SECRET_0 889066f682f13985fccc2a3c38934ed82a92374405438bae62c716eb3c4f4ba7 fb4c478cefd7ac67eaa7a36c2790c6222bf2353d3b5d50228631b2350197c93a
CLIENT_HANDSHAKE_TRAFFIC_SECRET 87c290aec08a885e26db3b5bf3ba98d7afeb4106be31ec3de03ce91a65f13d2d 9dd8d64ba12bcc238c10eeceaaf76669f8b1adfa668263649efaf0626c2fc757
SERVER_HANDSHAKE_TRAFFIC_SECRET 87c290aec08a885e26db3b5bf3ba98d7afeb4106be31ec3de03ce91a65f13d2d d71dd094188aabac4958f5d66b07e7d4d68a203398529018f7b122a81a3ee949
CLIENT_TRAFFIC_SECRET_0 87c290aec08a885e26db3b5bf3ba98d7afeb4106be31ec3de03ce91a65f13d2d 44207bce72221a0329ef2aa9de1f7945ac3fc194c94ab9432f68a67d6aa021e7
SERVER_TRAFFIC_SECRET_0 87c290aec08a885e26db3b5bf3ba98d7afeb4106be31ec3de03ce91a65f13d2d 81fc0d74f9068bc7ffea6ec6789b98c409e9438178bf9e0863bb0dd284b582e4
CLIENT_HANDSHAKE_TRAFFIC_SECRET 5bb0acd34e542c9349f9cfefeae6660df325d389d4ada34801c6b092edfb4a0b 578f02a61c5130ece6462e7d8a20baddd6bd934809cf8a88d074ce63a04ec438
SERVER_HANDSHAKE_TRAFFIC_SECRET 5bb0acd34e542c9349f9cfefeae6660df325d389d4ada34801c6b092edfb4a0b fd45973d1214bd6140d90a377ce43e4d270481476c1ddb4134690344d0679134
CLIENT_TRAFFIC_SECRET_0 5bb0acd34e542c9349f9cfefeae6660df325d389d4ada34801c6b092edfb4a0b 8bb9c2ffd918e50be1241ce9bef90b468fbc4babab448805b41317f425f7974a
SERVER_TRAFFIC_SECRET_0 5bb0acd34e542c9349f9cfefeae6660df325d389d4ada34801c6b092edfb4a0b b81e5a8569933dcc1c4c7e49e107760f5bfe265e13f47f2200a25db124902893
CLIENT_HANDSHAKE_TRAFFIC_SECRET ec4a858fa201138063bbdda882183f65bc94e5b7fd51b4063a955bd4cf431157 797bb5cb7e2e0a69de493eaaef73e18438940ed541500911b60863b4ca8dad78
SERVER_HANDSHAKE_TRAFFIC_SECRET ec4a858fa201138063bbdda882183f65bc94e5b7fd51b4063a955bd4cf431157 c371c781472a792499961488c14a5c8664d7ca9d79d929605ba9da510a28087b
CLIENT_TRAFFIC_SECRET_0 ec4a858fa201138063bbdda882183f65bc94e5b7fd51b4063a955bd4cf431157 bbffd384b6b9801921ce233ad9e4afdb3a107129e3e849485b1308fb315aaa08
SERVER_TRAFFIC_SECRET_0 ec4a858fa201138063bbdda882183f65bc94e5b7fd51b4063a955bd4cf431157 df02b1a45b13f488ea228684b12955b1abe49e3a38b4bccfd47c5163fa89572f
CLIENT_HANDSHAKE_TRAFFIC_SECRET 18c8b156c6a58528bd9a3ba793cd3a07d81c01a719b1dbef9089c87b8cfd545a 8aa39579b57546e3b21c2c366bc8f072e56bc30ae4772d8d69c63ef13ad1347c
SERVER_HANDSHAKE_TRAFFIC_SECRET 18c8b156c6a58528bd9a3ba793cd3a07d81c01a719b1dbef9089c87b8cfd545a 2c5171bac9c7fc3ea54acb368165d03c760b642edc08e35763889288cbe140bb
CLIENT_TRAFFIC_SECRET_0 18c8b156c6a58528bd9a3ba793cd3a07d81c01a719b1dbef9089c87b8cfd545a cf673c307656aff5a441037bf92f2db7c7529ca5e7def99f9c04e35cfe8a610e
SERVER_TRAFFIC_SECRET_0 18c8b156c6a58528bd9a3ba793cd3a07d81c01a719b1dbef9089c87b8cfd545a 91e49672dfaca496aedf2479811d0f369516e200954b00e5b28c58f15b216c28
CLIENT_HANDSHAKE_TRAFFIC_SECRET 5ee70f24df0d8a681f301b2e7a450e01420d8062e00406857cd8a4065edad0c8 276708290fdf2adea593127d4c649f53f2fd0d34d6eb2e9fba2687c265b3e3c3
SERVER_HANDSHAKE_TRAFFIC_SECRET 5ee70f24df0d8a681f301b2e7a450e01420d8062e00406857cd8a4065edad0c8 49723a8572024f41480b2dc8b61f49bd79c3f283806c04be6d5d95f1e1e4611f
CLIENT_TRAFFIC_SECRET_0 5ee70f24df0d8a681f301b2e7a450e01420d8062e00406857cd8a4065edad0c8 37a1862e71e6368b0bf7324409549168f0f9c56d0a3e127d8c6d3ca35deb4179
SERVER_TRAFFIC_SECRET_0 5ee70f24df0d8a681f301b2e7a450e01420d8062e00406857cd8a4065edad0c8 c27d6673d97dad2bb4c06f66b9b750812d084fa8d8f4f0501e1a7538e8f812cf
CLIENT_HANDSHAKE_TRAFFIC_SECRET cdc2d1441cec786fe388a4b3edff26b30c610452bd711b287e74878e27a96491 68e4b5b5772c7d74cfec5559e472555deb662f98336110450fc23ad69402c991
SERVER_HANDSHAKE_TRAFFIC_SECRET cdc2d1441cec786fe388a4b3edff26b30c610452bd711b287e74878e27a96491 6d0d193f46ef301a84d956447a7247a5e89c268c909697ed01ed5fbc68296f23
CLIENT_TRAFFIC_SECRET_0 cdc2d1441cec786fe388a4b3edff26b30c610452bd711b287e74878e27a96491 d05d470f6627e14c028f80b1b96f910d492c90763713835513c1486074115ae6
SERVER_TRAFFIC_SECRET_0 cdc2d1441cec786fe388a4b3edff26b30c610452bd711b287e74878e27a96491 586c6c0b5ea0fcfb600e6d742eb103d4bfe3c51965efbe1e5af3e44b8d179c19
CLIENT_HANDSHAKE_TRAFFIC_SECRET daa888ca442b694ed6704c035c7b59639fffc1ed1f16ff6c418a2b35d8982df0 67c4004c3b481e2bc474d93eb59fd4538baedaa420effee3ecbd2abca471f094
SERVER_HANDSHAKE_TRAFFIC_SECRET daa888ca442b694ed6704c035c7b59639fffc1ed1f16ff6c418a2b35d8982df0 24bc4e6a0fd1b60cab3e38b5a6e06b21947dd714007f2e1102f44c1f3fab8b96
CLIENT_TRAFFIC_SECRET_0 daa888ca442b694ed6704c035c7b59639fffc1ed1f16ff6c418a2b35d8982df0 5685262beb0ae6c249d49a182f7c107e950f2b1ea63fb21c155f6c44c207be7c
SERVER_TRAFFIC_SECRET_0 daa888ca442b694ed6704c035c7b59639fffc1ed1f16ff6c418a2b35d8982df0 37fb71b234d8f15dfe62bd1cefed6f2ad5c23ca4cf870628b78c8cb9bcec2784
CLIENT_HANDSHAKE_TRAFFIC_SECRET f0fe930731c32c2ea97ce5ec4a0efffe2210a1d5ba86af885c86e85b1436d5bd a31436b25c83214a22c9ebf6351fce681d8cb5ee008a19cc00b8ae0b9c5a14d1
SERVER_HANDSHAKE_TRAFFIC_SECRET f0fe930731c32c2ea97ce5ec4a0efffe2210a1d5ba86af885c86e85b1436d5bd 801fce009d70b37fcacc71c5e68e3e43ea9fc871fa687dbdaa2ceff68436741a
CLIENT_TRAFFIC_SECRET_0 f0fe930731c32c2ea97ce5ec4a0efffe2210a1d5ba86af885c86e85b1436d5bd 8f35cc4a8896588214aadf4f18f55552f7b8d237432dc2608804de10a3e9fbdb
SERVER_TRAFFIC_SECRET_0 f0fe930731c32c2ea97ce5ec4a0efffe2210a1d5ba86af885c86e85b1436d5bd 4e3a1abcd45a572c1caa4fedf24014e2e455248440cd697b7ce2e874e4d2b15d
CLIENT_HANDSHAKE_TRAFFIC_SECRET ba962786d6f7a72e4464578998a7b5c8ec690fac4996391ec64676ec1eb3fd91 bcf817a0250778289cc4dad58228a7a361cf56eec65417fe8193160e4ac3f31c
SERVER_HANDSHAKE_TRAFFIC_SECRET ba962786d6f7a72e4464578998a7b5c8ec690fac4996391ec64676ec1eb3fd91 53a7e98f6c91842c24b8091d75184bcc12f0220359e21e1e337945642b813e55
CLIENT_TRAFFIC_SECRET_0 ba962786d6f7a72e4464578998a7b5c8ec690fac4996391ec64676ec1eb3fd91 c351e51a438e778183781742839ad2b74886329182b6e8c6950f9bcea9d22e2f
SERVER_TRAFFIC_SECRET_0 ba962786d6f7a72e4464578998a7b5c8ec690fac4996391ec64676ec1eb3fd91 e889e4f30fe2e1c44cda413cfe9b795f540259ca3eb071203200ee9adc6abb12
CLIENT_HANDSHAKE_TRAFFIC_SECRET 2b2a9a92e8718e2c3125638a33552b60a33ca6a39ab4e79947d881c1aabb6505 df6c1a5210b4fadbd325a7e17e75466a0d040d548d9050c07fecc8ff44eca3de
SERVER_HANDSHAKE_TRAFFIC_SECRET 2b2a9a92e8718e2c3125638a33552b60a33ca6a39ab4e79947d881c1aabb6505 7bd9354491987d49765374435d7fdd67ef6010517abf5a19c81ce0f2d7415d48
CLIENT_TRAFFIC_SECRET_0 2b2a9a92e8718e2c3125638a33552b60a33ca6a39ab4e79947d881c1aabb6505 d7d04ecf78e8bebbb9e4737482ebdb05bc285e94c5a7cbe287bc0ed1ebcd5d89
SERVER_TRAFFIC_SECRET_0 2b2a9a92e8718e2c3125638a33552b60a33ca6a39ab4e79947d881c1aabb6505 489c3cad00026526c5b88eba30bdfbbdfb5943c903ff17cb17d5bc62072cd69d
CLIENT_HANDSHAKE_TRAFFIC_SECRET 9b757f63e088fa45a0dc553c65135b2d307cfcb9ac8576da977962a81765ef16 4cfbe3325d8cd041db71e1405c81f7abe0933da715ca3196360c055f5f539597
SERVER_HANDSHAKE_TRAFFIC_SECRET 9b757f63e088fa45a0dc553c65135b2d307cfcb9ac8576da977962a81765ef16 20b46f4d3e2799aae74fac1057710e202babe2cc3efe3f9ed0aeb613749a0590
CLIENT_TRAFFIC_SECRET_0 9b757f63e088fa45a0dc553c65135b2d307cfcb9ac8576da977962a81765ef16 12e3a2e968be0edccb85dbf587ae900e4e2e7fc38a0c2cd85d57f3a17e3844a9
SERVER_TRAFFIC_SECRET_0 9b757f63e088fa45a0dc553c65135b2d307cfcb9ac8576da977962a81765ef16 045fd766a489b8267960148eebcdebc348be3f944da9b2fa6577712e584fa020
CLIENT_HANDSHAKE_TRAFFIC_SECRET c1719a64089a416982640a90b12342140b4f16a6f0f68cac7d60feb82c7afe17 d1012682ad4cd0c86d280ff207f7ed72f6050bef71a480d3b891ecc2154d0727
SERVER_HANDSHAKE_TRAFFIC_SECRET c1719a64089a416982640a90b12342140b4f16a6f0f68cac7d60feb82c7afe17 ae1f06ab762d9d50a50567d077e90d98bd11de27bc8b82949f2224ea8aed21e8
CLIENT_TRAFFIC_SECRET_0 c1719a64089a416982640a90b12342140b4f16a6f0f68cac7d60feb82c7afe17 597be1a4914ed3d29fc3ea8711377c4a209aedabc4dc272d1774266c3bc68ac6
SERVER_TRAFFIC_SECRET_0 c1719a64089a416982640a90b12342140b4f16a6f0f68cac7d60feb82c7afe17 8ab3407ef95cc2fd99c30ec544269211781b4da5e269be6562c88fb40c41d77e
CLIENT_HANDSHAKE_TRAFFIC_SECRET 8b9b0f3483cb096c8fced438776dadb153eed8b3490965a53eb76aaf7ad1fb62 1fb05c13d8f96f557b7ae89dd24d90e25bee249e56d7f46e64a165c16f5d7270
SERVER_HANDSHAKE_TRAFFIC_SECRET 8b9b0f3483cb096c8fced438776dadb153eed8b3490965a53eb76aaf7ad1fb62 91d5e5deef22552c5c379b0cea6cc610982d27aab68782f475230797f1f9e8dd
CLIENT_TRAFFIC_SECRET_0 8b9b0f3483cb096c8fced438776dadb153eed8b3490965a53eb76aaf7ad1fb62 83ebf3fb9766900b27ca48b1cc432ffffc03c1998bf0e30e7352e5382f22205d
SERVER_TRAFFIC_SECRET_0 8b9b0f3483cb096c8fced438776dadb153eed8b3490965a53eb76aaf7ad1fb62 052e504e46e57c44a2c408a4eaf8b2c370fa9a8efd0b88b4f9f998a7fbfc5e1b
CLIENT_HANDSHAKE_TRAFFIC_SECRET b45ca9aa80bd192b0c1b4d48b7751b0ec132a301b04eded96f0fd4e19ddd6c90 d2915612f349f92d3c9522a767d486630b178ecc28521534340f81abb7363bf5
SERVER_HANDSHAKE_TRAFFIC_SECRET b45ca9aa80bd192b0c1b4d48b7751b0ec132a301b04eded96f0fd4e19ddd6c90 84268c1537f363c39ae098ea0602de8c055d4ba1424e6dbff43dc7035ca36d48
CLIENT_TRAFFIC_SECRET_0 b45ca9aa80bd192b0c1b4d48b7751b0ec132a301b04eded96f0fd4e19ddd6c90 598bdb78ccc900b4a4b5835a3096202dc515cfbb4ce3055f6517eb00c619d4c4
SERVER_TRAFFIC_SECRET_0 b45ca9aa80bd192b0c1b4d48b7751b0ec132a301b04eded96f0fd4e19ddd6c90 ac2b7c3cd1e092ca3d6f1c373a75596fc2b593b18d68a2d428fa7658d4917300
CLIENT_HANDSHAKE_TRAFFIC_SECRET f2de1e63a92abffdd689996d4fde1b5dea4e49c2fceb4efd5429538c53f5891e 51e9f40ff282588117f264c55183b67e8b2ff53e866a8b7658a1c061432cd70c
SERVER_HANDSHAKE_TRAFFIC_SECRET f2de1e63a92abffdd689996d4fde1b5dea4e49c2fceb4efd5429538c53f5891e d72edac0ef51af071497343e1139ffcbe3ec18c2dbee6b71b8e652e52a94d019
CLIENT_TRAFFIC_SECRET_0 f2de1e63a92abffdd689996d4fde1b5dea4e49c2fceb4efd5429538c53f5891e a521bc2fce83236aea87fc96ab3ee88e3dca46486dfd1e59a6edd6c30607f18c
SERVER_TRAFFIC_SECRET_0 f2de1e63a92abffdd689996d4fde1b5dea4e49c2fceb4efd5429538c53f5891e 044e33cb10a982a2d07cb79998baed88fb07a0bccce5fdd09a9cf2c7fe92e8fd
CLIENT_HANDSHAKE_TRAFFIC_SECRET ca0b03696e78b12f4171625f2975b330bcb73a62d5d1a55ab1d673f54b487d45 1347468cd4b510107b356ccdfeaff33595a98f5b1ced58147e838373d3e95a2c
SERVER_HANDSHAKE_TRAFFIC_SECRET ca0b03696e78b12f4171625f2975b330bcb73a62d5d1a55ab1d673f54b487d45 077f8c6841f1800b755084e5ca87c43667550447f5c0662d90ab0d9050b15a23
CLIENT_TRAFFIC_SECRET_0 ca0b03696e78b12f4171625f2975b330bcb73a62d5d1a55ab1d673f54b487d45 c1d7f73166b3e4461ecadace524722288a7cf098a75ce60f4fcc167f6749427a
SERVER_TRAFFIC_SECRET_0 ca0b03696e78b12f4171625f2975b330bcb73a62d5d1a55ab1d673f54b487d45 10df5d129cea9df5edd6bf1a2c32c03c29a339eff5a3c6fd66d68ef0095b7bf6
CLIENT_HANDSHAKE_TRAFFIC_SECRET a993c0c970ad26eab0e2e5429740f8ac6d70788b86f8a0ce5407f261e9531789 d8576671c90f84bb2f892d9e8a430069dd3ea6bc2ff5e3d8c6dc95ccb58fc88d
SERVER_HANDSHAKE_TRAFFIC_SECRET a993c0c970ad26eab0e2e5429740f8ac6d70788b86f8a0ce5407f261e9531789 5f498c84d0b3e5cecb57b978dba20a68222aa11cd87ea4a150007e97e25dfeea
CLIENT_TRAFFIC_SECRET_0 a993c0c970ad26eab0e2e5429740f8ac6d70788b86f8a0ce5407f261e9531789 1dc2ff719344736fa1606b7f56280af7b8d4baaceab2a07a3dc8c22ae5e5e61b
SERVER_TRAFFIC_SECRET_0 a993c0c970ad26eab0e2e5429740f8ac6d70788b86f8a0ce5407f261e9531789 8dcaae655680e231030345be977d826c325b887552915a963c278d2af1e83eac
CLIENT_HANDSHAKE_TRAFFIC_SECRET 2e565aca44a71d5fe4501485107934a3709c715df52031ad8e38e318e0bf13c3 871d9a837c4e2bdf3b19fe5b6beb8a506e958eef2638a92660b89538320c21a0
SERVER_HANDSHAKE_TRAFFIC_SECRET 2e565aca44a71d5fe4501485107934a3709c715df52031ad8e38e318e0bf13c3 26ae78a8d8b7e2e895106b05294e9bca9309721bc9188669a343d5cb774df2b0
CLIENT_TRAFFIC_SECRET_0 2e565aca44a71d5fe4501485107934a3709c715df52031ad8e38e318e0bf13c3 40b1172d34329cf353b6f26095026e22851a8315353027c5063198fe114c97c5
SERVER_TRAFFIC_SECRET_0 2e565aca44a71d5fe4501485107934a3709c715df52031ad8e38e318e0bf13c3 05dea85c6b2e7070e5ca2338c90b171319a2db919319ea1cc091216298760f17
CLIENT_HANDSHAKE_TRAFFIC_SECRET 4987c7c5cf3af204c6ca896eb9614dcadd393bd9d417c9880e6b40c27e7e6648 cd8af7f3105e43450eb6aedc621209ab126d4aea2b203829e9bb1825c044c7d4
SERVER_HANDSHAKE_TRAFFIC_SECRET 4987c7c5cf3af204c6ca896eb9614dcadd393bd9d417c9880e6b40c27e7e6648 99974b242b9b03607d03d6453078220162202ad3629c299671f8883e9d71d985
CLIENT_TRAFFIC_SECRET_0 4987c7c5cf3af204c6ca896eb9614dcadd393bd9d417c9880e6b40c27e7e6648 4317eca60d7ff4d67147aa73e68d92ecca1f7db41e40867573e77a0cb9b85a28
SERVER_TRAFFIC_SECRET_0 4987c7c5cf3af204c6ca896eb9614dcadd393bd9d417c9880e6b40c27e7e6648 82359e8604c79d34198681c9b697068ff5a09b7196a0bbc2c9733d863ff4c4a7
CLIENT_HANDSHAKE_TRAFFIC_SECRET 8894d3b99707a5582abd52452c0f0418281451ed39bc92dabbf5c226f583a023 b51021056e0a3086a7d6e5dad7f913e697cba48ac0bf97052e77a4361ce39a5e
SERVER_HANDSHAKE_TRAFFIC_SECRET 8894d3b99707a5582abd52452c0f0418281451ed39bc92dabbf5c226f583a023 42fc25280aa03bc3cf1451b03cbc921309ace4084fd459f009aaad940f6dfa8b
CLIENT_TRAFFIC_SECRET_0 8894d3b99707a5582abd52452c0f0418281451ed39bc92dabbf5c226f583a023 eb43e047c6fc7d58dec0619684eee4ba22b264c50de88460d89421d9051cd64c
SERVER_TRAFFIC_SECRET_0 8894d3b99707a5582abd52452c0f0418281451ed39bc92dabbf5c226f583a023 4d9981bf17f0e231c814dccaa6c6b2d2ba1caf5d9b7d70be58b6e39c889e95ec
CLIENT_HANDSHAKE_TRAFFIC_SECRET e23201be4737c19dd3f15736dfd9d490b0027ea055cd8729dcb43ff9ab9e3699 00d40db2a375d68e5e3afda655b7b0788e61d72e31b401f6198a97bb724d0a7c
SERVER_HANDSHAKE_TRAFFIC_SECRET e23201be4737c19dd3f15736dfd9d490b0027ea055cd8729dcb43ff9ab9e3699 17d885164d271839b4849d93c98e167e0ba0f86195b5e11c7c969db3243eb8c8
CLIENT_TRAFFIC_SECRET_0 e23201be4737c19dd3f15736dfd9d490b0027ea055cd8729dcb43ff9ab9e3699 0bf253ae2b78b76bd396fd235120da31f51d73c1041dc0c075c257fa895a417a
SERVER_TRAFFIC_SECRET_0 e23201be4737c19dd3f15736dfd9d490b0027ea055cd8729dcb43ff9ab9e3699 2308fe8a3d54386cb347225e21af100bda0b1bd32ac209847d76109046fbfa2f
CLIENT_HANDSHAKE_TRAFFIC_SECRET 397c2b80786a27e86d1c7902f1651eb6103b9f02a0fc3925d20c9cd46471b18b f4ea66278112397e8c24836f7b9bc65a42e650c49acce5872e6c14a13232048d
SERVER_HANDSHAKE_TRAFFIC_SECRET 397c2b80786a27e86d1c7902f1651eb6103b9f02a0fc3925d20c9cd46471b18b bcccbdcd417bf0d8c3840153feafd894688f3b3e61b0be72fed46274d7a7ffe8
CLIENT_TRAFFIC_SECRET_0 397c2b80786a27e86d1c7902f1651eb6103b9f02a0fc3925d20c9cd46471b18b 99262e358f7c7805849b6fbee038f03ac299dca469a80789fa391be3a4726b1e
SERVER_TRAFFIC_SECRET_0 397c2b80786a27e86d1c7902f1651eb6103b9f02a0fc3925d20c9cd46471b18b b84a5b2bd45eb86ec254308d0135ace6c33cd0a998e89fa6226887dbdf162dde
CLIENT_HANDSHAKE_TRAFFIC_SECRET 38edd415d71a8e83ca170b5bae4781d47a4d195c677889242da08c1e94791ccf d54bedd921046c9636351b8a42b52cd233be43bb577a81bc348fd1f32397d059
SERVER_HANDSHAKE_TRAFFIC_SECRET 38edd415d71a8e83ca170b5bae4781d47a4d195c677889242da08c1e94791ccf c67ef978f0e3736275f584a878a8f39a1093a12c432beae98b5b27da4c872e46
CLIENT_TRAFFIC_SECRET_0 38edd415d71a8e83ca170b5bae4781d47a4d195c677889242da08c1e94791ccf 468354e9ad75e7a92bacbf2cb9bc38f701c9ddcf70b2bc60659898f7f3901108
SERVER_TRAFFIC_SECRET_0 38edd415d71a8e83ca170b5bae4781d47a4d195c677889242da08c1e94791ccf 18a35d4068f6d5d022e711d06a287fd3fe874f9aee3dfb5bfd2e36532413b088
CLIENT_HANDSHAKE_TRAFFIC_SECRET fb2261e3b461c1cb834cf8fd1eb4444a6bbcc47042f78522e305617e2c6d5863 fa83b4562a5baa981beb6f169c47abc111b60b8e5cfe01e6ef7315121c625abd
SERVER_HANDSHAKE_TRAFFIC_SECRET fb2261e3b461c1cb834cf8fd1eb4444a6bbcc47042f78522e305617e2c6d5863 f6768bc77546c5abc2599f3f5e99beca2e74dffee027d183556fc41d6b4ddd57
CLIENT_TRAFFIC_SECRET_0 fb2261e3b461c1cb834cf8fd1eb4444a6bbcc47042f78522e305617e2c6d5863 4a0bcd97b8cbacd89f6f9d5964a96809075293615130615ce651349b40d3689a
SERVER_TRAFFIC_SECRET_0 fb2261e3b461c1cb834cf8fd1eb4444a6bbcc47042f78522e305617e2c6d5863 2ac094b0264d33dd770f083a6f43b1173ac96dc970148d9f66fb9a8926da96ea
CLIENT_HANDSHAKE_TRAFFIC_SECRET c02505401bb1428907152c2cda406ac91a4c9b19c9ebd6ab4cadcb4259bbb700 3187673de0eba40fbf1fa1dd0fe3c53a985cd3e8e9c82b46e014748c1eca98dc
SERVER_HANDSHAKE_TRAFFIC_SECRET c02505401bb1428907152c2cda406ac91a4c9b19c9ebd6ab4cadcb4259bbb700 5da26d0659bd599e4af15550e5f0cf9addb2dd9e6674686a472b2a89a9673fdf
CLIENT_TRAFFIC_SECRET_0 c02505401bb1428907152c2cda406ac91a4c9b19c9ebd6ab4cadcb4259bbb700 1f8f9fc566bd35e10bf388a867e38b7aff2268583c8916bb2f6551cc46936a2a
SERVER_TRAFFIC_SECRET_0 c02505401bb1428907152c2cda406ac91a4c9b19c9ebd6ab4cadcb4259bbb700 a84e3c1de3912731f62677b233a93a2bcf7de096480ac28ca1dd6b6f0a43a1c4
CLIENT_HANDSHAKE_TRAFFIC_SECRET db775ed54e16a8f897f1dc23938cfcf8dec4c2a661907746dfd02f5d959aa501 ff684aa4b4028bbcb1b657f8c9e3225bca58b23b831b9ade58c35e0bc8801a48
SERVER_HANDSHAKE_TRAFFIC_SECRET db775ed54e16a8f897f1dc23938cfcf8dec4c2a661907746dfd02f5d959aa501 660eba353b4861b2b02aea3f97cb37aca68bf5a8238b486bd6cdd3962dd96c5d
CLIENT_TRAFFIC_SECRET_0 db775ed54e16a8f897f1dc23938cfcf8dec4c2a661907746dfd02f5d959aa501 e96b00efa89abec588faf2a0c6f078a358bba25039abc8ceaa35d84db6b79f9b
SERVER_TRAFFIC_SECRET_0 db775ed54e16a8f897f1dc23938cfcf8dec4c2a661907746dfd02f5d959aa501 32c894660dea510026739d106c5d2eff366644267cfad50b8d3bd83d476d5375
CLIENT_HANDSHAKE_TRAFFIC_SECRET 4d7e8689cc513e5c08b95ca8fc9636c328bf3c647b26c9b4d3252701e8ca7777 fd760c00106dc97bdd649bd8297366b0d653c97d20b6cea81317db49ac21bc0b
SERVER_HANDSHAKE_TRAFFIC_SECRET 4d7e8689cc513e5c08b95ca8fc9636c328bf3c647b26c9b4d3252701e8ca7777 daa92943f707b79a1f96c757ae668783be581890be759b8c5a804f01a8108b9d
CLIENT_TRAFFIC_SECRET_0 4d7e8689cc513e5c08b95ca8fc9636c328bf3c647b26c9b4d3252701e8ca7777 7fdacb31f3cc0c368afba1cbea30c80c0e995bbf75752e90d746b9319ed1f64a
SERVER_TRAFFIC_SECRET_0 4d7e8689cc513e5c08b95ca8fc9636c328bf3c647b26c9b4d3252701e8ca7777 eafe9269e1a2579c3ecae269d1128def2d21d456539bb7a1e6d1f0d44df66cf7
CLIENT_HANDSHAKE_TRAFFIC_SECRET 317403cea3970d6c86633479f8a79483d58cd06d87b086c9b9b4a50e3a55a75f 6627777c6deccbebd2bc95862c0172110771ef1ad80a9e10473d2396c4f6fc89
SERVER_HANDSHAKE_TRAFFIC_SECRET 317403cea3970d6c86633479f8a79483d58cd06d87b086c9b9b4a50e3a55a75f c7f946930d5d3f02b490499a8d8688167f97da2612c774f8d695339ac19ff545
CLIENT_TRAFFIC_SECRET_0 317403cea3970d6c86633479f8a79483d58cd06d87b086c9b9b4a50e3a55a75f eda4f4778620baa0755de34f387f45ac8e43f56be50153dcc401e9ae2602d491
SERVER_TRAFFIC_SECRET_0 317403cea3970d6c86633479f8a79483d58cd06d87b086c9b9b4a50e3a55a75f f5ab94aeab37d59bfa45515dc27891bff4942c5babe23804b6be191cc8f19f7b
CLIENT_HANDSHAKE_TRAFFIC_SECRET b0a0d5c5b315cd66756d30b38346f1ce490be0cc9e65fcd01c589605c83be768 f6627932b426ca8e8a33a74a1cc94cc9ba86bd21c9f24b835a539f555fe6dd58
SERVER_HANDSHAKE_TRAFFIC_SECRET b0a0d5c5b315cd66756d30b38346f1ce490be0cc9e65fcd01c589605c83be768 406d50c7f50145520aabf114e6883db975796d52b810e634e79e89c4736ed4f5
CLIENT_TRAFFIC_SECRET_0 b0a0d5c5b315cd66756d30b38346f1ce490be0cc9e65fcd01c589605c83be768 7867adce1d927726b0e7d61641487c2956f22eb2cfdfe33efa1c82a12e087bbe
SERVER_TRAFFIC_SECRET_0 b0a0d5c5b315cd66756d30b38346f1ce490be0cc9e65fcd01c589605c83be768 dde2efa0cb703e93d73b8c230dcd84a59e9b62dcb727379c55f2369a675e1a64
CLIENT_HANDSHAKE_TRAFFIC_SECRET 07e3a112f809f15404b47915571b764d1219910af679bafff338615609a800a7 476ad32005e86bc784d719464287b82ee60dcb9b8cfb758f240236a3bfac611e
SERVER_HANDSHAKE_TRAFFIC_SECRET 07e3a112f809f15404b47915571b764d1219910af679bafff338615609a800a7 1a807c629bef72f8b67f29d2a573f6e979a64f26b2c7bbeb7d0cd9ff75d5220b
CLIENT_TRAFFIC_SECRET_0 07e3a112f809f15404b47915571b764d1219910af679bafff338615609a800a7 2ba3e5db6a90ee34c0126b58a816b262274f1cb3e13564bbb1281277cb087fd4
SERVER_TRAFFIC_SECRET_0 07e3a112f809f15404b47915571b764d1219910af679bafff338615609a800a7 b2f13e8542b129a3c13ae6d5884ce28603bd71f5a2abf3ad3db905a16289fdd1
CLIENT_HANDSHAKE_TRAFFIC_SECRET 078b91bd11c8e82d7a483ecd2fb9e381f00624e453cb5c13c9940f5d3e7afaca fe59ad498e873f11126a39bdb3d99f51daee5df906630eda94fa22432d896d6a
SERVER_HANDSHAKE_TRAFFIC_SECRET 078b91bd11c8e82d7a483ecd2fb9e381f00624e453cb5c13c9940f5d3e7afaca 9a6d8a9bfaee0b985bcbda565652d66455cd53a9e12643cfd99bd67d8e120d96
CLIENT_TRAFFIC_SECRET_0 078b91bd11c8e82d7a483ecd2fb9e381f00624e453cb5c13c9940f5d3e7afaca 2ae5ae101bddf244f5464fef5768176bfc29e37dfbcd39a267b104adc145fe7a
SERVER_TRAFFIC_SECRET_0 078b91bd11c8e82d7a483ecd2fb9e381f00624e453cb5c13c9940f5d3e7afaca 5d0632d5aadaab147bb5a0820fe600b5f48bdd5ee8f27db1eb158830ffcd1d49
CLIENT_HANDSHAKE_TRAFFIC_SECRET f86840b4ee2139f3d37a74f9fdbd96d64694c06ad39d1d394c7abcfaf7968a5e 0a2ce7956ea1710ab6d7684112efe6cdb20c351d0993457867c6719ae2727c4d
SERVER_HANDSHAKE_TRAFFIC_SECRET f86840b4ee2139f3d37a74f9fdbd96d64694c06ad39d1d394c7abcfaf7968a5e 6122852b78b4d678208684ff0dbfa7a4d3dd900b6232e35f9667c9425b5a67ed
CLIENT_TRAFFIC_SECRET_0 f86840b4ee2139f3d37a74f9fdbd96d64694c06ad39d1d394c7abcfaf7968a5e 6d3cae190b623ecaa8015ba20e12e34bbada654bbd5d5817f6fe9d504736406d
SERVER_TRAFFIC_SECRET_0 f86840b4ee2139f3d37a74f9fdbd96d64694c06ad39d1d394c7abcfaf7968a5e 7550da11744cde3425aeb1ae5b45681223e5f353cbe107718ae17bad4be5da2e
CLIENT_HANDSHAKE_TRAFFIC_SECRET 7ce7bac5c13b8da29f54c94c78fb52a04ee4acecf6630f360ee460d48a298c1d df560e0c86f954144379811a5569979067605749de4bec921327ccece4d3dba2
SERVER_HANDSHAKE_TRAFFIC_SECRET 7ce7bac5c13b8da29f54c94c78fb52a04ee4acecf6630f360ee460d48a298c1d 64e03d10e3b1e9c870c3f414a56b920896c6df151f63d543e10e86bbe3f7f4bd
CLIENT_TRAFFIC_SECRET_0 7ce7bac5c13b8da29f54c94c78fb52a04ee4acecf6630f360ee460d48a298c1d d2781b3216831eec6ff974bca6c906177b501404812bd1b05bd6c75af182304d
SERVER_TRAFFIC_SECRET_0 7ce7bac5c13b8da29f54c94c78fb52a04ee4acecf6630f360ee460d48a298c1d e4a59917628eef1716966428e8e252f13e23a02ebe6c46308d21d0830afc1ef9
CLIENT_HANDSHAKE_TRAFFIC_SECRET 3d6e528bb7395f9bdb58a813fa6d3b54d6012aca06aa199451d9070a3bbf0172 6d796358b6f6d9bd92ad78d21a4615e4d46f62ed17e25d246ec3359a320d0d90
SERVER_HANDSHAKE_TRAFFIC_SECRET 3d6e528bb7395f9bdb58a813fa6d3b54d6012aca06aa199451d9070a3bbf0172 453f6677d7adf2785100f1d2249ddf277d40b4ca7502f698ab990aaca4101acf
CLIENT_TRAFFIC_SECRET_0 3d6e528bb7395f9bdb58a813fa6d3b54d6012aca06aa199451d9070a3bbf0172 5a79dc034a5cccd656a872d43bc183e4410b9baac54e5bb00785a87395fbbffa
SERVER_TRAFFIC_SECRET_0 3d6e528bb7395f9bdb58a813fa6d3b54d6012aca06aa199451d9070a3bbf0172 0d4d58b6cb9d73570563962fd30c416e7ba81883e558b64bcffca3cd4d7eb338
CLIENT_HANDSHAKE_TRAFFIC_SECRET e757091e935a90cce64e779433f26e403e5d62507a666b1a9c07a687ce480781 c5298f985503ef5c06f60a13ac45f25d2e47346cd16ca62b93b20fb09f8c0f60
SERVER_HANDSHAKE_TRAFFIC_SECRET e757091e935a90cce64e779433f26e403e5d62507a666b1a9c07a687ce480781 e47ecc070dbe76628015355a2f263a19aa78185d53a36588baa8bfb79482ca90
CLIENT_TRAFFIC_SECRET_0 e757091e935a90cce64e779433f26e403e5d62507a666b1a9c07a687ce480781 0020172b75f620f50bcd742aef6cd397984e7643483336791dcf7c9ffd7016e2
SERVER_TRAFFIC_SECRET_0 e757091e935a90cce64e779433f26e403e5d62507a666b1a9c07a687ce480781 d625076c98c9422f23a68181e0c02c1df3a89e404b70858744d6044f76cfcc9a
CLIENT_HANDSHAKE_TRAFFIC_SECRET dabab50077e3cec638fe0cdc7416c374e8d87cc3c7a1472762f25a09a0c0d853 2eecfe8ed1949d7a6567dc899ec83b003fb2db205798f54a3d888837dd5bf42a
SERVER_HANDSHAKE_TRAFFIC_SECRET dabab50077e3cec638fe0cdc7416c374e8d87cc3c7a1472762f25a09a0c0d853 29006c6f11f509f1b81fea09045d3159f9a80421f499355b196798d280bc7d82
CLIENT_TRAFFIC_SECRET_0 dabab50077e3cec638fe0cdc7416c374e8d87cc3c7a1472762f25a09a0c0d853 69e6b33a6bfe6bc021a53fce6f31afd9c1826d198036c527451f03ce4fbe8af6
SERVER_TRAFFIC_SECRET_0 dabab50077e3cec638fe0cdc7416c374e8d87cc3c7a1472762f25a09a0c0d853 4817deeddb484f4a3b94fec28367e66a1946b8b23fa9c3f792a12d32362ea86f
CLIENT_HANDSHAKE_TRAFFIC_SECRET 700522f65edaf4060ac5851739721aa4153ebc851f6c2539e456bec55848ecb7 5f1bc65a7a3d9b94b562cf3d4ec1ef8c2e9aaeab42afbe7fa410b9435969eb07
SERVER_HANDSHAKE_TRAFFIC_SECRET 700522f65edaf4060ac5851739721aa4153ebc851f6c2539e456bec55848ecb7 4b83ee130bb9c8c8f9cf53e78e2b6e28a0b3a95a7ef6bf1b256aacc6e5444e28
CLIENT_TRAFFIC_SECRET_0 700522f65edaf4060ac5851739721aa4153ebc851f6c2539e456bec55848ecb7 97851570d357430fe8b4d5eec98ebdf33603e8933ef86cc5d5a6303f9b552334
SERVER_TRAFFIC_SECRET_0 700522f65edaf4060ac5851739721aa4153ebc851f6c2539e456bec55848ecb7 4d37435ba76b02cb43fa83098f7fbf329b109f51676499fff093b29566234ff6
CLIENT_HANDSHAKE_TRAFFIC_SECRET c59e04853af0d152e40fd8f29dadb24ff9361eb41e3ce73357f3e7df3fd2c480 681f04d9b0e156a2452e79028532fa438ba5a84c1a65e6f479d6c8a4f6506b81
SERVER_HANDSHAKE_TRAFFIC_SECRET c59e04853af0d152e40fd8f29dadb24ff9361eb41e3ce73357f3e7df3fd2c480 71b1e2d6a0d530b0dda09bc4877bf2f3698aeb94ec3185dd7ce51648f09a256e
CLIENT_TRAFFIC_SECRET_0 c59e04853af0d152e40fd8f29dadb24ff9361eb41e3ce73357f3e7df3fd2c480 2ba8c3d405a556fe79f16558f267c660805e5b5a66547998a4092d9a9fe06787
SERVER_TRAFFIC_SECRET_0 c59e04853af0d152e40fd8f29dadb24ff9361eb41e3ce73357f3e7df3fd2c480 805a1bd2bd0a58fad190449c861dea40bff8ae93628b5c311625b5a745eadb39
CLIENT_HANDSHAKE_TRAFFIC_SECRET 250399bf635b98f73e350ed834765dc102a43faccd7e965c16b15c19b62aafa0 3995668fe81bbaa10ca0bd16a9ec0de23e52ad3854ea18a63b8615be4a0503cb
SERVER_HANDSHAKE_TRAFFIC_SECRET 250399bf635b98f73e350ed834765dc102a43faccd7e965c16b15c19b62aafa0 cff3893b5e680b769f6c1c897474d8e3ec4c996403cb47521c85e0ca6b990414
CLIENT_TRAFFIC_SECRET_0 250399bf635b98f73e350ed834765dc102a43faccd7e965c16b15c19b62aafa0 f24a77d284567e6124892f87d3683706b4d2f8ca216b22030743f085b4dd4f7c
SERVER_TRAFFIC_SECRET_0 250399bf635b98f73e350ed834765dc102a43faccd7e965c16b15c19b62aafa0 6978447a58c135e06adb3b57a1d7e3d73c29cfc69e1a170d8b76e9e1d5560afe
CLIENT_HANDSHAKE_TRAFFIC_SECRET 79f8046dc933e7ae8dbd63ebe21f217c262b4a302dcb52f531111c4fe17ec546 760bb65e98b6f347c1b9175d11641eb4b4eac04d4633c65807f8ca12ac5870eb
SERVER_HANDSHAKE_TRAFFIC_SECRET 79f8046dc933e7ae8dbd63ebe21f217c262b4a302dcb52f531111c4fe17ec546 ca88da9d0d231d629ddab7692742ed7ada2351ea972c2e81c33de6e8173c52cd
CLIENT_TRAFFIC_SECRET_0 79f8046dc933e7ae8dbd63ebe21f217c262b4a302dcb52f531111c4fe17ec546 689748944548e9006b0e869e70c7717445197e9c32dd5ac01b177c53268ffeb1
SERVER_TRAFFIC_SECRET_0 79f8046dc933e7ae8dbd63ebe21f217c262b4a302dcb52f531111c4fe17ec546 dc77e78c00e0e5b3df9e37021bef3f79da6fda53de5e9c870ac4fac6b2d4dd4c
CLIENT_HANDSHAKE_TRAFFIC_SECRET 4135351c733f76ea6f7d41bc4b28f6f824b225738b63c96f085791749d90eeab 5085b9abfc697246ff3f5ddbd14a4ab630de8a4d76639cd19a611aed96a0a34a
SERVER_HANDSHAKE_TRAFFIC_SECRET 4135351c733f76ea6f7d41bc4b28f6f824b225738b63c96f085791749d90eeab af67724b89bdeb5f2521a7f2d7c103741bf0b5ccaf90d6194584628a8e237f68
CLIENT_TRAFFIC_SECRET_0 4135351c733f76ea6f7d41bc4b28f6f824b225738b63c96f085791749d90eeab 853d125bd9d74be4c647130c37af77114798695bd38c9404136139efa4547a21
SERVER_TRAFFIC_SECRET_0 4135351c733f76ea6f7d41bc4b28f6f824b225738b63c96f085791749d90eeab a337c79180a1216677befa45509529c5d7a1380469fd78d9670c87f66a5fa7e8
CLIENT_HANDSHAKE_TRAFFIC_SECRET 457dc0c2e65f19466c308dce0db96d97a7dbe814b96e82c4571e331406dbcd7e d3798b78366043636ca5c96f1af7f53de3e38fd5d3b53b4db1fee876f5ed461f
SERVER_HANDSHAKE_TRAFFIC_SECRET 457dc0c2e65f19466c308dce0db96d97a7dbe814b96e82c4571e331406dbcd7e f57cd0499ac415c8defe0e5167974ff2acbc2e3cd121840975b785b0fec68278
CLIENT_TRAFFIC_SECRET_0 457dc0c2e65f19466c308dce0db96d97a7dbe814b96e82c4571e331406dbcd7e 761dc242067c74b7546c2ffc055c6ad7417078b6781271eebdb65ed1de750f2c
SERVER_TRAFFIC_SECRET_0 457dc0c2e65f19466c308dce0db96d97a7dbe814b96e82c4571e331406dbcd7e b2efbaecaf65c6a10f68404b64e310975e169de922a5c7d376f6a5c720f34f3b
CLIENT_HANDSHAKE_TRAFFIC_SECRET 4c84dccc923e3b0d13f6e4e72489fd2e9dd25d3aaaec9777076c3f5d60692cff 85485f90b8b565d35381df9c236d5e863f73c7b9d9c59fbdf731205f41f8bad2
SERVER_HANDSHAKE_TRAFFIC_SECRET 4c84dccc923e3b0d13f6e4e72489fd2e9dd25d3aaaec9777076c3f5d60692cff a7c6c85fd63b4729c59255591bbac359fd6ee715f25a903fcaf90129c0c8657f
CLIENT_TRAFFIC_SECRET_0 4c84dccc923e3b0d13f6e4e72489fd2e9dd25d3aaaec9777076c3f5d60692cff b23e244d29fa82ce555df0d3b21c0a55ff33bfd2f1c2267bdd3ccbb48dd8c585
SERVER_TRAFFIC_SECRET_0 4c84dccc923e3b0d13f6e4e72489fd2e9dd25d3aaaec9777076c3f5d60692cff 76cd4eea5b6bee8ccea39d10e3fce6e5138a931d9bb06895e7d22f33af91dee4
CLIENT_HANDSHAKE_TRAFFIC_SECRET 32dc920992ee1f777e0eb23328e63578c6ad2186028d7da2bb7f40f8021b2f36 e493dd9fc1b9d0f105be47ffc84786d9cfd54a76ec947046ec772c30c79036db
SERVER_HANDSHAKE_TRAFFIC_SECRET 32dc920992ee1f777e0eb23328e63578c6ad2186028d7da2bb7f40f8021b2f36 3acd3b5fb105a3e77e2a2cdbe77d3cdef2f126ed095664a21af13198e9ff0f79
CLIENT_TRAFFIC_SECRET_0 32dc920992ee1f777e0eb23328e63578c6ad2186028d7da2bb7f40f8021b2f36 cb9472cccce57b802b6a73597c6c11fbef9cc1e55bf744e271a46caac08649ba
SERVER_TRAFFIC_SECRET_0 32dc920992ee1f777e0eb23328e63578c6ad2186028d7da2bb7f40f8021b2f36 6ab0d1071b4d464504e96977d241efed0bd975e87a0e24368399444ce16cd8ec
CLIENT_HANDSHAKE_TRAFFIC_SECRET 3fa939061be0fa68287ad15970196582a34940e1ee2ee05c47520db41ed1397b 1e85afd37cbf2875d779309fc078f0e005f71e791812342e2cc6be441e4efa64
SERVER_HANDSHAKE_TRAFFIC_SECRET 3fa939061be0fa68287ad15970196582a34940e1ee2ee05c47520db41ed1397b 36e6c4da3e996ade343f7dd1794e83d913881fdbe755c82c2ad4e3af87df0ce9
CLIENT_TRAFFIC_SECRET_0 3fa939061be0fa68287ad15970196582a34940e1ee2ee05c47520db41ed1397b 06d07c315a56a9bae7ab8494bead3bf69bda5a2de7a987be1c465accc7edf318
SERVER_TRAFFIC_SECRET_0 3fa939061be0fa68287ad15970196582a34940e1ee2ee05c47520db41ed1397b 42b0002852efdc462cf913a95840c60d2dc5705a2148c5b16e4b16daf655855f
CLIENT_HANDSHAKE_TRAFFIC_SECRET 7d0cc4de50e9bc256696365d6f2faa14e272b7902c4f71482065da326e3b8aee 1698fffaa6a90cf87e75638b83d506393f84ba713dbd2512a5e4f00c91f38ccf
SERVER_HANDSHAKE_TRAFFIC_SECRET 7d0cc4de50e9bc256696365d6f2faa14e272b7902c4f71482065da326e3b8aee 39f893c42631f003dce31b51dea95cc8a7b5edb0677b0c83135bce6613ac96f8
CLIENT_TRAFFIC_SECRET_0 7d0cc4de50e9bc256696365d6f2faa14e272b7902c4f71482065da326e3b8aee 443018362215086559c894a164a95cd06ecffe570966e6b2348fa6ff379ba673
SERVER_TRAFFIC_SECRET_0 7d0cc4de50e9bc256696365d6f2faa14e272b7902c4f71482065da326e3b8aee 3880e54e267abe2e97faa6cdaee2b30cc316e53428ecd9fd7faf5b76a4ef0131
CLIENT_HANDSHAKE_TRAFFIC_SECRET a17fff11a1625800413d2d342a77875048782fe78c368a9bb6db201b6af84c7d 62ab3ddec3e25213c9d0565f7c0c3de8e0f361fce12ea1eb3e3f0c0d138c3ebb
SERVER_HANDSHAKE_TRAFFIC_SECRET a17fff11a1625800413d2d342a77875048782fe78c368a9bb6db201b6af84c7d 19c218f1b4b6a5921dc32bcf8011c82fba9cf7572ab6b238d4f569d6d4e0e150
CLIENT_TRAFFIC_SECRET_0 a17fff11a1625800413d2d342a77875048782fe78c368a9bb6db201b6af84c7d a00a483f6b1a584688feee240407a9d88bf65b1c8b2e8b48d7624c29c8cfe1af
SERVER_TRAFFIC_SECRET_0 a17fff11a1625800413d2d342a77875048782fe78c368a9bb6db201b6af84c7d 78e14d93b70be9257028656bb473d91f53d2b64c918df6e403d371aed9fb820b
CLIENT_HANDSHAKE_TRAFFIC_SECRET d3809ad47319d5f4330db3293b7bb9ec2660e77e50eaef257e7f640533650f19 f5e69026fdec59e6fa61222101cae23179b04c4ad03ad53b1af960a4f071afd1
SERVER_HANDSHAKE_TRAFFIC_SECRET d3809ad47319d5f4330db3293b7bb9ec2660e77e50eaef257e7f640533650f19 51e60eca66f1e5bb1437b6215dbc28f3a4e3a97635466458af07b807e50e87e7
CLIENT_TRAFFIC_SECRET_0 d3809ad47319d5f4330db3293b7bb9ec2660e77e50eaef257e7f640533650f19 056245697f9a2fd174c73e2532843befe12b79f27b1c3a885d48adbacf4d584c
SERVER_TRAFFIC_SECRET_0 d3809ad47319d5f4330db3293b7bb9ec2660e77e50eaef257e7f640533650f19 07c9e2a5009da136cfae9079633a4a79fee2976cc4e16472d88c8152851bd771
CLIENT_HANDSHAKE_TRAFFIC_SECRET c9a01d6fcb6cd8320fceef1ff373b2b419f8035aa08865c3f8eec7b708658877 fa9ebb1346525cd1e5253ec235e4b59ba58ee3d93125b7812fab4d84ea90cfcb
SERVER_HANDSHAKE_TRAFFIC_SECRET c9a01d6fcb6cd8320fceef1ff373b2b419f8035aa08865c3f8eec7b708658877 e751a5ec0f443e36f5c111908f26617df95a6b912954fb6c17f7af5437c63006
CLIENT_TRAFFIC_SECRET_0 c9a01d6fcb6cd8320fceef1ff373b2b419f8035aa08865c3f8eec7b708658877 5c339af4f2e530a887a8a2ee95758dd066e1c4ace6b7a232f01beae2ec8504ec
SERVER_TRAFFIC_SECRET_0 c9a01d6fcb6cd8320fceef1ff373b2b419f8035aa08865c3f8eec7b708658877 3be92dbbffe5f20ce3ee95d7829ff1520bdeb9e5a7a0c21609905636ff89b850
CLIENT_HANDSHAKE_TRAFFIC_SECRET 115be5f5a3f08526192d030c14ee05051e629ea48763d784350a0300d457fa0b 8b99501f384e1ff9c7b452d7259d2ad359ea12cf883949675bf278945e15d707
SERVER_HANDSHAKE_TRAFFIC_SECRET 115be5f5a3f08526192d030c14ee05051e629ea48763d784350a0300d457fa0b 266a7d27551a6c1e89126d852198a7c981385af5438d553a62037b8bfe072913
CLIENT_TRAFFIC_SECRET_0 115be5f5a3f08526192d030c14ee05051e629ea48763d784350a0300d457fa0b 085fcdb7e074f5728548acfb1c1a08d42138bebf947b7fe1817662a82be78cba
SERVER_TRAFFIC_SECRET_0 115be5f5a3f08526192d030c14ee05051e629ea48763d784350a0300d457fa0b 7621d8bc5f717e14cd8f416b84893dc837412ef4a0054680114c6b75e3dbaa5f
CLIENT_HANDSHAKE_TRAFFIC_SECRET a4f15e4c88ca6396c6fdb5d95f9acb7bbe26c4a8e37afb0f8e2c03ceeb178732 f8a023382e9962c67d1caf8d472c4718e751d6fe7287fcfaa410c0dba078c2c8
SERVER_HANDSHAKE_TRAFFIC_SECRET a4f15e4c88ca6396c6fdb5d95f9acb7bbe26c4a8e37afb0f8e2c03ceeb178732 14db2e1b616d842a4865fd0a12b1fde81277d3c007adcb68a4e46ad351f5c5b1
CLIENT_TRAFFIC_SECRET_0 a4f15e4c88ca6396c6fdb5d95f9acb7bbe26c4a8e37afb0f8e2c03ceeb178732 820815111aa873a253587e4775a87e46e513a7c878b3d5e24aeba687f0560683
SERVER_TRAFFIC_SECRET_0 a4f15e4c88ca6396c6fdb5d95f9acb7bbe26c4a8e37afb0f8e2c03ceeb178732 ce95dedd8c5156d86e12bd4be32227cb9761437262562b0a797ccb60c11f9326
CLIENT_HANDSHAKE_TRAFFIC_SECRET ad02b2fab930daf0401e74e03954ed8fa144b328d507b68f248a607decf444dc 8ba857e3a339edd7141e42dfbf99544f6f276661f2e6e854f7d73a3ce415317f
SERVER_HANDSHAKE_TRAFFIC_SECRET ad02b2fab930daf0401e74e03954ed8fa144b328d507b68f248a607decf444dc b470991a957b065c82242b6a48d2595d55079649aa769874dfa4407fedd01b31
CLIENT_TRAFFIC_SECRET_0 ad02b2fab930daf0401e74e03954ed8fa144b328d507b68f248a607decf444dc 1cc8338672bd32769f0fa2fe72ec17f32d8815fc28e7b87fedbbafdb6b46a6d9
SERVER_TRAFFIC_SECRET_0 ad02b2fab930daf0401e74e03954ed8fa144b328d507b68f248a607decf444dc 37909ef428ebe59d9a4ce4702d69b83f25008ad7316b640bda6137ea8378ce85
CLIENT_HANDSHAKE_TRAFFIC_SECRET 687365b2dcf60c76466ac47ee25cf6f86cba04400d07bc7f5f3be992f967d7eb 1a850d998b0f9b83172096cd69d66516d0bfd5821f10135c98fc66bc63c0015f
SERVER_HANDSHAKE_TRAFFIC_SECRET 687365b2dcf60c76466ac47ee25cf6f86cba04400d07bc7f5f3be992f967d7eb 2c14339b482ae73fb25d6e394987cb191e2aa0d6bb9aaad53331cee7202efabe
CLIENT_TRAFFIC_SECRET_0 687365b2dcf60c76466ac47ee25cf6f86cba04400d07bc7f5f3be992f967d7eb a440b308a6ff4716b02f3f778654fa0da7176d71e3034f64a0969b747d1889df
SERVER_TRAFFIC_SECRET_0 687365b2dcf60c76466ac47ee25cf6f86cba04400d07bc7f5f3be992f967d7eb 4b0c58b3f7094cbad1cda08531a034cf0aefef35b7b7e7dc78324c0c0d645970
CLIENT_HANDSHAKE_TRAFFIC_SECRET 9cd4fa2aac86cff5e8abeab1a4e756449454275cff3b3c6bf28d8725a62f0323 509c58f525660f1a7b593af2e87d6ff8406039112a8342b956dc029a774467b1
SERVER_HANDSHAKE_TRAFFIC_SECRET 9cd4fa2aac86cff5e8abeab1a4e756449454275cff3b3c6bf28d8725a62f0323 d26576aad634040130a08e9e390ec19d57e0085e68db5601c450d3dd6aaa231c
CLIENT_TRAFFIC_SECRET_0 9cd4fa2aac86cff5e8abeab1a4e756449454275cff3b3c6bf28d8725a62f0323 7b4c23f92c1225bed0e4f97787255b443f4de2b6b4b42019883664fe60066148
SERVER_TRAFFIC_SECRET_0 9cd4fa2aac86cff5e8abeab1a4e756449454275cff3b3c6bf28d8725a62f0323 0d3e2a7ffded242d3144afe291977792e6ced0ea829d753fe6cdcc6a49df4aad
CLIENT_HANDSHAKE_TRAFFIC_SECRET 6f86b43a16aa5bc428e0ae474e82b08205957e2fd2202cf2c6f9d6e429f67870 aa0ae60fbb635aaa004ac458a24a6822762c772babea5b32bd58cca60a6a3603
SERVER_HANDSHAKE_TRAFFIC_SECRET 6f86b43a16aa5bc428e0ae474e82b08205957e2fd2202cf2c6f9d6e429f67870 9fc64ed23ff40a92159096acb2418989ce71c74467f3a61578498b1b9596b3e4
CLIENT_TRAFFIC_SECRET_0 6f86b43a16aa5bc428e0ae474e82b08205957e2fd2202cf2c6f9d6e429f67870 ef71f9d03c810e3b54c49dfb195c1161c8840eeb89572b5d347d64fcc093123d
SERVER_TRAFFIC_SECRET_0 6f86b43a16aa5bc428e0ae474e82b08205957e2fd2202cf2c6f9d6e429f67870 cfb13277793f8e7b25ff79c2b7d11985916df66728c487e11d185eb1cc3e9e10
CLIENT_HANDSHAKE_TRAFFIC_SECRET 1de25975b6c98de19b59fa3de4ebd30118909ad81c9b3ba3a45061ba769081c3 51ec934002aa05dd059b109b0fe4197e5c5dcc607324921a9758187b590fcffe
SERVER_HANDSHAKE_TRAFFIC_SECRET 1de25975b6c98de19b59fa3de4ebd30118909ad81c9b3ba3a45061ba769081c3 a879a206c383aaefa1f08045744b2ac92218b3d7af1c7cddcd3108474d6720cb
CLIENT_TRAFFIC_SECRET_0 1de25975b6c98de19b59fa3de4ebd30118909ad81c9b3ba3a45061ba769081c3 31334a44aabc0634ec5d8b68f7042925bf273f981891cfe5e2c2163eed687a2d
SERVER_TRAFFIC_SECRET_0 1de25975b6c98de19b59fa3de4ebd30118909ad81c9b3ba3a45061ba769081c3 9ab3c0b49ae4b2ecb59485def7521a40ebbb2d0e22ef35fcb178b9aa02d24502
CLIENT_HANDSHAKE_TRAFFIC_SECRET 1c7e23db407ce06807a9d422aed50af35eaaea6aff2b873615367146f7fa5248 8e03734d6c6fccccb8a461cd0b0eddd7fb06c1a2cf13ec8b0ab3e3402194af07
SERVER_HANDSHAKE_TRAFFIC_SECRET 1c7e23db407ce06807a9d422aed50af35eaaea6aff2b873615367146f7fa5248 d189687c69d34d9f0d5dee799f7749ffa0e7c6750572ca7086918cb2301fc7e1
CLIENT_TRAFFIC_SECRET_0 1c7e23db407ce06807a9d422aed50af35eaaea6aff2b873615367146f7fa5248 47c91875f36b42e462df98edd371f011eb5a03323e1761bfae3a29b9b1a482be
SERVER_TRAFFIC_SECRET_0 1c7e23db407ce06807a9d422aed50af35eaaea6aff2b873615367146f7fa5248 3510da350c8cc58abe3fc639e91c154cae807e044258c59b396f2c028a7d1f95
CLIENT_HANDSHAKE_TRAFFIC_SECRET ba075a749db3b77eca90f319cd83abd118217a58ffc232c5969304eed55079be 8f62e03380a1429356b291377d383db21fca8baa5f7d8f6284034c1f218c485c
SERVER_HANDSHAKE_TRAFFIC_SECRET ba075a749db3b77eca90f319cd83abd118217a58ffc232c5969304eed55079be 10e5b6d6d8b6c967fbac56a3b163949cda44e9fcfd976313c8f72bfd1312b821
CLIENT_TRAFFIC_SECRET_0 ba075a749db3b77eca90f319cd83abd118217a58ffc232c5969304eed55079be 34eb3bfc2c831f1a489fe2532c02d51ebc30dcdf76663e5774cdf31df3f30c0f
SERVER_TRAFFIC_SECRET_0 ba075a749db3b77eca90f319cd83abd118217a58ffc232c5969304eed55079be 1048480a263c9798d051c79f24b1b549edcf77da6b4b63ce419d8f07fef774c8
CLIENT_HANDSHAKE_TRAFFIC_SECRET c9af0ad115cdfb25f51151e6eb1db6c0e134af9c8cee2e891c38a127550d7c9b c051be256ac856dc44913d99f09904e544b8fe72684c8875a0f364663473dbfa
SERVER_HANDSHAKE_TRAFFIC_SECRET c9af0ad115cdfb25f51151e6eb1db6c0e134af9c8cee2e891c38a127550d7c9b 72530b11a0c54ceb56d54c648348240a02cbac3a888f355f00ac3b2a0d55d759
CLIENT_TRAFFIC_SECRET_0 c9af0ad115cdfb25f51151e6eb1db6c0e134af9c8cee2e891c38a127550d7c9b 2b35fa9d397e028aff81e833919734e2db7e258635991ad075c34f02b08d955e
SERVER_TRAFFIC_SECRET_0 c9af0ad115cdfb25f51151e6eb1db6c0e134af9c8cee2e891c38a127550d7c9b 68212e05a748aea467a340632f1e9368040e2602c75502604024115a8f94d686
CLIENT_HANDSHAKE_TRAFFIC_SECRET 86c711ce18ce82637eee965474559bdd21cbfb4729887bb3fb7ffa7d416cde6a d04be197b9ca9dd660fb4e825fb5eddfcc048df65b319ddf0402ce10366d8f70
SERVER_HANDSHAKE_TRAFFIC_SECRET 86c711ce18ce82637eee965474559bdd21cbfb4729887bb3fb7ffa7d416cde6a caee019d5d67969080188eb09967c0ae1557f10585612ad61bfcf7dad8b31ad3
CLIENT_TRAFFIC_SECRET_0 86c711ce18ce82637eee965474559bdd21cbfb4729887bb3fb7ffa7d416cde6a 292ea89764102fba35283e9d7aa3dd02cc64abf6dfa98328bb8bc106d1ba0f6b
SERVER_TRAFFIC_SECRET_0 86c711ce18ce82637eee965474559bdd21cbfb4729887bb3fb7ffa7d416cde6a 933e11dc78a0102c449dfc8c50511a202db6a3c06f4f65f2c91766d56fc2cf13
CLIENT_HANDSHAKE_TRAFFIC_SECRET bee6488007b776a9e27b2df40d463abd8072d012905635a09661ce5b1aefce59 6da8385907525b96fbabf467cb78654e3132c321c33795efa172852104dd3bec
SERVER_HANDSHAKE_TRAFFIC_SECRET bee6488007b776a9e27b2df40d463abd8072d012905635a09661ce5b1aefce59 c09af958c443ec91941867c5fb4253b232cd19c78da94f42d55fdfe5b18c8e7a
CLIENT_TRAFFIC_SECRET_0 bee6488007b776a9e27b2df40d463abd8072d012905635a09661ce5b1aefce59 74d1885906f645189893486f1d638e55552bdcac45774d8603b973c06a2f4ba9
SERVER_TRAFFIC_SECRET_0 bee6488007b776a9e27b2df40d463abd8072d012905635a09661ce5b1aefce59 23756c33d95168e82409d2cdbefec729c491d351d595419f1652dc5c9d65ccc0
CLIENT_HANDSHAKE_TRAFFIC_SECRET 2c659b8afce3332e42735e0812e7900cd8bd356a439f18ef8c38169f409ff519 e93783c16ce010820b6abd525471747e787295507d909caba929c69a772ea6dd
SERVER_HANDSHAKE_TRAFFIC_SECRET 2c659b8afce3332e42735e0812e7900cd8bd356a439f18ef8c38169f409ff519 5e39aa6acce434e0395de466846410e399aa07924dba4c9522d13027dacc5411
CLIENT_TRAFFIC_SECRET_0 2c659b8afce3332e42735e0812e7900cd8bd356a439f18ef8c38169f409ff519 a658976a678733d13db4a36a31680b593ee8dc193de558fe9faea6174dd65ce9
SERVER_TRAFFIC_SECRET_0 2c659b8afce3332e42735e0812e7900cd8bd356a439f18ef8c38169f409ff519 a3b656279799f4f609374fef40db594c4f329fff57279d149b089b1554dfcd97
CLIENT_HANDSHAKE_TRAFFIC_SECRET f388d068f8a9d07ced8fc23e408bc2382037cbec47c7dda7c8e97ae825698a9a 0b595f02fb82012570a27ec3ee60b17c73e480b1a8ae8d118729d9d60ff664f4
SERVER_HANDSHAKE_TRAFFIC_SECRET f388d068f8a9d07ced8fc23e408bc2382037cbec47c7dda7c8e97ae825698a9a ef425e6fdd466b39cfd2fdb43fcb5ae1b292e18dfb2ec73dede37264b478a5ff
CLIENT_TRAFFIC_SECRET_0 f388d068f8a9d07ced8fc23e408bc2382037cbec47c7dda7c8e97ae825698a9a bec832494dac2efb8cbbe29a4fa78b3441363e394e5c44b104918b18423b00ad
SERVER_TRAFFIC_SECRET_0 f388d068f8a9d07ced8fc23e408bc2382037cbec47c7dda7c8e97ae825698a9a c0c7435e9109ca02bdea8566f198bd028eb19861cb254b9a7e1a38642497da0a
CLIENT_HANDSHAKE_TRAFFIC_SECRET 1a6338f9fd868ea8069fd647526750a3bf87fcdc56fce2fb9b617c8353526505 bccf49c3f7086a1c109ac0408d1361ae78a6213761a82d0f04cb20c4c863b56c
SERVER_HANDSHAKE_TRAFFIC_SECRET 1a6338f9fd868ea8069fd647526750a3bf87fcdc56fce2fb9b617c8353526505 49b9ab74cf68169604aab4750b5a68fa441f269fa021e17317f70813e5561631
CLIENT_TRAFFIC_SECRET_0 1a6338f9fd868ea8069fd647526750a3bf87fcdc56fce2fb9b617c8353526505 12d93cbdb223dfd9f4f4834f8a6d68b4885391ba0559f24b28a92b7185b48d26
SERVER_TRAFFIC_SECRET_0 1a6338f9fd868ea8069fd647526750a3bf87fcdc56fce2fb9b617c8353526505 a5e06b031c412b53f0730e5d258800fea4af07da424f7a660956e60c114e0d5c
CLIENT_HANDSHAKE_TRAFFIC_SECRET 6be211151673e216187bca8831fdbeb9b1e084f360dfb000b18eec92d9c38e10 41c6eca3bb3c22d4b312017228591ec202746ab5c00a7130528ae4993b47b7cd
SERVER_HANDSHAKE_TRAFFIC_SECRET 6be211151673e216187bca8831fdbeb9b1e084f360dfb000b18eec92d9c38e10 8352eaabbf36f70137e486363eaf4e559014c4978d110e64b924261fefd1bed1
CLIENT_TRAFFIC_SECRET_0 6be211151673e216187bca8831fdbeb9b1e084f360dfb000b18eec92d9c38e10 11c4a1c320029ac88afc628dae40933c5124340c7a5e62699fd67f05f35e1049
SERVER_TRAFFIC_SECRET_0 6be211151673e216187bca8831fdbeb9b1e084f360dfb000b18eec92d9c38e10 9fbfe963adbe0b1b46939dc3e208d9a52b2b33b04a5567db82c292327197b703
CLIENT_HANDSHAKE_TRAFFIC_SECRET 409bb8337654aa39b4447aec5e3806359e5082961391b08a66345020fc450e1f f89969d3f6b2473e384c711f4a89b3117991b98d40f7524da42cbbc1dee72ae7
SERVER_HANDSHAKE_TRAFFIC_SECRET 409bb8337654aa39b4447aec5e3806359e5082961391b08a66345020fc450e1f ba7b4e3f4bbbe208499f6462cf54bb93801c5fc4feee7c62f42ad1e3fc23f835
CLIENT_TRAFFIC_SECRET_0 409bb8337654aa39b4447aec5e3806359e5082961391b08a66345020fc450e1f 29e60645ca84f42852dc3d52eb4c6291632db0e65e6c35318f1f06da8aa4a280
SERVER_TRAFFIC_SECRET_0 409bb8337654aa39b4447aec5e3806359e5082961391b08a66345020fc450e1f 94d724bff18f9c8bf359ac50f45cc2be83d28bafd03bb5c697392692cff60969
CLIENT_HANDSHAKE_TRAFFIC_SECRET c1fb7952a922dd5ea213380dda3d6e13293b1524fdf63fcfe6c7ef205807538e 4b4178b90128e7f69b4356ecab543b239c73eef89bcf363b46d5640b0e170a7e
SERVER_HANDSHAKE_TRAFFIC_SECRET c1fb7952a922dd5ea213380dda3d6e13293b1524fdf63fcfe6c7ef205807538e ecfb998004f5b65bb6af41b40ad78e11634410aee6c38773074d270176d8d928
CLIENT_TRAFFIC_SECRET_0 c1fb7952a922dd5ea213380dda3d6e13293b1524fdf63fcfe6c7ef205807538e cdaca4472ec48c80ec6bcf81addaeb7b17305d66a2c1ab7b6a651a7b160ff4f5
SERVER_TRAFFIC_SECRET_0 c1fb7952a922dd5ea213380dda3d6e13293b1524fdf63fcfe6c7ef205807538e 1c8426a00ca0b9eb3b82d739496e4b622908ed34546c7a578bb34cb056300179
CLIENT_HANDSHAKE_TRAFFIC_SECRET df3c87338d8c31150a0157bfd142ac8a43c40fe2604f9c3494364319d2053868 a7b0fb20cf7168a25372c41e7aed16485088ad6ef32f742fce2304b52a858464
SERVER_HANDSHAKE_TRAFFIC_SECRET df3c87338d8c31150a0157bfd142ac8a43c40fe2604f9c3494364319d2053868 79efaf2e224faed682e1f9c4e620bc4f9c053f5b139d36d671c32fdf319b2ee5
CLIENT_TRAFFIC_SECRET_0 df3c87338d8c31150a0157bfd142ac8a43c40fe2604f9c3494364319d2053868 4ab46644fcece9f1b2b3e174cd4ec9d554bfae9a36a0db1960ecab2de578254c
SERVER_TRAFFIC_SECRET_0 df3c87338d8c31150a0157bfd142ac8a43c40fe2604f9c3494364319d2053868 0e992ad7141869884d04d7c14003f49953f5232cf365fe1a0b1eb4e1e8ac48bc
CLIENT_HANDSHAKE_TRAFFIC_SECRET 1db91f74a2853100b06c74a707e50b36b433bfeaae15b73ecefb646f0bf6f594 d043755b58c58e114ba9654d38704b52a3bd1d70d8d1e5aee1e52c9dc92d1014
SERVER_HANDSHAKE_TRAFFIC_SECRET 1db91f74a2853100b06c74a707e50b36b433bfeaae15b73ecefb646f0bf6f594 0928e15e9ce76d502a7f9ee83cb90943eb0403c26110c702203911201a4c6b64
CLIENT_TRAFFIC_SECRET_0 1db91f74a2853100b06c74a707e50b36b433bfeaae15b73ecefb646f0bf6f594 4b1d344f5e9a1a4bb345529cd84071d7556ef059cf04988510f84ddb128830c9
SERVER_TRAFFIC_SECRET_0 1db91f74a2853100b06c74a707e50b36b433bfeaae15b73ecefb646f0bf6f594 1ad39ae0f19bf4f618c43fc687b532621264deab4291b7be6e044fb1ed2b50fc
CLIENT_HANDSHAKE_TRAFFIC_SECRET a4c1fd0b8e5fcfde8d24c35d941ac566b9947e48029c598a26b91a986b2f4edb 5ad9a163a9800acaf949bd3de4052b88341b3bd54ba4e6d20b22f35102bb8ea6
SERVER_HANDSHAKE_TRAFFIC_SECRET a4c1fd0b8e5fcfde8d24c35d941ac566b9947e48029c598a26b91a986b2f4edb 8d27bfb58768ff89c9f3b76167e6c76dc9a7264e36d372edccb26a3a8a25362c
CLIENT_TRAFFIC_SECRET_0 a4c1fd0b8e5fcfde8d24c35d941ac566b9947e48029c598a26b91a986b2f4edb 48492005345e8c017186e7dc88b0b3ab52fda6d3b0ba8e06eba4717181daec39
SERVER_TRAFFIC_SECRET_0 a4c1fd0b8e5fcfde8d24c35d941ac566b9947e48029c598a26b91a986b2f4edb 1875498a7dd325ed1bfd7584ea1b5da2c9a42ed3cc12902396e1fca6b81c7d26
CLIENT_HANDSHAKE_TRAFFIC_SECRET 13fd9b71ddf350f6448ff80f9d6ed7d5948746e5a23a793895384d645edb20a6 11519380a68733366b6f91368c188251e4af1549d4a54ed187fe51b87cb02efe
SERVER_HANDSHAKE_TRAFFIC_SECRET 13fd9b71ddf350f6448ff80f9d6ed7d5948746e5a23a793895384d645edb20a6 373402214137215299297efb75cdf1e78c1a2f7e4441db78fc529c543dd68155
CLIENT_TRAFFIC_SECRET_0 13fd9b71ddf350f6448ff80f9d6ed7d5948746e5a23a793895384d645edb20a6 bd91e58c48147421705e19e26087c155af8ecc909e8839ca4fc616e04aa702be
SERVER_TRAFFIC_SECRET_0 13fd9b71ddf350f6448ff80f9d6ed7d5948746e5a23a793895384d645edb20a6 8d92a2a734119eddcfabcaf887578a221676f3599fff87dd679d3bbf0249fbad
CLIENT_HANDSHAKE_TRAFFIC_SECRET 135e97e4cac5ab04e22ad4ca220bf867870d92b56ba258a792683cd4dd02eded 2ca52fb3fabccf90d3c2c9887f83aa228505150d6982801f8ae997f36aadb67a
SERVER_HANDSHAKE_TRAFFIC_SECRET 135e97e4cac5ab04e22ad4ca220bf867870d92b56ba258a792683cd4dd02eded d0a8dedcbc3d3feeea2a21fb56b78c28ead9cc2a4c840b7e28d0ce07b61e9735
CLIENT_TRAFFIC_SECRET_0 135e97e4cac5ab04e22ad4ca220bf867870d92b56ba258a792683cd4dd02eded 1841b65f1e55bcbafa9b1b53b74c7fbb4d58c3113f7ffbc8411d76bb94032674
SERVER_TRAFFIC_SECRET_0 135e97e4cac5ab04e22ad4ca220bf867870d92b56ba258a792683cd4dd02eded 5984ac29eef3a52f5cd956a7815d7d1dbda599ef5efb70d177667f049d0a61c7
CLIENT_HANDSHAKE_TRAFFIC_SECRET 17fd6c40db80da6a454e0c80142513a334724914be5404c9095242942a8b6de6 533c21b7eea60c1e6e5246267a80188789b873be95edc747709d0daad8498ec8
SERVER_HANDSHAKE_TRAFFIC_SECRET 17fd6c40db80da6a454e0c80142513a334724914be5404c9095242942a8b6de6 41d79b12a329dd296cf150acdf2a26e7fc1508b1dafac351244c342c986ce846
CLIENT_TRAFFIC_SECRET_0 17fd6c40db80da6a454e0c80142513a334724914be5404c9095242942a8b6de6 5b735c2a449f75506e4316390ec487757a8b8bb00a446c31172f7d47e8b5a4c3
SERVER_TRAFFIC_SECRET_0 17fd6c40db80da6a454e0c80142513a334724914be5404c9095242942a8b6de6 2fd04bf391fec65eb82e7ef8e14233cfa2a5cda55b2d7c3fe931117ba6973f61
CLIENT_HANDSHAKE_TRAFFIC_SECRET 4d292ac365664d5b5432e46164dcfdd8fbe787c51eaa369df6a60e856abf39be 9541ba353b9888154894c1f3b20c903f6789b57baeffb43c0bd10f91f3fdecdf
SERVER_HANDSHAKE_TRAFFIC_SECRET 4d292ac365664d5b5432e46164dcfdd8fbe787c51eaa369df6a60e856abf39be 1d81867f44aae90456b610e93a20115fa6afcf6317fbcfc52bffca27c0b80e9a
CLIENT_TRAFFIC_SECRET_0 4d292ac365664d5b5432e46164dcfdd8fbe787c51eaa369df6a60e856abf39be 657fe57568996abaa47c4c4b24986c02c021d233b41e849540b2d0a8c8751262
SERVER_TRAFFIC_SECRET_0 4d292ac365664d5b5432e46164dcfdd8fbe787c51eaa369df6a60e856abf39be 1638ae7e27dcd2aa080eab5a4076c6c5654a45045382f755dd6e0cd79957256c
CLIENT_HANDSHAKE_TRAFFIC_SECRET 8dc23ce2a0a3779c2d8297c114c7b024135082a9d47b9d542c8ea657c36d0dd2 f8e73ed5747389648173cc9e2a15fa3dbc84bc7a214a8a85bd216c408695045f
SERVER_HANDSHAKE_TRAFFIC_SECRET 8dc23ce2a0a3779c2d8297c114c7b024135082a9d47b9d542c8ea657c36d0dd2 d142a057141129b5d61e86ca7870321fe01a488026c2835d1acf275d008fde52
CLIENT_TRAFFIC_SECRET_0 8dc23ce2a0a3779c2d8297c114c7b024135082a9d47b9d542c8ea657c36d0dd2 a096baea727d130dd00bfc2d656d11111c5b28204915546233ef30c063d9cc78
SERVER_TRAFFIC_SECRET_0 8dc23ce2a0a3779c2d8297c114c7b024135082a9d47b9d542c8ea657c36d0dd2 65afbb212d799a2b162c2a6a75b2b9423ff186424910012aac1f67690b5d2e6d
CLIENT_HANDSHAKE_TRAFFIC_SECRET 2e4b370eba7feefb40239407a438f5d1a7898f0b3da3ec5fe4ee79028f1b9ace 066d58c9a665e1a5da9470c145a8f596427c644f62d15e5868de37be8bdfd095
SERVER_HANDSHAKE_TRAFFIC_SECRET 2e4b370eba7feefb40239407a438f5d1a7898f0b3da3ec5fe4ee79028f1b9ace ffc593b6919039a5f7a21c60d803f31ca63e2989168b5c779a9f0e9a6d6f0e6b
CLIENT_TRAFFIC_SECRET_0 2e4b370eba7feefb40239407a438f5d1a7898f0b3da3ec5fe4ee79028f1b9ace f3f493b3db569aa866d6e704e80a4e4d41fed4ebe9199f311228db0c6e7cf929
SERVER_TRAFFIC_SECRET_0 2e4b370eba7feefb40239407a438f5d1a7898f0b3da3ec5fe4ee79028f1b9ace 6427016e158180a1666134e8f50f39f55facbe9b2a934f3b760a278e31fb2afb
CLIENT_HANDSHAKE_TRAFFIC_SECRET 371ca5e88c93c23e849a542d0ea24f3691b8c591bac013f950a5c263cd1ccf2e fc5695bfdedcfc49e9502a0ec4e75c8b578cce49d759e82a243ebc72299f87d2
SERVER_HANDSHAKE_TRAFFIC_SECRET 371ca5e88c93c23e849a542d0ea24f3691b8c591bac013f950a5c263cd1ccf2e d259b4b92b56324003c1cfc90b54906109453d219322d28eba1ef96cf85da2e5
CLIENT_TRAFFIC_SECRET_0 371ca5e88c93c23e849a542d0ea24f3691b8c591bac013f950a5c263cd1ccf2e bc96e0456aaf1bf6bf9f87e94a5c85b6d012df6366bf2e4af513cf8534ba3b65
SERVER_TRAFFIC_SECRET_0 371ca5e88c93c23e849a542d0ea24f3691b8c591bac013f950a5c263cd1ccf2e 50b5228dee46a27e2c38fc0633b8a391ce18f3f85472a45b6799f0c1f41f8c7c
CLIENT_HANDSHAKE_TRAFFIC_SECRET 43b98ab084d182f1425c7b4f9b4f7c922570041025f0ffda1a292919777a4d94 9fa6bf34a608340688b83ffa35ef90774f5d1ebfcb5369fd07d41e471b347077
SERVER_HANDSHAKE_TRAFFIC_SECRET 43b98ab084d182f1425c7b4f9b4f7c922570041025f0ffda1a292919777a4d94 8c630c82edf1ee8f959d937c46e2ee76057ac6c8ff80ac4d51b68836e20d17ba
CLIENT_TRAFFIC_SECRET_0 43b98ab084d182f1425c7b4f9b4f7c922570041025f0ffda1a292919777a4d94 adc65af6389af01b93b4ed2c0bbde1048cc0fcde7ce65512deed800621d036cf
SERVER_TRAFFIC_SECRET_0 43b98ab084d182f1425c7b4f9b4f7c922570041025f0ffda1a292919777a4d94 07b1e195dcaeb7c7a19012dc7d2575c71050a4887b5fced2506c66a231a136b1
CLIENT_HANDSHAKE_TRAFFIC_SECRET 7c8ff34636fb8a97c91a701c1014db750a7cbb9c317832c373314be9907ee20b 533eba05e23dfc29b177f9ebdf0c3335ea246000f496ac8bb944f06370f0d8e9
SERVER_HANDSHAKE_TRAFFIC_SECRET 7c8ff34636fb8a97c91a701c1014db750a7cbb9c317832c373314be9907ee20b 046866d145ea28d5404ca5718de7388ec8c88c3306f14e0267577a45b39e17e9
CLIENT_TRAFFIC_SECRET_0 7c8ff34636fb8a97c91a701c1014db750a7cbb9c317832c373314be9907ee20b 06eb78c6ccf22901969a924a32ac400b9b8d3c63678041e3ff9e85b6aa3a60c1
SERVER_TRAFFIC_SECRET_0 7c8ff34636fb8a97c91a701c1014db750a7cbb9c317832c373314be9907ee20b 657ce7f6b259d610730e3d9d03e954bcd10626f60bb21c0c43255eaa6f4b1eb8
CLIENT_HANDSHAKE_TRAFFIC_SECRET 108f148e765469cc220b6fa656affda5970036c360f480d4948c7532cc049c2e 907d41ed5013b7cf2c384cde96b759f26750c52e5146c98ca4eb40ae88bf8a7a
SERVER_HANDSHAKE_TRAFFIC_SECRET 108f148e765469cc220b6fa656affda5970036c360f480d4948c7532cc049c2e 345257b510e00020cf205e2c49c473cf865179dd9f7509556258d6f3b22c8e91
CLIENT_TRAFFIC_SECRET_0 108f148e765469cc220b6fa656affda5970036c360f480d4948c7532cc049c2e cebe4124aa137e5b58418965777da1cf5c51aeaeb5c8260440cb1abfb3299b0d
SERVER_TRAFFIC_SECRET_0 108f148e765469cc220b6fa656affda5970036c360f480d4948c7532cc049c2e f27d3a3b41d10334f0e17ba92358620816a60a491b8115695783e3821b3f8dd7
CLIENT_HANDSHAKE_TRAFFIC_SECRET e3c2c6d6a5200e6fb45718e500e1f8d090854e84c60d14a4cfeb9a6bbf7f4c04 7d1c8aa399fde5fd8a92169f335ca164847960cebf473d3d604190e66d93cabe
SERVER_HANDSHAKE_TRAFFIC_SECRET e3c2c6d6a5200e6fb45718e500e1f8d090854e84c60d14a4cfeb9a6bbf7f4c04 25aa870dcc79fc4f8ab6f6027cf32d81eaf849ec67db7d22d51f81eb0560397f
CLIENT_TRAFFIC_SECRET_0 e3c2c6d6a5200e6fb45718e500e1f8d090854e84c60d14a4cfeb9a6bbf7f4c04 064fe1123a386447eb2e5924a896f643c3d06b1797312d33d60a81fdcdbbfc0f
SERVER_TRAFFIC_SECRET_0 e3c2c6d6a5200e6fb45718e500e1f8d090854e84c60d14a4cfeb9a6bbf7f4c04 8691b84ff77073da82f4a6c64d9c2be3d530d7faf3fa5f10d5a6614972ff0ee4
