CLIENT_HANDSHAKE_TRAFFIC_SECRET af7e3e1fbd00a2c8d6cd8109ebfdfd989c997484dcb59a6817e39137884a608e 3050c3525ea85cf4aac7a0186bedf894be00f2885df88c69de5b29506ef8f6e7
SERVER_HANDSHAKE_TRAFFIC_SECRET af7e3e1fbd00a2c8d6cd8109ebfdfd989c997484dcb59a6817e39137884a608e b7f422a27dc8bf9a614dc7e77b13e33b1ccbc2b9e21b4c390216eb6ece6cf0f8
CLIENT_TRAFFIC_SECRET_0 af7e3e1fbd00a2c8d6cd8109ebfdfd989c997484dcb59a6817e39137884a608e b9caa6660ba6f2cc00dceeebdfa552773905c945c18d91f5384ed62f10de1f6e
SERVER_TRAFFIC_SECRET_0 af7e3e1fbd00a2c8d6cd8109ebfdfd989c997484dcb59a6817e39137884a608e a6a432b6db943c7b0bbb15c3c6a9f3292e65f15ff60c54d022f649079b819997
CLIENT_HANDSHAKE_TRAFFIC_SECRET 4c7b6aea0d5d374e3b8d10a5ea1f3e55bbf49ef98a2ddb5b805f0a3da5fc93ba 4dfe35da9f2d3341fa2562748dbd853317723635ce24bd4a8e610def927f4522
SERVER_HANDSHAKE_TRAFFIC_SECRET 4c7b6aea0d5d374e3b8d10a5ea1f3e55bbf49ef98a2ddb5b805f0a3da5fc93ba 94cb2e39cce461b3b5f89bd9fae74966d002440d0507bedb922981325752e55a
CLIENT_TRAFFIC_SECRET_0 4c7b6aea0d5d374e3b8d10a5ea1f3e55bbf49ef98a2ddb5b805f0a3da5fc93ba 6be1a8112e5f2367fb4b6614a17deb2c466aeb7ab13c70445c05388b28d6c2a0
SERVER_TRAFFIC_SECRET_0 4c7b6aea0d5d374e3b8d10a5ea1f3e55bbf49ef98a2ddb5b805f0a3da5fc93ba 0873ac0a380386df085ee49b4daadd17c890bce6a3e405b9701bfa6fe485835d
CLIENT_HANDSHAKE_TRAFFIC_SECRET 9f81426f2f46cff9de05d946f0a92040fbf9f0761b42baff6975322e05a93146 4b3a0eef9a7b33e28c97adf1a8c0cf5e91a4618af3bd6a49f143929fc898f282
SERVER_HANDSHAKE_TRAFFIC_SECRET 9f81426f2f46cff9de05d946f0a92040fbf9f0761b42baff6975322e05a93146 031253ddd7953931eecfd33e9fe2cdb0b7f5ee2669964095df328e466ec9ff90
CLIENT_TRAFFIC_SECRET_0 9f81426f2f46cff9de05d946f0a92040fbf9f0761b42baff6975322e05a93146 eda9f2eef9b0ebee2774985fcfe1184ea1dc306ff125b23bda08246b22bbd075
SERVER_TRAFFIC_SECRET_0 9f81426f2f46cff9de05d946f0a92040fbf9f0761b42baff6975322e05a93146 8f39f086000cc46588ccfa06f5236e54ee7b90c880b8c430a29274dab3bed0c2
CLIENT_HANDSHAKE_TRAFFIC_SECRET b5a190ce87243975cf2177673756389f502ba6d6e6a8e5de8c970efcce11e444 96dbb857d29f494153e19dd203f57ba6307407d18a42c6179584c6143c460516
SERVER_HANDSHAKE_TRAFFIC_SECRET b5a190ce87243975cf2177673756389f502ba6d6e6a8e5de8c970efcce11e444 6a91b53ead1adb777d7450ed78eedc93be15e929d4bc09c5d37dbf3bd49809b2
CLIENT_TRAFFIC_SECRET_0 b5a190ce87243975cf2177673756389f502ba6d6e6a8e5de8c970efcce11e444 276ceba99dd80b25baa77fede911e48e78d0180e4453d436a54f17028528fd82
SERVER_TRAFFIC_SECRET_0 b5a190ce87243975cf2177673756389f502ba6d6e6a8e5de8c970efcce11e444 8bb4c196c4ec1c3261098d9ac45d6bf64ec355cdc181a92e73747e1f1a7f6a08
CLIENT_HANDSHAKE_TRAFFIC_SECRET 95add6040065ad5d44c6f5ff44e9fb352a5a399f47e25497d47b0a6b4a586bc4 8850b48ed1f912f97dbc636160e00825b40951c3a46891d646ae5fa1fd3120d7
SERVER_HANDSHAKE_TRAFFIC_SECRET 95add6040065ad5d44c6f5ff44e9fb352a5a399f47e25497d47b0a6b4a586bc4 4fe0f90ee07d6ce682fa5c9fef9d72f1873698349922359d5ae0f6005aec3bd3
CLIENT_TRAFFIC_SECRET_0 95add6040065ad5d44c6f5ff44e9fb352a5a399f47e25497d47b0a6b4a586bc4 c50741a92c70f74a7c0bd2f40bd91dec8c26b60727b0cfd363dba5992fcff252
SERVER_TRAFFIC_SECRET_0 95add6040065ad5d44c6f5ff44e9fb352a5a399f47e25497d47b0a6b4a586bc4 5b47d0c988630ca77294608fa728379e55a85e2533657a7e328723b01d4c41c7
CLIENT_HANDSHAKE_TRAFFIC_SECRET fdd01f41875dc6ffc9d33619fc968e7c2a2366f0db2859cd8c07237abb9085c1 a419471fea3d3295f81af851933351a8848f668cb4e3c67e0d1525f8fdf3941b
SERVER_HANDSHAKE_TRAFFIC_SECRET fdd01f41875dc6ffc9d33619fc968e7c2a2366f0db2859cd8c07237abb9085c1 45aba5b3fa2532f7bc00a943e511e00ec634ff392496838879cf3520a88c0575
CLIENT_TRAFFIC_SECRET_0 fdd01f41875dc6ffc9d33619fc968e7c2a2366f0db2859cd8c07237abb9085c1 83d67477023c54c27aba3ee50715dae4149fe6bde337db35d321ffd94e94e8a7
SERVER_TRAFFIC_SECRET_0 fdd01f41875dc6ffc9d33619fc968e7c2a2366f0db2859cd8c07237abb9085c1 7238bc63d9a95c7897671763a5320c59fc0f5a5948063b8f0d797e785eefcf0c
CLIENT_HANDSHAKE_TRAFFIC_SECRET 71f4e6f0686d945f0a0e436a9af02ee66eefc7ade84fced5424f32e74cd0e001 aaeeb9aca3eab301aa7bf686e0ee029681b5d98945ad03ed1cff3672d4882e82
SERVER_HANDSHAKE_TRAFFIC_SECRET 71f4e6f0686d945f0a0e436a9af02ee66eefc7ade84fced5424f32e74cd0e001 e84ee435f6c096e45a9bab8343f875b7ed975c92766e7446b5404a8e671abe12
CLIENT_TRAFFIC_SECRET_0 71f4e6f0686d945f0a0e436a9af02ee66eefc7ade84fced5424f32e74cd0e001 5ef65ac495e870e6f4723507859715c063a7f3131cff7db874a33e64d0d9a0fc
SERVER_TRAFFIC_SECRET_0 71f4e6f0686d945f0a0e436a9af02ee66eefc7ade84fced5424f32e74cd0e001 ad6b8b24a093060caf4db7f2aea9ad06fd9daef0f2a7a2dc533be6b9bad9b98b
CLIENT_HANDSHAKE_TRAFFIC_SECRET 84ecf44adcf33495f2ba835973e4b2f2aff6b7756c3a6332da34366038ddffbd 1e820e5cc26710305bf0cb50337ccb43b958428a49eab548838c0fbd089a5993
SERVER_HANDSHAKE_TRAFFIC_SECRET 84ecf44adcf33495f2ba835973e4b2f2aff6b7756c3a6332da34366038ddffbd 406208a43ed4a40d32efeb2f4ead882939574a4b7eeb8fa814188bde65ebd2a4
CLIENT_TRAFFIC_SECRET_0 84ecf44adcf33495f2ba835973e4b2f2aff6b7756c3a6332da34366038ddffbd 3e54f9b98d6a0eb7cbe44e53141c1de35c0931c763dec4ac5be2ca36bd5ce494
SERVER_TRAFFIC_SECRET_0 84ecf44adcf33495f2ba835973e4b2f2aff6b7756c3a6332da34366038ddffbd d44d0d81d0ff4cb0a4cd29673be870ad23f85495f209350df1b177710ccd4534
CLIENT_HANDSHAKE_TRAFFIC_SECRET 19dcf3e4183372e1f7075ba4452cb03d20c760fb913cda1c49c6358d5dce4687 8e7d00288bdf3e53a52e5c4400c387202fdc3763a1b65df959ecdf0614fc7db2
SERVER_HANDSHAKE_TRAFFIC_SECRET 19dcf3e4183372e1f7075ba4452cb03d20c760fb913cda1c49c6358d5dce4687 a7125f5a2491c0610435dcc31b81321deb4c8d631e88a1de89b0ef9aed601d3f
CLIENT_TRAFFIC_SECRET_0 19dcf3e4183372e1f7075ba4452cb03d20c760fb913cda1c49c6358d5dce4687 191b903c4124640c19e0eef5cebb040f2ea9c9e7f27a9c721a0c0fc5150f9879
SERVER_TRAFFIC_SECRET_0 19dcf3e4183372e1f7075ba4452cb03d20c760fb913cda1c49c6358d5dce4687 8f135edb41effc5ead8bd817c6eecb55adc020d5124d624c5f154c74a79501ed
CLIENT_HANDSHAKE_TRAFFIC_SECRET 80eff27eefa68dbb981cbd31e69a04e6aef0a5d835ed14eeedc52631cfbbd065 29f0242ad8f65ea0a08dd22d3311e746a1a0edf75236e0a2a44a5dbbc34db288
SERVER_HANDSHAKE_TRAFFIC_SECRET 80eff27eefa68dbb981cbd31e69a04e6aef0a5d835ed14eeedc52631cfbbd065 2b6dc6028a8ffc2926b98bc41e1de9f8d345865ad556aa58f8db0c3326385f8f
CLIENT_TRAFFIC_SECRET_0 80eff27eefa68dbb981cbd31e69a04e6aef0a5d835ed14eeedc52631cfbbd065 c043ec2d667748489a9f2075d64b5b194816a772cee0ac01ff6447a6fbcf6d00
SERVER_TRAFFIC_SECRET_0 80eff27eefa68dbb981cbd31e69a04e6aef0a5d835ed14eeedc52631cfbbd065 cffc0da1302242e7eba79730e31695984b5ab804e14bdef14cb1f40524dbe932
CLIENT_HANDSHAKE_TRAFFIC_SECRET 04c6660242f00b0f55761f65ba8c109b727cf8a326e86b7d7e607516329c87b5 1c9af00687aeecb55854ede89a505cd2d809e9e8f1554483cb9b68850c952f7f
SERVER_HANDSHAKE_TRAFFIC_SECRET 04c6660242f00b0f55761f65ba8c109b727cf8a326e86b7d7e607516329c87b5 fb40b20c811a6ce72c12d86e2c0d465b4cfb0b61254a56364720383f6577fa61
CLIENT_TRAFFIC_SECRET_0 04c6660242f00b0f55761f65ba8c109b727cf8a326e86b7d7e607516329c87b5 40ffa3a6adadec05e96501b975492324c925eca97232f95820d674908fac2181
SERVER_TRAFFIC_SECRET_0 04c6660242f00b0f55761f65ba8c109b727cf8a326e86b7d7e607516329c87b5 7f11157861bb15e8bbe0c9ab541976ef17013bb252b953671e254e3a53836ffa
CLIENT_HANDSHAKE_TRAFFIC_SECRET 88fff548b335e55f528d402e5a3178498bf842348f3bd499cf40d67466a6f1b1 f66453f656ba0cc61fa68af460d86c960795c899a1727c7648f6f0d23bdadea9
SERVER_HANDSHAKE_TRAFFIC_SECRET 88fff548b335e55f528d402e5a3178498bf842348f3bd499cf40d67466a6f1b1 4697450430643526d642189d40de5acc7675d2a72d675f2989011dca48dc1234
CLIENT_TRAFFIC_SECRET_0 88fff548b335e55f528d402e5a3178498bf842348f3bd499cf40d67466a6f1b1 5f52d89ca900935d35282422263d1ac9209cb6191c4962b97dac417997a4a9c8
SERVER_TRAFFIC_SECRET_0 88fff548b335e55f528d402e5a3178498bf842348f3bd499cf40d67466a6f1b1 ce200c2ed6d1cea7d68ea9d2eedc17ff798b729ab77443d683c228a82d799b86
CLIENT_HANDSHAKE_TRAFFIC_SECRET 69c3f897671384e12521a78b6aa23c69c93b42e75678e6023708c4620f08675b a9c8cbb20d8d6ede55a792b9eecab1e1f683057f33dcf649ba065b7bb827be85
SERVER_HANDSHAKE_TRAFFIC_SECRET 69c3f897671384e12521a78b6aa23c69c93b42e75678e6023708c4620f08675b 917c090f8ae8af0f84f6c49261c8e159ec0f64e1279794257db1e6f32b18af17
CLIENT_TRAFFIC_SECRET_0 69c3f897671384e12521a78b6aa23c69c93b42e75678e6023708c4620f08675b 214c7483c283a179e018054b544d8b8df70a58cb141156dffca9d5f4aea764fe
SERVER_TRAFFIC_SECRET_0 69c3f897671384e12521a78b6aa23c69c93b42e75678e6023708c4620f08675b 22cf1b0400ed5a7d93d57171310d8270fde3c2ef2606bf4286957d7e271797e4
CLIENT_HANDSHAKE_TRAFFIC_SECRET d7fce73285dc45c7531f4b0737b84b752e72ae6e8917045cb507d5ba83189ec3 cfc75ba50dff3420e6f9b41f417927d1751ae037d9e116a5f7088c94ef87049b
SERVER_HANDSHAKE_TRAFFIC_SECRET d7fce73285dc45c7531f4b0737b84b752e72ae6e8917045cb507d5ba83189ec3 51d5662e2150c75bc5a739da3202e1a9b6c402d591ba8fa58009c3ffb60f4c89
CLIENT_TRAFFIC_SECRET_0 d7fce73285dc45c7531f4b0737b84b752e72ae6e8917045cb507d5ba83189ec3 c8a6e28f46fda0f601cfaad488944c1dd80cf8e914e2ebafb342cf5dd2b08c17
SERVER_TRAFFIC_SECRET_0 d7fce73285dc45c7531f4b0737b84b752e72ae6e8917045cb507d5ba83189ec3 c6d1239c960b8baf5cf9e8b7f3b23fcdd8cef3135d1461716f29b87f9edc6247
CLIENT_HANDSHAKE_TRAFFIC_SECRET 015f4e39015179786972bb355c9f9d80724021aac972d88184500c5a50418205 82d483f8ef039592dc9a7ace939e02b3ea60c7541946acb33b98b31680ee6b1d
SERVER_HANDSHAKE_TRAFFIC_SECRET 015f4e39015179786972bb355c9f9d80724021aac972d88184500c5a50418205 49c02ac4135a8573893015bdb51cf0d7c8cb125e5c6374656234b9aae7de7c3d
CLIENT_TRAFFIC_SECRET_0 015f4e39015179786972bb355c9f9d80724021aac972d88184500c5a50418205 f3d9337993781ac466df88b6bd85bac277f950842b143c995b6947195415af0c
SERVER_TRAFFIC_SECRET_0 015f4e39015179786972bb355c9f9d80724021aac972d88184500c5a50418205 d40ea38722018c49e385d9ecfdd36487f9faa222d6e577cdccfa12d93218b6f4
CLIENT_HANDSHAKE_TRAFFIC_SECRET f6a1f131088703bc1f55b756b429b85a53d11d76246de275e87c888f3d204363 cbf5da64bcdfc87e2150d74786c2ceeac12f1d18715d1cc6f9dca76db3658cdb
SERVER_HANDSHAKE_TRAFFIC_SECRET f6a1f131088703bc1f55b756b429b85a53d11d76246de275e87c888f3d204363 2cd1317567f13140c06fd86fdf18168f50919521e69e09a3bd9487435f125398
CLIENT_TRAFFIC_SECRET_0 f6a1f131088703bc1f55b756b429b85a53d11d76246de275e87c888f3d204363 8481da3ac4a3f9de64913ccf54e22ec4e52b9ad4fc15ab7650faa5db9a4ecec9
SERVER_TRAFFIC_SECRET_0 f6a1f131088703bc1f55b756b429b85a53d11d76246de275e87c888f3d204363 a85591ddc59db932e3dc7d8d9435fda3a8440bf12b698cc2b6af104b5604f4a3
CLIENT_HANDSHAKE_TRAFFIC_SECRET d8ed7e3f7900adbed335eb8ae4367cce949c2aad3bfb51dbfdaa30dcebf814c7 ac098dd4781e6cced98909f906bf8e1ab8320bf499d50929658d9f0d8d1404f1
SERVER_HANDSHAKE_TRAFFIC_SECRET d8ed7e3f7900adbed335eb8ae4367cce949c2aad3bfb51dbfdaa30dcebf814c7 47ce425fb749f8605e7b9451b648426dbaa20701b9aa94a8bfce04501b7b01dd
CLIENT_TRAFFIC_SECRET_0 d8ed7e3f7900adbed335eb8ae4367cce949c2aad3bfb51dbfdaa30dcebf814c7 ff8193989cee3f61c5b94cbd235d778ab4fd4b896384c86ac8fef1b5dc281834
SERVER_TRAFFIC_SECRET_0 d8ed7e3f7900adbed335eb8ae4367cce949c2aad3bfb51dbfdaa30dcebf814c7 88e43630c955d7ec8fa39e5d253220ea81e3d26011433ce4f96e019fdf56ba16
CLIENT_HANDSHAKE_TRAFFIC_SECRET 1b78fe6be8da7dd1c1dcfa07636ed1b9ad67009b6ca7dbe537600190f95c336f c4f0bf0a61359cfef8c39ee3a593864720688e5b1025cb4ed00ce3e45253e8a3
SERVER_HANDSHAKE_TRAFFIC_SECRET 1b78fe6be8da7dd1c1dcfa07636ed1b9ad67009b6ca7dbe537600190f95c336f 7895947fec1b57bc02d1a4e2c2b107d6c88c7a50fbb31b785485484eb43f207b
CLIENT_TRAFFIC_SECRET_0 1b78fe6be8da7dd1c1dcfa07636ed1b9ad67009b6ca7dbe537600190f95c336f 58878b0962f9fdbec2617024981e2112c9493383fc5ae35cb62937fd477d18cc
SERVER_TRAFFIC_SECRET_0 1b78fe6be8da7dd1c1dcfa07636ed1b9ad67009b6ca7dbe537600190f95c336f 2d591a66911a9653a139fd727da115f3e243a3548061873b3f1ba86999c96364
CLIENT_HANDSHAKE_TRAFFIC_SECRET fdc3c4b2b8b4b371ce4285523b6fd71b3a5283cf4a9afae34991063bc0ba36e8 866dc1d5c72f31ea565ec895c32ecd4c419bce4a869414b5ece6744e1f3cebfe
SERVER_HANDSHAKE_TRAFFIC_SECRET fdc3c4b2b8b4b371ce4285523b6fd71b3a5283cf4a9afae34991063bc0ba36e8 3686d8dd2bde498cea01a8e45be3c2c68ee25dc2e3c2499b8990aa7b6d88dd06
CLIENT_TRAFFIC_SECRET_0 fdc3c4b2b8b4b371ce4285523b6fd71b3a5283cf4a9afae34991063bc0ba36e8 ae5485cbf30d0fbd333a0b752e734ffe57fa1911cf90ebe7e952bdc9a03a6ae1
SERVER_TRAFFIC_SECRET_0 fdc3c4b2b8b4b371ce4285523b6fd71b3a5283cf4a9afae34991063bc0ba36e8 7257d9c55e55b5a62f2cca353bd1a17e38005be5469009660fd5fe4a327efb1b
CLIENT_HANDSHAKE_TRAFFIC_SECRET d6e0d5e3602c287b0469c57e0d3eac99fa57904611f5e351bfa883801bff0515 ac8a97cf9b8e30029eafb2724ccdeac51a9f5b072c244c3f90a7837cc9667cd9
SERVER_HANDSHAKE_TRAFFIC_SECRET d6e0d5e3602c287b0469c57e0d3eac99fa57904611f5e351bfa883801bff0515 98e133fa1c90fafd898b387af9676a4e6ecba6f9bce375bbccb449510374fc96
CLIENT_TRAFFIC_SECRET_0 d6e0d5e3602c287b0469c57e0d3eac99fa57904611f5e351bfa883801bff0515 b2afc3919ac2c41e22704c4dc927468912bf2dd08a68138fece2467c7da4a52e
SERVER_TRAFFIC_SECRET_0 d6e0d5e3602c287b0469c57e0d3eac99fa57904611f5e351bfa883801bff0515 5eebda4a6f646ef6e7dd14f467080129c294ec09ca1ab259d6d2ae5d5f8b047d
CLIENT_HANDSHAKE_TRAFFIC_SECRET 775590f578b4e1d127a74d454364ff400a2cf39c8d563f400ce10b816a5b9e8e 2077f780442dfcbd52e9da832b3cd9bac38748ab27d5a82e28fc90ca6ea6c339
SERVER_HANDSHAKE_TRAFFIC_SECRET 775590f578b4e1d127a74d454364ff400a2cf39c8d563f400ce10b816a5b9e8e 668e0e10d08d89a1a1492afbb92ea913e3b954a6f00bddf645352afde68f863d
CLIENT_TRAFFIC_SECRET_0 775590f578b4e1d127a74d454364ff400a2cf39c8d563f400ce10b816a5b9e8e 8e36b459d9a84583a585a1f95d20eca1920759e8af0b9b8c44a6a0f504f914ba
SERVER_TRAFFIC_SECRET_0 775590f578b4e1d127a74d454364ff400a2cf39c8d563f400ce10b816a5b9e8e d9b798f23978d79a866f349662e7dc0bdf5302f00c5219f2b326bb64b342e29a
CLIENT_HANDSHAKE_TRAFFIC_SECRET 2a2025a9454620f19081be19c911cc600aad7aecda66dbde799fe40dd8d41619 6f5515af8412811f1c7d78e4886ce8201cce2a676d0a81113bbd851ec21a8fff
SERVER_HANDSHAKE_TRAFFIC_SECRET 2a2025a9454620f19081be19c911cc600aad7aecda66dbde799fe40dd8d41619 b647176018c1747fa08a00f230732bda5c160e341d82929182fcfd70f7c63b8e
CLIENT_TRAFFIC_SECRET_0 2a2025a9454620f19081be19c911cc600aad7aecda66dbde799fe40dd8d41619 b34e753f6b814f2fab590b69fecb7aa1e57034d48e02641d8bea8496f7df8007
SERVER_TRAFFIC_SECRET_0 2a2025a9454620f19081be19c911cc600aad7aecda66dbde799fe40dd8d41619 6d335c92288a7c9931dc67e525a7f9df6c81d7b75d35aa95a58268a4a0c61f1e
CLIENT_HANDSHAKE_TRAFFIC_SECRET 2ebe79d71826d67db7f4c3eb4106a6524705e24286fee58ba0ed7934d8dd06f3 c06b59ca1c5d8dfff84a35c83c445f8dd311d836a52a487820def19efa71ce19
SERVER_HANDSHAKE_TRAFFIC_SECRET 2ebe79d71826d67db7f4c3eb4106a6524705e24286fee58ba0ed7934d8dd06f3 25cfd16085be0a461c4ca2366d535f4e4ea06945dc12f2ad85019fe80b7a03e1
CLIENT_TRAFFIC_SECRET_0 2ebe79d71826d67db7f4c3eb4106a6524705e24286fee58ba0ed7934d8dd06f3 b6aa5121dd85106e4ebbaba87015bdba3dc7f691458a2cc394b92b040bed1a70
SERVER_TRAFFIC_SECRET_0 2ebe79d71826d67db7f4c3eb4106a6524705e24286fee58ba0ed7934d8dd06f3 0863bacb9beb321c2e5c22597a304574c83fc8a5081f6fb8eef60b8dc371b49c
CLIENT_HANDSHAKE_TRAFFIC_SECRET 3d72f38b502f1b27330ed209c3eabd35c63fa292ef8b696a32aac4063abb2b3a 4915feb1482b535dcb30260babe10b69840fa54fbbbbdda565a1db8a63ce732b
SERVER_HANDSHAKE_TRAFFIC_SECRET 3d72f38b502f1b27330ed209c3eabd35c63fa292ef8b696a32aac4063abb2b3a f4a829a1b24d26b2c14ab8720e513e68900886c6be7a4bcc5f96ed2d3611040c
CLIENT_TRAFFIC_SECRET_0 3d72f38b502f1b27330ed209c3eabd35c63fa292ef8b696a32aac4063abb2b3a 5149896741776d6c63427f9b1c0ba5704f6ee798d7124466c6d07582369d223c
SERVER_TRAFFIC_SECRET_0 3d72f38b502f1b27330ed209c3eabd35c63fa292ef8b696a32aac4063abb2b3a 26ba9c634d27fed67fdce6888fc72d03c94f3bc1bfccb4e3991e5e4c14065ed9
CLIENT_HANDSHAKE_TRAFFIC_SECRET 3691d98f1f1db3f3dc392504b13c36681f6dcf27dbbeec194291ca3dda644dd8 1a437c67c9f5734c1246b97da5abaafb00eff63342cdccfdacdac2abbe6ebfc1
SERVER_HANDSHAKE_TRAFFIC_SECRET 3691d98f1f1db3f3dc392504b13c36681f6dcf27dbbeec194291ca3dda644dd8 9c72e6dec4bf5486efccaa7c000e877d0939dc1a901d1fdb97b00329686e351b
CLIENT_TRAFFIC_SECRET_0 3691d98f1f1db3f3dc392504b13c36681f6dcf27dbbeec194291ca3dda644dd8 b6717ff013fd02d82ba09ffd4b92a49d7f15b3aa7bd338022af97d520dedb245
SERVER_TRAFFIC_SECRET_0 3691d98f1f1db3f3dc392504b13c36681f6dcf27dbbeec194291ca3dda644dd8 6c5fa5bd504ea40001bb6701024fddd20a1f7f09ab661af64d3727701e8ad4e9
CLIENT_HANDSHAKE_TRAFFIC_SECRET ed5628b3ecfa498e742403ca84231b5c28bb169e50ddc7efffa6afd432c590fb df6c7e9a85a1a3fc4813a97346f6d35cadc6243e2e8c39db254c2c0c77556d4e
SERVER_HANDSHAKE_TRAFFIC_SECRET ed5628b3ecfa498e742403ca84231b5c28bb169e50ddc7efffa6afd432c590fb 4604f34d8300352fc87af5d8ca963c79bab30b03af3443abdd2ccc4726c0939d
CLIENT_TRAFFIC_SECRET_0 ed5628b3ecfa498e742403ca84231b5c28bb169e50ddc7efffa6afd432c590fb 27c3e7c6503e4cf3aab0fe27d183cc80df0579ee90de8dee07f188c493be95d9
SERVER_TRAFFIC_SECRET_0 ed5628b3ecfa498e742403ca84231b5c28bb169e50ddc7efffa6afd432c590fb 9d63441c6144f85f670e601942d632444753c43953062f90984e8c2383bad89a
CLIENT_HANDSHAKE_TRAFFIC_SECRET 419f66df34d26392a7550e20de81f731d486fb22d39a4d60fc15bc84efd0abd8 61bc761e1b2bebd05d1c381fe7d33a8e3326031aa54ba611a1352b45a4fe3293
SERVER_HANDSHAKE_TRAFFIC_SECRET 419f66df34d26392a7550e20de81f731d486fb22d39a4d60fc15bc84efd0abd8 aa059f9d890a50d2235f84ef493a84d565af5a8796cf023d4f364698782a405e
CLIENT_TRAFFIC_SECRET_0 419f66df34d26392a7550e20de81f731d486fb22d39a4d60fc15bc84efd0abd8 bd8e02bf7cb359c8f898e65c18be0cfe1d71af3c7dcfa038438adda27d0328ed
SERVER_TRAFFIC_SECRET_0 419f66df34d26392a7550e20de81f731d486fb22d39a4d60fc15bc84efd0abd8 76acfce8ee345843aadfb7ab315bf9b3bf410cbf1c6759c95c3dd40620189c5f
CLIENT_HANDSHAKE_TRAFFIC_SECRET cb9da03212a6b9425c773eff1ddee4523450dcc136c68c3c8b6e9f8ea4fff433 d09075b19b9a0c96ff5304ee9d7408886cffadaeb33fe8234946e3c9e60d5ae8
SERVER_HANDSHAKE_TRAFFIC_SECRET cb9da03212a6b9425c773eff1ddee4523450dcc136c68c3c8b6e9f8ea4fff433 ba332f69b0ac15a711fa76e30caaf857bcfa9219ba104858022285cd5525c816
CLIENT_TRAFFIC_SECRET_0 cb9da03212a6b9425c773eff1ddee4523450dcc136c68c3c8b6e9f8ea4fff433 a6ee91ff23a09340b479621b4298b9caa9eb0c1fcfd4d1a4358097cb7eba41c5
SERVER_TRAFFIC_SECRET_0 cb9da03212a6b9425c773eff1ddee4523450dcc136c68c3c8b6e9f8ea4fff433 f71b541dbdb7bf1c0eb6ae8fa18b751fb5651549ff0198fe1c71fbb7d9f6a837
CLIENT_HANDSHAKE_TRAFFIC_SECRET c6e92bb212da63e44cead1073353967f68675c500e898da1c43babaab2159a42 29f6684327a3e0ef0c1018f900378c180d7d7e88f0d14dec4f001f51440eeb6b
SERVER_HANDSHAKE_TRAFFIC_SECRET c6e92bb212da63e44cead1073353967f68675c500e898da1c43babaab2159a42 a7abb9495ad01164699e10eec45328a7d37389f3f548ad638d43f916473d7555
CLIENT_TRAFFIC_SECRET_0 c6e92bb212da63e44cead1073353967f68675c500e898da1c43babaab2159a42 1c9b86023928c1eef80a6fd9d7e6069fa84759f9ac30cb6f562c0681e4e10d1c
SERVER_TRAFFIC_SECRET_0 c6e92bb212da63e44cead1073353967f68675c500e898da1c43babaab2159a42 00c651a9333921daf977f2877fc6d767f720d60827cdc70c2121602a99b5da01
CLIENT_HANDSHAKE_TRAFFIC_SECRET 973f5436c8dec1b2b9749c2c0d7ca85d3355d44d54bb5b11e9b7c7bb80700858 9e1ccd65b170987b79f5a606bb5530f197bb0d98a57dfdf5987041134179d29f
SERVER_HANDSHAKE_TRAFFIC_SECRET 973f5436c8dec1b2b9749c2c0d7ca85d3355d44d54bb5b11e9b7c7bb80700858 31ece80ac8ee2a4565db952a89f0cf0f4fbe1e0a719a64021ae33b9775fb74a4
CLIENT_TRAFFIC_SECRET_0 973f5436c8dec1b2b9749c2c0d7ca85d3355d44d54bb5b11e9b7c7bb80700858 38cc3303bda133d872972ede74ba54007fc4b3774871833193eb85f6b7ca3fc1
SERVER_TRAFFIC_SECRET_0 973f5436c8dec1b2b9749c2c0d7ca85d3355d44d54bb5b11e9b7c7bb80700858 098b7ac7c36b2813bfb86ac3501fe241a48b26b9b33d7fceaa81eedb9fb646d8
CLIENT_HANDSHAKE_TRAFFIC_SECRET 6725a1469df1f63f5a5b58d0a23b6e6a134a85838e73664072535db5a180051c e7c9e2e573286173b07a7578186f549f5f52674486ff63d0231b18b0f78d1267
SERVER_HANDSHAKE_TRAFFIC_SECRET 6725a1469df1f63f5a5b58d0a23b6e6a134a85838e73664072535db5a180051c 55c99acc26f339011e913b9b6cd25e803e58082c307fa6f7134f7d0d467d946e
CLIENT_TRAFFIC_SECRET_0 6725a1469df1f63f5a5b58d0a23b6e6a134a85838e73664072535db5a180051c 48380dfc9577e763366b68085d6a9f570a4d8aeb2c2cf8a9252b4b2f50c19819
SERVER_TRAFFIC_SECRET_0 6725a1469df1f63f5a5b58d0a23b6e6a134a85838e73664072535db5a180051c 7b886c00efe2572e6b45efa961a4db9f2ffc04afb1d96d06f8289e4650b4e7f8
CLIENT_HANDSHAKE_TRAFFIC_SECRET 1b967eead440412abc55a0684f8e8f142b73b6186c15864da7001379b7c10546 0252202d10265521c6785687b4498fc419038cb77a7de2670e3d7dddd751946f
SERVER_HANDSHAKE_TRAFFIC_SECRET 1b967eead440412abc55a0684f8e8f142b73b6186c15864da7001379b7c10546 7d630e9f809203e7f6a5dbf760b0c87777ea5dcd48f612b697342ac273c89b1d
CLIENT_TRAFFIC_SECRET_0 1b967eead440412abc55a0684f8e8f142b73b6186c15864da7001379b7c10546 e5c0950e86a88996d8a182f73946e17fd0e6ea3a210e05ee37f222d5c07a0532
SERVER_TRAFFIC_SECRET_0 1b967eead440412abc55a0684f8e8f142b73b6186c15864da7001379b7c10546 aa551ec650ee65d9b169641cb9d1e420468443f1c8f2dc02624ef82853ed531b
CLIENT_HANDSHAKE_TRAFFIC_SECRET 0d3f0fe38b3e1cdfff9087d758e9fa30e330109d5889a74c8dd812079193777d 4de45f7e3604daed14bf95998d5fee50ce740344b6ccc3a5fb7b323be455c680
SERVER_HANDSHAKE_TRAFFIC_SECRET 0d3f0fe38b3e1cdfff9087d758e9fa30e330109d5889a74c8dd812079193777d 27ed77ffa3477e26381a6ec5518ca3499531e25f81ec25a1f26c944d336152a2
CLIENT_TRAFFIC_SECRET_0 0d3f0fe38b3e1cdfff9087d758e9fa30e330109d5889a74c8dd812079193777d 7ee2e6320b08d22d824dadfbdc2206bd94faabd7c8fdbc97c17c8b9d33e5a2f9
SERVER_TRAFFIC_SECRET_0 0d3f0fe38b3e1cdfff9087d758e9fa30e330109d5889a74c8dd812079193777d 4616a20f715b428222b34ba39dcb145856fbb1da5a2b7d6a24963ab5b31b1d3b
CLIENT_HANDSHAKE_TRAFFIC_SECRET a23ea8c6a6cdf0e51136911e3dc8dd060988338a61e19dc2dd51896508422cf4 21034062951a887033d887285b76b7650bd4fa24dad62aba342c2749958057f1
SERVER_HANDSHAKE_TRAFFIC_SECRET a23ea8c6a6cdf0e51136911e3dc8dd060988338a61e19dc2dd51896508422cf4 46382ac9a0db9cdf571c18c751e0db0b5ee3089a83c34719127b7d515ec22bb4
CLIENT_TRAFFIC_SECRET_0 a23ea8c6a6cdf0e51136911e3dc8dd060988338a61e19dc2dd51896508422cf4 1a93074cbf73ce1be7c0c70776ae941f630d38fcf1c9f129a33fe58b1d523e1e
SERVER_TRAFFIC_SECRET_0 a23ea8c6a6cdf0e51136911e3dc8dd060988338a61e19dc2dd51896508422cf4 b5e8d14f85f571db78b99990c805f1fd4ab538368c74caeac6627ee944e674f1
CLIENT_HANDSHAKE_TRAFFIC_SECRET dff67f3321c618e53d06cd28b696232a1f38a8b0537974e7a07c26257d2ad09c af1791e4cc59fe199abbf9884918fcadbd3d04c0217e5cc4079a7de77cc5da49
SERVER_HANDSHAKE_TRAFFIC_SECRET dff67f3321c618e53d06cd28b696232a1f38a8b0537974e7a07c26257d2ad09c 78ee2cf9ea55ea00dfd4280f13c13768850535e1bb9339df04ca81d9a38be5a1
CLIENT_TRAFFIC_SECRET_0 dff67f3321c618e53d06cd28b696232a1f38a8b0537974e7a07c26257d2ad09c 9f42ff3665c8f882043d45193f63f5e27764253914f1f921817c4910229ada8b
SERVER_TRAFFIC_SECRET_0 dff67f3321c618e53d06cd28b696232a1f38a8b0537974e7a07c26257d2ad09c b1a48aed56e7782aa9d99892d226765e8bc772adf4d7e30af0b58fe81a5d2102
CLIENT_HANDSHAKE_TRAFFIC_SECRET 6ed98eb0ddea68051372b357585a29f5f77d6ad4d826e637e04d7fae91e89035 88b60e62302b32eac7b9ea8362f5617953499f841594c4e586eb0069e8f4279a
SERVER_HANDSHAKE_TRAFFIC_SECRET 6ed98eb0ddea68051372b357585a29f5f77d6ad4d826e637e04d7fae91e89035 a41ad0965683fbff48ca2e555e1cb23363e5b2aa1d8156882e6ea97bb6374814
CLIENT_TRAFFIC_SECRET_0 6ed98eb0ddea68051372b357585a29f5f77d6ad4d826e637e04d7fae91e89035 d07c8c4e380820c127df66a5c9b0aaac5645751ed6c58d86f75d0f62ec9d2c0f
SERVER_TRAFFIC_SECRET_0 6ed98eb0ddea68051372b357585a29f5f77d6ad4d826e637e04d7fae91e89035 5d682044e5dbbdce8144d8107556cb21510195919e1d9155da10aa6e27bc28e9
CLIENT_HANDSHAKE_TRAFFIC_SECRET f6af1e706386ad5496799952de52d7beb29b860d54b346e258505e300e862365 bb6d0ebb824da75775c62f0665828b36e9f7073026843c354a3c6a1954c9f262
SERVER_HANDSHAKE_TRAFFIC_SECRET f6af1e706386ad5496799952de52d7beb29b860d54b346e258505e300e862365 974330cb65f5490e9a7cd1fe642117441ca58d239d0bd491fe7feda8e6aab2b4
CLIENT_TRAFFIC_SECRET_0 f6af1e706386ad5496799952de52d7beb29b860d54b346e258505e300e862365 92848cfa07ff158ef33d0bdbd230d8da568d8896e6a3b70acbaac8244a27edee
SERVER_TRAFFIC_SECRET_0 f6af1e706386ad5496799952de52d7beb29b860d54b346e258505e300e862365 3d03c0e4ba1f11046c48ba00d86f45fad280ac9a7889225910c83362ae0492c4
CLIENT_HANDSHAKE_TRAFFIC_SECRET 6eca56e27a803276bb2442d754078efcaef4c514614a8ee788bcf1ed34ca1cd7 858615475e0f7b37a47af914fd93661c91a3a42a788990b9fc9333639ac6a058
SERVER_HANDSHAKE_TRAFFIC_SECRET 6eca56e27a803276bb2442d754078efcaef4c514614a8ee788bcf1ed34ca1cd7 81d01e335626307af9c56de365205ac3b11026399a35cf68c9cf55faee121044
CLIENT_TRAFFIC_SECRET_0 6eca56e27a803276bb2442d754078efcaef4c514614a8ee788bcf1ed34ca1cd7 ab8e4fe081c1c9eec0fcd94b27b0abfe6668922490032f3c19c47084ebccf5a6
SERVER_TRAFFIC_SECRET_0 6eca56e27a803276bb2442d754078efcaef4c514614a8ee788bcf1ed34ca1cd7 b37deb24a22d575f84178e277c7a7604491cbf53d3ae61cd4484473e89d4cf8b
CLIENT_HANDSHAKE_TRAFFIC_SECRET de8509c8d7cf3bc48b700e3847710864939716905281932d849a5163d0015282 3bb7190394afb0e5c0cb67eec349aca29229a4013a95a50acca7d17fe8095bcd
SERVER_HANDSHAKE_TRAFFIC_SECRET de8509c8d7cf3bc48b700e3847710864939716905281932d849a5163d0015282 15cf84fcd4e01c8ef4e148fce56601593cc5926534701d1e69b6b4aaa045652b
CLIENT_TRAFFIC_SECRET_0 de8509c8d7cf3bc48b700e3847710864939716905281932d849a5163d0015282 f64c8b9cae51261a8da1787c852e18a47448cfaac9c5cb7b81f077828551c90a
SERVER_TRAFFIC_SECRET_0 de8509c8d7cf3bc48b700e3847710864939716905281932d849a5163d0015282 5c30ec127d7fbba43c98ed4b92cc28b31a275e8fe5303cd103e929d940f66965
CLIENT_HANDSHAKE_TRAFFIC_SECRET a510b0c88c33e1d2480baa6398309c7baab090e0ebfa65820a5840b9cd5d6db5 624d62d9f79bd87427d38ea3e3ae8731dd4e3e8db1326af4348112e1a63dff49
SERVER_HANDSHAKE_TRAFFIC_SECRET a510b0c88c33e1d2480baa6398309c7baab090e0ebfa65820a5840b9cd5d6db5 55b5fa1fb5a2c0e807607fb142d5c00d6d10b2930156e2d983f6646601f80aff
CLIENT_TRAFFIC_SECRET_0 a510b0c88c33e1d2480baa6398309c7baab090e0ebfa65820a5840b9cd5d6db5 8edb0bb9bc2653c342061748bf29ece40a5283ebb3889ecb340b2fed3cc49430
SERVER_TRAFFIC_SECRET_0 a510b0c88c33e1d2480baa6398309c7baab090e0ebfa65820a5840b9cd5d6db5 b5583c262d6b5347744858cccead37bb3dc7e41f0b99d5ead183fb568c720c4c
CLIENT_HANDSHAKE_TRAFFIC_SECRET 450cc6e3814fe4fba828a40476da8bb2d95b16f052791efa3918849609001482 03ed48a8ee9080f0bdc565db5d7a8b79442a47fa2672b08c0e40e64ad4f083c9
SERVER_HANDSHAKE_TRAFFIC_SECRET 450cc6e3814fe4fba828a40476da8bb2d95b16f052791efa3918849609001482 6034852adbd5fa5e94fee26a4a315d9b741a7b1bc36d4def0e4fb1512b29e21d
CLIENT_TRAFFIC_SECRET_0 450cc6e3814fe4fba828a40476da8bb2d95b16f052791efa3918849609001482 c828f86cec404b26338edda8b57877d3c9a2eacfc5830c03baf460043d88d925
SERVER_TRAFFIC_SECRET_0 450cc6e3814fe4fba828a40476da8bb2d95b16f052791efa3918849609001482 c89558137989f5400ca17f3cff6753660a1b1723f8114cb05f2dd7a4b88ef73b
CLIENT_HANDSHAKE_TRAFFIC_SECRET 612b4112e0144a0be1b320c28cfa3ad5e1f5acbb1511b5a0be4294627f0103db 6ef86a27cbd9ab28b577b693399666ef89a82d5a398808bf36a98daaa5888ebc
SERVER_HANDSHAKE_TRAFFIC_SECRET 612b4112e0144a0be1b320c28cfa3ad5e1f5acbb1511b5a0be4294627f0103db 17176eb55094a25b65a30add60576819c866d9b4c1ba1ef49683980cbedac4c9
CLIENT_TRAFFIC_SECRET_0 612b4112e0144a0be1b320c28cfa3ad5e1f5acbb1511b5a0be4294627f0103db 2cf83baa8188aa6506361a93603770b44609dfe1aef77847a06497b895eac06d
SERVER_TRAFFIC_SECRET_0 612b4112e0144a0be1b320c28cfa3ad5e1f5acbb1511b5a0be4294627f0103db c8bdee77480019d13b603e741a1cac00590c22ba33fcefc7b91367142c4a5862
CLIENT_HANDSHAKE_TRAFFIC_SECRET b45a71ebb73aab642b7ccac0cfd27f93b6ae65bfefa289902cc12fb758fe4c99 1268f7f5f6bbd95f24268b10d336f327cf71e7d97d808ed488f00a4a20d9101a
SERVER_HANDSHAKE_TRAFFIC_SECRET b45a71ebb73aab642b7ccac0cfd27f93b6ae65bfefa289902cc12fb758fe4c99 82a5464716010920bce0f0856ff1910e7989141bb12202bbfc654a043083c206
CLIENT_TRAFFIC_SECRET_0 b45a71ebb73aab642b7ccac0cfd27f93b6ae65bfefa289902cc12fb758fe4c99 4be7f86d43147939a154da07ae15976a11960c0db77a00d8ae6d9a888764d8c8
SERVER_TRAFFIC_SECRET_0 b45a71ebb73aab642b7ccac0cfd27f93b6ae65bfefa289902cc12fb758fe4c99 37d7bf44fd48e66969408b0af14ec8da20416f1acb2d9db8eab2afd0e5c926fe
CLIENT_HANDSHAKE_TRAFFIC_SECRET ccc9ebf4fa8ff078af0efd5e25d45c082173e4a68bc122afa25faded222edf2a 18bc545244601e9988a682a96af69fd1405e48e1ba66d06e9d16a11c6ff99ca3
SERVER_HANDSHAKE_TRAFFIC_SECRET ccc9ebf4fa8ff078af0efd5e25d45c082173e4a68bc122afa25faded222edf2a c99b897c5a843ad918bb926982bfdbe9fbd7781bdb5306bff4fdad0a5ee124e0
CLIENT_TRAFFIC_SECRET_0 ccc9ebf4fa8ff078af0efd5e25d45c082173e4a68bc122afa25faded222edf2a dbcde08045cfc635ec3d90c984c70bc5f0e5aaac6307b5e345cf8293df0286d9
SERVER_TRAFFIC_SECRET_0 ccc9ebf4fa8ff078af0efd5e25d45c082173e4a68bc122afa25faded222edf2a 594805a7558ebb864ce2e3d7d5c23d3836f80423e838dc0a5509f2d43d32f196
CLIENT_HANDSHAKE_TRAFFIC_SECRET 2e25fe6a4721b2f8df54ba1c0c8947cc5c8f24ec7d6f9338d8fff9ca742229d9 1929f37893bfe803ac045067ede6507e4b8b94d9b34786ff3a22506670b3759b
SERVER_HANDSHAKE_TRAFFIC_SECRET 2e25fe6a4721b2f8df54ba1c0c8947cc5c8f24ec7d6f9338d8fff9ca742229d9 1bf2996fe52617133c96e16051db4911cf4ab3a899765edb380d0d740b8e5752
CLIENT_TRAFFIC_SECRET_0 2e25fe6a4721b2f8df54ba1c0c8947cc5c8f24ec7d6f9338d8fff9ca742229d9 6316c87188f9b83bf00c1adae5134ba2cc7195d2ffdd5328eea7dc3c39ca146e
SERVER_TRAFFIC_SECRET_0 2e25fe6a4721b2f8df54ba1c0c8947cc5c8f24ec7d6f9338d8fff9ca742229d9 f02bc15b8142d5480fc9b40dc1a9a678980197a863521fb26526b9e8575a6358
CLIENT_HANDSHAKE_TRAFFIC_SECRET a635c163aeed794cc212842879e0b36da6cd7e406f4ce72ce7b9b0021d65b236 6bfe1dbf087652b103973d60ff90afa3f183086934a9f98a0ab86a96cd797f5e
SERVER_HANDSHAKE_TRAFFIC_SECRET a635c163aeed794cc212842879e0b36da6cd7e406f4ce72ce7b9b0021d65b236 37a117859169c9d89aadcc990acf6ca38aa6919001a663e6432d407405d6a8d1
CLIENT_TRAFFIC_SECRET_0 a635c163aeed794cc212842879e0b36da6cd7e406f4ce72ce7b9b0021d65b236 c1b5ba817f568d91b11357c5f23b20ce540524cc9de80ee46bbc4cb4c7b1b9f7
SERVER_TRAFFIC_SECRET_0 a635c163aeed794cc212842879e0b36da6cd7e406f4ce72ce7b9b0021d65b236 c1b1f360a685f077c112525a89b2b3d1bcdaffc5ebf6d84ae2dfbffb8777249d
CLIENT_HANDSHAKE_TRAFFIC_SECRET 2edb1e0d06471d51f8ff82a47fcdfd6df68fbc2d9165304a53819247c2435ba4 df2d51346a880c2db490ac6ffc9c88a91b4f8143fedafffdbe8dca61bfa624f9
SERVER_HANDSHAKE_TRAFFIC_SECRET 2edb1e0d06471d51f8ff82a47fcdfd6df68fbc2d9165304a53819247c2435ba4 3f70c4e96ccd72cb0c2e197d572f52550c33c4e98ca9c401fed65f9013180b12
CLIENT_TRAFFIC_SECRET_0 2edb1e0d06471d51f8ff82a47fcdfd6df68fbc2d9165304a53819247c2435ba4 4f264e52a75d037298f7c0e0f48a7bc0b5295a5fdc8b82723c93ea498c384512
SERVER_TRAFFIC_SECRET_0 2edb1e0d06471d51f8ff82a47fcdfd6df68fbc2d9165304a53819247c2435ba4 d543dc005f7e19650ea12d13ce69577a8f278dba700bc3cb7a73bd700b7ce83e
CLIENT_HANDSHAKE_TRAFFIC_SECRET 98896696ed8caf540d49a51a36171ddf48aefb9de4b74c583097ff4900794330 2293a8e60ad96f605e09e0a9d1b29901abb4deaab2616fe5f2937ade44d8d650
SERVER_HANDSHAKE_TRAFFIC_SECRET 98896696ed8caf540d49a51a36171ddf48aefb9de4b74c583097ff4900794330 4657bd1f05f806a256ae484b3fd84c9bb53f6580abcd19b558a11061d43ff592
CLIENT_TRAFFIC_SECRET_0 98896696ed8caf540d49a51a36171ddf48aefb9de4b74c583097ff4900794330 924f7779cbd68719665705b5703ffbd428b30ba25afe9131721929175e821312
SERVER_TRAFFIC_SECRET_0 98896696ed8caf540d49a51a36171ddf48aefb9de4b74c583097ff4900794330 0bb4a690f24e38767fc3a9006832ff28e1c386ed506f193f0c287d4bf2025738
CLIENT_HANDSHAKE_TRAFFIC_SECRET 832dfb804a541308623e994856b739e43a3991af5ae9262ce278fde3b0ebdb3a b88d3b8cae6560a51d42ddd3c1034143abc3d7f21d7632a10eb480e0c0c4b9b1
SERVER_HANDSHAKE_TRAFFIC_SECRET 832dfb804a541308623e994856b739e43a3991af5ae9262ce278fde3b0ebdb3a 6e0662003673e9f5ec5c4d5013655f886fa357d1085845c4c829e02e4903c803
CLIENT_TRAFFIC_SECRET_0 832dfb804a541308623e994856b739e43a3991af5ae9262ce278fde3b0ebdb3a 942dab29a0436d97c3805fcda861e0af084f9ca19097fa2074eb9b1b3d300184
SERVER_TRAFFIC_SECRET_0 832dfb804a541308623e994856b739e43a3991af5ae9262ce278fde3b0ebdb3a 971d2142cb631c6ac64e806fda2e3f81643e67cddbe9b7017a9469fae2255129
CLIENT_HANDSHAKE_TRAFFIC_SECRET 75ff4d3f90053293cfa1f36a25443b7ceb4679af48477be5ca1c0355e94feef3 c27178630ad90eb6ef10f066b48f69e343eb21afee5f502f16034e1c1fa11f58
SERVER_HANDSHAKE_TRAFFIC_SECRET 75ff4d3f90053293cfa1f36a25443b7ceb4679af48477be5ca1c0355e94feef3 98d3770def64354f01522fa0f4089c2734be36c10f6406bd7b49b2a1c9e64da3
CLIENT_TRAFFIC_SECRET_0 75ff4d3f90053293cfa1f36a25443b7ceb4679af48477be5ca1c0355e94feef3 81cabbf6812d0212c5c849edab995f2e6d3c3791f6819d65393e778d2a765344
SERVER_TRAFFIC_SECRET_0 75ff4d3f90053293cfa1f36a25443b7ceb4679af48477be5ca1c0355e94feef3 54a97b006b3dd0f00e22dfb1b0355a55d83ce6d8591134cb263c4081f0d1e6ec
CLIENT_HANDSHAKE_TRAFFIC_SECRET 8b5325bb0885ffd9e76aaa64bcd14204aa1728b69d4f9c49d1c043520b4d770e 049f5a61ef595f43d4daf0d8744ffe9a6195abfab1ebf6e9311ced4d865a5712
SERVER_HANDSHAKE_TRAFFIC_SECRET 8b5325bb0885ffd9e76aaa64bcd14204aa1728b69d4f9c49d1c043520b4d770e f2242476b72cd6267c76f96a554268756706992ffc84d9224849d1ea1128ccf6
CLIENT_TRAFFIC_SECRET_0 8b5325bb0885ffd9e76aaa64bcd14204aa1728b69d4f9c49d1c043520b4d770e aeabab6443ef04364d890ebd689417081f01ca96373df5be7ee65c096ef138d8
SERVER_TRAFFIC_SECRET_0 8b5325bb0885ffd9e76aaa64bcd14204aa1728b69d4f9c49d1c043520b4d770e 53498c61f2d6eaa260f02321b11361c6ab414935d4f4d2ea5f6bdae81020e179
CLIENT_HANDSHAKE_TRAFFIC_SECRET b69b7c0b2d6476e3b84315dbe54c32670c4c18fd66198357a8ce258712effc73 435dbbbdb972111c4ad1257e07b533b0d5c562f15d433b4e774a699fa44e16dd
SERVER_HANDSHAKE_TRAFFIC_SECRET b69b7c0b2d6476e3b84315dbe54c32670c4c18fd66198357a8ce258712effc73 55b0f34e1975792cb002f872b59b357cf931349907819be951112b340e9fa380
CLIENT_TRAFFIC_SECRET_0 b69b7c0b2d6476e3b84315dbe54c32670c4c18fd66198357a8ce258712effc73 07a8f42f146ee2c7929c370ff6c2fb35959b4bc12c80b3207a5ba12704a7e0a7
SERVER_TRAFFIC_SECRET_0 b69b7c0b2d6476e3b84315dbe54c32670c4c18fd66198357a8ce258712effc73 570dc2d10a0e7f69149837747a30b56cb060231beb65d5195a5160f1fdd073d4
CLIENT_HANDSHAKE_TRAFFIC_SECRET 7b95eb094e05f5c406706f6b1eb86299b8256071e2ea34bb9a189c93be18130e 7e2c9edeb3099efbc0f9a1e25f2e7c99cf38ae6553fb59407f76cf5717ec900c
SERVER_HANDSHAKE_TRAFFIC_SECRET 7b95eb094e05f5c406706f6b1eb86299b8256071e2ea34bb9a189c93be18130e 01146fe08540592254c0db262319749e8805fb3f80ed7c4ce0e3bd41c9e20ac4
CLIENT_TRAFFIC_SECRET_0 7b95eb094e05f5c406706f6b1eb86299b8256071e2ea34bb9a189c93be18130e 28a894c8fdeb953331dc447b1ffe6e7b745bf0cd86bcb849e2e3012a2da89028
SERVER_TRAFFIC_SECRET_0 7b95eb094e05f5c406706f6b1eb86299b8256071e2ea34bb9a189c93be18130e fbbfd1c346f36692dddbbe77d431087cb6261f3da911d941105e2646dc826790
CLIENT_HANDSHAKE_TRAFFIC_SECRET 7ee3f7527bf0af673975b67a31451299f6cc39fb605861e3296bc03fa3fc676d e53eea6111bf6625c2f02da3b5b78505c693e6b2bee7aeadcaad6a1ede211688
SERVER_HANDSHAKE_TRAFFIC_SECRET 7ee3f7527bf0af673975b67a31451299f6cc39fb605861e3296bc03fa3fc676d b11561b8cc79ed1388436ad8dc2ef5aea8bf58bd44c24629287ab404a6223ec3
CLIENT_TRAFFIC_SECRET_0 7ee3f7527bf0af673975b67a31451299f6cc39fb605861e3296bc03fa3fc676d 3e3cd4706fad94d86bcca249635b50dd1db4d908d05a7c1b988c28d477872ab4
SERVER_TRAFFIC_SECRET_0 7ee3f7527bf0af673975b67a31451299f6cc39fb605861e3296bc03fa3fc676d d989e01bab3fa42bc61399d3ec9ed644143efe3082ceb70b6653c0cf4f882824
CLIENT_HANDSHAKE_TRAFFIC_SECRET 7068a59a47a12caa23027ad9530e91a6f0848e0b4408f094255e3d2c58d9f19b 1b949fa210ee06c0f10c248177228a315b63b74a704274150b6e4f8eae01a3e2
SERVER_HANDSHAKE_TRAFFIC_SECRET 7068a59a47a12caa23027ad9530e91a6f0848e0b4408f094255e3d2c58d9f19b aaa87abae51b4c0a70f47c5688dbc445225b57f78def2af9a88929ea7813505c
CLIENT_TRAFFIC_SECRET_0 7068a59a47a12caa23027ad9530e91a6f0848e0b4408f094255e3d2c58d9f19b 702895b46963ee4e63a9f4efd3d42aa641ee46854ca019984422115efaaa91c5
SERVER_TRAFFIC_SECRET_0 7068a59a47a12caa23027ad9530e91a6f0848e0b4408f094255e3d2c58d9f19b 0684f01753fa3d56f1adf90b2cb4f73ebeebfdd5ffcdd6c8e68100338517f962
CLIENT_HANDSHAKE_TRAFFIC_SECRET a1f5689664ad496bf678cf3b5ed09d23cbd25dcc9d80087652d48a0e3dddff68 a998420fb5165ca2072440a846dc194e9093e58ff26da94e3fd77eb45fa68bb2
SERVER_HANDSHAKE_TRAFFIC_SECRET a1f5689664ad496bf678cf3b5ed09d23cbd25dcc9d80087652d48a0e3dddff68 88fe96321a410d3f47f4e51113de82afc46ff083cb2d057b55a9199617f4d9be
CLIENT_TRAFFIC_SECRET_0 a1f5689664ad496bf678cf3b5ed09d23cbd25dcc9d80087652d48a0e3dddff68 f10d42f997409ff958df7f8fc19b2afb260d3eeef0ff05e4622461169dee9873
SERVER_TRAFFIC_SECRET_0 a1f5689664ad496bf678cf3b5ed09d23cbd25dcc9d80087652d48a0e3dddff68 456ed25b122816a4538e2b059cc6cf61e309581373060d26d323aef18013de93
CLIENT_HANDSHAKE_TRAFFIC_SECRET 8dce122de0881c33d88db6802d8c3d8b4cbdb342d23dc46805928bd3da678228 48a4dfc27b74bfc6cb09d8cc21e941c35bea8bd11f85fe970d26d0271adfc9a3
SERVER_HANDSHAKE_TRAFFIC_SECRET 8dce122de0881c33d88db6802d8c3d8b4cbdb342d23dc46805928bd3da678228 1b02a08328f8de87226c0a77498f81523e92318c24a588220525939d37cce1bf
CLIENT_TRAFFIC_SECRET_0 8dce122de0881c33d88db6802d8c3d8b4cbdb342d23dc46805928bd3da678228 593bb3606fc3082e18ce31e0abbf3503d408bb78d18da2c3700714be4af0babb
SERVER_TRAFFIC_SECRET_0 8dce122de0881c33d88db6802d8c3d8b4cbdb342d23dc46805928bd3da678228 9b005c955c683549cf4d1b6a4f288b156a29d9c854cb73abfd1eab41bf66cd97
CLIENT_HANDSHAKE_TRAFFIC_SECRET 3c3b075a90507846cc0ffcd355b26d12d56281cbdbc77b7ee1190fc702278413 92ed41130e85f72aa81f6fbac57ff17ae35c40998f0f432fbeefbe5c89838c21
SERVER_HANDSHAKE_TRAFFIC_SECRET 3c3b075a90507846cc0ffcd355b26d12d56281cbdbc77b7ee1190fc702278413 516bc0664f9e7d291e0e0885b0ca42ac1217d5295f1890b8dd9f5b5d86afb013
CLIENT_TRAFFIC_SECRET_0 3c3b075a90507846cc0ffcd355b26d12d56281cbdbc77b7ee1190fc702278413 d80dcbfdd638cbdb0426a03f95a834d3e2eecb0f77d4db17bf757ad3b2e8969e
SERVER_TRAFFIC_SECRET_0 3c3b075a90507846cc0ffcd355b26d12d56281cbdbc77b7ee1190fc702278413 2c1ac59e92755d28ac691530e6e73d9d25876bccf254b843b652e2e840289842
CLIENT_HANDSHAKE_TRAFFIC_SECRET b40853de11408e1176367d2f3246faa6f8287937428e16be38c9e8da9f6f2445 2861075ea2c65aece7a718441431a2b90bfbc693eb1a517cc2633397c3000c7e
SERVER_HANDSHAKE_TRAFFIC_SECRET b40853de11408e1176367d2f3246faa6f8287937428e16be38c9e8da9f6f2445 32209457dfa7b13ce8e3b39f63d1857e4f0e920340f903842afd5ba28b6ee649
CLIENT_TRAFFIC_SECRET_0 b40853de11408e1176367d2f3246faa6f8287937428e16be38c9e8da9f6f2445 385c77fde3439b51d252588ccb00246a85ef9161367037b9e06e386df09ba757
SERVER_TRAFFIC_SECRET_0 b40853de11408e1176367d2f3246faa6f8287937428e16be38c9e8da9f6f2445 ee5a22b9f88093ba09de0159c9f2165bc816af1ceb462d405624ca29ca546aed
CLIENT_HANDSHAKE_TRAFFIC_SECRET a28664ddb1a64f4acb647f214fb98dc9a367e13372619f0883a6fcc3cd9355f7 dcb401b60bc19340098d48422d09b0b0bdfafb9c67368656cfdd2a488bf3872d
SERVER_HANDSHAKE_TRAFFIC_SECRET a28664ddb1a64f4acb647f214fb98dc9a367e13372619f0883a6fcc3cd9355f7 3d8104eafcdc830a387bf4ef89aec64e8eb27c0471cee7233efefa7cfa3689ef
CLIENT_TRAFFIC_SECRET_0 a28664ddb1a64f4acb647f214fb98dc9a367e13372619f0883a6fcc3cd9355f7 0e5faae187fcd6a4505f24b13ebb4c8692d3c4f4c2335275d0e83fe711174a74
SERVER_TRAFFIC_SECRET_0 a28664ddb1a64f4acb647f214fb98dc9a367e13372619f0883a6fcc3cd9355f7 7fa267ea0c1f383111885c7a95b0561e7ef82d9c3d4b22b5e4906b9b3b842eb8
CLIENT_HANDSHAKE_TRAFFIC_SECRET b0c19d47fd20a8691a909b9a98d669d7ac8ef2f3995439181a65c551db441efb 2021ceda7ebeb46272c4f7de7c643aa860bc2afaa0875bf9fde3da51a4a4fa64
SERVER_HANDSHAKE_TRAFFIC_SECRET b0c19d47fd20a8691a909b9a98d669d7ac8ef2f3995439181a65c551db441efb bdf51896bae61aeb29019491069efebd55814a3f31e444715d456080497832a7
CLIENT_TRAFFIC_SECRET_0 b0c19d47fd20a8691a909b9a98d669d7ac8ef2f3995439181a65c551db441efb 28c51e2978bc878989a9e5ed9244505884b7d3b4d8439ac808ff1dd45f31b52d
SERVER_TRAFFIC_SECRET_0 b0c19d47fd20a8691a909b9a98d669d7ac8ef2f3995439181a65c551db441efb fe76a7784f1bda42e3bbc4cc99715bc5e870a8041dba1cde354b6fdfbbbaf86e
CLIENT_HANDSHAKE_TRAFFIC_SECRET 86c32bce2fb884bab42743a474ec896470691269306ec37e93009f031ee9fb13 567f40b3d19e4569d1c1756963e0328080d40c008d7fd9dd7460297c568cb45e
SERVER_HANDSHAKE_TRAFFIC_SECRET 86c32bce2fb884bab42743a474ec896470691269306ec37e93009f031ee9fb13 0165df35e8ff1f5b11bee2b3b4643d33427f6025c682275a3867f13abfe7bf89
CLIENT_TRAFFIC_SECRET_0 86c32bce2fb884bab42743a474ec896470691269306ec37e93009f031ee9fb13 874d94077963f79b614c6a6ff5201ca173f9e16856ad28d6684d2b1e9cbb7006
SERVER_TRAFFIC_SECRET_0 86c32bce2fb884bab42743a474ec896470691269306ec37e93009f031ee9fb13 76103e99fea7bffaf49dd64bf4b930b5505a557fb138c28761273658c1912e37
CLIENT_HANDSHAKE_TRAFFIC_SECRET 428e1ef112fd7dee9d33e8168d0fd28527f7ed7fcff659d4f016bf02770ed414 f36baebb60bfff476fb3c52d27fd5aef6fc3e5d76fbd7af51438974886f9047b
SERVER_HANDSHAKE_TRAFFIC_SECRET 428e1ef112fd7dee9d33e8168d0fd28527f7ed7fcff659d4f016bf02770ed414 91a069ddab39b6a0bfe855903762f809aa9855fce620aeaa26305b7a7d2fb60b
CLIENT_TRAFFIC_SECRET_0 428e1ef112fd7dee9d33e8168d0fd28527f7ed7fcff659d4f016bf02770ed414 6664483de377ffa27b016182fd03009d2b149d31d22c7bd384ee3a620e6e3611
SERVER_TRAFFIC_SECRET_0 428e1ef112fd7dee9d33e8168d0fd28527f7ed7fcff659d4f016bf02770ed414 7be3207c285b3995ec5d8772acc33f7769c9bdf7187f74780399f6f649c37823
CLIENT_HANDSHAKE_TRAFFIC_SECRET e8d96b211364c9775b6289a4d88a853e9e656986aec4bc2f95ac6eafe97a6798 da31311d22e760a941f96be6467038129a9d819fbc9fee414a8a1d51bae689f9
SERVER_HANDSHAKE_TRAFFIC_SECRET e8d96b211364c9775b6289a4d88a853e9e656986aec4bc2f95ac6eafe97a6798 5848bd42cf52d8417e5e495535e7f3ee21e72bf17908f79cd8e33a2e179e4e19
CLIENT_TRAFFIC_SECRET_0 e8d96b211364c9775b6289a4d88a853e9e656986aec4bc2f95ac6eafe97a6798 4c023edd822b2fb20bde91e18be2dccf78f592ae9bc782658e89cf10a1cc914f
SERVER_TRAFFIC_SECRET_0 e8d96b211364c9775b6289a4d88a853e9e656986aec4bc2f95ac6eafe97a6798 8309ab81d805ce50923d6434fa22b9897a01f8b99ddedbfcdc1843f5cd552f54
CLIENT_HANDSHAKE_TRAFFIC_SECRET b70547f6599c2567c784537dd7107c185b687abbe0e4966d69d39938ee5d6ca0 73751a5156cf34ecb42b3c450f59669bae0dd5128ad9c87a725a8544f9c43c42
SERVER_HANDSHAKE_TRAFFIC_SECRET b70547f6599c2567c784537dd7107c185b687abbe0e4966d69d39938ee5d6ca0 321f222ad3a774f812b922237c43114359be316ca7091e0fb329da0ab3127fbb
CLIENT_TRAFFIC_SECRET_0 b70547f6599c2567c784537dd7107c185b687abbe0e4966d69d39938ee5d6ca0 5f53094ec74c2add3c94609fbda7b68829fd0b766393213ec4113070d0ae132d
SERVER_TRAFFIC_SECRET_0 b70547f6599c2567c784537dd7107c185b687abbe0e4966d69d39938ee5d6ca0 cc5b3e9dc7764b5b127c6797aab9edda89b0a5028304d9029d27f1dc4dcaf191
CLIENT_HANDSHAKE_TRAFFIC_SECRET bc2c8e16df38a71db9c19c9b22e58367a753b3dec72ea62e063d6ea2db5d592a d1b6df7d2ab16be3533acf800a742c3ba7206df5c563e697de5d6399b7745db1
SERVER_HANDSHAKE_TRAFFIC_SECRET bc2c8e16df38a71db9c19c9b22e58367a753b3dec72ea62e063d6ea2db5d592a e7cbebd306ba3ce8b2f10d524434d1854ee951d9998e370ddb782dca0a3ee197
CLIENT_TRAFFIC_SECRET_0 bc2c8e16df38a71db9c19c9b22e58367a753b3dec72ea62e063d6ea2db5d592a d8c10eff3290efbbe0f310f3775b3c4a91f39850bf9297f7d1dca397f2087f39
SERVER_TRAFFIC_SECRET_0 bc2c8e16df38a71db9c19c9b22e58367a753b3dec72ea62e063d6ea2db5d592a 0c701a34ab75f4d58ad932ffcf4dbd3c665d0930bdef03f5eec28ca6d9c841b0
CLIENT_HANDSHAKE_TRAFFIC_SECRET 3cb8d517ff497fc9b13df1f7c3c8d8ddd37e5eb32bf28e2ed849f55aff5e3691 afc87ec45138c3c8458f31538ecca14c5659316327430d57bdd25c4ec65170eb
SERVER_HANDSHAKE_TRAFFIC_SECRET 3cb8d517ff497fc9b13df1f7c3c8d8ddd37e5eb32bf28e2ed849f55aff5e3691 b4365c1160487c977d68649166e0679b5a90f97253c89810668bad292f116b75
CLIENT_TRAFFIC_SECRET_0 3cb8d517ff497fc9b13df1f7c3c8d8ddd37e5eb32bf28e2ed849f55aff5e3691 ada34e449dabdef5fb0fe2d2b88219cf692d39ac4f71963562642a8739b57be1
SERVER_TRAFFIC_SECRET_0 3cb8d517ff497fc9b13df1f7c3c8d8ddd37e5eb32bf28e2ed849f55aff5e3691 f22838b2d78a2f249ddff3110f83ecafc3e667d5bcfc30f82d158ea1ca3273a8
CLIENT_HANDSHAKE_TRAFFIC_SECRET a0f0d10496a0c185ae1f34c95bc1a9628277b890b097cb51576def20acd1d8f2 42276138317dcf5b6b7e413ecb5470c270009c7f2a4996533f950bc40fd4d8c8
SERVER_HANDSHAKE_TRAFFIC_SECRET a0f0d10496a0c185ae1f34c95bc1a9628277b890b097cb51576def20acd1d8f2 6d925b5df3cea84ed743ac1b5cadcdb20b95a86818e2cb25aebc363d2be8661c
CLIENT_TRAFFIC_SECRET_0 a0f0d10496a0c185ae1f34c95bc1a9628277b890b097cb51576def20acd1d8f2 7a3f0c1ec3217c803102b98e6b49f1cf8f499e800c070e2036fe374c4654acfc
SERVER_TRAFFIC_SECRET_0 a0f0d10496a0c185ae1f34c95bc1a9628277b890b097cb51576def20acd1d8f2 ce5472bc0401005a06a3421ce0dadf752c5bdb869305ab3da9cb629f93205896
CLIENT_HANDSHAKE_TRAFFIC_SECRET 0d9a5a36368c873e45b4db7c5b836ad4d0cb880f40970f09b31a891ca1a93052 45d76a96f767914bbd3cd5256f84409df9dfa8f36119af906e1dcef9b594772c
SERVER_HANDSHAKE_TRAFFIC_SECRET 0d9a5a36368c873e45b4db7c5b836ad4d0cb880f40970f09b31a891ca1a93052 8ae89a07dd796e19b9a0fae0b8915e26d24e35c0f54515246428116f02b290d4
CLIENT_TRAFFIC_SECRET_0 0d9a5a36368c873e45b4db7c5b836ad4d0cb880f40970f09b31a891ca1a93052 08e7cee971f05dbaa76d2312f2eee2ceed7d645c0b0e42557fcb8dcd213673c1
SERVER_TRAFFIC_SECRET_0 0d9a5a36368c873e45b4db7c5b836ad4d0cb880f40970f09b31a891ca1a93052 f53e380a09e97af732e428ad10c7dba8434726b5a27b53a4dc9b272c61e07bd8
CLIENT_HANDSHAKE_TRAFFIC_SECRET 3edc723b1f0cb3798b76e6c351e46856633ce0e361d5ed601031912a3eeaf023 3748a9e4e2041ba710790ba6283067a80f4c3d75a901a44e11102872586d9dc1
SERVER_HANDSHAKE_TRAFFIC_SECRET 3edc723b1f0cb3798b76e6c351e46856633ce0e361d5ed601031912a3eeaf023 9a662f063215556a89a7f623b48f843cb837f772e6328861544b36a7341167c8
CLIENT_TRAFFIC_SECRET_0 3edc723b1f0cb3798b76e6c351e46856633ce0e361d5ed601031912a3eeaf023 8d70ba2aa118f273351c7e203738ca025bfb269901437f72e69988abe7dc6199
SERVER_TRAFFIC_SECRET_0 3edc723b1f0cb3798b76e6c351e46856633ce0e361d5ed601031912a3eeaf023 026f1e5ee5db9af9f9c6dcc154f874bb87e90b1744861f2d282a3b7e82471f09
CLIENT_HANDSHAKE_TRAFFIC_SECRET 332d5599e95e632c1e7cd7fda1e3f7a858259296bf03fd5005a5988c4831b5bf f6dbc102b8e0aea7b5f826a225bec423deaa57f94783afce86c39291625b81bc
SERVER_HANDSHAKE_TRAFFIC_SECRET 332d5599e95e632c1e7cd7fda1e3f7a858259296bf03fd5005a5988c4831b5bf dbbc484e33e76d6c763fafa8fd95ce6f6b980eb4d2ed7ed831c5184664b56abd
CLIENT_TRAFFIC_SECRET_0 332d5599e95e632c1e7cd7fda1e3f7a858259296bf03fd5005a5988c4831b5bf 26ded255ffd8edeece34120ee99084ed789a82cf4c1fe069fba5292fc65ebdef
SERVER_TRAFFIC_SECRET_0 332d5599e95e632c1e7cd7fda1e3f7a858259296bf03fd5005a5988c4831b5bf fb00832bb244f0a27f451c3cd889ab5045795341509723a58fd396dae2a3b372
CLIENT_HANDSHAKE_TRAFFIC_SECRET 2784fb19a59a47ed776ee5dbbbdd053e8363b089281f71afce6268b915e201cb 1cd7059644fd60bfe5fb712ffdfeff66b9fd6cc20a07317875319ac2be04c5e1
SERVER_HANDSHAKE_TRAFFIC_SECRET 2784fb19a59a47ed776ee5dbbbdd053e8363b089281f71afce6268b915e201cb a0feb112b2c105917e6ddd7e842c40a3718575b0ad156c8cc61c503a1792ab72
CLIENT_TRAFFIC_SECRET_0 2784fb19a59a47ed776ee5dbbbdd053e8363b089281f71afce6268b915e201cb 7fe6bec38d1ca879acecb97f671dc6d6e1ddb36658d3f8e10d1491f6d734907d
SERVER_TRAFFIC_SECRET_0 2784fb19a59a47ed776ee5dbbbdd053e8363b089281f71afce6268b915e201cb a9ec491de67eab12320b17dd18f0d289545cc32e71bd1033b7d74deb88f4de60
CLIENT_HANDSHAKE_TRAFFIC_SECRET 3685bcc85c5a45042b15bb5fc6d5a6025ceb76615cf28ed63200848b351849f1 303d8ca19d18cdc284c15faf6499d005441fde5c343302bb0d83217821f62708
SERVER_HANDSHAKE_TRAFFIC_SECRET 3685bcc85c5a45042b15bb5fc6d5a6025ceb76615cf28ed63200848b351849f1 f2f1d99f84036e0b8cc77dda056631df1819b04f615efe856d8c06ddc21b73cb
CLIENT_TRAFFIC_SECRET_0 3685bcc85c5a45042b15bb5fc6d5a6025ceb76615cf28ed63200848b351849f1 cce1d845ef733590f83dfe8253d3ca2747689fd385f66f14267cfd0c8bd48a63
SERVER_TRAFFIC_SECRET_0 3685bcc85c5a45042b15bb5fc6d5a6025ceb76615cf28ed63200848b351849f1 010af3ea06d3debd3a8d8284722174ffabd6841823314cdd594c5efe3603e418
CLIENT_HANDSHAKE_TRAFFIC_SECRET e80dc288c83593bb10a56aa9fa652da79fd6d98f9229c769215de163fad9765a a9b70801479c5a55ec209c6a760d225aad660757c4ae59c659ab98aa57c8fe85
SERVER_HANDSHAKE_TRAFFIC_SECRET e80dc288c83593bb10a56aa9fa652da79fd6d98f9229c769215de163fad9765a 3f237d336a4ab4bb3af8229aa98c310835683bb8d175690e30777d8ab3f5f213
CLIENT_TRAFFIC_SECRET_0 e80dc288c83593bb10a56aa9fa652da79fd6d98f9229c769215de163fad9765a f7ff9beab8b1a048fb08158d0d38727ed2bb3df3a559f95e77a18ee04b6c95e0
SERVER_TRAFFIC_SECRET_0 e80dc288c83593bb10a56aa9fa652da79fd6d98f9229c769215de163fad9765a 0c194a11466369b4ec7d7704a2e79a2bd7fd44b0968f28d166dbfad4f2bbfe8a
CLIENT_HANDSHAKE_TRAFFIC_SECRET 2214e882ed301909ba757facb79ce21de6ef77c7cb1a57043eb5df6779754966 6618dd1cc7428ac3e20ffd5639ffbb7f8c0200431a89407b78e2d88bb167622f
SERVER_HANDSHAKE_TRAFFIC_SECRET 2214e882ed301909ba757facb79ce21de6ef77c7cb1a57043eb5df6779754966 8d824b4b528444cd7e1b245b6ec185b2cceaa430dfa49eebf8b62834169507e2
CLIENT_TRAFFIC_SECRET_0 2214e882ed301909ba757facb79ce21de6ef77c7cb1a57043eb5df6779754966 0697fe3119cadd950caa54d27280c73cc2c098da68f8e77724ee0667608687ec
SERVER_TRAFFIC_SECRET_0 2214e882ed301909ba757facb79ce21de6ef77c7cb1a57043eb5df6779754966 0ac09018b852717f987e64bda4eb77c7befd160b26b1fb02e30778de40141702
CLIENT_HANDSHAKE_TRAFFIC_SECRET ff7722351347626cd118744f14241fe6c6f611128bc39d241e2e9f447e80b12e ee1f0a1cceba8de75b1a47d5a27f807aa8894e97778338d3b7a0da2d72a5e5e4
SERVER_HANDSHAKE_TRAFFIC_SECRET ff7722351347626cd118744f14241fe6c6f611128bc39d241e2e9f447e80b12e 6442a07f8bb718099feef5777bfbb6c661127e306704a4cf4743938cc049b418
CLIENT_TRAFFIC_SECRET_0 ff7722351347626cd118744f14241fe6c6f611128bc39d241e2e9f447e80b12e 97c9c7930f92c9c5b5c42df412b0b8ca84abe82618889a198b078a80e399fd05
SERVER_TRAFFIC_SECRET_0 ff7722351347626cd118744f14241fe6c6f611128bc39d241e2e9f447e80b12e d14d7da81bbf20e94f27fa8ce2460725bd8e5b014309eca6e30d25f9d505565c
CLIENT_HANDSHAKE_TRAFFIC_SECRET e96cec833c04b5efa19e6e35d821e6743c1bb4a4b4471b5032b7f20397b5d83d 9b79138f30b16d5a7225d4fd6c486f5b88a0000d101ed871e4243b2f5e318cc7
SERVER_HANDSHAKE_TRAFFIC_SECRET e96cec833c04b5efa19e6e35d821e6743c1bb4a4b4471b5032b7f20397b5d83d 966d7270f848a3bde3785f09c72d1504ce399cbe3fd8b97ac8bc198f5f09efc4
CLIENT_TRAFFIC_SECRET_0 e96cec833c04b5efa19e6e35d821e6743c1bb4a4b4471b5032b7f20397b5d83d 9a9d43f7d60aa486da5eefbf559a3d05d4e346c0387bf6a4abe2e9741db5c597
SERVER_TRAFFIC_SECRET_0 e96cec833c04b5efa19e6e35d821e6743c1bb4a4b4471b5032b7f20397b5d83d 118c2081d10837b1889a839d25a6e48299ac08e258f637d13344be23c1762078
CLIENT_HANDSHAKE_TRAFFIC_SECRET a35aa883a8f7773b6b89f61292e79b68f1228d7e9a5a3c7ced248f56392df3be 6054fe273b26583626c0629ba0f0d4fb4645739557a46467ea9fd8210190922b
SERVER_HANDSHAKE_TRAFFIC_SECRET a35aa883a8f7773b6b89f61292e79b68f1228d7e9a5a3c7ced248f56392df3be e3b67dbb920280852ec9f07e95a4f869ebd2effaab62f206c9fdd3f3c3067657
CLIENT_TRAFFIC_SECRET_0 a35aa883a8f7773b6b89f61292e79b68f1228d7e9a5a3c7ced248f56392df3be 451185a42764e75a4e78796c3b2e19acf26086bccbba9236ff2a805036fd1b74
SERVER_TRAFFIC_SECRET_0 a35aa883a8f7773b6b89f61292e79b68f1228d7e9a5a3c7ced248f56392df3be f44dce48baa8f31c327f44973dcb42cf4835a23cac032379f0dcdf53b4eacf46
CLIENT_HANDSHAKE_TRAFFIC_SECRET fa7c7432d194e4778910bc13a1933c869327bccc56ef0719917bc7501a113092 6cfe2d70f730edf8762a54986a5a32e81e679760b67ad3ffaab82b7c0d5fa4e2
SERVER_HANDSHAKE_TRAFFIC_SECRET fa7c7432d194e4778910bc13a1933c869327bccc56ef0719917bc7501a113092 078e2260afa46d515fec97b378b73cece818166fc6d365c20b862aa268201da3
CLIENT_TRAFFIC_SECRET_0 fa7c7432d194e4778910bc13a1933c869327bccc56ef0719917bc7501a113092 09e709894a7f1584e95bbd37df16384fecc2f91c05ac7579d062e8d91086a05e
SERVER_TRAFFIC_SECRET_0 fa7c7432d194e4778910bc13a1933c869327bccc56ef0719917bc7501a113092 95054f0fdfd1c9b003528560bd630577b514e4efedbf45b7241c6a0d22ea79e1
CLIENT_HANDSHAKE_TRAFFIC_SECRET 4a3f47bdab5c07731a462ada3eba1a786958d0242d727076e4820adb2f0a2160 5f590b26ecb8f54c376a776ad7e21dd06e811916511dac9cd2b8eb0f417126c2
SERVER_HANDSHAKE_TRAFFIC_SECRET 4a3f47bdab5c07731a462ada3eba1a786958d0242d727076e4820adb2f0a2160 d224e640e95eed69e2eefb00bf59f439b7679a829c674a8e509d2d047489d88a
CLIENT_TRAFFIC_SECRET_0 4a3f47bdab5c07731a462ada3eba1a786958d0242d727076e4820adb2f0a2160 2ad6d36f25e626bcb06fceb82a8cc2a5151aab59689186f65b30e26ed5055a0a
SERVER_TRAFFIC_SECRET_0 4a3f47bdab5c07731a462ada3eba1a786958d0242d727076e4820adb2f0a2160 7bce6720afc91cb68f477fa75d68002f6d457c6fc652d907bb5f42481e3bef32
CLIENT_HANDSHAKE_TRAFFIC_SECRET c487ffd49061073a93f825290763522c16fc64b5efc291a7b16e3e3ddd26e7eb 2eebc7b958b8fe7e5493f2e094babf0b3ee60c51ecbca46ef4e8f652f7d84709
SERVER_HANDSHAKE_TRAFFIC_SECRET c487ffd49061073a93f825290763522c16fc64b5efc291a7b16e3e3ddd26e7eb 29acb0462e80bd083dcb1829ee53808298156a05c370100154b8f75dae38c99e
CLIENT_TRAFFIC_SECRET_0 c487ffd49061073a93f825290763522c16fc64b5efc291a7b16e3e3ddd26e7eb f2ee99c8b4e322e80363b9f3bd3beff7f3afbd47d2a2ba52f95a764793e1d202
SERVER_TRAFFIC_SECRET_0 c487ffd49061073a93f825290763522c16fc64b5efc291a7b16e3e3ddd26e7eb 7548acbdbcbcfa1d82286ccba325a1707d28a52b6892bfe1168ca3d5f67fced1
CLIENT_HANDSHAKE_TRAFFIC_SECRET f73ae90817cd49d50a7ca5683d8bc5529a95596de7050a157bc9177096ccb19c 903f9e828ae77e8db613f6a8021c22542a294981f568a8b460461901ffd676d9
SERVER_HANDSHAKE_TRAFFIC_SECRET f73ae90817cd49d50a7ca5683d8bc5529a95596de7050a157bc9177096ccb19c b96c930648dea1386c6a4459b30eb2a3d57afe81f6c12867caae0ab0338b0ea5
CLIENT_TRAFFIC_SECRET_0 f73ae90817cd49d50a7ca5683d8bc5529a95596de7050a157bc9177096ccb19c c913fcd42540579c5322dd4318f7c49de15ccd388e36195e71072c17e3f410bd
SERVER_TRAFFIC_SECRET_0 f73ae90817cd49d50a7ca5683d8bc5529a95596de7050a157bc9177096ccb19c ba9902c0479d28bdfdc92c791d7a341dee307ff021a60f9996a562ccdc4ae9e7
CLIENT_HANDSHAKE_TRAFFIC_SECRET bc61d8602416fc759de918eebfd4d5663ef17b70e5c3c3302e68e948ea7fd2df 915baadfacd4dc671c08275644b22d08d61afe47e91481d243f0f3bcc91e0158
SERVER_HANDSHAKE_TRAFFIC_SECRET bc61d8602416fc759de918eebfd4d5663ef17b70e5c3c3302e68e948ea7fd2df 75a204454fb60c47edb77c2f8eb74b1922ce189c1bd087a9695e3f18964a34b1
CLIENT_TRAFFIC_SECRET_0 bc61d8602416fc759de918eebfd4d5663ef17b70e5c3c3302e68e948ea7fd2df ab47947a4062f5b834e5057d38c662ca2c21956bf1fdb794053cec29eb6cb19a
SERVER_TRAFFIC_SECRET_0 bc61d8602416fc759de918eebfd4d5663ef17b70e5c3c3302e68e948ea7fd2df 3f1626e9e3b5c06983e329a3e4324a3e903510f520f18098e4b73ed2ca471e73
CLIENT_HANDSHAKE_TRAFFIC_SECRET d053c94b9f45199b3ee1dd1bba6601eefbd19056c09159bd358f20f95894fe1f beee0ab0c94267c53fffc89fd0dc0716a8d9f01d046fca09ba2b701ea8e71939
SERVER_HANDSHAKE_TRAFFIC_SECRET d053c94b9f45199b3ee1dd1bba6601eefbd19056c09159bd358f20f95894fe1f a302a598c171d8c4b5c97c96399560d1e27fb6de963b1a21b654912e9107022b
CLIENT_TRAFFIC_SECRET_0 d053c94b9f45199b3ee1dd1bba6601eefbd19056c09159bd358f20f95894fe1f 6b0d2365760591e0ee30686fe66d31002b98aebce096d00bafd25538b2e4ff46
SERVER_TRAFFIC_SECRET_0 d053c94b9f45199b3ee1dd1bba6601eefbd19056c09159bd358f20f95894fe1f ed470a9432eee77ddaecbc314702b7af5b4b2d5648349d08af5a4c4625035bc6
CLIENT_HANDSHAKE_TRAFFIC_SECRET a31e2ebb3a96fd680455665bd2fecea4dea92eb5526ed0b84d07312ceb92ccef 33a929e4cb3e9b203a2b38327d62168aabb0e086d036716f9171002475d1441f
SERVER_HANDSHAKE_TRAFFIC_SECRET a31e2ebb3a96fd680455665bd2fecea4dea92eb5526ed0b84d07312ceb92ccef d93a805281aae461b2b1e55f3746239e0a53f0ac9d4da8c085cf847dcf2d5bcd
CLIENT_TRAFFIC_SECRET_0 a31e2ebb3a96fd680455665bd2fecea4dea92eb5526ed0b84d07312ceb92ccef 43759292deb9b094a51e5ac9625836710b18ebb90c466e0c8042f8904b5be55f
SERVER_TRAFFIC_SECRET_0 a31e2ebb3a96fd680455665bd2fecea4dea92eb5526ed0b84d07312ceb92ccef 186fc6e542e48c01a0fb545feb2a6342e414edbff3de646655aa597b30cdaf79
CLIENT_HANDSHAKE_TRAFFIC_SECRET 42a8ba7407f34f920489ee74d278a69729a4316d249ab71b9f0bee404de65831 ef3544638ce84ed50e82e53e8d0a2321888784708678686e417bf1859509684e
SERVER_HANDSHAKE_TRAFFIC_SECRET 42a8ba7407f34f920489ee74d278a69729a4316d249ab71b9f0bee404de65831 57b68667f0bce1c643072beea1f669825ca5f1b87813edc2845b53ddf3752ca2
CLIENT_TRAFFIC_SECRET_0 42a8ba7407f34f920489ee74d278a69729a4316d249ab71b9f0bee404de65831 6b5c5324b024a48f9318269fc8a2d37e24e6ac70bd412397d45e39074e065b67
SERVER_TRAFFIC_SECRET_0 42a8ba7407f34f920489ee74d278a69729a4316d249ab71b9f0bee404de65831 aff5670dfe7383e4489531291fde3782db5fad225ff95f91a479ea482a68ef10
CLIENT_HANDSHAKE_TRAFFIC_SECRET d6be2072befcb9dee49725c3af75f3019b4b3b17a824bda853c8e93e2b27dfe1 21d224df175a22a7cf5b45ac51d91b2b2854ac3bc19dd614df7cd8dc8d492f44
SERVER_HANDSHAKE_TRAFFIC_SECRET d6be2072befcb9dee49725c3af75f3019b4b3b17a824bda853c8e93e2b27dfe1 2bda9abc5652a5f740bccb02d9c28391901c003f8a5d2f9a2ae6ea9a85375c3d
CLIENT_TRAFFIC_SECRET_0 d6be2072befcb9dee49725c3af75f3019b4b3b17a824bda853c8e93e2b27dfe1 8b0c4bcb79b513f83acbb3d247f39cf18d169d7bb400e28039005a501ed8ff6c
SERVER_TRAFFIC_SECRET_0 d6be2072befcb9dee49725c3af75f3019b4b3b17a824bda853c8e93e2b27dfe1 8dbb726b01c9ff9ee363911b175b337b1ad93c991cde614d08948186f0668325
CLIENT_HANDSHAKE_TRAFFIC_SECRET cc68ae7a357a7c77f6e169b5da81eecbd0e1a73b84dbaf1f023d6551f172a7f7 d95cdac9c2f15a0c02f771e2146914996760dd616a5deb0cd8a1c8a800795c85
SERVER_HANDSHAKE_TRAFFIC_SECRET cc68ae7a357a7c77f6e169b5da81eecbd0e1a73b84dbaf1f023d6551f172a7f7 3c97108a4ee4d7fa377c4e0d253342d42999467d90cc691be3282a4e8683e847
CLIENT_TRAFFIC_SECRET_0 cc68ae7a357a7c77f6e169b5da81eecbd0e1a73b84dbaf1f023d6551f172a7f7 80d21e6023392b40ea26e90f5ccae8c1808eac867ed4fc451643acd6e40c022b
SERVER_TRAFFIC_SECRET_0 cc68ae7a357a7c77f6e169b5da81eecbd0e1a73b84dbaf1f023d6551f172a7f7 ef7032bd5c117b62c61cb21349cd82ae73543900b32e76eecd332577dbafad27
CLIENT_HANDSHAKE_TRAFFIC_SECRET e2d93498a1de8010081fdd3e712ab1c6ca50458bc981f6e7ab3471df37db8fd1 af60184410a67ca8ac857c2e69786c6685a444c15c6a2618c1ec49e79ba4d53d
SERVER_HANDSHAKE_TRAFFIC_SECRET e2d93498a1de8010081fdd3e712ab1c6ca50458bc981f6e7ab3471df37db8fd1 a77b432078c5867d04b3dfcba61377f8e0a3475afc7f0e1b36a51e08f3b21af3
CLIENT_TRAFFIC_SECRET_0 e2d93498a1de8010081fdd3e712ab1c6ca50458bc981f6e7ab3471df37db8fd1 e70627001f98c277ab62f09c22b8fa44f930d76d2c82fd0fc536e11b4e8ce94b
SERVER_TRAFFIC_SECRET_0 e2d93498a1de8010081fdd3e712ab1c6ca50458bc981f6e7ab3471df37db8fd1 7065f7b122cff65948c0f017cb2ab7677347dd693d56915d923f956da5b7f4d9
CLIENT_HANDSHAKE_TRAFFIC_SECRET e28cc1b403157fe5edff2c2a5e88648075108354b64fb617defbfa3dfc315c78 fd1f2f08ce5d89d01c91298b29ebfc8b145f3b1738760d8db4d9ca0de86c2a64
SERVER_HANDSHAKE_TRAFFIC_SECRET e28cc1b403157fe5edff2c2a5e88648075108354b64fb617defbfa3dfc315c78 e9d0f70c00284f4c1832c2c7415ef79d183bf35be73e486290b1f3241b407ab8
CLIENT_TRAFFIC_SECRET_0 e28cc1b403157fe5edff2c2a5e88648075108354b64fb617defbfa3dfc315c78 9541a40c1bb055e3c7c1a8b2ac4d8715555614885747321c45be29371816d269
SERVER_TRAFFIC_SECRET_0 e28cc1b403157fe5edff2c2a5e88648075108354b64fb617defbfa3dfc315c78 d577d1acfbbafb3e51be3deb0f3a0f0b4cb760b6d7b546ef9f2660be47628551
CLIENT_HANDSHAKE_TRAFFIC_SECRET 6e3afb2e9a044a82aa6fd93bf164c517cdc05de02f0988565d0453a0db42b0f3 a490d1ec51cad0e356ac5141ad2167c9dda53825346d1b719bebb564c7abcb82
SERVER_HANDSHAKE_TRAFFIC_SECRET 6e3afb2e9a044a82aa6fd93bf164c517cdc05de02f0988565d0453a0db42b0f3 19ebde1fa794dc9cc1cd4ecc70e26e7b3265d758d8dd24aba820c7f69cb3ac7d
CLIENT_TRAFFIC_SECRET_0 6e3afb2e9a044a82aa6fd93bf164c517cdc05de02f0988565d0453a0db42b0f3 1609349b49eb24310e1b5db04a88771f6051035aac95019738a9fc5ca55c50cc
SERVER_TRAFFIC_SECRET_0 6e3afb2e9a044a82aa6fd93bf164c517cdc05de02f0988565d0453a0db42b0f3 c33690db658412dce376caacc8d08baa82b79661a846a255f494735f6282d990
CLIENT_HANDSHAKE_TRAFFIC_SECRET f97ba5d58d036d35e535d16491c726831a5efeb0530989e1b215a5915e931420 30e7ca3468e78a4ef2921d7f89c10b6d86e0ac79353eca8aa415710e9d62d555
SERVER_HANDSHAKE_TRAFFIC_SECRET f97ba5d58d036d35e535d16491c726831a5efeb0530989e1b215a5915e931420 ed33c65de881a6368c050ed91618e91d68514cce9d6b526502a264d1ea8713ed
CLIENT_TRAFFIC_SECRET_0 f97ba5d58d036d35e535d16491c726831a5efeb0530989e1b215a5915e931420 318afcccd24cde48b900a6574cb9888d596bd1ff2c73c12386837898033f919b
SERVER_TRAFFIC_SECRET_0 f97ba5d58d036d35e535d16491c726831a5efeb0530989e1b215a5915e931420 6acf2bc5e47ebdce169e8ffcb1636338bc57bbd16c20fb27f595eb0f59d69d96
CLIENT_HANDSHAKE_TRAFFIC_SECRET 1f36198533b86822b316ac4699ed6fa637be4570c460e57483e745beab0d456e 1767f13044b1ce35ea58d2c81f125fe46f52a629bde0a083c862030547d68906
SERVER_HANDSHAKE_TRAFFIC_SECRET 1f36198533b86822b316ac4699ed6fa637be4570c460e57483e745beab0d456e 8d501ba924d25d2f1af95dd7f90890db2200664e5094f3c730ce7a7a6787a954
CLIENT_TRAFFIC_SECRET_0 1f36198533b86822b316ac4699ed6fa637be4570c460e57483e745beab0d456e 687bd7e23211966028237e14513a5543a4591dcfdc2f0a8e775c4add3969cd13
SERVER_TRAFFIC_SECRET_0 1f36198533b86822b316ac4699ed6fa637be4570c460e57483e745beab0d456e d1139f00935652398e63e1b725fb7c1997b2c34164d101ad27d392f1c17b03ad
CLIENT_HANDSHAKE_TRAFFIC_SECRET 0be1a28a05d6872140e5d12bb13bbba1506bc776908f0b415ff53706b4b60ce3 bd2b491e68258fd4af82d4e6c5e00c60770b41e2680f1caa957e7cc6a763d38d
SERVER_HANDSHAKE_TRAFFIC_SECRET 0be1a28a05d6872140e5d12bb13bbba1506bc776908f0b415ff53706b4b60ce3 d5bcbcb2759a877f90f870a9939e58af780065ff238d7a8515e8dd1fa8bb3487
CLIENT_TRAFFIC_SECRET_0 0be1a28a05d6872140e5d12bb13bbba1506bc776908f0b415ff53706b4b60ce3 290b298c813a5ad6666c111404f1d834776772851bc208bdecd319429c84aac2
SERVER_TRAFFIC_SECRET_0 0be1a28a05d6872140e5d12bb13bbba1506bc776908f0b415ff53706b4b60ce3 bd2064e8c8c4e926c2563258728e25612930330f6625f623ad77a29509747089
CLIENT_HANDSHAKE_TRAFFIC_SECRET 03548771285e12434841838522c74381d6ae7520085719fa95a060ab723545e3 b74dc9539c93152528bf703d7060f6ec14fd12a04890bc60f4d8529687a3c895
SERVER_HANDSHAKE_TRAFFIC_SECRET 03548771285e12434841838522c74381d6ae7520085719fa95a060ab723545e3 29bc7d6ce1e46c226398308134615b91f21152e0cb9233a48064c4d8a0ea9904
CLIENT_TRAFFIC_SECRET_0 03548771285e12434841838522c74381d6ae7520085719fa95a060ab723545e3 2f74fbfaa4286b10574a41c8f1e7084c89d58a84610c5e437955d12087622d34
SERVER_TRAFFIC_SECRET_0 03548771285e12434841838522c74381d6ae7520085719fa95a060ab723545e3 69b499f3ba7d9b70b471b6537af2389800e58d3e9cc37b11afddddeaf9121732
CLIENT_HANDSHAKE_TRAFFIC_SECRET 1408696ac5024a7eb16b52b43f8d7d5e89684be967621efcccc2089c2c1272ad b02c55ef8f4cca0c4acaad6f87dd72269ccb26ecd458caee2b6d07a4fa4bbc4e
SERVER_HANDSHAKE_TRAFFIC_SECRET 1408696ac5024a7eb16b52b43f8d7d5e89684be967621efcccc2089c2c1272ad a062403c49ca0672cf721568e87ffe69d237a0eae8bd7b233f5ec75f46e210a2
CLIENT_TRAFFIC_SECRET_0 1408696ac5024a7eb16b52b43f8d7d5e89684be967621efcccc2089c2c1272ad ed18b486d7d63515fe3ebbbc9f6892d29b7558498550b986c933df1cac79dbba
SERVER_TRAFFIC_SECRET_0 1408696ac5024a7eb16b52b43f8d7d5e89684be967621efcccc2089c2c1272ad 930cac80d222373897349a6b99ece59223f4476c43b880693afd916d46a5fd86
CLIENT_HANDSHAKE_TRAFFIC_SECRET 9e708682ee71f612d334f4ea2c5351023c530f8c2c11114402d372aed433e610 ba13ea9cfc4f6880cb350789381ae404342d90c89a492f6a7fedde74f9ac6945
SERVER_HANDSHAKE_TRAFFIC_SECRET 9e708682ee71f612d334f4ea2c5351023c530f8c2c11114402d372aed433e610 41b06326c01196cc39949d4ca48a0ccf02620c5ed752670c9b20d8c45da428a4
CLIENT_TRAFFIC_SECRET_0 9e708682ee71f612d334f4ea2c5351023c530f8c2c11114402d372aed433e610 90a448cf46800b4e61b8462390d4c6d4943b6f9a91a0c71f67ea7c24cd3365b6
SERVER_TRAFFIC_SECRET_0 9e708682ee71f612d334f4ea2c5351023c530f8c2c11114402d372aed433e610 594ad4135aed3731298deb38b4cf21f28f294c4ece2e95323973680ed8802b78
CLIENT_HANDSHAKE_TRAFFIC_SECRET 61f63a48c1d47c1594d63a0f61407c13be89d50ee1cb75184790c3712709e3c5 ec9bd17a2d841d68c05f6d10d35450fa55a02930666701b1d8de3a1361f1c001
SERVER_HANDSHAKE_TRAFFIC_SECRET 61f63a48c1d47c1594d63a0f61407c13be89d50ee1cb75184790c3712709e3c5 aae6fc86cd1b6510ad9ddbef1ec5921ad6696d849b6485d01c07670514ebeb03
CLIENT_TRAFFIC_SECRET_0 61f63a48c1d47c1594d63a0f61407c13be89d50ee1cb75184790c3712709e3c5 55031345b679ce957bc5e831bba606d5d09a327529f85bf6e156be76a475c935
SERVER_TRAFFIC_SECRET_0 61f63a48c1d47c1594d63a0f61407c13be89d50ee1cb75184790c3712709e3c5 a0ff6b87d9fb60121b1c09e8b14ea10e5a3f01b03f23d994b6ef8e3f185496a1
CLIENT_HANDSHAKE_TRAFFIC_SECRET 7948b084e8aa3343e33b1a88aacf522f0d82f2837e218d9af93b0261ad6f5777 d2cf439c5ccead239430d31663511b8471784a43f5f863c41aa964ff94959a4e
SERVER_HANDSHAKE_TRAFFIC_SECRET 7948b084e8aa3343e33b1a88aacf522f0d82f2837e218d9af93b0261ad6f5777 c1d6c246cbfcbd3df10a91dd1006915e3fac40971ac99569f3658ede90c63d92
CLIENT_TRAFFIC_SECRET_0 7948b084e8aa3343e33b1a88aacf522f0d82f2837e218d9af93b0261ad6f5777 7463712f973ad005bf4f5422557928de50f5c46bfb4affe1065bb17befc6dd9a
SERVER_TRAFFIC_SECRET_0 7948b084e8aa3343e33b1a88aacf522f0d82f2837e218d9af93b0261ad6f5777 c04b1bf48f96d7464f88b8cefe97cece23cb9d6ca763a338c42d50ae93455ae4
CLIENT_HANDSHAKE_TRAFFIC_SECRET cc3c2f3b3dec29754b5ae2141180cacea2218ffa6307e62a10a9dc333ef89494 998412e01f823b344569a50104def03c5262e948f4d19ee79d49547584a4e025
SERVER_HANDSHAKE_TRAFFIC_SECRET cc3c2f3b3dec29754b5ae2141180cacea2218ffa6307e62a10a9dc333ef89494 c75a76c6c98ea20cc1fa30ef5ea727381ccba70bf6e2388c8b74f9151ff3655d
CLIENT_TRAFFIC_SECRET_0 cc3c2f3b3dec29754b5ae2141180cacea2218ffa6307e62a10a9dc333ef89494 b3345763a10e6422f4cdfe1d9503d81ea42ec85489f5d335191adc05eeffcf30
SERVER_TRAFFIC_SECRET_0 cc3c2f3b3dec29754b5ae2141180cacea2218ffa6307e62a10a9dc333ef89494 efd01c1f638d99879ff3f42aa00344d95b3ff3e8a4589b77679635e15bbf5610
CLIENT_HANDSHAKE_TRAFFIC_SECRET f2ce895c6e4c988eea6f22d0c076d3ed4827ca620c78885afa6d7162a5aea4bd c8a71b88d58420ced2f3f10009beb28ed4459ebd7f4f24888fd35ecfc75752c9
SERVER_HANDSHAKE_TRAFFIC_SECRET f2ce895c6e4c988eea6f22d0c076d3ed4827ca620c78885afa6d7162a5aea4bd 78aea281a65d6fabb48a1433cf3874e884b40c885a50ae112a5dd7b21c36045b
CLIENT_TRAFFIC_SECRET_0 f2ce895c6e4c988eea6f22d0c076d3ed4827ca620c78885afa6d7162a5aea4bd 9ee726631403519d9dfc4919bea5467c43aa84a84cb53f24a132a75c6ac2e5a4
SERVER_TRAFFIC_SECRET_0 f2ce895c6e4c988eea6f22d0c076d3ed4827ca620c78885afa6d7162a5aea4bd 2139af7c0a2f6d1c1b50bc8dfe2947c569f6e6dbe2d634fefd4b41c8624477a1
CLIENT_HANDSHAKE_TRAFFIC_SECRET 5f04985cb7d51f45a53446daeefd35e5b09f0e94428fdb6b07712da48aff28ab 0c88682d39b7f23fb4d6656afbc484223a8b85e6ccc8aa471146867fd6f85a05
SERVER_HANDSHAKE_TRAFFIC_SECRET 5f04985cb7d51f45a53446daeefd35e5b09f0e94428fdb6b07712da48aff28ab c9dd427eee657ed44419cc9ba0055e113f95359cf659a9e494bbd041a62fa732
CLIENT_TRAFFIC_SECRET_0 5f04985cb7d51f45a53446daeefd35e5b09f0e94428fdb6b07712da48aff28ab 3d940c59becdd5db61d101c1b87c01ff8c5d286a20189ea9435c7ae3b47825b4
SERVER_TRAFFIC_SECRET_0 5f04985cb7d51f45a53446daeefd35e5b09f0e94428fdb6b07712da48aff28ab d2db5c59d0a2dc5d854689a4ad34c49fc9832b70ea968f34015932dd0a3f3229
CLIENT_HANDSHAKE_TRAFFIC_SECRET 46b9ed3d9c8e16708b3cd3248f07c74730d17c26ac14ac65a9883134476ed7e1 27191c788749624391624cac58fd53fb1100cb72a3b75acb63059ee452301b59
SERVER_HANDSHAKE_TRAFFIC_SECRET 46b9ed3d9c8e16708b3cd3248f07c74730d17c26ac14ac65a9883134476ed7e1 eeacca6281d0cebee0fdf4eaab05844550e2234164c26c74ce853d5e4b052de4
CLIENT_TRAFFIC_SECRET_0 46b9ed3d9c8e16708b3cd3248f07c74730d17c26ac14ac65a9883134476ed7e1 f582f24b9432989a7d0462853e8959540e6acb3af584dfbeebb93a539fc057a1
SERVER_TRAFFIC_SECRET_0 46b9ed3d9c8e16708b3cd3248f07c74730d17c26ac14ac65a9883134476ed7e1 15ff58d761f9882df91c2e3f2c53358eb49e14443126fb8c73a0fb32d1074dff
CLIENT_HANDSHAKE_TRAFFIC_SECRET 42ae28301af7f12ddabcfe5449e2a5eb2fceb599af14b5004d9783dd15f8ff72 c324d53682424fd77a828009131fa776f364c06599abf377fe1d7e8341d53aee
SERVER_HANDSHAKE_TRAFFIC_SECRET 42ae28301af7f12ddabcfe5449e2a5eb2fceb599af14b5004d9783dd15f8ff72 43318b85f19760df943c73eede7c48b205e9e1bb5307008e21545c1be778f2c6
CLIENT_TRAFFIC_SECRET_0 42ae28301af7f12ddabcfe5449e2a5eb2fceb599af14b5004d9783dd15f8ff72 65c20eb6695ddb1ea743e891b89971ab7cce24b8f2a25cb6f5811cfdc2f89581
SERVER_TRAFFIC_SECRET_0 42ae28301af7f12ddabcfe5449e2a5eb2fceb599af14b5004d9783dd15f8ff72 390751c16f9c6da6f3cd69e92756f2e11f6ce2e1dc2533848e53f5f9ca2a8ec3
CLIENT_HANDSHAKE_TRAFFIC_SECRET f805b4308f648227991384834c9349ed15344ccb6a8452f561bd981ab525c7ea 30d01a808a5bfbf83fc5cacfbc7e64bf363c71dfd3b6b478e453bc2674fed5d4
SERVER_HANDSHAKE_TRAFFIC_SECRET f805b4308f648227991384834c9349ed15344ccb6a8452f561bd981ab525c7ea d3bb4afffb6d81f363afd2a43a2b076a266c048820ce98ac9bc4e8fa9164b158
CLIENT_TRAFFIC_SECRET_0 f805b4308f648227991384834c9349ed15344ccb6a8452f561bd981ab525c7ea 52bfe2d819bab691320c98e2a6dc7c8c3d41e79088f679efe42a6514a7223800
SERVER_TRAFFIC_SECRET_0 f805b4308f648227991384834c9349ed15344ccb6a8452f561bd981ab525c7ea 674fac56693ea077a2f22be0e98aa1268015afba37dfd4cb128b8305d92dee15
CLIENT_HANDSHAKE_TRAFFIC_SECRET c851585cb2f3c35303a4bd05c813c6ab1411ac42d3c37199daf171cf844a416b bc8a24b1e664a272f6f9bebaabf065577f7a63019a13353f63b7a43051b6bad4
SERVER_HANDSHAKE_TRAFFIC_SECRET c851585cb2f3c35303a4bd05c813c6ab1411ac42d3c37199daf171cf844a416b ea532f611ffbbb41c8a8227f6be3baa4daefeea4b8b55a841b7243703a4fca69
CLIENT_TRAFFIC_SECRET_0 c851585cb2f3c35303a4bd05c813c6ab1411ac42d3c37199daf171cf844a416b c1ca0cd4c4332442d6381d0b57a70a34ee120a6c7d334f349d232e73a6a066fc
SERVER_TRAFFIC_SECRET_0 c851585cb2f3c35303a4bd05c813c6ab1411ac42d3c37199daf171cf844a416b d8ffb10b84e56e369b9f548807f446880edc37f752ac88c7d8059adfd84f6b10
CLIENT_HANDSHAKE_TRAFFIC_SECRET abd5bc5538e55138b3652b721743556b2e8150368aca0f8ce1656d0e192e6849 44dd0d6b5245f3007db11ff774c3467ebe033ba83522ae8db835ecda6f8dc3e6
SERVER_HANDSHAKE_TRAFFIC_SECRET abd5bc5538e55138b3652b721743556b2e8150368aca0f8ce1656d0e192e6849 006a15643e9f667206d0870e0264e325ed4d113eec76b7fab0f9214c63bc601a
CLIENT_TRAFFIC_SECRET_0 abd5bc5538e55138b3652b721743556b2e8150368aca0f8ce1656d0e192e6849 7a24b62f3079d09791c461c1cc713cd38529a1ddd63e8ab3868ea5794db383c7
SERVER_TRAFFIC_SECRET_0 abd5bc5538e55138b3652b721743556b2e8150368aca0f8ce1656d0e192e6849 5e558998a0b3fbc418231c2e38b4a882a68829afff621be838f5dc625d458041
CLIENT_HANDSHAKE_TRAFFIC_SECRET 988590eacadee61c28caaec4f1be1815cd27f0394ea0b8e6ed2e7d023b6d27d0 d58c9c3850c267b4abd79eb0971b1944155c7aa2e53be401a944104c9517bb0b
SERVER_HANDSHAKE_TRAFFIC_SECRET 988590eacadee61c28caaec4f1be1815cd27f0394ea0b8e6ed2e7d023b6d27d0 0d26f24f8ded64c0a92e329fa240837a8d52a27c1a3bf408b515a4d57434a75c
CLIENT_TRAFFIC_SECRET_0 988590eacadee61c28caaec4f1be1815cd27f0394ea0b8e6ed2e7d023b6d27d0 a37585fc05916b93696757c1b4945d4757b87e3c441656ae30dd0e07094d5182
SERVER_TRAFFIC_SECRET_0 988590eacadee61c28caaec4f1be1815cd27f0394ea0b8e6ed2e7d023b6d27d0 e84d2f745a3f69ddba272cde3231024bc2a68227f85e1543238253d21470a082
CLIENT_HANDSHAKE_TRAFFIC_SECRET a37af6aa58426e0dfb1b4c3179c4a980317d68861fac551fd43d7b0f0e1c2621 1446ab21c193e25f2633009a2883759bb5920c368a2efd0f2a89e2359f342f3b
SERVER_HANDSHAKE_TRAFFIC_SECRET a37af6aa58426e0dfb1b4c3179c4a980317d68861fac551fd43d7b0f0e1c2621 41c3ab8d140250cf2cf044179d0c09d93adfb257541042d2c8972a29ad8c3c4b
CLIENT_TRAFFIC_SECRET_0 a37af6aa58426e0dfb1b4c3179c4a980317d68861fac551fd43d7b0f0e1c2621 c73aa402fba8918a7f19e2a40e717a5f8b93a4ec49f89d0c5a9ec4a2521b490d
SERVER_TRAFFIC_SECRET_0 a37af6aa58426e0dfb1b4c3179c4a980317d68861fac551fd43d7b0f0e1c2621 835ccff634fa972d7a35fbd076b7db0a8b6e330b8594c86093cc7d7310e8f241
CLIENT_HANDSHAKE_TRAFFIC_SECRET a6380e1dba83708c052c370aa81a909550c55bd267983af415ef01fc026e3a7f ed7c3a814d1f4ef3086d2be3285e16707423abd09c8b066bd6daa3a7ed780a5a
SERVER_HANDSHAKE_TRAFFIC_SECRET a6380e1dba83708c052c370aa81a909550c55bd267983af415ef01fc026e3a7f 066a10a09d45df3531f0a49cccd08d0607cc363ebe594a09ad0f3f9ea384cda9
CLIENT_TRAFFIC_SECRET_0 a6380e1dba83708c052c370aa81a909550c55bd267983af415ef01fc026e3a7f f13470b2f9e26abf1f4087ea7db7677493b88de251372b75c28c8af46cac7740
SERVER_TRAFFIC_SECRET_0 a6380e1dba83708c052c370aa81a909550c55bd267983af415ef01fc026e3a7f b4577d35346edfab20a0dd454ecfd92990eeba026d3935a016f903d6914cb1d2
CLIENT_HANDSHAKE_TRAFFIC_SECRET 7851d34de36ff78c0d988b50578a583a083ad95389e649b9f3d15de3a2261307 d894aa83efb42d5471b55775ef09837521aae8d922aea4fffe9c16d7e9a4271b
SERVER_HANDSHAKE_TRAFFIC_SECRET 7851d34de36ff78c0d988b50578a583a083ad95389e649b9f3d15de3a2261307 4d17a50485802959f50c7f807dd9a1d780841c36eab611952e8b2050fa546e90
CLIENT_TRAFFIC_SECRET_0 7851d34de36ff78c0d988b50578a583a083ad95389e649b9f3d15de3a2261307 aeaa86dce8a3a1009828a1c0f58a2c90ee4d145a0b9edfaebdc9c532c7b05681
SERVER_TRAFFIC_SECRET_0 7851d34de36ff78c0d988b50578a583a083ad95389e649b9f3d15de3a2261307 c2f38e670edc98513bc8f09d1bdccaea6cb0db39f2bc1b212a295d55c7523848
CLIENT_HANDSHAKE_TRAFFIC_SECRET 3eaea4ab96ad5e18ff020d3d99d55fdcb13b298dec354ab1335f914e7150493b 2919e41bb9c25203d43d91208bcf115fe588ef5e641a0378e9cbd3d156d79523
SERVER_HANDSHAKE_TRAFFIC_SECRET 3eaea4ab96ad5e18ff020d3d99d55fdcb13b298dec354ab1335f914e7150493b 0cb6be6c80216868bc21dc3bbe1409c97c7756610b8f4b306f78645b749d3636
CLIENT_TRAFFIC_SECRET_0 3eaea4ab96ad5e18ff020d3d99d55fdcb13b298dec354ab1335f914e7150493b 342210622fa38d12fdc5de625cfbd7390e57e73bedcb4843ed47a38f6b0d1677
SERVER_TRAFFIC_SECRET_0 3eaea4ab96ad5e18ff020d3d99d55fdcb13b298dec354ab1335f914e7150493b 3049f5176b8b7df64534479c16e917203aae20dcf018ae6695e1df3e80e1fdfe
CLIENT_HANDSHAKE_TRAFFIC_SECRET de075630ee46bafe93a738a153270a6bd58033b77e595454c9d71eb9e4d0319f ef8e0d07e66a51a5ed1362372301acda99100cb2e33c6c35ae33a4b2e667d5ac
SERVER_HANDSHAKE_TRAFFIC_SECRET de075630ee46bafe93a738a153270a6bd58033b77e595454c9d71eb9e4d0319f 9ae02daf0c3d1099844077247b39eec108ece3e11148af1b13f32fc4e807021a
CLIENT_TRAFFIC_SECRET_0 de075630ee46bafe93a738a153270a6bd58033b77e595454c9d71eb9e4d0319f 5b0812839e6a551ad65efaa9bc8e00dd31143c6fb8e7d7d8612c6e03f9d5d134
SERVER_TRAFFIC_SECRET_0 de075630ee46bafe93a738a153270a6bd58033b77e595454c9d71eb9e4d0319f 81d6c23b5a95503b52df2dca83a6462e8e4a40b62e07b0e7c0480306326d34f0
CLIENT_HANDSHAKE_TRAFFIC_SECRET 786b75c48ca60e5723c91e3af9d0edcfd112137f1322ea71411d55d9084d71f6 2e8dc1504d9977a63e7ccfe4d77ab2c148998bb3427c2d4a1b996425b7e64f5f
SERVER_HANDSHAKE_TRAFFIC_SECRET 786b75c48ca60e5723c91e3af9d0edcfd112137f1322ea71411d55d9084d71f6 101229e9116b847a00520b2a6f0cdd2baa3bf2cf57e00fd2b313eedd70f91e27
CLIENT_TRAFFIC_SECRET_0 786b75c48ca60e5723c91e3af9d0edcfd112137f1322ea71411d55d9084d71f6 10aa303396bb05927458e6a8b8d9d5193ea0e3b49ae1e8ce6ecfe55585c0099c
SERVER_TRAFFIC_SECRET_0 786b75c48ca60e5723c91e3af9d0edcfd112137f1322ea71411d55d9084d71f6 6d4057794ae996b278bdc357ab281a60f6cd15b1f5dc037b1e5c441844810969
CLIENT_HANDSHAKE_TRAFFIC_SECRET e1fa3a006618cfa142a2949ce4cb014aa1b347132cf5d86f74404618835b1c43 6716a313319b097968835734593f3b47f4df705c1be581077f1fe9f765c94a45
SERVER_HANDSHAKE_TRAFFIC_SECRET e1fa3a006618cfa142a2949ce4cb014aa1b347132cf5d86f74404618835b1c43 2df78e9fa313bae8dc333f5368e6e4374e3beed57b5e364b94aa44bcc851a611
CLIENT_TRAFFIC_SECRET_0 e1fa3a006618cfa142a2949ce4cb014aa1b347132cf5d86f74404618835b1c43 351b04cb9d343b227ecb569d502c9860fdb579b1617e9d39f4f3e3251c17c522
SERVER_TRAFFIC_SECRET_0 e1fa3a006618cfa142a2949ce4cb014aa1b347132cf5d86f74404618835b1c43 528da3f1c4c43cd7ee5157e26c8271e7579befbd2fa3a4f4059313a0e996d050
CLIENT_HANDSHAKE_TRAFFIC_SECRET 4db4fa58b8d33c0955a47624bd61a043e296c9768e36cf3b5a3a09a1a900e819 21c03aa14ffe72743df3aa68256393e9a7ec3ce958e89778b3ab90a0d6546d17
SERVER_HANDSHAKE_TRAFFIC_SECRET 4db4fa58b8d33c0955a47624bd61a043e296c9768e36cf3b5a3a09a1a900e819 abdaa5706a06e6b630795a9edc67647bfd9250c39f0fc9deae2b521cf5b3d821
CLIENT_TRAFFIC_SECRET_0 4db4fa58b8d33c0955a47624bd61a043e296c9768e36cf3b5a3a09a1a900e819 c45b4dcb2ddfbb67b508031e2b45201b4930460e2c961377dc3ee9ae7bdd4b5e
SERVER_TRAFFIC_SECRET_0 4db4fa58b8d33c0955a47624bd61a043e296c9768e36cf3b5a3a09a1a900e819 4037f9490b15e6905cf0de46491b8f3eb76b3477599d4df210d521b9a39166c2
CLIENT_HANDSHAKE_TRAFFIC_SECRET d9ebe6858764b5d64359e7e657b8926810e89cd2ce90f1d2232af35dcf9c6949 182c6e71e6c2693f919659d2e4580712000780b9167b4711a6799c03b2d16ac2
SERVER_HANDSHAKE_TRAFFIC_SECRET d9ebe6858764b5d64359e7e657b8926810e89cd2ce90f1d2232af35dcf9c6949 960866c5147d8e1b865e32e98beccdf837b40dde4035cd5449517458facdbd9d
CLIENT_TRAFFIC_SECRET_0 d9ebe6858764b5d64359e7e657b8926810e89cd2ce90f1d2232af35dcf9c6949 94c91c40d092dfe8e14bfb1e6df8a71a4736378466bcbedf03fca19233a44025
SERVER_TRAFFIC_SECRET_0 d9ebe6858764b5d64359e7e657b8926810e89cd2ce90f1d2232af35dcf9c6949 ef6f5f20c76c58b2f939c9f4469400be1d6c8c509118d9110efcdcee06eee04c
CLIENT_HANDSHAKE_TRAFFIC_SECRET e6408a38d6faaf5c14f13e1ce08eae30cde32d91785b6e875b4a199def6856f7 3a4679d2e88b0d5212a6dd13cb58766780cf1274bda0545d99b5313e118463dc
SERVER_HANDSHAKE_TRAFFIC_SECRET e6408a38d6faaf5c14f13e1ce08eae30cde32d91785b6e875b4a199def6856f7 e01536054d2e04492f6ecbccf31645ca6ce5bb6b0707514366584b6d1844efca
CLIENT_TRAFFIC_SECRET_0 e6408a38d6faaf5c14f13e1ce08eae30cde32d91785b6e875b4a199def6856f7 3a4f4460995a48c3bb5f21fab738f17dc12d6033c25b86976a61c91e28169471
SERVER_TRAFFIC_SECRET_0 e6408a38d6faaf5c14f13e1ce08eae30cde32d91785b6e875b4a199def6856f7 445cde9cd6e4ce23d210bd981375a54de02707b80df82ecbbee283428f9c3fd5
CLIENT_HANDSHAKE_TRAFFIC_SECRET df2408aad75c8e291ebbf7d26663791a47760d12e7bdd04fee0aabfc2d4a7312 0b1b41c00bf7b4c244197c7e78d4e96ae651dcec15eb05153a5800596b4d6814
SERVER_HANDSHAKE_TRAFFIC_SECRET df2408aad75c8e291ebbf7d26663791a47760d12e7bdd04fee0aabfc2d4a7312 264ee21ea4b41b455b8ae5894d8a3ddd3dbf917abbd3df4d484896fa3c9312de
CLIENT_TRAFFIC_SECRET_0 df2408aad75c8e291ebbf7d26663791a47760d12e7bdd04fee0aabfc2d4a7312 9850f155298f2c6f5d3bacdd05564a03f35f185aefb4fcf9df223fa1bb8df783
SERVER_TRAFFIC_SECRET_0 df2408aad75c8e291ebbf7d26663791a47760d12e7bdd04fee0aabfc2d4a7312 751bcd7724368b704000214526d88822c26f28854766db07f3533de5e0896d94
CLIENT_HANDSHAKE_TRAFFIC_SECRET 4cb3b88652aabf93cd3f1e8fb60d733f852ddd4e094a68654a4e84dde58492bc 1d4da84467b272140d1749c9a83e00b06cbe92870a72c62578dd48d22bfd608b
SERVER_HANDSHAKE_TRAFFIC_SECRET 4cb3b88652aabf93cd3f1e8fb60d733f852ddd4e094a68654a4e84dde58492bc fcdb0bd7bf3d0f9a5182766f85c89dc9f973fa501067000facfeb418e6a0168c
CLIENT_TRAFFIC_SECRET_0 4cb3b88652aabf93cd3f1e8fb60d733f852ddd4e094a68654a4e84dde58492bc 4482400be243c740c97193803e0b6763be6d32a1227978abf6327f9fc2c18244
SERVER_TRAFFIC_SECRET_0 4cb3b88652aabf93cd3f1e8fb60d733f852ddd4e094a68654a4e84dde58492bc ba11140613c793fc33102a9e86344f633e7edaa736d3d822b52514936e8171d2
CLIENT_HANDSHAKE_TRAFFIC_SECRET 700e0b4d6791fd70c9622651371156890134e6daebb1f0a32bc62f7def47938d 1a003d115e4e973fbab285a98d10ce8d61e342f38636f315a96a88d0ff3ff2ed
SERVER_HANDSHAKE_TRAFFIC_SECRET 700e0b4d6791fd70c9622651371156890134e6daebb1f0a32bc62f7def47938d 83476c6e75be2c4579719feeaa1ef493326d457e6e2bcc18756db2b4b23c3bf2
CLIENT_TRAFFIC_SECRET_0 700e0b4d6791fd70c9622651371156890134e6daebb1f0a32bc62f7def47938d a27e07dfd78803b871c3c3b995a52a5582d3daad0d7e7b458954e95c83319e73
SERVER_TRAFFIC_SECRET_0 700e0b4d6791fd70c9622651371156890134e6daebb1f0a32bc62f7def47938d ff61bb573156a7940aeb3f0f1dffd9840f9ec1e6ced85646053069e5cd31bd7d
CLIENT_HANDSHAKE_TRAFFIC_SECRET db2461fae30139e78948b6811028183ea24dcb253ac5d7efd557358c6ed07383 e984799b2949d15871eeabed5cc5231f7dda3a3da45121fca2498b0aa2ea5f5a
SERVER_HANDSHAKE_TRAFFIC_SECRET db2461fae30139e78948b6811028183ea24dcb253ac5d7efd557358c6ed07383 ed9d5de8c50548e8a0779764f30928a39251dc1e610774409bd31da0428e5899
CLIENT_TRAFFIC_SECRET_0 db2461fae30139e78948b6811028183ea24dcb253ac5d7efd557358c6ed07383 4b5952c98e90d36ce104cb3a378e18e75b4e8f2e324f25ea8ba0225527a791d6
SERVER_TRAFFIC_SECRET_0 db2461fae30139e78948b6811028183ea24dcb253ac5d7efd557358c6ed07383 5c2b16f4082baaf229058b47bab7413f60760b7b64144becde96c88003696fd9
CLIENT_HANDSHAKE_TRAFFIC_SECRET 741295db9c31e91f2213715e49b116363043a4edc1a2a231c9cc9ba7f5f0ec9a 4314edb7013864567787c06e71271de7a44d0fb4e1ff8b82efbf5219e2b9f174
SERVER_HANDSHAKE_TRAFFIC_SECRET 741295db9c31e91f2213715e49b116363043a4edc1a2a231c9cc9ba7f5f0ec9a 05e29dab8a43363dbb465d37303081bcacf8cc85a794e97248607ce5cf67e991
CLIENT_TRAFFIC_SECRET_0 741295db9c31e91f2213715e49b116363043a4edc1a2a231c9cc9ba7f5f0ec9a 08334820ee1681054f7f055a1520a7ee44c11355401102f4842424548863d8eb
SERVER_TRAFFIC_SECRET_0 741295db9c31e91f2213715e49b116363043a4edc1a2a231c9cc9ba7f5f0ec9a 4b055d7eca4831247950604f292e6d19dd3b594fab8489e7ddd25edaaa05f612
CLIENT_HANDSHAKE_TRAFFIC_SECRET 4c512d4e1e5f01b6ba94de5f2b29fa4117a47210d3edfad01023a3037cefd2ff a5907e3537933b7e5d361cf450fcfd67601ea01db8ec58ec97ff44dc01709db8
SERVER_HANDSHAKE_TRAFFIC_SECRET 4c512d4e1e5f01b6ba94de5f2b29fa4117a47210d3edfad01023a3037cefd2ff f168dd20a4d5957cc0b8b8c1aa5024ef491fdb9ae348cbcaaee47b47b28c983c
CLIENT_TRAFFIC_SECRET_0 4c512d4e1e5f01b6ba94de5f2b29fa4117a47210d3edfad01023a3037cefd2ff 7ca4d487b3318e1958fe2937f1c96eebbab7dcd478960a5ea8e824bf55137c56
SERVER_TRAFFIC_SECRET_0 4c512d4e1e5f01b6ba94de5f2b29fa4117a47210d3edfad01023a3037cefd2ff fef99f894f7ea7c3a07e511513e637651692803872b237c5b7c10b5d0d95c728
CLIENT_HANDSHAKE_TRAFFIC_SECRET dcef6b59f711f51641a22715691c68dd33ef998ca72a51659c68fe8a7e2c50ff 562178c8832b1c2998c2a27ccc65d7886f0402acc480783662943db4b806119b
SERVER_HANDSHAKE_TRAFFIC_SECRET dcef6b59f711f51641a22715691c68dd33ef998ca72a51659c68fe8a7e2c50ff 22c09ecb2b3517159b4f1b41a344e93a8cc3f18ce7ff8aaa24e67f4325444ca4
CLIENT_TRAFFIC_SECRET_0 dcef6b59f711f51641a22715691c68dd33ef998ca72a51659c68fe8a7e2c50ff 23dda058167580a24ae5068a4d0ab9c6ee422a372f17280c8916477a63f65b67
SERVER_TRAFFIC_SECRET_0 dcef6b59f711f51641a22715691c68dd33ef998ca72a51659c68fe8a7e2c50ff 541be1df5f38fa3749ceaaadc5034d9a300b0126df95795053ebb7c740035759
CLIENT_HANDSHAKE_TRAFFIC_SECRET df389392c2c876306719753f466bf31f77c6911d681044e32c33958e02a2d890 de8d47b4b11b1431ad202b192d09b50c9a8e774db830da3887aa4026ce99b2a3
SERVER_HANDSHAKE_TRAFFIC_SECRET df389392c2c876306719753f466bf31f77c6911d681044e32c33958e02a2d890 f389d40a10878ab701045d5522bd8548ceb8a10566320d946594f9aab16f0830
CLIENT_TRAFFIC_SECRET_0 df389392c2c876306719753f466bf31f77c6911d681044e32c33958e02a2d890 512e51ee4c794b8714cfeacde877dd46cdee417080f34c8bbedfecd8ca2341f6
SERVER_TRAFFIC_SECRET_0 df389392c2c876306719753f466bf31f77c6911d681044e32c33958e02a2d890 95abd0e2450fb1a9585864dab8e5630ac3ad92383d4c560148815c313971c3dc
CLIENT_HANDSHAKE_TRAFFIC_SECRET 1051c707eb99b20cda5d858dd3a82aaac1350aa60c9da577d301427cb7590227 51254f3ddfcaabd45cc2951d51a3702af54a52d7c7de58f762fde8fff131c995
SERVER_HANDSHAKE_TRAFFIC_SECRET 1051c707eb99b20cda5d858dd3a82aaac1350aa60c9da577d301427cb7590227 d4a40d580019cda485493a034afcd5486583b0bba30f5e57007055a764025950
CLIENT_TRAFFIC_SECRET_0 1051c707eb99b20cda5d858dd3a82aaac1350aa60c9da577d301427cb7590227 0184ec65095241d3e4fbc543baac1f5eeefc09d67b1732c55bf0e9c9d0c36db9
SERVER_TRAFFIC_SECRET_0 1051c707eb99b20cda5d858dd3a82aaac1350aa60c9da577d301427cb7590227 29983276fff2a4d9d772b55dd678a3de9f4a5f9f3ee0a86175a1760dbd6ff595
CLIENT_HANDSHAKE_TRAFFIC_SECRET 1e461d386467a43f6d8dcb5c84da9ac8bdb7acf29e046cf35cff676a8bbcfb16 c1d572c11d958ee23cb6075a63091690e8dae8b08eb21c008245b82d062f53c0
SERVER_HANDSHAKE_TRAFFIC_SECRET 1e461d386467a43f6d8dcb5c84da9ac8bdb7acf29e046cf35cff676a8bbcfb16 7f292eff37cc61f2fff2dfc2a7117438ca9eea14bfb1a899b85dd316638891fd
CLIENT_TRAFFIC_SECRET_0 1e461d386467a43f6d8dcb5c84da9ac8bdb7acf29e046cf35cff676a8bbcfb16 0f9c500f17f2ab631a29d6a465d144b8e56eadab81112fcb66e325b4d8867703
SERVER_TRAFFIC_SECRET_0 1e461d386467a43f6d8dcb5c84da9ac8bdb7acf29e046cf35cff676a8bbcfb16 db7b2171e7437ec9a1132c8ce6b393a7993d8114a506ba98be792e614da877ea
CLIENT_HANDSHAKE_TRAFFIC_SECRET 92a67fc22b889412d474da4d1fe05562281d4953eda78b551e828e736176881e 1fa5ec7a1438b54da3a0c00d4b0e4f53a37a147104999ed408ecbe907978d754
SERVER_HANDSHAKE_TRAFFIC_SECRET 92a67fc22b889412d474da4d1fe05562281d4953eda78b551e828e736176881e 217e03f85cfca6a8a9a416afb5bd051c54dc20cccc21744388abaa6d3bbfe754
CLIENT_TRAFFIC_SECRET_0 92a67fc22b889412d474da4d1fe05562281d4953eda78b551e828e736176881e ed67489a5f5c87cf94fbf27cb6541f19413aee10f51f74691b24008f9cb1d9e8
SERVER_TRAFFIC_SECRET_0 92a67fc22b889412d474da4d1fe05562281d4953eda78b551e828e736176881e 1e57fa4d236a8a114e2f8793d99eaf606e880978c08c1cf72b9eddd3129627bb
CLIENT_HANDSHAKE_TRAFFIC_SECRET d3edf788bb6b2da07a183f11d7f4f9e1f68a9755a71b7b7bbe4fe979f6e3f107 7aaeadbf159f7322db9e98729310b209698bfe8f001706d59905a40c9c0603b3
SERVER_HANDSHAKE_TRAFFIC_SECRET d3edf788bb6b2da07a183f11d7f4f9e1f68a9755a71b7b7bbe4fe979f6e3f107 ce56d3f78fe68b1fe3eea0380a2647067abc82704b6bbfb83d3d39e9db42af94
CLIENT_TRAFFIC_SECRET_0 d3edf788bb6b2da07a183f11d7f4f9e1f68a9755a71b7b7bbe4fe979f6e3f107 1e8c4217842240035d271171906bd5257109e372d50428b1811bde6462ebe06b
SERVER_TRAFFIC_SECRET_0 d3edf788bb6b2da07a183f11d7f4f9e1f68a9755a71b7b7bbe4fe979f6e3f107 430891f8143a877d1f8b784995e063ac11e184df128ae5385a126a87e13d05ff
CLIENT_HANDSHAKE_TRAFFIC_SECRET 7929b983cae25a7ba2e2fa1ac95fe68a0d1453a0010ba44b199e11da0db33436 cf726e1275e0b8ae3915c60e6ea12503ad5335cbe44b25150bddc66d37f49e8d
SERVER_HANDSHAKE_TRAFFIC_SECRET 7929b983cae25a7ba2e2fa1ac95fe68a0d1453a0010ba44b199e11da0db33436 d94062f7da6df0d835af252c5ddc60afe9e59452386d7b176a55d0d268069a5f
CLIENT_TRAFFIC_SECRET_0 7929b983cae25a7ba2e2fa1ac95fe68a0d1453a0010ba44b199e11da0db33436 26494c02508b2cadc32e5ae342a2f18bb3657021cf0d40c039f76e968ce3dde6
SERVER_TRAFFIC_SECRET_0 7929b983cae25a7ba2e2fa1ac95fe68a0d1453a0010ba44b199e11da0db33436 37c103ee738d3bfa5d1c746c8cc8961caede3c2326af4944af253466366661cc
CLIENT_HANDSHAKE_TRAFFIC_SECRET d430c0a1cab747835d0cb3079e166ced2b13e960fd2c2c0174b1ec5b73f5b726 008045d19ef99b57cb9aa36971117b64c21abbfb251170c0095922e3d1a1a644
SERVER_HANDSHAKE_TRAFFIC_SECRET d430c0a1cab747835d0cb3079e166ced2b13e960fd2c2c0174b1ec5b73f5b726 daa918baeae9a14289527214dcc07c8cab30d4582a8544213d8659214c0bebce
CLIENT_TRAFFIC_SECRET_0 d430c0a1cab747835d0cb3079e166ced2b13e960fd2c2c0174b1ec5b73f5b726 f9a98ae7e4b498d7842e260492e3a39817d58444d2131d81b125f74e881ae2d8
SERVER_TRAFFIC_SECRET_0 d430c0a1cab747835d0cb3079e166ced2b13e960fd2c2c0174b1ec5b73f5b726 56cc3c362144b94677243bd64d65fe7cc888b0b50cd84d1763b6a937aeb958d7
CLIENT_HANDSHAKE_TRAFFIC_SECRET ff3e481e4e4cd79cfa0697efeee3ad1bc5495485bbce970aea4ff0281c4ea271 d58a88e094924d15e3140981276d914a352bc27fd046a0e2d9fc3760dc85131b
SERVER_HANDSHAKE_TRAFFIC_SECRET ff3e481e4e4cd79cfa0697efeee3ad1bc5495485bbce970aea4ff0281c4ea271 7b45ccfb55f4e9d4c001eb5b3d03584dcce4c3810cb23859eb67688cdafd1d7e
CLIENT_TRAFFIC_SECRET_0 ff3e481e4e4cd79cfa0697efeee3ad1bc5495485bbce970aea4ff0281c4ea271 89bb0d62c96d2684a60a40e32a291e668a629ca21184ec9db519887541f3f2f1
SERVER_TRAFFIC_SECRET_0 ff3e481e4e4cd79cfa0697efeee3ad1bc5495485bbce970aea4ff0281c4ea271 ca4de5d8b6d398ee502cb03f75809b7ccc98e8d13ecc6c0978207c6bd294d0aa
CLIENT_HANDSHAKE_TRAFFIC_SECRET 23cd6f4ac90dee9c98fcf72307f1c4714b51b43a8c6252cdea7f660f6618410c 169162fa302d68a4809c4be83316d161452244aee5aa3c07df22a463c30c2280
SERVER_HANDSHAKE_TRAFFIC_SECRET 23cd6f4ac90dee9c98fcf72307f1c4714b51b43a8c6252cdea7f660f6618410c 84f0f3834c8999a60e22911d03acf205b40eea63f79c9eabadafd2c6a52686bc
CLIENT_TRAFFIC_SECRET_0 23cd6f4ac90dee9c98fcf72307f1c4714b51b43a8c6252cdea7f660f6618410c 0fa7343a928827b052bbac45d728d083c70cb9ca77afac53739251405863eabf
SERVER_TRAFFIC_SECRET_0 23cd6f4ac90dee9c98fcf72307f1c4714b51b43a8c6252cdea7f660f6618410c 257a51d236c7f0eb3f80f935b56d64d5f42b711be217cc5d39414ff158ec4597
CLIENT_HANDSHAKE_TRAFFIC_SECRET 1fa4df1f63ba0100edda64e593c6ea4af61f346cff9cca24634211674be70db7 9dc4ba0f3efc1ef02be74d091fec165cf5e31bee01a6b063216fc4e78ce5118f
SERVER_HANDSHAKE_TRAFFIC_SECRET 1fa4df1f63ba0100edda64e593c6ea4af61f346cff9cca24634211674be70db7 52643df691e645b5c6026a34827be7bd01eda207f5178e8e7e7821fb8b309ca0
CLIENT_TRAFFIC_SECRET_0 1fa4df1f63ba0100edda64e593c6ea4af61f346cff9cca24634211674be70db7 02839d610efc96466b3247d2735f2bbc87c98518b969f6371fbb414f66ff9f95
SERVER_TRAFFIC_SECRET_0 1fa4df1f63ba0100edda64e593c6ea4af61f346cff9cca24634211674be70db7 abe0efd0786a97e3703afbb070a9655f2d1aa4621e1b53c870fdaaddf2ecbe58
CLIENT_HANDSHAKE_TRAFFIC_SECRET 725f53ea63c87ba38e22006f1db71b15c569ca9011b985ab8ea4e7b03b9c26da f88eefde26a117b8c88087dbc2c8d0926b5b62aade91339f6d6489ff56cf347d
SERVER_HANDSHAKE_TRAFFIC_SECRET 725f53ea63c87ba38e22006f1db71b15c569ca9011b985ab8ea4e7b03b9c26da 9c00727b183e5c9c35cf761373894ff3fe9ecb0fc2363277739ad1827f29875d
CLIENT_TRAFFIC_SECRET_0 725f53ea63c87ba38e22006f1db71b15c569ca9011b985ab8ea4e7b03b9c26da 6ceee788cefe4528acc88f5556ab3eccc02f7de28939045c0c47b6c2cc103d7a
SERVER_TRAFFIC_SECRET_0 725f53ea63c87ba38e22006f1db71b15c569ca9011b985ab8ea4e7b03b9c26da 796dfc0e606791fd9a085a3a52e4e70477dac45d6ea72b930ae4736209ed46eb
CLIENT_HANDSHAKE_TRAFFIC_SECRET 1eb8c7e4b2057e811df7ef346f928c8196ec1a695ace8e79a1229b8d0c7753c6 ff4fa843510dfd6b3259957ec9a64c8d64ca43b14c0178a12cca525bd11846e1
SERVER_HANDSHAKE_TRAFFIC_SECRET 1eb8c7e4b2057e811df7ef346f928c8196ec1a695ace8e79a1229b8d0c7753c6 afdeac606ca45cda9584d76aa4fc0052e236f54b03f12adf962706a28bc745d1
CLIENT_TRAFFIC_SECRET_0 1eb8c7e4b2057e811df7ef346f928c8196ec1a695ace8e79a1229b8d0c7753c6 5dc018a4174836e6fedb82b69e7778a20d4fa208f97cb0b3179ff49343089fba
SERVER_TRAFFIC_SECRET_0 1eb8c7e4b2057e811df7ef346f928c8196ec1a695ace8e79a1229b8d0c7753c6 93c2d875a4d35ddff5335ad03babf967510d2575e417c60b188385705a857ede
CLIENT_HANDSHAKE_TRAFFIC_SECRET 330829c24a93a4610a13c35f4806d5034e32422ebcc4911fef1b80e4c9d0e1cb 30c50c4c23ed22bc5c1dc3044c9f6c8a138cefa0fa696155742a1b3d8047b480
SERVER_HANDSHAKE_TRAFFIC_SECRET 330829c24a93a4610a13c35f4806d5034e32422ebcc4911fef1b80e4c9d0e1cb e9e8f8691a1ec2e4970f56b3b780cfbcd68bb861abb880b82a457abf09a58533
CLIENT_TRAFFIC_SECRET_0 330829c24a93a4610a13c35f4806d5034e32422ebcc4911fef1b80e4c9d0e1cb 7c17d321c38765333e3f26504f5cde3ce4cba1588fe48914f4f302fbc19dce7b
SERVER_TRAFFIC_SECRET_0 330829c24a93a4610a13c35f4806d5034e32422ebcc4911fef1b80e4c9d0e1cb 2bd9815f7dad2affa41318495dfed49cc125e1c30c02c4e01c373242e1e0fa37
CLIENT_HANDSHAKE_TRAFFIC_SECRET 6ca952737fdd98f7946ae3f32dd9a5fe0ffe0ea7374d3fbbe1eac60de441f484 b877404cdae137e7043f63f3bbc4a7f3ff81ad4f6ecd50e28f8a281867234f87
SERVER_HANDSHAKE_TRAFFIC_SECRET 6ca952737fdd98f7946ae3f32dd9a5fe0ffe0ea7374d3fbbe1eac60de441f484 71fe282c894bdb71fc4ebd3e70dc7985eeda070fe2ef64b059111de40664bed4
CLIENT_TRAFFIC_SECRET_0 6ca952737fdd98f7946ae3f32dd9a5fe0ffe0ea7374d3fbbe1eac60de441f484 3ef10c220456f234e46b069dbff10b2f91fc24b1472c3cd1df5d240e0f25a572
SERVER_TRAFFIC_SECRET_0 6ca952737fdd98f7946ae3f32dd9a5fe0ffe0ea7374d3fbbe1eac60de441f484 a71022b88e27455f847d980bf2ae9f245e53ee6c6bfdbf49368b1158ca11904a
CLIENT_HANDSHAKE_TRAFFIC_SECRET 8a4c1983cabe96284b6d998700c534d0ac9cd0d87df528aa65ef2faf2ff7a04b 8cb60524307d406e98dc16f823f17b56ef220ff21852c8e5b553968c3acfcce7
SERVER_HANDSHAKE_TRAFFIC_SECRET 8a4c1983cabe96284b6d998700c534d0ac9cd0d87df528aa65ef2faf2ff7a04b 748d6ed72bee326bf9310e1fcb438291e5ef2cb8b87486779bcf40fd87d23e0f
CLIENT_TRAFFIC_SECRET_0 8a4c1983cabe96284b6d998700c534d0ac9cd0d87df528aa65ef2faf2ff7a04b 69d8c21c62a93f494e68173f2b2cc4be692d7a3b234dfc631b53ff12ba7f9a6a
SERVER_TRAFFIC_SECRET_0 8a4c1983cabe96284b6d998700c534d0ac9cd0d87df528aa65ef2faf2ff7a04b 798bfc5e8eff774ef9d8778a3c6f58895ae79af4b9a310ba47c60fdb3a41e4cc
CLIENT_HANDSHAKE_TRAFFIC_SECRET f2b5029c60428f4b7f145566d6c707a25219fc787428fa3097b92ba06085c00e 8a0c04922a653e60516430d9f3e485bdee57a59a7630b78859d9b20ac8031d10
SERVER_HANDSHAKE_TRAFFIC_SECRET f2b5029c60428f4b7f145566d6c707a25219fc787428fa3097b92ba06085c00e 698a010b16f4ccc9d375a56abc969a68627c2dc449a4b53524149340b37b16ca
CLIENT_TRAFFIC_SECRET_0 f2b5029c60428f4b7f145566d6c707a25219fc787428fa3097b92ba06085c00e 7e2356ca7663f3eaf999336db37e67e2b048205db7ae27ecfcfba85fa8c22c68
SERVER_TRAFFIC_SECRET_0 f2b5029c60428f4b7f145566d6c707a25219fc787428fa3097b92ba06085c00e 38d200a3525b23dcf5a39e9a3cbb3cfb378c06342c66d07faa527ca4f752b851
CLIENT_HANDSHAKE_TRAFFIC_SECRET a575236d5f29ce08e76a12db695c6fab087e2160b38b76fcdcfae79320a1d67c 160f309c7bb4342d69a5a87a8ef93933045ac5156a483b61067df5ac953273b5
SERVER_HANDSHAKE_TRAFFIC_SECRET a575236d5f29ce08e76a12db695c6fab087e2160b38b76fcdcfae79320a1d67c 4340b217eb8b439c609c2a14e1fe77f25d567fec473d5e49710fa31eeec61069
CLIENT_TRAFFIC_SECRET_0 a575236d5f29ce08e76a12db695c6fab087e2160b38b76fcdcfae79320a1d67c cc83de0ebdeebc19014ed61b28d44625a4de12880e7479d085e83682a192925a
SERVER_TRAFFIC_SECRET_0 a575236d5f29ce08e76a12db695c6fab087e2160b38b76fcdcfae79320a1d67c 008eeeb817ab04e95e2b6a6c8d3ebd97303981ea4ba927304d3a4487aa09390d
CLIENT_HANDSHAKE_TRAFFIC_SECRET 0f21f0a09e5aa3bf0bf51df6b180866bc294b2a99840659488fdda03b01d6b5f c4f9136f10e51fad621ce311553ee74b10c745940617fdf18b8a359a3dd1ab3c
SERVER_HANDSHAKE_TRAFFIC_SECRET 0f21f0a09e5aa3bf0bf51df6b180866bc294b2a99840659488fdda03b01d6b5f 5b272ff0fc3c7dee29ad4e65ec6bc3729ae1a535026fefad66d3f026e3b02ce4
CLIENT_TRAFFIC_SECRET_0 0f21f0a09e5aa3bf0bf51df6b180866bc294b2a99840659488fdda03b01d6b5f b992fd01691f8a40d886cd3f11725fa9475794e5ba677ae26d38b9280209c918
SERVER_TRAFFIC_SECRET_0 0f21f0a09e5aa3bf0bf51df6b180866bc294b2a99840659488fdda03b01d6b5f 8a1522dc7781d78df68d377663b2fd9afc971ea9f4d50ac39856012738efcca6
CLIENT_HANDSHAKE_TRAFFIC_SECRET 3c29bd6e2d511e9c386d3f753aba104d03382a7b6dda18362507ae65f88f96f6 6a2e3fde9bf3ca31e4321581fd864b94b1e943470aa7d0a9dcd32b851a585d62
SERVER_HANDSHAKE_TRAFFIC_SECRET 3c29bd6e2d511e9c386d3f753aba104d03382a7b6dda18362507ae65f88f96f6 2c0a7bc1976aeb1f78e200e1d375dc627c8aa299454fee601cd4763ee71b242f
CLIENT_TRAFFIC_SECRET_0 3c29bd6e2d511e9c386d3f753aba104d03382a7b6dda18362507ae65f88f96f6 092e156254575be9a71a2897f2b50c17dfcb5132e26ecf5dfbd5ddff8c2f799e
SERVER_TRAFFIC_SECRET_0 3c29bd6e2d511e9c386d3f753aba104d03382a7b6dda18362507ae65f88f96f6 6512c65171f75b7b93f11547b9b16528884886542f1ff8dd1272e8e2af4db30c
CLIENT_HANDSHAKE_TRAFFIC_SECRET bff30605112efc44836d94133ebacddc4aa34f13c1191e00b6a46eb5ead24663 78291ecf07398e223f7e107598513bd742a3f31b03f9b5d6c96c9b00f28eea24
SERVER_HANDSHAKE_TRAFFIC_SECRET bff30605112efc44836d94133ebacddc4aa34f13c1191e00b6a46eb5ead24663 35cc0e62b08e890fb2d775862132ebc1c2ee4a9e6ad2c0c031a138ad186e1f80
CLIENT_TRAFFIC_SECRET_0 bff30605112efc44836d94133ebacddc4aa34f13c1191e00b6a46eb5ead24663 f36bac7e201f70f32e7130bd2d2611e02c2edd7e992226889c0bb7c31e97bdeb
SERVER_TRAFFIC_SECRET_0 bff30605112efc44836d94133ebacddc4aa34f13c1191e00b6a46eb5ead24663 d70cf2d3ab8c2ad10c02c8b32724a76f09075ad174add6097b4382d8cb1c03f6
CLIENT_HANDSHAKE_TRAFFIC_SECRET 8a242148cb48e8cc0e886e47a165974f1130b38890cbb1967d55a0666d8b6c3b 66746c3e5b16aee88af776ce2df1775dde5c0812df2e1082207a467bbc1cbf92
SERVER_HANDSHAKE_TRAFFIC_SECRET 8a242148cb48e8cc0e886e47a165974f1130b38890cbb1967d55a0666d8b6c3b 71ecc162ce4b63af8d4d8cda5c3bf8c9b13ffec0da5a45df8b7062db2fb487a8
CLIENT_TRAFFIC_SECRET_0 8a242148cb48e8cc0e886e47a165974f1130b38890cbb1967d55a0666d8b6c3b 53a1929b3b717bb1807c06b0de292a81326dcec5fa5b4675493fccbe34d89d13
SERVER_TRAFFIC_SECRET_0 8a242148cb48e8cc0e886e47a165974f1130b38890cbb1967d55a0666d8b6c3b 02f89924591e00ec0b42cbe84f05c91bdd7074073911bce3266e994836233932
CLIENT_HANDSHAKE_TRAFFIC_SECRET 8a85c15282d102b23c4a5c6da7cdf3cff1840e2598e70996a7dc180182f2e21c f3f162c5857f458b5c13f8f27f472b244b666656d4fbc1ffd44829e366a91229
SERVER_HANDSHAKE_TRAFFIC_SECRET 8a85c15282d102b23c4a5c6da7cdf3cff1840e2598e70996a7dc180182f2e21c dd2d25b6321b549b81ab69e2fa997f033274079158c8000223ce11d501411ba5
CLIENT_TRAFFIC_SECRET_0 8a85c15282d102b23c4a5c6da7cdf3cff1840e2598e70996a7dc180182f2e21c 72ee1705762671feeb3912098a445dd03d8db73fbc586110cf42428bd841cf56
SERVER_TRAFFIC_SECRET_0 8a85c15282d102b23c4a5c6da7cdf3cff1840e2598e70996a7dc180182f2e21c a747a620391bf9443a51397439d4018c13b43e467a100217cac728953ef61d2b
CLIENT_HANDSHAKE_TRAFFIC_SECRET 53ebb9d5c676f57918ce3fff8d1732214630e662a5fce0fefb3206c9c2c54f8a 9d1e95b2159f7b4ec06aa6e1f0a1b885de61db0cdb3076402617ec893e49ca02
SERVER_HANDSHAKE_TRAFFIC_SECRET 53ebb9d5c676f57918ce3fff8d1732214630e662a5fce0fefb3206c9c2c54f8a 97e28a7089e702e6d402c3fda8108bcc8ea6336ef57d47587b65a49de347bdf4
CLIENT_TRAFFIC_SECRET_0 53ebb9d5c676f57918ce3fff8d1732214630e662a5fce0fefb3206c9c2c54f8a 5cbd351ebc4b6f6fefb53e091550aaeab2edd6ec87a5e1e2c66538a0d4c853f7
SERVER_TRAFFIC_SECRET_0 53ebb9d5c676f57918ce3fff8d1732214630e662a5fce0fefb3206c9c2c54f8a 425bd49c6f5d3f8c6be830b8078b87b7dff2888399b173525c51899f120f51a7
CLIENT_HANDSHAKE_TRAFFIC_SECRET 62a6003ad2455713b8d1a98fc90273dc17feefbd02951e08385759e71697a582 82c894199e901e09db7c88879c9850a93481c6ead6d381fa641ed098106d3d8b
SERVER_HANDSHAKE_TRAFFIC_SECRET 62a6003ad2455713b8d1a98fc90273dc17feefbd02951e08385759e71697a582 d1aaaf4b53fd3ba6c82b507417f6d79f8cdf1953750b6c9e8954553a45942a06
CLIENT_TRAFFIC_SECRET_0 62a6003ad2455713b8d1a98fc90273dc17feefbd02951e08385759e71697a582 2b6f350c919aa1d9e6061414cc573bc386b3dbe0a655acc84ce1c66a873225e6
SERVER_TRAFFIC_SECRET_0 62a6003ad2455713b8d1a98fc90273dc17feefbd02951e08385759e71697a582 00d8c7398369c35511579b8e443acbfd9f99af8b4f40ab987a4146b37e7167e4
CLIENT_HANDSHAKE_TRAFFIC_SECRET 621b6cba99eda9a7af70afcd7f9b45c7238cc1d9d687673974531f35f0bfa941 258e177efc9d9d3e10a41d0e5858ee84a71b7ba9f18da1700b8f85744e1da064
SERVER_HANDSHAKE_TRAFFIC_SECRET 621b6cba99eda9a7af70afcd7f9b45c7238cc1d9d687673974531f35f0bfa941 60ef608be0fa59d24d365f19654d96a4ba452b127cead7121131fe086a0e0700
CLIENT_TRAFFIC_SECRET_0 621b6cba99eda9a7af70afcd7f9b45c7238cc1d9d687673974531f35f0bfa941 960665a7d88b543c2b960359fbe61ca5add4807a00cb3b484cdc46a0e477c484
SERVER_TRAFFIC_SECRET_0 621b6cba99eda9a7af70afcd7f9b45c7238cc1d9d687673974531f35f0bfa941 f1fdfcb51bd0bae669aa08a531ccb8c621df127f55347a7ae35c5135b802266f
CLIENT_HANDSHAKE_TRAFFIC_SECRET 73707ac93dd9e1effc04c7ba49c4031cdd42dc77c676937514db0f88bfdf73f8 d0efa045e4e5f8e62d555364b48c037eed51f72d601541d413c474a8b30c828a
SERVER_HANDSHAKE_TRAFFIC_SECRET 73707ac93dd9e1effc04c7ba49c4031cdd42dc77c676937514db0f88bfdf73f8 2e26ad97aa20ec393e6ba0d083d0cef60257ca2d5c2a76e5e048d073b67fea1d
CLIENT_TRAFFIC_SECRET_0 73707ac93dd9e1effc04c7ba49c4031cdd42dc77c676937514db0f88bfdf73f8 0f11dcaef7410f5e4c54993dadb68a11466dc453e3b162e4556552f2cefe2a93
SERVER_TRAFFIC_SECRET_0 73707ac93dd9e1effc04c7ba49c4031cdd42dc77c676937514db0f88bfdf73f8 4a21d7947b0aacfaec80f56ceee18cb7b572eab2cee6799a5e270cd029e60938
CLIENT_HANDSHAKE_TRAFFIC_SECRET daf833e4225601a79ffda1cd7cee3fe7f699045f5cc7623815c1809bf258b39d 9399ed75920d0a6d923e204ca91b403a67be86c6c41ee2d68e59d6a9dc90253f
SERVER_HANDSHAKE_TRAFFIC_SECRET daf833e4225601a79ffda1cd7cee3fe7f699045f5cc7623815c1809bf258b39d 5f14fecd7a4092dadf74b1d05fbc354e7eeafb7c45b72ac309dd8a810ae0600b
CLIENT_TRAFFIC_SECRET_0 daf833e4225601a79ffda1cd7cee3fe7f699045f5cc7623815c1809bf258b39d 0bb05f264bb9969f3617a9cbf5a9a4697298912e4f8e0d07ca3df47bfaa61dea
SERVER_TRAFFIC_SECRET_0 daf833e4225601a79ffda1cd7cee3fe7f699045f5cc7623815c1809bf258b39d 622fe656d9f80b3d085e263fa75837ea6bdc7f0f7401fa7a9ecbe154dd280ac1
CLIENT_HANDSHAKE_TRAFFIC_SECRET 04d36166d7c64ce4591f4d38a3ff901db0636a599eba5ff0c21a837eb891143b e831ec9bbe44fc522f8c89be0b9ced90c0d8951363ebc11ead3ebac13e604243
SERVER_HANDSHAKE_TRAFFIC_SECRET 04d36166d7c64ce4591f4d38a3ff901db0636a599eba5ff0c21a837eb891143b 13e6bb679a605e730b878a478af584b4507865f0cbeba5cd2177c7bd3f94a566
CLIENT_TRAFFIC_SECRET_0 04d36166d7c64ce4591f4d38a3ff901db0636a599eba5ff0c21a837eb891143b da61094dd5d5d78c8df7c721ca6c974df16ba8d6d02e3a24792ef6d83a3a935a
SERVER_TRAFFIC_SECRET_0 04d36166d7c64ce4591f4d38a3ff901db0636a599eba5ff0c21a837eb891143b ee8feb08bbfe0cd12a915cb1494d95e3872557ee3de5982ac97c011dc1a9be4c
CLIENT_HANDSHAKE_TRAFFIC_SECRET d52462486c0a356ac4fc5fa46f257f9455ba660dec35de1fdaabb95c1a12fb7c 40a7ec4f685e83dc3ab6d612000e765e8207cea617d6b921a6b08dacfba97475
SERVER_HANDSHAKE_TRAFFIC_SECRET d52462486c0a356ac4fc5fa46f257f9455ba660dec35de1fdaabb95c1a12fb7c 9a12709e20f34039e8cd691e4111130cdd8c83cdbb3d64f547ab686b7c3dcc55
CLIENT_TRAFFIC_SECRET_0 d52462486c0a356ac4fc5fa46f257f9455ba660dec35de1fdaabb95c1a12fb7c df539b275f075d38100f4560015e0813e1ca0505712a1eb8b9be0a5c2960de9c
SERVER_TRAFFIC_SECRET_0 d52462486c0a356ac4fc5fa46f257f9455ba660dec35de1fdaabb95c1a12fb7c cc5c2eb6683752f5d89cbf83e39bc04eecb66c81cd7b8ee8ca7c683bd4320345
CLIENT_HANDSHAKE_TRAFFIC_SECRET 3b3298c350206dd8f3ddd6d87fd96e5d6987fa1ab164ed53b82b21cbd77a1407 be159cace643a8c1090ffd5354b053c5fce80fe4b9ea95f6e3baba749879c411
SERVER_HANDSHAKE_TRAFFIC_SECRET 3b3298c350206dd8f3ddd6d87fd96e5d6987fa1ab164ed53b82b21cbd77a1407 a6901a05305a189e465fc41bd26badc7a7ebc1913cef83ceca2ef7b248c534fc
CLIENT_TRAFFIC_SECRET_0 3b3298c350206dd8f3ddd6d87fd96e5d6987fa1ab164ed53b82b21cbd77a1407 b4d3b5ec0f68679a03ade845cd230c07e4ae265529651a0d89740467cbd967a7
SERVER_TRAFFIC_SECRET_0 3b3298c350206dd8f3ddd6d87fd96e5d6987fa1ab164ed53b82b21cbd77a1407 8fdac0552f14d421e81035816830f185af295e601f4894d8247c7ad18c82c50b
CLIENT_HANDSHAKE_TRAFFIC_SECRET 61b1bd91640209b3ca699a77443bd5780bb65206f9d5ce3f01ba2baa5db26c6d 4f6d6fdbdd03dc83f50611c0f546f9ab2312c183223d7b9fe250387c4d930905
SERVER_HANDSHAKE_TRAFFIC_SECRET 61b1bd91640209b3ca699a77443bd5780bb65206f9d5ce3f01ba2baa5db26c6d fc74716ce341da564b2c35d6cd4ef73a83e5499b8868d43926708ba31d9489b5
CLIENT_TRAFFIC_SECRET_0 61b1bd91640209b3ca699a77443bd5780bb65206f9d5ce3f01ba2baa5db26c6d 70bf50b28e9c9413d5aae823a6aa9865716d67a07fc4aac4e9b215aa58133ed0
SERVER_TRAFFIC_SECRET_0 61b1bd91640209b3ca699a77443bd5780bb65206f9d5ce3f01ba2baa5db26c6d 5ada18b46d0768ca853ce581f6ee548ec1d3b396a4953d13704caadc0f958775
CLIENT_HANDSHAKE_TRAFFIC_SECRET cccaeac57ce27a433a254b1aa30f82942880879f380cef58810e9e1d59f5c5e5 23cca1ba16d110af1053a1d93ab2a6a0e896698b4f295937b8836607958246bc
SERVER_HANDSHAKE_TRAFFIC_SECRET cccaeac57ce27a433a254b1aa30f82942880879f380cef58810e9e1d59f5c5e5 1472c648b66d2daa03738291a6eb627aac7cb4267e06607e9fc89820c904be74
CLIENT_TRAFFIC_SECRET_0 cccaeac57ce27a433a254b1aa30f82942880879f380cef58810e9e1d59f5c5e5 be6f98196ac72449020e14d3b16bea80cafe82474267bb6281a5647474866dfa
SERVER_TRAFFIC_SECRET_0 cccaeac57ce27a433a254b1aa30f82942880879f380cef58810e9e1d59f5c5e5 ed3169ecc51e8c83b9eca2347c6f27abfeecc67f8e95ccc2e3fbdb1cfe5b660f
CLIENT_HANDSHAKE_TRAFFIC_SECRET 89351fd84da2a375b06231f3175d463d01e9d270caceffcc9771934c0cb3c3b6 746d14c992abd81ea1123dffe8b41d842cc974f4d5fe79241331237cbf1e143b
SERVER_HANDSHAKE_TRAFFIC_SECRET 89351fd84da2a375b06231f3175d463d01e9d270caceffcc9771934c0cb3c3b6 fe71838c18a6ca3836ace5b2e498b21cdd10183ade8c6a2d54df440722dc62e3
CLIENT_TRAFFIC_SECRET_0 89351fd84da2a375b06231f3175d463d01e9d270caceffcc9771934c0cb3c3b6 13cffbb6b16b4ecf20453fc0c7411cedecf247766064db4d7e2dcbae1e0b8114
SERVER_TRAFFIC_SECRET_0 89351fd84da2a375b06231f3175d463d01e9d270caceffcc9771934c0cb3c3b6 22e3fa08d2979c9f3194015a95c170f24a8aded30c6bd714373bc75a05bbd15e
CLIENT_HANDSHAKE_TRAFFIC_SECRET 268d22a56ae06a3daa01887d7b397f84d59f73bbe11d119f0ca23cc88ccb83aa b5f5db4cc217bdb87b38654bb9a06b5cf42080440c9b1b10922e776107cf8ed6
SERVER_HANDSHAKE_TRAFFIC_SECRET 268d22a56ae06a3daa01887d7b397f84d59f73bbe11d119f0ca23cc88ccb83aa 4e7ce3c0ab6a4738f840dc220cf7530a08ae0d7b8c4b8dead27ab71df6e829f4
CLIENT_TRAFFIC_SECRET_0 268d22a56ae06a3daa01887d7b397f84d59f73bbe11d119f0ca23cc88ccb83aa b4b1fc819d5f90365800ec46f42fe4b1f9472f96d40cb773a48e65004275fbe6
SERVER_TRAFFIC_SECRET_0 268d22a56ae06a3daa01887d7b397f84d59f73bbe11d119f0ca23cc88ccb83aa f5ec348216e40c6e4ba82ef960589d0db6b6b6a770a3895347cdcb4df4309a29
CLIENT_HANDSHAKE_TRAFFIC_SECRET c5dcedc439f129cefa195d93e3590f4e683a11c31b14cb1d6fe5e54cd14f94e6 2a15c00a23b1a0b1a4c8fa78f6e238b21a282623431b0c9916b41ea5c7d27a29
SERVER_HANDSHAKE_TRAFFIC_SECRET c5dcedc439f129cefa195d93e3590f4e683a11c31b14cb1d6fe5e54cd14f94e6 60e76981c3cbb93b738e1fcaede911f9e867587b586645c58b657beaa0d17422
CLIENT_TRAFFIC_SECRET_0 c5dcedc439f129cefa195d93e3590f4e683a11c31b14cb1d6fe5e54cd14f94e6 7e11e1c4f53561333994a02bca2e6b2b26c5d044f05f2e574bf5b6bbe0803ced
SERVER_TRAFFIC_SECRET_0 c5dcedc439f129cefa195d93e3590f4e683a11c31b14cb1d6fe5e54cd14f94e6 592ded055378322ca9fb5ca4d9b0307588f6258e32b584a58da3d7b223d54f03
CLIENT_HANDSHAKE_TRAFFIC_SECRET b725dd5d962c0f69cebcb10d5da8ea182fe4069fb7292070590f2ffc6c1a72b3 c3a7ee9c3933209020d06687e7abeff53229ec2dc3e3e1b0395d38b4978d6374
SERVER_HANDSHAKE_TRAFFIC_SECRET b725dd5d962c0f69cebcb10d5da8ea182fe4069fb7292070590f2ffc6c1a72b3 025bc51e8b03bd92209973328367325b5de08b88f693e1c3ec23908d174b4f2d
CLIENT_TRAFFIC_SECRET_0 b725dd5d962c0f69cebcb10d5da8ea182fe4069fb7292070590f2ffc6c1a72b3 51c185099c05caeee5d8d7cfbe7b97e8f574f0d6fb3903605e352b43d16401ed
SERVER_TRAFFIC_SECRET_0 b725dd5d962c0f69cebcb10d5da8ea182fe4069fb7292070590f2ffc6c1a72b3 5c671f0d84f816351822d54a064630b82bca114fa3430b6c6bb841cb61a558dd
CLIENT_HANDSHAKE_TRAFFIC_SECRET deca227c2391cd5ec0fae09f63c3bb37979398dc2deff380525289e3fb15f2b9 3a2fd1e7f5991a74edc8ad5a20723ec523d3f2bfd18d143b9f30e59033bd8da4
SERVER_HANDSHAKE_TRAFFIC_SECRET deca227c2391cd5ec0fae09f63c3bb37979398dc2deff380525289e3fb15f2b9 45f4a5a75757ebf212d255cc907a3e046b420a64abc8e52931db1a35cca8e0b2
CLIENT_TRAFFIC_SECRET_0 deca227c2391cd5ec0fae09f63c3bb37979398dc2deff380525289e3fb15f2b9 c75e5b217b30af71d3baf0847d33529e9dcb32bacafc053466e5e362df96009d
SERVER_TRAFFIC_SECRET_0 deca227c2391cd5ec0fae09f63c3bb37979398dc2deff380525289e3fb15f2b9 028e0988eb97b7853a831d04d51e50037683d8bb33090e463051fce7cd805691
CLIENT_HANDSHAKE_TRAFFIC_SECRET 40259e4aa2b699c3dccd9860de14742bdca5971ff587b8ec9f9b66c22959fd90 141949cba050a949e62a8f393b5a265850075207c64ac6997c4df4aedfaffb64
SERVER_HANDSHAKE_TRAFFIC_SECRET 40259e4aa2b699c3dccd9860de14742bdca5971ff587b8ec9f9b66c22959fd90 d0c00873b2f90f8b9eaa2775dd532ca85c5d28888275ec1a0b6fefd540c7ee34
CLIENT_TRAFFIC_SECRET_0 40259e4aa2b699c3dccd9860de14742bdca5971ff587b8ec9f9b66c22959fd90 2b1e05204551d5fda622fceea80bf587b14b4cd6ab6f68e3113da4a7a56ca91c
SERVER_TRAFFIC_SECRET_0 40259e4aa2b699c3dccd9860de14742bdca5971ff587b8ec9f9b66c22959fd90 d97d96f67a89dab4f53361a0babc6c70fd208a882e7443120ebdb3fa84253066
CLIENT_HANDSHAKE_TRAFFIC_SECRET 811dcb4ded1afe2513ad11186ed78988fc79cd8ee477d57d421ffdc44dbc5f1f bc596f4f033434b8878fe4796baa35550a0d7d801dec0cf5067a00afa93e5165
SERVER_HANDSHAKE_TRAFFIC_SECRET 811dcb4ded1afe2513ad11186ed78988fc79cd8ee477d57d421ffdc44dbc5f1f d8e7b8b5844fd18b332e8cc421c982f186b36c88e0988c1a23dab2eb05935411
CLIENT_TRAFFIC_SECRET_0 811dcb4ded1afe2513ad11186ed78988fc79cd8ee477d57d421ffdc44dbc5f1f 9a4fb9e70aaa82482717bdd1d21d3fd3e9f377ddf037354784be39d17af3ec25
SERVER_TRAFFIC_SECRET_0 811dcb4ded1afe2513ad11186ed78988fc79cd8ee477d57d421ffdc44dbc5f1f e92837affde8a3d8022d0960c6421870b9550f14af7ee7d3304685db3a74dd46
CLIENT_HANDSHAKE_TRAFFIC_SECRET 7f9d3df1526033da85368c1b813ba1c22713e3e3871dcb2fefd08b698bff6c36 05c3f9d3fe0f2fc83eedb4ffd3cfaca7de776e59db97fdc95d50272446d57786
SERVER_HANDSHAKE_TRAFFIC_SECRET 7f9d3df1526033da85368c1b813ba1c22713e3e3871dcb2fefd08b698bff6c36 90482d1b5989dc7d4c762867bbda03dbd7d86573113f7c9917e0ca0585106729
CLIENT_TRAFFIC_SECRET_0 7f9d3df1526033da85368c1b813ba1c22713e3e3871dcb2fefd08b698bff6c36 40aa3be7a113a5f0c178360168f4247cc47cfc2bcdba04f42d47535cb76e57ea
SERVER_TRAFFIC_SECRET_0 7f9d3df1526033da85368c1b813ba1c22713e3e3871dcb2fefd08b698bff6c36 b6c63c8394ed67c46ee12059602c267d2b8f677d92dbdf18ec147f48126ede60
CLIENT_HANDSHAKE_TRAFFIC_SECRET cebccaa72ad7558540b7525d0816d71060bcdc5553cdcf0fa1f5e4c1a1688d3f 598eba15ed2c17220b67f62695a01dc055ba392dad8aee5838621a591506e193
SERVER_HANDSHAKE_TRAFFIC_SECRET cebccaa72ad7558540b7525d0816d71060bcdc5553cdcf0fa1f5e4c1a1688d3f 957ddaadd46e497b20df48bdbea078435470dd0b04533d0ff283501b876903fd
CLIENT_TRAFFIC_SECRET_0 cebccaa72ad7558540b7525d0816d71060bcdc5553cdcf0fa1f5e4c1a1688d3f 4329793ac7ebf21c876bbca9d6a244ecf9585bd50df0a52e288dba6c1c33979c
SERVER_TRAFFIC_SECRET_0 cebccaa72ad7558540b7525d0816d71060bcdc5553cdcf0fa1f5e4c1a1688d3f 8f7c0e9fe08fdeb16c08fa29f034c68e27ae88458ecc44720e4dc090be01c6df
CLIENT_HANDSHAKE_TRAFFIC_SECRET 3259953c56993d68f132894d74a3de9db77d7f99f3ce8a630c178fb43d953e5d 267fdbd0a9c4f712a3dd1a93ec0382266232e67b225dbbb8ef4300a4164ba2d6
SERVER_HANDSHAKE_TRAFFIC_SECRET 3259953c56993d68f132894d74a3de9db77d7f99f3ce8a630c178fb43d953e5d cb9e6caca9611b225ae7e2e58f8046dd0ece1813f6f82a6f653919046e2ba875
CLIENT_TRAFFIC_SECRET_0 3259953c56993d68f132894d74a3de9db77d7f99f3ce8a630c178fb43d953e5d e037a56eef8d9eabdbe8e7dba09e62c8b61d1940192e7f7719d110204c2a1576
SERVER_TRAFFIC_SECRET_0 3259953c56993d68f132894d74a3de9db77d7f99f3ce8a630c178fb43d953e5d 9698f1f7f9e83ba50804fa317b6680002a7b155998840f07663aa598602c4f8c
CLIENT_HANDSHAKE_TRAFFIC_SECRET 9b287d331d9d7e10f9645e05998df0fa7f6b9a5d300198e4b456197a9fffb23a b56236e897adbad67d521ecdf706044a94663b6ed65a41398c870d6dc4e6546d
SERVER_HANDSHAKE_TRAFFIC_SECRET 9b287d331d9d7e10f9645e05998df0fa7f6b9a5d300198e4b456197a9fffb23a 165a1a692b8866f2cf0b8602f4d198b5712d4697803ccb92317f5178135e0cf6
CLIENT_TRAFFIC_SECRET_0 9b287d331d9d7e10f9645e05998df0fa7f6b9a5d300198e4b456197a9fffb23a eb3d8013881506e861abcd18cb84b9f37f319a4c3adbda0bd3c41f47212d7552
SERVER_TRAFFIC_SECRET_0 9b287d331d9d7e10f9645e05998df0fa7f6b9a5d300198e4b456197a9fffb23a 5bb6b98772f4612b8d83452c65d1d006b8affc5e21f23fd38ad17fae26ac09ef
CLIENT_HANDSHAKE_TRAFFIC_SECRET 1001d3c895fb9f181de32b96577ce879f323f0beb144c2e02a05924a133886e9 ad0953c6ac89ac68b5b7cb7c52fd1a9247d066773d36dd2aef321dc591d938f4
SERVER_HANDSHAKE_TRAFFIC_SECRET 1001d3c895fb9f181de32b96577ce879f323f0beb144c2e02a05924a133886e9 c857aba17400ddfde05840bf3e445b31c893a9738ee98f6c613dbb3bda229765
CLIENT_TRAFFIC_SECRET_0 1001d3c895fb9f181de32b96577ce879f323f0beb144c2e02a05924a133886e9 d31194cbe3b8da1e5d96214f0a05dbf3e6568bd3ec0904b7f55ecf854e969204
SERVER_TRAFFIC_SECRET_0 1001d3c895fb9f181de32b96577ce879f323f0beb144c2e02a05924a133886e9 5a455734b9dfb33bbc59f0852806dcaa55c55f45f4d83770f88bc48d7df9f21d
CLIENT_HANDSHAKE_TRAFFIC_SECRET 7310c2ec0698d340147fdda486232e54e49ca63da186150eea5c012f144ecef0 92edf1eb9ba67a54f090b80e931d612983c75b92abe44b158c63ef8ad7965f1a
SERVER_HANDSHAKE_TRAFFIC_SECRET 7310c2ec0698d340147fdda486232e54e49ca63da186150eea5c012f144ecef0 d68503397b512e26b830bd524b3820feb827cff090d2b14283271fa131de9c27
CLIENT_TRAFFIC_SECRET_0 7310c2ec0698d340147fdda486232e54e49ca63da186150eea5c012f144ecef0 afc2e28fc3a1fb1fa07263f834aba75d85eb7b4c44b601c29b7faf1e2870e239
SERVER_TRAFFIC_SECRET_0 7310c2ec0698d340147fdda486232e54e49ca63da186150eea5c012f144ecef0 03cfba6e5450f8bb823971fd7c685c4410e256c633a94d1e515d407fb43450d1
CLIENT_HANDSHAKE_TRAFFIC_SECRET dee5d4b88290c7ad05fa11375a3c0ce96ea0da79e33fe9eaa400d3c779453d63 713fc4890d913a38446b99522945fa36fca0a02a2b63ea417c23c4032aa449da
SERVER_HANDSHAKE_TRAFFIC_SECRET dee5d4b88290c7ad05fa11375a3c0ce96ea0da79e33fe9eaa400d3c779453d63 d671c0390edb10a0947a08bf417d08b9c5aa6f2e34feed2a9be079c8a973e4d3
CLIENT_TRAFFIC_SECRET_0 dee5d4b88290c7ad05fa11375a3c0ce96ea0da79e33fe9eaa400d3c779453d63 b60fdfd7a1425ca85d9844a42b0546c73765758dcc9703ad60e07012421a5166
SERVER_TRAFFIC_SECRET_0 dee5d4b88290c7ad05fa11375a3c0ce96ea0da79e33fe9eaa400d3c779453d63 ee722d233cc20b6a342fa3935c663424da9d252eff276893586ce634cd908621
CLIENT_HANDSHAKE_TRAFFIC_SECRET d6703fb46ed5398a4aa8a4f516d956fca489aa6db9a5032ab30dda3831e9e5eb 129005eff97ee1b5d75557cfb624fe8884d43f25722fb862a23fab3e0e3c33ec
SERVER_HANDSHAKE_TRAFFIC_SECRET d6703fb46ed5398a4aa8a4f516d956fca489aa6db9a5032ab30dda3831e9e5eb f79dd01512de06b2ae055d36762fe985fa4441f4985df1309d2e4db23ffbec9d
CLIENT_TRAFFIC_SECRET_0 d6703fb46ed5398a4aa8a4f516d956fca489aa6db9a5032ab30dda3831e9e5eb 8f78484ac2e9bfef0aea40e181173b76e93722d99b9e7a0b7ee65c74e78912aa
SERVER_TRAFFIC_SECRET_0 d6703fb46ed5398a4aa8a4f516d956fca489aa6db9a5032ab30dda3831e9e5eb 484085b2aa643053c3b14363471ac68bc267839f47799c2ee4b1b834ecf1818d
CLIENT_HANDSHAKE_TRAFFIC_SECRET 233072d1fe14c8039888437eeb6129d6f2df7749cfb6ef952d2529eac847d0bf 4061b6e40aac51848afe8d0b6bef12be36b6851226f4c4d57e79d9216f98b511
SERVER_HANDSHAKE_TRAFFIC_SECRET 233072d1fe14c8039888437eeb6129d6f2df7749cfb6ef952d2529eac847d0bf 4f46e8677186f244e3bfcb1ffd324ec1b0fb8a82725ff9f631c29e934a1488fc
CLIENT_TRAFFIC_SECRET_0 233072d1fe14c8039888437eeb6129d6f2df7749cfb6ef952d2529eac847d0bf c1bbe471aebc50643e932430c3b0c47650ad4ba2206c7ca877ed7e0091db93be
SERVER_TRAFFIC_SECRET_0 233072d1fe14c8039888437eeb6129d6f2df7749cfb6ef952d2529eac847d0bf 7bc6f21cb5c8de80c77e34b7e852dd971b7c2324a7ca25049ac1b8be4145975b
CLIENT_HANDSHAKE_TRAFFIC_SECRET c402bd59f4d8b234b7508dca20aba29e7ffe3550768beca632e529344ab2cbce fd251098a0aaed185121ed2f90e291bbcbb7b9e17e508210519a16e12fa29cf2
SERVER_HANDSHAKE_TRAFFIC_SECRET c402bd59f4d8b234b7508dca20aba29e7ffe3550768beca632e529344ab2cbce 7c02334b805a7a35215ce0f10bd9c904c76b981ba45180fae17d6a9e7cea0946
CLIENT_TRAFFIC_SECRET_0 c402bd59f4d8b234b7508dca20aba29e7ffe3550768beca632e529344ab2cbce 29e98f5ad5e4c9d7558f1399e693542ad93941ee153f6e42721bff4c50ca97ae
SERVER_TRAFFIC_SECRET_0 c402bd59f4d8b234b7508dca20aba29e7ffe3550768beca632e529344ab2cbce 0261c98cc997eae8e7e71306d9d1f03f9b0e577ee4e8f2bd62ece55305156ade
CLIENT_HANDSHAKE_TRAFFIC_SECRET 6a40debacdeeee0a51f16654f57b469e30ea6ffbf6bbd334fe4503a6de4f3411 7f5d85ca081db7bbf900936b50d8b407c042c996c368df7ead75505f125e5825
SERVER_HANDSHAKE_TRAFFIC_SECRET 6a40debacdeeee0a51f16654f57b469e30ea6ffbf6bbd334fe4503a6de4f3411 3e6b4a052d062e2040bbfd6667ba75c172642505523623821f9e84492a99a393
CLIENT_TRAFFIC_SECRET_0 6a40debacdeeee0a51f16654f57b469e30ea6ffbf6bbd334fe4503a6de4f3411 f9e7ac9d935002088af12156afc59fcd9f30c2ad80fdf2dd63cf11a33626fd47
SERVER_TRAFFIC_SECRET_0 6a40debacdeeee0a51f16654f57b469e30ea6ffbf6bbd334fe4503a6de4f3411 ca5899892e7516297c937f5a9727c4b7acedb1645519803bdcf283d76a19b0ed
CLIENT_HANDSHAKE_TRAFFIC_SECRET 1e2d486874bd944a58f9580c8f33ab37bb515a91c63fd1a19eb048387cabe1c6 e85b4aca9c557c8370e36ee12504c62485da5e26d100b4fefe7b6029176b6ce7
SERVER_HANDSHAKE_TRAFFIC_SECRET 1e2d486874bd944a58f9580c8f33ab37bb515a91c63fd1a19eb048387cabe1c6 d4d0cd922e6833ddf47d13dc3cc27af9d337ab2d06d11802d44e5ab0f6261fab
CLIENT_TRAFFIC_SECRET_0 1e2d486874bd944a58f9580c8f33ab37bb515a91c63fd1a19eb048387cabe1c6 e2c6eef8ba6a105ce668a672f55c6b1c4eb4f6553ca54284818f96ab4f8fc831
SERVER_TRAFFIC_SECRET_0 1e2d486874bd944a58f9580c8f33ab37bb515a91c63fd1a19eb048387cabe1c6 69ffc2d1ffffbe2b6dc9d9f52073bae831fdb61edb0c947750e961f4be0681d9
CLIENT_HANDSHAKE_TRAFFIC_SECRET 5a40b5dcf239ac95794ab218c031edb0b04ddacfc1b9fff77451e8b5f3663fd0 c970ccd5dd5f1d5b816657001db365b5c7e670c810b3178242eecd90700ee326
SERVER_HANDSHAKE_TRAFFIC_SECRET 5a40b5dcf239ac95794ab218c031edb0b04ddacfc1b9fff77451e8b5f3663fd0 6947da3ab10ee693ab31efb70852ad7ef8c9656f289a08e06ee0468e7d650fc9
CLIENT_TRAFFIC_SECRET_0 5a40b5dcf239ac95794ab218c031edb0b04ddacfc1b9fff77451e8b5f3663fd0 6444f1f429723e49db02f61a3092831580a6248862a4d58708d9285700ec7f06
SERVER_TRAFFIC_SECRET_0 5a40b5dcf239ac95794ab218c031edb0b04ddacfc1b9fff77451e8b5f3663fd0 ac9f66218e625f38bd7bfe7e783bd613201c465058d54f20f2e1eec12c35884b
CLIENT_HANDSHAKE_TRAFFIC_SECRET f18ad19c69b17a9e0c20399cec5ac820a4d33a0b721f6fe71434712f49c0007e e9e29ce7b255604a2213c211e5307224dad6146f12c0e8863851fd72b28f56f4
SERVER_HANDSHAKE_TRAFFIC_SECRET f18ad19c69b17a9e0c20399cec5ac820a4d33a0b721f6fe71434712f49c0007e 5e26f784c89e8494b136239fe502fe93d214ed0ad9491433f6200cc699125838
CLIENT_TRAFFIC_SECRET_0 f18ad19c69b17a9e0c20399cec5ac820a4d33a0b721f6fe71434712f49c0007e 31f84bbd663304648735218774d161ce82f4445900d2001b8ca2d915ab756d60
SERVER_TRAFFIC_SECRET_0 f18ad19c69b17a9e0c20399cec5ac820a4d33a0b721f6fe71434712f49c0007e 39509c0a6fcde2c64801acd1254a7edea6a3e211cf3c545984b6a576a053ea15
CLIENT_HANDSHAKE_TRAFFIC_SECRET 1f956183f723458c7b066de000387681c6091aa17747aa7c5e2baa70c79177eb 1592a2017ccc3746c0ebb03e317799e6d3b08149bc0f3c52e2f68c2e0faa9cf4
SERVER_HANDSHAKE_TRAFFIC_SECRET 1f956183f723458c7b066de000387681c6091aa17747aa7c5e2baa70c79177eb 34dc2d3da8648fbf4a782d11c1d5d3b645f064f38e8ee54fa7eb6e85d364eb06
CLIENT_TRAFFIC_SECRET_0 1f956183f723458c7b066de000387681c6091aa17747aa7c5e2baa70c79177eb 32f6d163641da98e6be7a312efeb13c84547c307d5ef556d9243cd38ea52b473
SERVER_TRAFFIC_SECRET_0 1f956183f723458c7b066de000387681c6091aa17747aa7c5e2baa70c79177eb 085979b76e59e27b01bb7df2a380de94483d4543d8d156bfdd75a459a0588846
CLIENT_HANDSHAKE_TRAFFIC_SECRET 3799b077dbb43c8a129200ac5fc87f5c9983aca4669873721d8d010ff8d07dc6 c95ed71b2b1cea4e953ab0c59a4a75efdd39150f960cf928bf15eb05566af697
SERVER_HANDSHAKE_TRAFFIC_SECRET 3799b077dbb43c8a129200ac5fc87f5c9983aca4669873721d8d010ff8d07dc6 341dde8fb9aff67043319a44299105269a2cef7ff8865a31fe1b7a414bad618d
CLIENT_TRAFFIC_SECRET_0 3799b077dbb43c8a129200ac5fc87f5c9983aca4669873721d8d010ff8d07dc6 ec53737052d06be939aac7b90b13699f62527485fa1cd40af2d887f707f10078
SERVER_TRAFFIC_SECRET_0 3799b077dbb43c8a129200ac5fc87f5c9983aca4669873721d8d010ff8d07dc6 c0b5ac203229d609ef15819315873d20eb64077ae1646e241b854cade80ddbff
CLIENT_HANDSHAKE_TRAFFIC_SECRET 1d399d8455d54c21d7a015ac77988eb41b5ecc6a7cacb118d5764c244776ad52 a0700d22ac362ea2ae8fb610b9456f7c5ea44a9fad44a779221b3a76ce2aab84
SERVER_HANDSHAKE_TRAFFIC_SECRET 1d399d8455d54c21d7a015ac77988eb41b5ecc6a7cacb118d5764c244776ad52 58d377a0c1cc8ebab4c72bbede20256286f0b81c2e0344f151c9e60aadd26d42
CLIENT_TRAFFIC_SECRET_0 1d399d8455d54c21d7a015ac77988eb41b5ecc6a7cacb118d5764c244776ad52 086c55b87804fac67ebff0801b03cc9209948187070a1c2a994d73bd28932d40
SERVER_TRAFFIC_SECRET_0 1d399d8455d54c21d7a015ac77988eb41b5ecc6a7cacb118d5764c244776ad52 dfa81f571c21c2aa6fccef886b396321b9a9f9589286710f3bc5f59dfd3d8b66
CLIENT_HANDSHAKE_TRAFFIC_SECRET acba1f8efdee530006b55ce12b164a82db1d8b2605dd4176659178f576fac5d5 d25152e42d45f77a06b0af157662a1b303cc3654e4ac60f7616359bc278ed38a
SERVER_HANDSHAKE_TRAFFIC_SECRET acba1f8efdee530006b55ce12b164a82db1d8b2605dd4176659178f576fac5d5 0495e13f4d211dd1e713743e0030e473ca7091ab27744175175a750fc1e2d6a7
CLIENT_TRAFFIC_SECRET_0 acba1f8efdee530006b55ce12b164a82db1d8b2605dd4176659178f576fac5d5 5127ef65cbaa290ed5246bc433a02e40184ea24b36c6850b2d5226eb3b9c7809
SERVER_TRAFFIC_SECRET_0 acba1f8efdee530006b55ce12b164a82db1d8b2605dd4176659178f576fac5d5 9f2bd20b97c68ac6b47bc8746b6a8b2af36cf343bc43e2b04741343221ea0920
CLIENT_HANDSHAKE_TRAFFIC_SECRET 401db89cb7c8fed0faace8330da50e6d599ea6c7c0e35b79b6a74fb82e2808f0 5d513e58dfc20350fd27367609eae3e0bd9d1d05e1ed8d14748cf61fdfa6569c
SERVER_HANDSHAKE_TRAFFIC_SECRET 401db89cb7c8fed0faace8330da50e6d599ea6c7c0e35b79b6a74fb82e2808f0 3ef0de8d5f6b1da3bdd5a2949a469f003377d6801748944679a081e106c9c7b9
CLIENT_TRAFFIC_SECRET_0 401db89cb7c8fed0faace8330da50e6d599ea6c7c0e35b79b6a74fb82e2808f0 b769cc44448d98fda4b88c95743e70a6e6071292eefddbac696e090ee64a33c4
SERVER_TRAFFIC_SECRET_0 401db89cb7c8fed0faace8330da50e6d599ea6c7c0e35b79b6a74fb82e2808f0 67d0c215f3ab7a81cd21fe3ec5c64d1f5a81ebf1906d07821107827dab37db90
CLIENT_HANDSHAKE_TRAFFIC_SECRET 07628fbc63cb5e03d83c54ed8e471909de45b5d7cba615afe84ba0d1b9eacb1e a22ec44c3e72247d42b0d1f9f1a2497988f81908714d2de16e898560b438f6da
SERVER_HANDSHAKE_TRAFFIC_SECRET 07628fbc63cb5e03d83c54ed8e471909de45b5d7cba615afe84ba0d1b9eacb1e acb7e5d463577b91f5039105686ca186a13996046b751f84504122a40c374aa9
CLIENT_TRAFFIC_SECRET_0 07628fbc63cb5e03d83c54ed8e471909de45b5d7cba615afe84ba0d1b9eacb1e f1b36783da71b30c71e169ab86d74ee4991dbedebd888634efca1f8fc0233e46
SERVER_TRAFFIC_SECRET_0 07628fbc63cb5e03d83c54ed8e471909de45b5d7cba615afe84ba0d1b9eacb1e ff7a6d6127e739cf0e367c84dc57a69ba91b4f9f7ddd8d05e0dadec484d67d0f
CLIENT_HANDSHAKE_TRAFFIC_SECRET 7a818d0ccd39a6275a0177bf4a6e1961fe85ae7f3b92702d2b113bc2fa55f658 823b2cd3aa79d77d44d16c4137a5073c213cd3b979274f8f452d285283eac967
SERVER_HANDSHAKE_TRAFFIC_SECRET 7a818d0ccd39a6275a0177bf4a6e1961fe85ae7f3b92702d2b113bc2fa55f658 29bc9418f9cbfe3e8f6d72576ef9d5cb710659f410c70e6f74b8e18749b8c157
CLIENT_TRAFFIC_SECRET_0 7a818d0ccd39a6275a0177bf4a6e1961fe85ae7f3b92702d2b113bc2fa55f658 5938debd77c30ec1d9cd209d3cfcb9bb741b0c13b022e2cf0fbcb0122f698395
SERVER_TRAFFIC_SECRET_0 7a818d0ccd39a6275a0177bf4a6e1961fe85ae7f3b92702d2b113bc2fa55f658 07dfed7f2f79adaf1792870333c1e8ec4d9e469d2476bb100f7922996ebce27c
CLIENT_HANDSHAKE_TRAFFIC_SECRET ff6b3d55192ca93c1c5ee5bdf0f84e70cfc6943ef810f7cbf61f734155c38558 c3e1b42fd7f6a3abc36e14c57da5cc615c74e24162e58e3b373ee5ce8cbb600d
SERVER_HANDSHAKE_TRAFFIC_SECRET ff6b3d55192ca93c1c5ee5bdf0f84e70cfc6943ef810f7cbf61f734155c38558 3cad3dd92fecc854c5dfa891d97f63c4cad23f94b64cb656d041409f1c15cde9
CLIENT_TRAFFIC_SECRET_0 ff6b3d55192ca93c1c5ee5bdf0f84e70cfc6943ef810f7cbf61f734155c38558 3758a1bf1e861a72aac521fc5b4129cc75c4ed37f50417a78b31c4e4df443235
SERVER_TRAFFIC_SECRET_0 ff6b3d55192ca93c1c5ee5bdf0f84e70cfc6943ef810f7cbf61f734155c38558 48116ac6e5226d427c185c71b3c995ddcf01c22d51fad5431396571f04189517
CLIENT_HANDSHAKE_TRAFFIC_SECRET 070ddd80f603225533374d58ff759adc254b15bdf8ce6a058290efa653c3208f dd836beec84777922b5d36e61ffac3479209e05858cb0a3da3604211e746542c
SERVER_HANDSHAKE_TRAFFIC_SECRET 070ddd80f603225533374d58ff759adc254b15bdf8ce6a058290efa653c3208f ac91cb3e8257a8e6419035d3288f35ab572378a03fef75ad233a0e1980d80408
CLIENT_TRAFFIC_SECRET_0 070ddd80f603225533374d58ff759adc254b15bdf8ce6a058290efa653c3208f 4aa2d677e14f02136e15c32e44694a7dee6a749f21d1c660ce543d48196b97c4
SERVER_TRAFFIC_SECRET_0 070ddd80f603225533374d58ff759adc254b15bdf8ce6a058290efa653c3208f fa89a39cb76ea9a0f0ee3738ec7e85f327b9786d8c6d5f59afd8b07ab9127f36
CLIENT_HANDSHAKE_TRAFFIC_SECRET c4641e9b574f4e4825bb9fe3a5c943848d0ed3c33f0320b355aa69738de62c4d 63ea667ba9cc58e21b15d123027a8b98762e997d87a0d71d56945a83c4becbbc
SERVER_HANDSHAKE_TRAFFIC_SECRET c4641e9b574f4e4825bb9fe3a5c943848d0ed3c33f0320b355aa69738de62c4d 6fde0ac6f849573fa6c5be1ae17f5fdc949d829a9a8e628dd84374b6366543d8
CLIENT_TRAFFIC_SECRET_0 c4641e9b574f4e4825bb9fe3a5c943848d0ed3c33f0320b355aa69738de62c4d 18aebc43c93b9b95ac1283bda8b640f01f06a7285c6c43b7b2fa603e7de237bf
SERVER_TRAFFIC_SECRET_0 c4641e9b574f4e4825bb9fe3a5c943848d0ed3c33f0320b355aa69738de62c4d 9ec67c65654e55517886d8e7beeb50daecba1220474d41a3ceec3ce4c5ceabd8
CLIENT_HANDSHAKE_TRAFFIC_SECRET 029f86cae7864f4918fa1a3e95ea92a28ad8c70959bac0ceb199d0d42d89fda1 ed99199ed0568ed20a76fb074d5d5cadafaddfbbf27c3ca80777f8ac12860bc8
SERVER_HANDSHAKE_TRAFFIC_SECRET 029f86cae7864f4918fa1a3e95ea92a28ad8c70959bac0ceb199d0d42d89fda1 561b7487da7a16cd197bf3672f429a4974208bd3e1e8604821b1c5a6fecf01df
CLIENT_TRAFFIC_SECRET_0 029f86cae7864f4918fa1a3e95ea92a28ad8c70959bac0ceb199d0d42d89fda1 12ed36ea8eb423e3a19a040f9b86ff52e72eff702fbc248d8624dc5060fe82bc
SERVER_TRAFFIC_SECRET_0 029f86cae7864f4918fa1a3e95ea92a28ad8c70959bac0ceb199d0d42d89fda1 83d175dbbb7e2b4d9c522495c42760c75a97c6bd771bca665c323cf98afb0bf1
CLIENT_HANDSHAKE_TRAFFIC_SECRET 528a0c211c6299ea5e7304e8ee2d033bef7dd0c952d86c5021a35c92c44bddaa 788c39fad56295575cd8ab0528d4bc2f352dca456a0835d1104503d6a4395de8
SERVER_HANDSHAKE_TRAFFIC_SECRET 528a0c211c6299ea5e7304e8ee2d033bef7dd0c952d86c5021a35c92c44bddaa 2347207bc327b159bc976d55ac8ce818611cbf05af33df2ba03bff85680e1df8
CLIENT_TRAFFIC_SECRET_0 528a0c211c6299ea5e7304e8ee2d033bef7dd0c952d86c5021a35c92c44bddaa a8af4927d0feaad6af53665451dfc4dc1e7a327c1813abac364b55bca90d3ac7
SERVER_TRAFFIC_SECRET_0 528a0c211c6299ea5e7304e8ee2d033bef7dd0c952d86c5021a35c92c44bddaa 0a734b39095fe14b8c13647421103d6340ef85ce5e6d169a6386edf829adb3c0
CLIENT_HANDSHAKE_TRAFFIC_SECRET 07ec63a31c548f60aba20d3d092cc4035148904176f1565d72d25533a7ff4aeb 0183a4ba1b14726c3466d975c7e7f1158733d22b722b6767766f0e67cb34ee99
SERVER_HANDSHAKE_TRAFFIC_SECRET 07ec63a31c548f60aba20d3d092cc4035148904176f1565d72d25533a7ff4aeb a587ec17391aba7730eba9618c3db0625393d1bed89efe31b72c01a416b4dab0
CLIENT_TRAFFIC_SECRET_0 07ec63a31c548f60aba20d3d092cc4035148904176f1565d72d25533a7ff4aeb 61ea3f4eb64c74a7f5c2d5f17a0675a2d08b3801603a3ba2a5a65e20a0293980
SERVER_TRAFFIC_SECRET_0 07ec63a31c548f60aba20d3d092cc4035148904176f1565d72d25533a7ff4aeb b9c9202a73a5cd669717d0e313ef56477085f31748deb5a97c936e0a439074d8
CLIENT_HANDSHAKE_TRAFFIC_SECRET 564337b5ad5bf67a98d5e7052c5d395fc6f59e95b18256aed9c4f77dcd745385 ffac4d52b0c0241cd2ac6703e623f6c796763a218cbd20224b418027ef847bbb
SERVER_HANDSHAKE_TRAFFIC_SECRET 564337b5ad5bf67a98d5e7052c5d395fc6f59e95b18256aed9c4f77dcd745385 e395c683c399ff3174881453b14f674eb7973563b659fbec3411c2e8808d0541
CLIENT_TRAFFIC_SECRET_0 564337b5ad5bf67a98d5e7052c5d395fc6f59e95b18256aed9c4f77dcd745385 64a07c6c43d7c947ffe01e957d902769ff1fa3d02e3c4db8e0b86d6ab2674905
SERVER_TRAFFIC_SECRET_0 564337b5ad5bf67a98d5e7052c5d395fc6f59e95b18256aed9c4f77dcd745385 496bad4bcb6643aa792aaeaf7323e68235cc2eace3cbd5c97e69d8e97d095d25
CLIENT_HANDSHAKE_TRAFFIC_SECRET 882387d1e3e6006c24e6dba93a8fa4f39a0bce77adda21721fe9d0bfc07dd101 dfa2731e530a2d47770403ca29ce59bacc25c733400fe632b8c39707a015b1ab
SERVER_HANDSHAKE_TRAFFIC_SECRET 882387d1e3e6006c24e6dba93a8fa4f39a0bce77adda21721fe9d0bfc07dd101 27dc685f177e5574cc254b3eed7728f44f596adef2b57eec52c0f2bb486e378c
CLIENT_TRAFFIC_SECRET_0 882387d1e3e6006c24e6dba93a8fa4f39a0bce77adda21721fe9d0bfc07dd101 3b139b3315706ebc2b99408490cc9007e04438767828cbaee22445db71811ec3
SERVER_TRAFFIC_SECRET_0 882387d1e3e6006c24e6dba93a8fa4f39a0bce77adda21721fe9d0bfc07dd101 de867ebf129b1b55356a4a2124160dac7e11713b18231cfee4937ddb71a1bd93
CLIENT_HANDSHAKE_TRAFFIC_SECRET b8dde69f4b368e3403dda5f8d26e57f99d6864a51e07dfde1e87b265988ecc5e d9cdd9e8ff35f2edc092b4dcc019e0774487d96addf8d065b8ca8c8724709e49
SERVER_HANDSHAKE_TRAFFIC_SECRET b8dde69f4b368e3403dda5f8d26e57f99d6864a51e07dfde1e87b265988ecc5e b0cd7e406d99b60371c5e3c52b4d7ae22d30e3dc1e2e1add87199659a58755c0
CLIENT_TRAFFIC_SECRET_0 b8dde69f4b368e3403dda5f8d26e57f99d6864a51e07dfde1e87b265988ecc5e 5720640ebe1fb3bb12bb3d68b9e943b4f47da0413e153db181aafda0dd2af8e7
SERVER_TRAFFIC_SECRET_0 b8dde69f4b368e3403dda5f8d26e57f99d6864a51e07dfde1e87b265988ecc5e eecb919be26c5c1587d74982d48a96624b796823c00fc6e6de2c33a8047d1f32
CLIENT_HANDSHAKE_TRAFFIC_SECRET 6fbc227550757958b6c2547ee3cb72e1609b3bed73b7330ffdd698ad77f14d82 9bf451865df9671c75ed6b85e37b00c979118a82695a69fe7b04f61dc3828196
SERVER_HANDSHAKE_TRAFFIC_SECRET 6fbc227550757958b6c2547ee3cb72e1609b3bed73b7330ffdd698ad77f14d82 8d493a50486dc097404bbb30e53e17e03f9ae1c3d39cb5601d760150488ba038
CLIENT_TRAFFIC_SECRET_0 6fbc227550757958b6c2547ee3cb72e1609b3bed73b7330ffdd698ad77f14d82 50ab402926111c2c224d66217d027a4495970ab1dc71c097c3a46336a57f92f9
SERVER_TRAFFIC_SECRET_0 6fbc227550757958b6c2547ee3cb72e1609b3bed73b7330ffdd698ad77f14d82 24afe53ffab2554c45912091baacffd4a7a18b981f77ac11e0806ab398634f19
CLIENT_HANDSHAKE_TRAFFIC_SECRET 13330850dc19c8fa3c989a6647660d43412d797ca6b5ed984b5e2121623bf939 b6414bbe3b9bfba5460824e1254847baf17cce0e53bc78877fb0138963858113
SERVER_HANDSHAKE_TRAFFIC_SECRET 13330850dc19c8fa3c989a6647660d43412d797ca6b5ed984b5e2121623bf939 7ea715541d75643039431929dc2934037ec8ab7bd73162da4b7ad741e4d94041
CLIENT_TRAFFIC_SECRET_0 13330850dc19c8fa3c989a6647660d43412d797ca6b5ed984b5e2121623bf939 4ce700c7e993310ea4576e1d2bccba076e0de6b2fa5949bd378f4fa4c01507eb
SERVER_TRAFFIC_SECRET_0 13330850dc19c8fa3c989a6647660d43412d797ca6b5ed984b5e2121623bf939 a1f044bcb4175b1551ee43d2da43aa8f34657eaf4dd197bd2412251a60b262e3
CLIENT_HANDSHAKE_TRAFFIC_SECRET 6661ee2950e0105c0994eccf3713fb8250df59ad5558871e005da9368d93f6ad 062e39082e18eeb5d0d9a7af093c74ce989814afb33723b0e8864977be57ba7c
SERVER_HANDSHAKE_TRAFFIC_SECRET 6661ee2950e0105c0994eccf3713fb8250df59ad5558871e005da9368d93f6ad c39edd943bc438279211080ff9ebf5920b9288eb679da8760d5898e07bbe208d
CLIENT_TRAFFIC_SECRET_0 6661ee2950e0105c0994eccf3713fb8250df59ad5558871e005da9368d93f6ad 1e9994afca843b3e38b2af493e55ceecb2250b38fe098276ca96081cf02269ba
SERVER_TRAFFIC_SECRET_0 6661ee2950e0105c0994eccf3713fb8250df59ad5558871e005da9368d93f6ad 7ecfe133a9c2a483974681b972aa8e0c2fc994e681794a4273e3365709246605
CLIENT_HANDSHAKE_TRAFFIC_SECRET 53513c284a8df008ee73422584e0981721ba9d1824275b076bd26fff57c4c88f 86d25f3085a5dae70ccb5d635723e1971fb6bb3382764459561c57ceb52c2d97
SERVER_HANDSHAKE_TRAFFIC_SECRET 53513c284a8df008ee73422584e0981721ba9d1824275b076bd26fff57c4c88f d6b1906d0b4ca3bdb09dab617fa0db0f43be1a966ca18c68f602967d559e5627
CLIENT_TRAFFIC_SECRET_0 53513c284a8df008ee73422584e0981721ba9d1824275b076bd26fff57c4c88f 16e98bdb5a773f8e9564159ad497eee5ce05c440b0ba7b760d5f9f722c104d85
SERVER_TRAFFIC_SECRET_0 53513c284a8df008ee73422584e0981721ba9d1824275b076bd26fff57c4c88f b606732255bb2421cc339cf4a51f6be2fb7316c28c91466710a708c366e793e9
CLIENT_HANDSHAKE_TRAFFIC_SECRET 3a2a99109eeac4147438b04487aa6b01b598a14f53c312e72651690d8fbba9f8 25e575606110469f5ef75341a8974e4c441174666c8ee858ea71de986ee13058
SERVER_HANDSHAKE_TRAFFIC_SECRET 3a2a99109eeac4147438b04487aa6b01b598a14f53c312e72651690d8fbba9f8 c50bdc93238c8896184ba7a2acf40f8aa3461d93444701ca6f20d1beb0d692a6
CLIENT_TRAFFIC_SECRET_0 3a2a99109eeac4147438b04487aa6b01b598a14f53c312e72651690d8fbba9f8 a8eaf104af54d942f1374bc430f9536388cf1596bac1dee9bbc46f8c4c7d4a1d
SERVER_TRAFFIC_SECRET_0 3a2a99109eeac4147438b04487aa6b01b598a14f53c312e72651690d8fbba9f8 06b3c5e7932658ba237b2f7b16eeefa91c9eebf0d8800e88f3ec6e0c395150a2
CLIENT_HANDSHAKE_TRAFFIC_SECRET 0df88fdc37b9e9e17b177df7c3d827d6daf08512e52980e7196d54818d12b090 667369bcd35d5b672448099b19a69b2aedf2a7ef10f8ebf446780b6fe837827d
SERVER_HANDSHAKE_TRAFFIC_SECRET 0df88fdc37b9e9e17b177df7c3d827d6daf08512e52980e7196d54818d12b090 ff98e48f95fe927213e7730a9c9704fb61dab996a057a5e63bf51607e94ab65c
CLIENT_TRAFFIC_SECRET_0 0df88fdc37b9e9e17b177df7c3d827d6daf08512e52980e7196d54818d12b090 158742be03e41a454bd7f4320955ad832ae7fe4b03e0fd24c3b06c479826a289
SERVER_TRAFFIC_SECRET_0 0df88fdc37b9e9e17b177df7c3d827d6daf08512e52980e7196d54818d12b090 84af7935efb3e64e3da9a17a7a87f9094d4ac17e401ff5be74d391cf484d4d33
CLIENT_HANDSHAKE_TRAFFIC_SECRET 2ae7c630772e81248ee7e0742f54089d280d2952bdbad43346861db4a24e0552 92360eb659857d6926fd5c5ce3c3355d70372cc2c84277ac17a52cb25e151e1b
SERVER_HANDSHAKE_TRAFFIC_SECRET 2ae7c630772e81248ee7e0742f54089d280d2952bdbad43346861db4a24e0552 ce3e83cd4cdd7779e43b9afd828d979df9cb3746da629acbc95f6748f4b9b9fb
CLIENT_TRAFFIC_SECRET_0 2ae7c630772e81248ee7e0742f54089d280d2952bdbad43346861db4a24e0552 89e5341b6fbdf7e3dbc261b0c483910f006b98714ffb490c917dec526c312a65
SERVER_TRAFFIC_SECRET_0 2ae7c630772e81248ee7e0742f54089d280d2952bdbad43346861db4a24e0552 32c5a8e8469c065220e8231e6a7b9b2e58b94013adc2c3b4c07c6207aeb54528
CLIENT_HANDSHAKE_TRAFFIC_SECRET 25daf6575d89e92731478c4c9ca1e804fe19c9c0487fbb861f5a0e9f668380cb 81c65eb51c4afa78f4dc355021d86bc193ca14cc7b0aace8170c8d40e245a16f
SERVER_HANDSHAKE_TRAFFIC_SECRET 25daf6575d89e92731478c4c9ca1e804fe19c9c0487fbb861f5a0e9f668380cb 35725182197bccb48b350a387e76cd16b4b996664fcb2b7bfece8e7ee17e17b3
CLIENT_TRAFFIC_SECRET_0 25daf6575d89e92731478c4c9ca1e804fe19c9c0487fbb861f5a0e9f668380cb a20051b72388d8b0471b59db45a407413dfaaeef5af1481ec731875824d65410
SERVER_TRAFFIC_SECRET_0 25daf6575d89e92731478c4c9ca1e804fe19c9c0487fbb861f5a0e9f668380cb 83242079232863f9e27fba0aab797364af221f02042f9d050ef42862c617665a
CLIENT_HANDSHAKE_TRAFFIC_SECRET 7270ac5f4d549ba8584b6c94998b81de39b8a198409297dd6bf77ec643f2cb2a 61d27c3c4f8df342504a5585b2e5e11049ba146d31e6f60539e3c2d34ea98850
SERVER_HANDSHAKE_TRAFFIC_SECRET 7270ac5f4d549ba8584b6c94998b81de39b8a198409297dd6bf77ec643f2cb2a b98de6f67d728ee9db88ea5e68b5e4c0c4e89f15ebb1db1ee0d8ddda17fc3afe
CLIENT_TRAFFIC_SECRET_0 7270ac5f4d549ba8584b6c94998b81de39b8a198409297dd6bf77ec643f2cb2a 8ec4e2359051ba56934179a9da6ff567ecbf190f262f75df4ed09504e530cf81
SERVER_TRAFFIC_SECRET_0 7270ac5f4d549ba8584b6c94998b81de39b8a198409297dd6bf77ec643f2cb2a 84b891d4cdef79e8f194c2411b129f14fd26e9373e3c464181aaadcdcb1127bf
CLIENT_HANDSHAKE_TRAFFIC_SECRET ba835ee6a69519d20917c63020db5e4bdd2ac7d95d8996ee1c241fffcfc0a1f9 936481f52b713ad9318bf7bb28409232d96bb71d4cf44a02fc152bf92fc6bdb0
SERVER_HANDSHAKE_TRAFFIC_SECRET ba835ee6a69519d20917c63020db5e4bdd2ac7d95d8996ee1c241fffcfc0a1f9 406f662aa4d5d979a4c75a159b47c72b17a7f4fa54df8686bf417ac838b0c276
CLIENT_TRAFFIC_SECRET_0 ba835ee6a69519d20917c63020db5e4bdd2ac7d95d8996ee1c241fffcfc0a1f9 aaaf70d6ca13d14849fa249213375c04c56e7cbc9245534560d30ca06dc0bc38
SERVER_TRAFFIC_SECRET_0 ba835ee6a69519d20917c63020db5e4bdd2ac7d95d8996ee1c241fffcfc0a1f9 73ff1963ae524db68bb7bbd744a31bec38a28a074974c90aef42d603aed0e240
CLIENT_HANDSHAKE_TRAFFIC_SECRET a0ce259a60068a043de625f64f23ebc6bed791c765a212b2597697b8dfe50ad2 4b199c0677a07d13f7340712e13b2e36be56e8cd9be49fbc212a38a72b1701c6
SERVER_HANDSHAKE_TRAFFIC_SECRET a0ce259a60068a043de625f64f23ebc6bed791c765a212b2597697b8dfe50ad2 a80771e32925779b954c2b2e22cc26ef949d0b147a9f3fb3d81dcd2052b4c07e
CLIENT_TRAFFIC_SECRET_0 a0ce259a60068a043de625f64f23ebc6bed791c765a212b2597697b8dfe50ad2 72c71319bdb49f48518cd01bcb51efed143ca626fe73096504f734db4a0ade4a
SERVER_TRAFFIC_SECRET_0 a0ce259a60068a043de625f64f23ebc6bed791c765a212b2597697b8dfe50ad2 8762356e5e73b5740a3517496501c3a79bb607bab244c65ce638e8306d513573
CLIENT_HANDSHAKE_TRAFFIC_SECRET 8a88af9a986b3ed712c2eba6e9979b0b8a5ec2c04f8ac922eb647d6dbf22e8c3 05cc4931897cef148509b43961ce3e48d2cd504a01b8de7669f30f28fc8ae5e5
SERVER_HANDSHAKE_TRAFFIC_SECRET 8a88af9a986b3ed712c2eba6e9979b0b8a5ec2c04f8ac922eb647d6dbf22e8c3 1f206bc33734aff93851e9ea4e6f567ff5ff961e308481164665cf6b65113670
CLIENT_TRAFFIC_SECRET_0 8a88af9a986b3ed712c2eba6e9979b0b8a5ec2c04f8ac922eb647d6dbf22e8c3 743dd36cd635dcfb545ed8952b77b72c1b9d661f0f5354bd51d705b0b86a9bde
SERVER_TRAFFIC_SECRET_0 8a88af9a986b3ed712c2eba6e9979b0b8a5ec2c04f8ac922eb647d6dbf22e8c3 fe0a778ed533920df64a3164c6b8b8c0cc2d59311b02caf7c29b8571bfd1d86e
CLIENT_HANDSHAKE_TRAFFIC_SECRET 31900ba68acbf83b3f919be3e9f146fda84f7625be1eeeaa51ec180705e70d84 9e8328455e386bba0dc74addfd8c5110250ed3162036a6f333a92dbe4cfb6f72
SERVER_HANDSHAKE_TRAFFIC_SECRET 31900ba68acbf83b3f919be3e9f146fda84f7625be1eeeaa51ec180705e70d84 e898b66d91feb2219328ab30f895bb81b606e91beb14a3a575a7ae6f5344c029
CLIENT_TRAFFIC_SECRET_0 31900ba68acbf83b3f919be3e9f146fda84f7625be1eeeaa51ec180705e70d84 d2e87239161f525377501fcdadf2a6fa9cf8d4c5c6daf5f8c5dc23cc2fcdf0e1
SERVER_TRAFFIC_SECRET_0 31900ba68acbf83b3f919be3e9f146fda84f7625be1eeeaa51ec180705e70d84 e9d92f441366a8f2e42daca53bf4d7d4c2532a506d98a41842f3121edbbce65b
CLIENT_HANDSHAKE_TRAFFIC_SECRET 4a89db15d8a6b56654c3489a491d150c70f0e7c044778c6b47aed1f8459c8178 9835fa11286d0457561887ca978b054ad9d5a8377f1c2f09481cb56363351df9
SERVER_HANDSHAKE_TRAFFIC_SECRET 4a89db15d8a6b56654c3489a491d150c70f0e7c044778c6b47aed1f8459c8178 aedc4807e0ed1ae17acf69ff967eb93a6d75012ebe3de16c4e579e88e9c8f365
CLIENT_TRAFFIC_SECRET_0 4a89db15d8a6b56654c3489a491d150c70f0e7c044778c6b47aed1f8459c8178 a91fcbe4d063c742383c402658a7a8a70b250fb4f2c6fe00a17b1ef984a0b64e
SERVER_TRAFFIC_SECRET_0 4a89db15d8a6b56654c3489a491d150c70f0e7c044778c6b47aed1f8459c8178 dfa7f3fd9a875c24e98a6b36b1d7af072e8855b5c71a15fc3ca5e10d47757445
CLIENT_HANDSHAKE_TRAFFIC_SECRET bda0c7d7ffd0a0ebbba9d22f5de66dc4d8b342d460cf315b1d9f1aadf3d93634 0fd404754a4d1ea2bbee41fa8aebf9c40636bce578bfaa76f12c922d0cfed7af
SERVER_HANDSHAKE_TRAFFIC_SECRET bda0c7d7ffd0a0ebbba9d22f5de66dc4d8b342d460cf315b1d9f1aadf3d93634 f72c48daf6a46be4cb7dbaca3772a96249e44eedcc5e44eb1e6ba51226373df0
CLIENT_TRAFFIC_SECRET_0 bda0c7d7ffd0a0ebbba9d22f5de66dc4d8b342d460cf315b1d9f1aadf3d93634 4a9db170b818653f02e55aba9758bea1afa180f9cf5488c1d0089779313c19b3
SERVER_TRAFFIC_SECRET_0 bda0c7d7ffd0a0ebbba9d22f5de66dc4d8b342d460cf315b1d9f1aadf3d93634 ccdb2acde4ef99647f50b612bc8f8fef2aba67fd642fafcfbd0dfbd977d504cc
CLIENT_HANDSHAKE_TRAFFIC_SECRET 5ee201ee3ea2d033b1ff6088c924c6d401327233b185dca9dc42a424d84e336c 21185c9d3c239560cb78970b2e715458117b3969fb38f2e97a8fed9bd17d7a71
SERVER_HANDSHAKE_TRAFFIC_SECRET 5ee201ee3ea2d033b1ff6088c924c6d401327233b185dca9dc42a424d84e336c 58d6a6022c15688048845c65d4ab0c98e8a5d8276fd7c5e8ca621c981631e6c5
CLIENT_TRAFFIC_SECRET_0 5ee201ee3ea2d033b1ff6088c924c6d401327233b185dca9dc42a424d84e336c 02d8f158310f85388db9164c37f8abad6ca484ccf76150297c7884879976fec7
SERVER_TRAFFIC_SECRET_0 5ee201ee3ea2d033b1ff6088c924c6d401327233b185dca9dc42a424d84e336c ddf7fc18c3c1b4c281a2be752a26fb262ffafa2e8f6c098eaf5fcc4621250ec6
CLIENT_HANDSHAKE_TRAFFIC_SECRET f34003695074dcd83a9ce178710219336a471a9782e7fafe3ab9594800eceb1e 5876d6bbfc8c42b7bc20c514845b85e118e7d9a0e8b6675c6294df5dc5dc2130
SERVER_HANDSHAKE_TRAFFIC_SECRET f34003695074dcd83a9ce178710219336a471a9782e7fafe3ab9594800eceb1e ed5e4f636c7f94ac9106186572af0c068c33c2bf9232a85db0adcbea7dbc9966
CLIENT_TRAFFIC_SECRET_0 f34003695074dcd83a9ce178710219336a471a9782e7fafe3ab9594800eceb1e 4d920b8607d9fde6875580a11b0a9ea6890f947892468ef971637e922361cb1e
SERVER_TRAFFIC_SECRET_0 f34003695074dcd83a9ce178710219336a471a9782e7fafe3ab9594800eceb1e 493c7d99575d803293bf9ca6e1df6cecf2d665692513160bc4dd31b13ca78055
CLIENT_HANDSHAKE_TRAFFIC_SECRET dcfee1d46e90a94d1a8a11ad02403dd0b62e0a0cf5b8fc8bf42e48f0c4059f51 e0338f4105acb35da4ddd7a0256146d816c5788e749d4289260a158a30726ce6
SERVER_HANDSHAKE_TRAFFIC_SECRET dcfee1d46e90a94d1a8a11ad02403dd0b62e0a0cf5b8fc8bf42e48f0c4059f51 3d36a430d3565285fff33275da94be089316aeb20a90f28fa4fbacdc02ab616d
CLIENT_TRAFFIC_SECRET_0 dcfee1d46e90a94d1a8a11ad02403dd0b62e0a0cf5b8fc8bf42e48f0c4059f51 c45f18cad819b9f60f4f2221ec80fd30c37a0df12c558f0cc0522f279aa20c47
SERVER_TRAFFIC_SECRET_0 dcfee1d46e90a94d1a8a11ad02403dd0b62e0a0cf5b8fc8bf42e48f0c4059f51 ab79e0b5441a7e2831deebabc9d52f0c750987e864fdee01127165bf091fa4ed
CLIENT_HANDSHAKE_TRAFFIC_SECRET 49c8a8938ca954c37a20a0b25680738b398084843f6b1235624a41f59ea6f02e ec39fecd4b882f705bf738c9d6de6a84691e4bbc5b4cc6a841b5a226b3b7239f
SERVER_HANDSHAKE_TRAFFIC_SECRET 49c8a8938ca954c37a20a0b25680738b398084843f6b1235624a41f59ea6f02e d647ce1d6c7035608e73a6b40ffcacf79de1c2f55f7e9a5dc51ec47008853bd6
CLIENT_TRAFFIC_SECRET_0 49c8a8938ca954c37a20a0b25680738b398084843f6b1235624a41f59ea6f02e 837832248ccd06e317082c5a83d58c21d27c24009302d4c2c1f1a6caa35d195d
SERVER_TRAFFIC_SECRET_0 49c8a8938ca954c37a20a0b25680738b398084843f6b1235624a41f59ea6f02e c37dae307b976b810eac266be991569171afbc7f9c2c1cb360f7f822a47f5a1c
CLIENT_HANDSHAKE_TRAFFIC_SECRET 227db3ded37599d49492a23a7a2c83302f9419a6daa4726a9dc52f4143e9690d ed4e229fe0ddf5dbdbe01cf523e316e334411cc338ef3b3a8fc3c63052c8e818
SERVER_HANDSHAKE_TRAFFIC_SECRET 227db3ded37599d49492a23a7a2c83302f9419a6daa4726a9dc52f4143e9690d b9a472428fca76f3cbe4b3c4517a89687af72be630ad674ce72d2c4ead42e580
CLIENT_TRAFFIC_SECRET_0 227db3ded37599d49492a23a7a2c83302f9419a6daa4726a9dc52f4143e9690d 8c49e4c4826b275fec39c478f94344511fca1114bdea4b1697595b683811f359
SERVER_TRAFFIC_SECRET_0 227db3ded37599d49492a23a7a2c83302f9419a6daa4726a9dc52f4143e9690d 96687416bba9e9a1544f50ca5a623bb8324f9dc7740388f933a772a7ddb8858e
CLIENT_HANDSHAKE_TRAFFIC_SECRET 6aaedffca0b9e0df142689795ad8ead7247cb11a099e6b3dbabd7aa0b01b6c0e 69e257c52b542cae4495b36d9f1481eec7700d1eb62a3e4d8e973c39c8291f99
SERVER_HANDSHAKE_TRAFFIC_SECRET 6aaedffca0b9e0df142689795ad8ead7247cb11a099e6b3dbabd7aa0b01b6c0e 12c39b501f93afee2f447b8bf3f48ba50dd3beb57c6f77157d331e4880faaea4
CLIENT_TRAFFIC_SECRET_0 6aaedffca0b9e0df142689795ad8ead7247cb11a099e6b3dbabd7aa0b01b6c0e 77f98c23e80e5c9052415d2704417bade353fa16eaca27a15f5392261266f42d
SERVER_TRAFFIC_SECRET_0 6aaedffca0b9e0df142689795ad8ead7247cb11a099e6b3dbabd7aa0b01b6c0e 8122b085cf2e859c4a53d601c6887b278d9d3ac5c08220d2f16df2094361328b
CLIENT_HANDSHAKE_TRAFFIC_SECRET 8f303ad438312c54dc36a1b655b9b7dd971983852d2deacf1673890ec03cf37d 3232de13d59132f2d729f787deeabf7d6892ac00c6ac5c7d28bd3e015840b143
SERVER_HANDSHAKE_TRAFFIC_SECRET 8f303ad438312c54dc36a1b655b9b7dd971983852d2deacf1673890ec03cf37d 1d6bbb9850d05b4808a6bfdfe2ae664596bcc83aa60a328b049d2d673a558118
CLIENT_TRAFFIC_SECRET_0 8f303ad438312c54dc36a1b655b9b7dd971983852d2deacf1673890ec03cf37d 1b0fd302e343272e778e057d877db9496790cdff99df1e4b161d1b8c1baa058d
SERVER_TRAFFIC_SECRET_0 8f303ad438312c54dc36a1b655b9b7dd971983852d2deacf1673890ec03cf37d 06890d0e5ee484a97764c2580314ef301e3f416347236945fbf2415bfe1694e7
CLIENT_HANDSHAKE_TRAFFIC_SECRET 3ee2b8affa431c7ed92cf992327be60fbd861eb793b51d22bbed8365ab297cb0 8d2ef31e0ab8908f7527cb54cf150ea63ce7eba4ab803151dc3400836e9c407b
SERVER_HANDSHAKE_TRAFFIC_SECRET 3ee2b8affa431c7ed92cf992327be60fbd861eb793b51d22bbed8365ab297cb0 8dbbbd80f2f83ef6c290e570844a3453b9acd86b32d5137dd9cf7af9480763fd
CLIENT_TRAFFIC_SECRET_0 3ee2b8affa431c7ed92cf992327be60fbd861eb793b51d22bbed8365ab297cb0 f565ce2dc020e609f3c9238bbda305cfc734bd74566b4e02c3e2975648ac6839
SERVER_TRAFFIC_SECRET_0 3ee2b8affa431c7ed92cf992327be60fbd861eb793b51d22bbed8365ab297cb0 a6ee100e915307b0507222c219d59733be482b5111639c08a59f675069cceaf9
CLIENT_HANDSHAKE_TRAFFIC_SECRET e9b24defdfc14121d536aa91b4557b58b391ef09d5795bcb4183fdc1bf1f9b2e a95c189cdc77a32f6bb24469287e9fc93b758b859332d1e80e66db172d72b4bf
SERVER_HANDSHAKE_TRAFFIC_SECRET e9b24defdfc14121d536aa91b4557b58b391ef09d5795bcb4183fdc1bf1f9b2e 4b411cf373679d7e6c6c752529c3448d42768dd8f5b5b74edaafa310ff6212f1
CLIENT_TRAFFIC_SECRET_0 e9b24defdfc14121d536aa91b4557b58b391ef09d5795bcb4183fdc1bf1f9b2e 34544ddd5a4d0fae8c2fabf5380cbeff2f12a1f60f6d28535d628e1d8fb44901
SERVER_TRAFFIC_SECRET_0 e9b24defdfc14121d536aa91b4557b58b391ef09d5795bcb4183fdc1bf1f9b2e 7460d5ff8135458370e68cba35b9f27cf42b3c5e8000aa32f8413cf23fb3014b
CLIENT_HANDSHAKE_TRAFFIC_SECRET ef8fa8f8fdde1a89145f3bbcb1f145fa76fdc206e13ee1c5c48dd70573d467ea 6b54b1f18380746393e9f6d3686c34ccac90ced313c9b1de057994e7a64e9876
SERVER_HANDSHAKE_TRAFFIC_SECRET ef8fa8f8fdde1a89145f3bbcb1f145fa76fdc206e13ee1c5c48dd70573d467ea b9440d958ccea7e0b9e9f1a8dba606680e295779642fe30faa1e681a00b10a43
CLIENT_TRAFFIC_SECRET_0 ef8fa8f8fdde1a89145f3bbcb1f145fa76fdc206e13ee1c5c48dd70573d467ea e00a36967ff69852d401bd788b521ff579c9d0d5f733460a3d56ed8ae5f04e26
SERVER_TRAFFIC_SECRET_0 ef8fa8f8fdde1a89145f3bbcb1f145fa76fdc206e13ee1c5c48dd70573d467ea bf1cc2c1dfcb07478a292ae3e409d107e7e28d0fa9f71da69e1605ea0322b11f
CLIENT_HANDSHAKE_TRAFFIC_SECRET 886446bf2b5dbd2a8888e4bf5c2ae502eb527b2d158442446cf679d94637fc83 876adb4f5b3b9c1a939251dd69b8653db057c90e9fb5ea52208c90f3efb815d7
SERVER_HANDSHAKE_TRAFFIC_SECRET 886446bf2b5dbd2a8888e4bf5c2ae502eb527b2d158442446cf679d94637fc83 2a5e115e6126146c5c20dd882d1e4b4d7c8266dd40b39cd57d539bdb61fc9cb7
CLIENT_TRAFFIC_SECRET_0 886446bf2b5dbd2a8888e4bf5c2ae502eb527b2d158442446cf679d94637fc83 2315c08cf53094487e6e056f975f8156516eade0d1219d5ae3e3455feb2a6b36
SERVER_TRAFFIC_SECRET_0 886446bf2b5dbd2a8888e4bf5c2ae502eb527b2d158442446cf679d94637fc83 008b8e6b5419ab87679407a7d9b7663cace08bdbe69de5fcf5be219444058e8f
CLIENT_HANDSHAKE_TRAFFIC_SECRET 1199830aab9df7f37549c7794d4469583d14f1a2b85565d73cdb97c51ce943d5 f3880f9fc839da1650b043f8986ceccadb7df6c31c59e26ae65e67d50131bc01
SERVER_HANDSHAKE_TRAFFIC_SECRET 1199830aab9df7f37549c7794d4469583d14f1a2b85565d73cdb97c51ce943d5 a04641c2d75ae11fbe3ddb5d92c876c3e7c0607d8246b5e56df071220f74d977
CLIENT_TRAFFIC_SECRET_0 1199830aab9df7f37549c7794d4469583d14f1a2b85565d73cdb97c51ce943d5 56496b0e9a40e93a1e24976c6752320a6cf92a077e1f6cdb8001ab41c7448242
SERVER_TRAFFIC_SECRET_0 1199830aab9df7f37549c7794d4469583d14f1a2b85565d73cdb97c51ce943d5 126233250687b966d50c245a78b7bf68c31a6f94404af9ceff659ab249655f83
CLIENT_HANDSHAKE_TRAFFIC_SECRET 626deb1381216cb0ee189aec18ec6fe912f08d1b6ad292bff948de243399b193 528a15e02d6e63d85490bed226632a187ddb8f1cc44bf15420bdabc2bf70e3cb
SERVER_HANDSHAKE_TRAFFIC_SECRET 626deb1381216cb0ee189aec18ec6fe912f08d1b6ad292bff948de243399b193 e189cec769e4e39059d7ab601e0ebe0b14b6e6c95ac7920666396cb9c6082a86
CLIENT_TRAFFIC_SECRET_0 626deb1381216cb0ee189aec18ec6fe912f08d1b6ad292bff948de243399b193 361406a10265a780422fc7ee1a79f47e54d679e2761da0695cc31f85ea3c2bf0
SERVER_TRAFFIC_SECRET_0 626deb1381216cb0ee189aec18ec6fe912f08d1b6ad292bff948de243399b193 0f41a39d5267e463d3f26f629f5bfd82f0fc077a21e5d1f2960272cc22217d8c
CLIENT_HANDSHAKE_TRAFFIC_SECRET f3621066b939764a7050ea3dab9e4b6c0b950f20479f0c2d9acc3217e434d889 9233d9cf5977fa47413169fe9ee0427c7d3bc9ff8c45555389e427e78b00c999
SERVER_HANDSHAKE_TRAFFIC_SECRET f3621066b939764a7050ea3dab9e4b6c0b950f20479f0c2d9acc3217e434d889 26ce47fea87370832dee0c1a1207183bc0a1afc8bd3262ec572dfa0143df3292
CLIENT_TRAFFIC_SECRET_0 f3621066b939764a7050ea3dab9e4b6c0b950f20479f0c2d9acc3217e434d889 08544f9a18c8e866da0acde2dd61e904696f737c5ea95c058bab32b9a3892622
SERVER_TRAFFIC_SECRET_0 f3621066b939764a7050ea3dab9e4b6c0b950f20479f0c2d9acc3217e434d889 6d4280bdabf356f6b8b6cfccc10b9b42b7858b9b2a3f51d1fce04f8689757bfb
CLIENT_HANDSHAKE_TRAFFIC_SECRET 990ef05dd818ef67cb3bb481725a5ebadef00991c04a65478f588ecff44d972b 6fa4f7e1da659acb1311a5231fa489132ec29024db1d0d66c09e51068a1ca386
SERVER_HANDSHAKE_TRAFFIC_SECRET 990ef05dd818ef67cb3bb481725a5ebadef00991c04a65478f588ecff44d972b b8c8ee8815d7418341a53a80c2f9a8ae639572385c02a12e65e508e833cd640b
CLIENT_TRAFFIC_SECRET_0 990ef05dd818ef67cb3bb481725a5ebadef00991c04a65478f588ecff44d972b 68143f8f8c0e4ff88dc66dc530a0b18c23f06f3d47a39c4a99456495cf779d30
SERVER_TRAFFIC_SECRET_0 990ef05dd818ef67cb3bb481725a5ebadef00991c04a65478f588ecff44d972b cea7778e1079442180859ade2f57b89cf1e82a281b149cdb95b9ec3088db0585
CLIENT_HANDSHAKE_TRAFFIC_SECRET 1d3ace7b7088df5b0d2cc18f32961fadee231765cd8308486aaaaeb29d8df128 38b7a87750a0cfeb7597c37e38175d589990fd48096fd2a1a9f420a744ec8d7f
SERVER_HANDSHAKE_TRAFFIC_SECRET 1d3ace7b7088df5b0d2cc18f32961fadee231765cd8308486aaaaeb29d8df128 498b2a60febe39ff6839fe7beec64f84c96f52a31768cf1628b4458359e375c3
CLIENT_TRAFFIC_SECRET_0 1d3ace7b7088df5b0d2cc18f32961fadee231765cd8308486aaaaeb29d8df128 8a322b3fd0075f5bfc5cb273953cd8a08d2b234b0dc625c87f43d6893e602b40
SERVER_TRAFFIC_SECRET_0 1d3ace7b7088df5b0d2cc18f32961fadee231765cd8308486aaaaeb29d8df128 e95e83f1e93262e80291af871752d3e1bd442c3370a7a9907d5c04a4055100b3
CLIENT_HANDSHAKE_TRAFFIC_SECRET a9d82a6e8d46a701dd067bd7678bc269de4071a6c59c1b314c6af3752092da3d 12ede6896bb93bad5717c24ffe7c676ac31ad9f074e8d51a48a387b1ed2c531e
SERVER_HANDSHAKE_TRAFFIC_SECRET a9d82a6e8d46a701dd067bd7678bc269de4071a6c59c1b314c6af3752092da3d f4b509d3e667daa47da67adda30e2c24efc50d6dfa30f20f357475ce42216eec
CLIENT_TRAFFIC_SECRET_0 a9d82a6e8d46a701dd067bd7678bc269de4071a6c59c1b314c6af3752092da3d f301fe2ba6cab39f6b7b9837cbe5caafa7a0404c489fe40ee908c93fc9ba7f1b
SERVER_TRAFFIC_SECRET_0 a9d82a6e8d46a701dd067bd7678bc269de4071a6c59c1b314c6af3752092da3d a7524978260538aca18a0a91a54758d1edadd4f65547d7c240d999353ccfc95b
CLIENT_HANDSHAKE_TRAFFIC_SECRET 33682813c94bd753fdd9e2b2b59f547626bea9cff05f1955e19c8b9a71b36993 5dc628b5daf7daee78e75bc04f5a863c3cf07acb22c950b0a3f4a54ec7634216
SERVER_HANDSHAKE_TRAFFIC_SECRET 33682813c94bd753fdd9e2b2b59f547626bea9cff05f1955e19c8b9a71b36993 e60d798dfcac7c22c96d7fe9ced2f6511107f2908fee4f3c2210b798572edc9a
CLIENT_TRAFFIC_SECRET_0 33682813c94bd753fdd9e2b2b59f547626bea9cff05f1955e19c8b9a71b36993 3f46713f4ad3d62760bfcf8ba413b564f6618ca07087b9035eb06bc4b7ac06ae
SERVER_TRAFFIC_SECRET_0 33682813c94bd753fdd9e2b2b59f547626bea9cff05f1955e19c8b9a71b36993 8ff200bdf4e919f4efca72fac7939ae42356e01f384fcdd3602499fcffe7f7bf
CLIENT_HANDSHAKE_TRAFFIC_SECRET 7d447e9daca4d3e9634e57af05688872a94b4a946488a0f1c5544bf6553ec1bd 3eed88f0e547321743b807e9fc1267e03c9c34c133c0d36cdf1a36158b3bf450
SERVER_HANDSHAKE_TRAFFIC_SECRET 7d447e9daca4d3e9634e57af05688872a94b4a946488a0f1c5544bf6553ec1bd 617d73ae8d937b80209e16862c2cab7a590eb229d342e2ce28eaed813da42638
CLIENT_TRAFFIC_SECRET_0 7d447e9daca4d3e9634e57af05688872a94b4a946488a0f1c5544bf6553ec1bd 8510a9a4052a5a5ee9212d76d09a1b20ef2aaa84fe65f976cd5855ae7108a14a
SERVER_TRAFFIC_SECRET_0 7d447e9daca4d3e9634e57af05688872a94b4a946488a0f1c5544bf6553ec1bd 3b03b40bc470476d830e61d99b90d6433e65cb8969c05e6b54a4f456370cdd0b
CLIENT_HANDSHAKE_TRAFFIC_SECRET 38fc0aa8caef2664e10e750f6899863c0d11afe72c94ccdbb4236e69bb6b3d16 17a5cac1db0c93ea8ed4d5503d38a3d76c1231e8c23c240e7c058a12414036db
SERVER_HANDSHAKE_TRAFFIC_SECRET 38fc0aa8caef2664e10e750f6899863c0d11afe72c94ccdbb4236e69bb6b3d16 f36a73906294ca3e80e0433180bd0c948b7551523d95636f03c56075890362f3
CLIENT_TRAFFIC_SECRET_0 38fc0aa8caef2664e10e750f6899863c0d11afe72c94ccdbb4236e69bb6b3d16 21cee97c823635c8dc0decd9ed9cadfe63430f32c522dfb3b545548a3a7b9333
SERVER_TRAFFIC_SECRET_0 38fc0aa8caef2664e10e750f6899863c0d11afe72c94ccdbb4236e69bb6b3d16 8738528c27ce4436497bacbc7a83708a44a858e43384a67baf5b875cb60c71a2
CLIENT_HANDSHAKE_TRAFFIC_SECRET 73a9d1c0e81c1ccad27a84aaba19917fb3b40cb2817e312a1022926f93f21d2a 28c5de9c627d6de2f21e7bd47c6b94eb6521c3a99f794dd5c6de08edbef51f7a
SERVER_HANDSHAKE_TRAFFIC_SECRET 73a9d1c0e81c1ccad27a84aaba19917fb3b40cb2817e312a1022926f93f21d2a 0918c35e60984048602f14ff171e9362af49ef425a34ece7bc9951f9958d41e4
CLIENT_TRAFFIC_SECRET_0 73a9d1c0e81c1ccad27a84aaba19917fb3b40cb2817e312a1022926f93f21d2a 88a589015d02d25198a4e36b1c7cad661ab9dbba05b7d31474649e6b9a04899b
SERVER_TRAFFIC_SECRET_0 73a9d1c0e81c1ccad27a84aaba19917fb3b40cb2817e312a1022926f93f21d2a 420d14deb7c4ba1ca0f7b1f37c585c448a533fbafd16ff5bed84e59ab9147f1a
CLIENT_HANDSHAKE_TRAFFIC_SECRET 1c6a71345aaac571ff1816ec46dd5599c95283bd5934774bb053376f43f70e05 4777662fe45d289ff586c1b112f0033cd0117aba8c870159ecb6c50071a37021
SERVER_HANDSHAKE_TRAFFIC_SECRET 1c6a71345aaac571ff1816ec46dd5599c95283bd5934774bb053376f43f70e05 f8144f380a0b3a9638dec455128b365cb921b05eac8a9129a2f0826cdbd430e6
CLIENT_TRAFFIC_SECRET_0 1c6a71345aaac571ff1816ec46dd5599c95283bd5934774bb053376f43f70e05 f258bc36e46f22b00b3b7e2b58d6686584a9aa531817b9c5752d307ae1649404
SERVER_TRAFFIC_SECRET_0 1c6a71345aaac571ff1816ec46dd5599c95283bd5934774bb053376f43f70e05 4db3d852e4772ba1c344e9cd8761becc8fe6749c0747384b9afa86053378911a
CLIENT_HANDSHAKE_TRAFFIC_SECRET f55cfbcda10baa99e870970d6b21fed017dfcc696b9d90cb615c35340523cff7 da8196670375013e5b4d143391d7db35df6170a62da2ba564871f7c5c25102b0
SERVER_HANDSHAKE_TRAFFIC_SECRET f55cfbcda10baa99e870970d6b21fed017dfcc696b9d90cb615c35340523cff7 70cebdcba48d220ba4f1d5a5225c4075f4b21c0e1a9bbf60589b6dce01c79e5c
CLIENT_TRAFFIC_SECRET_0 f55cfbcda10baa99e870970d6b21fed017dfcc696b9d90cb615c35340523cff7 c3ba7c06fac5873eda90198c57236e06b6ec6a706ac08d3b6db729ce83564b06
SERVER_TRAFFIC_SECRET_0 f55cfbcda10baa99e870970d6b21fed017dfcc696b9d90cb615c35340523cff7 40c0058eb827fe0be33db4883662c95033af7eb40b5a67357b5dc8d7ae3fa03d
CLIENT_HANDSHAKE_TRAFFIC_SECRET f335981ce8111e065e88f5411d4f5aa5dd349cc434cd229f39ed501871a627b4 dca6fcbf40a2b64a8dcc094fdfe8ea54d559e4d75839796a518826214bbea88b
SERVER_HANDSHAKE_TRAFFIC_SECRET f335981ce8111e065e88f5411d4f5aa5dd349cc434cd229f39ed501871a627b4 4b194d3639c9de166e132b8e2e316e6da3c985793a2ba96c81157d824e8502c4
CLIENT_TRAFFIC_SECRET_0 f335981ce8111e065e88f5411d4f5aa5dd349cc434cd229f39ed501871a627b4 6ca32176eb35cb9491e9a228d2b5279ad395c96d2bd15b570e3dc88c1b35c49f
SERVER_TRAFFIC_SECRET_0 f335981ce8111e065e88f5411d4f5aa5dd349cc434cd229f39ed501871a627b4 f80a876543500242b0927c29ac9512a8977234fe77c3dd78ffcd3c3fc272f5ff
CLIENT_HANDSHAKE_TRAFFIC_SECRET 7bc79868167503a5a139826c0c00efbebca0d9bc02cbd26c4d7f1ced09076f31 1279cbe73ae0e0e0788b5ec7c41230c72abfeda2d707ae0b44527e6e62c4e888
SERVER_HANDSHAKE_TRAFFIC_SECRET 7bc79868167503a5a139826c0c00efbebca0d9bc02cbd26c4d7f1ced09076f31 9c57f5413dd48a7b728b89d4bf9392b47740c637134d41e25c1820bfde7d9cd4
CLIENT_TRAFFIC_SECRET_0 7bc79868167503a5a139826c0c00efbebca0d9bc02cbd26c4d7f1ced09076f31 349594a82404e6ba0bf0a80e0e38ecaeff4e825ba5bfde88d9e67472175835d2
SERVER_TRAFFIC_SECRET_0 7bc79868167503a5a139826c0c00efbebca0d9bc02cbd26c4d7f1ced09076f31 8c7209080a61098beaa26cba26fdf3465c38b3a400f55cb408070528159460c0
CLIENT_HANDSHAKE_TRAFFIC_SECRET 2394fbc8d95ccff2716ff120097ada57418b18ffda0421ce29524fc7cbef3b4e 8a2abd2f4fbc0edc11a8d737ef2ce8e96f9fe7f3cbc0f41ed261c31d55983d91
SERVER_HANDSHAKE_TRAFFIC_SECRET 2394fbc8d95ccff2716ff120097ada57418b18ffda0421ce29524fc7cbef3b4e 3d9e1ea238f3c7ea60b98df2febc2a75b303814f2d6bd2dc475308e476758b74
CLIENT_TRAFFIC_SECRET_0 2394fbc8d95ccff2716ff120097ada57418b18ffda0421ce29524fc7cbef3b4e fd69f637e81dc4b05458ef98af409068d5c0847dc08d931e695e455279bc9e41
SERVER_TRAFFIC_SECRET_0 2394fbc8d95ccff2716ff120097ada57418b18ffda0421ce29524fc7cbef3b4e cc3e44c944622878e35b45178aa9470d3e3763086ff5164d92827d766a742cd0
CLIENT_HANDSHAKE_TRAFFIC_SECRET 0da11ab9882d3acf6bfd14a4c5fa3f71a20a049d8310b88eabfaac07aa0f90ef 73d0f20281f3dd1f84bef0714656b7b100e3680e4fb52ab0c48edaf3d665cf26
SERVER_HANDSHAKE_TRAFFIC_SECRET 0da11ab9882d3acf6bfd14a4c5fa3f71a20a049d8310b88eabfaac07aa0f90ef edf9b40dd6afcd0ef97700e87534ede66aeff19ddecec4895a00c2e74f984106
CLIENT_TRAFFIC_SECRET_0 0da11ab9882d3acf6bfd14a4c5fa3f71a20a049d8310b88eabfaac07aa0f90ef 2ed06e9b78954303bf89cf3b4f5f06fbe8d3d277dbd2559c32f92642e4d4e014
SERVER_TRAFFIC_SECRET_0 0da11ab9882d3acf6bfd14a4c5fa3f71a20a049d8310b88eabfaac07aa0f90ef c97e9ba798779e6f415b3783b7537aeba1332fb8dc8b1f14d78e851f740304f9
CLIENT_HANDSHAKE_TRAFFIC_SECRET e7bbed0c75e4d93c58a3b3f534f1a6d14c782e190d59190ff6b8c704ba6c89cd e1117c4dbdcc67743069399f04678a1a6828ac9a81c79c93c2223669db4f2a8f
SERVER_HANDSHAKE_TRAFFIC_SECRET e7bbed0c75e4d93c58a3b3f534f1a6d14c782e190d59190ff6b8c704ba6c89cd 98e96b918a1aa15f62662200aad75b065baa759b301848118add772e3bcffffd
CLIENT_TRAFFIC_SECRET_0 e7bbed0c75e4d93c58a3b3f534f1a6d14c782e190d59190ff6b8c704ba6c89cd aeca83c6b322f14bf10f082a9bbd5245d96c30fccd8d3dc58c7a37978cb5a9d7
SERVER_TRAFFIC_SECRET_0 e7bbed0c75e4d93c58a3b3f534f1a6d14c782e190d59190ff6b8c704ba6c89cd 3cb830217c1f6cba40b87803d7ea60c9f49942b03f633ab6f67b6da77d2963ee
CLIENT_HANDSHAKE_TRAFFIC_SECRET 7b19121c3d1235e160e75b95910da3ea492e27752b4f33d0354a68b9c3a1da79 aece9ff5a169abc222d25b37f03f6f5105597ee4fe2a581d53472386681ebdfb
SERVER_HANDSHAKE_TRAFFIC_SECRET 7b19121c3d1235e160e75b95910da3ea492e27752b4f33d0354a68b9c3a1da79 c44ad50d8b38346413d5121282326dc2ff966191d5b363655168b63850e1a57a
CLIENT_TRAFFIC_SECRET_0 7b19121c3d1235e160e75b95910da3ea492e27752b4f33d0354a68b9c3a1da79 93b4452e498672ceee369fcc3cf1030a5ce79305e5ec9311c41a70359318cfe5
SERVER_TRAFFIC_SECRET_0 7b19121c3d1235e160e75b95910da3ea492e27752b4f33d0354a68b9c3a1da79 479a5c61e37c3d3d449f17b0550c05f2cdace160dedb42e171ba7e3ce5bcf7f2
CLIENT_HANDSHAKE_TRAFFIC_SECRET 8d618b453e6549c7a316e940ea6aac2258cf6ef2b29c671ddc6218b2420cd22f 64380bd165592604bc1853116f9d298c70432d363d9fce03bc3d53eeb8b2b737
SERVER_HANDSHAKE_TRAFFIC_SECRET 8d618b453e6549c7a316e940ea6aac2258cf6ef2b29c671ddc6218b2420cd22f b2f267c45d10210e9ad7a47c90d881cc6291584fd0bb5a56f9537fd4d6fce475
CLIENT_TRAFFIC_SECRET_0 8d618b453e6549c7a316e940ea6aac2258cf6ef2b29c671ddc6218b2420cd22f 1622b6d592105d0c62efc2866c23aeafc29b2dc9e2d0ab85eb7b5847c5335fb2
SERVER_TRAFFIC_SECRET_0 8d618b453e6549c7a316e940ea6aac2258cf6ef2b29c671ddc6218b2420cd22f fb15aca2965b40577f16b32f57ae20bb5f8c080545ba23daa3f729ac6e941daa
CLIENT_HANDSHAKE_TRAFFIC_SECRET ba80a8cbd74a68ba0138a53032ac512a500a3e748a0b743911bb09612a99d92e 23aee2f3cb605f4daff2ae0e1fb8a38e8e43b3b6a7616d402408b90ea39de435
SERVER_HANDSHAKE_TRAFFIC_SECRET ba80a8cbd74a68ba0138a53032ac512a500a3e748a0b743911bb09612a99d92e 7e8e1b42da787a383a92d1d6f2d0771d2d4dfa5c2c0694b241f80cbb31de84ba
CLIENT_TRAFFIC_SECRET_0 ba80a8cbd74a68ba0138a53032ac512a500a3e748a0b743911bb09612a99d92e 8d25584fb8ad41582b85031fde6d1052c3579982cdb64bf5e0801e4162aa41b8
SERVER_TRAFFIC_SECRET_0 ba80a8cbd74a68ba0138a53032ac512a500a3e748a0b743911bb09612a99d92e 6c6a3040394de069772b53b6ecebb87898abe16072fef4e896ebbbbb76195399
CLIENT_HANDSHAKE_TRAFFIC_SECRET 34cd96068b9feb3c6a3594de7e3471b2a251c0f438b121157980d9ee369f2f0f 274f5896d2124535f7c6d45fb688b6c7b542a40bdfb04ad6d8488f047f81af5e
SERVER_HANDSHAKE_TRAFFIC_SECRET 34cd96068b9feb3c6a3594de7e3471b2a251c0f438b121157980d9ee369f2f0f dbf077976a40b9fd41438adb31277d90611b8375a136b7c658fa168230999af7
CLIENT_TRAFFIC_SECRET_0 34cd96068b9feb3c6a3594de7e3471b2a251c0f438b121157980d9ee369f2f0f bd88a2272581a80c1061e7c46d02c9a1072777ea9d4abe2900dc7bd84b23279a
SERVER_TRAFFIC_SECRET_0 34cd96068b9feb3c6a3594de7e3471b2a251c0f438b121157980d9ee369f2f0f 8ffddb58773c6e69ab3dd542d02a1de91d913bbd11e479bd40dba745de666a3c
CLIENT_HANDSHAKE_TRAFFIC_SECRET 3e8ff2b1e8039fcdb26b622d55eb6107871ca3d811bee4f68bd1b6383e4c867d 3b5d2ee100fbf100a336afcccbaa71f4f96365b5bf76389066820f910e319e41
SERVER_HANDSHAKE_TRAFFIC_SECRET 3e8ff2b1e8039fcdb26b622d55eb6107871ca3d811bee4f68bd1b6383e4c867d 9f7db6107aae2a085d457c69c085cdd7eb993195f2372c354526f58384445cdf
CLIENT_TRAFFIC_SECRET_0 3e8ff2b1e8039fcdb26b622d55eb6107871ca3d811bee4f68bd1b6383e4c867d 408fde29f615ad139a041bdbcddb9d262cc208bbfe424be55bb0c5f5f294dc4e
SERVER_TRAFFIC_SECRET_0 3e8ff2b1e8039fcdb26b622d55eb6107871ca3d811bee4f68bd1b6383e4c867d 5d58f4ef6b616f02e0902378f212bf8614724e1b2daf950d6e32d3dbe4dad6be
CLIENT_HANDSHAKE_TRAFFIC_SECRET ad6c3b4022384a80767d23b661017c9393bce9a716487f098bdddde33d386d1e aebd56b2504b5b2b6c6c3f318231d0b351e15beb01ab00b846cdde935b06d00b
SERVER_HANDSHAKE_TRAFFIC_SECRET ad6c3b4022384a80767d23b661017c9393bce9a716487f098bdddde33d386d1e d0d1ea21f91f4eafe40bd3458cc0f64086c11d00f2527c903e40607c36c14269
CLIENT_TRAFFIC_SECRET_0 ad6c3b4022384a80767d23b661017c9393bce9a716487f098bdddde33d386d1e e78cf82817177a3642ddefb911964275475ceef75980ee561f14d2967efa789b
SERVER_TRAFFIC_SECRET_0 ad6c3b4022384a80767d23b661017c9393bce9a716487f098bdddde33d386d1e c0921df5bd7a97bb4ca41d7d1b82b80cb273bf3a665250c7deef248092e373a4
CLIENT_HANDSHAKE_TRAFFIC_SECRET 1da06fa08b5c45fa449dc5a90284d48c43c266311db57de1111544b16e358899 35c4380697836adeeeddf59a0653315763b1561ee7762a62263b4d7eeeab7483
SERVER_HANDSHAKE_TRAFFIC_SECRET 1da06fa08b5c45fa449dc5a90284d48c43c266311db57de1111544b16e358899 e521f4f94ae87259617e24fb7e105a2a3b40224edf7ac9dda70b870de52523f5
CLIENT_TRAFFIC_SECRET_0 1da06fa08b5c45fa449dc5a90284d48c43c266311db57de1111544b16e358899 2a93798a9d382a5ab5160abaa4ca3bc439fe99d41a85a02100bf4f83f255cbaf
SERVER_TRAFFIC_SECRET_0 1da06fa08b5c45fa449dc5a90284d48c43c266311db57de1111544b16e358899 9fe5da749fa99e8785fdc59d5b306a4b2675c39a273e3c8170103a1909f9b10b
CLIENT_HANDSHAKE_TRAFFIC_SECRET d957d9c231257a403d89de5de16e1ed9c52d673a09089de0fdf8cbed9cb442a0 94ee0ddb71b5fad34b54a6db4cd080d55004367773c8d851c4a0080944950aff
SERVER_HANDSHAKE_TRAFFIC_SECRET d957d9c231257a403d89de5de16e1ed9c52d673a09089de0fdf8cbed9cb442a0 1cc52c36dfbc05fdf8111fd091844f3c6b5f1fbc1df91624efa6012272a9e58f
CLIENT_TRAFFIC_SECRET_0 d957d9c231257a403d89de5de16e1ed9c52d673a09089de0fdf8cbed9cb442a0 7dadf5bf7711381fc88c8aca38e8e5f5723c3527815507de3e6fc7dcc688ff35
SERVER_TRAFFIC_SECRET_0 d957d9c231257a403d89de5de16e1ed9c52d673a09089de0fdf8cbed9cb442a0 85bede6c9617f22682ffc65cb7e5147145cc941c4e4ffc86e48a3847b1fb1949
CLIENT_HANDSHAKE_TRAFFIC_SECRET 5db280098b3486e7053bd61ab28d8d6b9e38f879b1c2f5116421a4fa9df5b039 b357ffb410a4b0c1464d361b2a09b78c77dbd7c4477184323613a80e64b28de8
SERVER_HANDSHAKE_TRAFFIC_SECRET 5db280098b3486e7053bd61ab28d8d6b9e38f879b1c2f5116421a4fa9df5b039 aae0bd5278350b0df4e0fcb332d1071cf9aa2d79d556140a4248aa87b2ba9457
CLIENT_TRAFFIC_SECRET_0 5db280098b3486e7053bd61ab28d8d6b9e38f879b1c2f5116421a4fa9df5b039 8349ce001ec8db4bd991aca6a546ff74b545fd732b881fd831e8eabcfa22b80c
SERVER_TRAFFIC_SECRET_0 5db280098b3486e7053bd61ab28d8d6b9e38f879b1c2f5116421a4fa9df5b039 65bcbed8c5e15d056d328a326d69d7b5ce3a137188875df806420308c6637815
CLIENT_HANDSHAKE_TRAFFIC_SECRET d67368b56292da8be9c323cbe899b4e5854356ed6e519b317c92e4a1acc33523 cd9744119a58c36ff0637ca0fee22568885a23276ac7f81a4b7278ceefdd40b8
SERVER_HANDSHAKE_TRAFFIC_SECRET d67368b56292da8be9c323cbe899b4e5854356ed6e519b317c92e4a1acc33523 9ccae54d7fc60af4fe34e2290fb791cb428700bad3a9e8b92d74ca18809ca386
CLIENT_TRAFFIC_SECRET_0 d67368b56292da8be9c323cbe899b4e5854356ed6e519b317c92e4a1acc33523 b9ed11127650ebab8b342b992917f26b073bfef336516c058722102dc63d0924
SERVER_TRAFFIC_SECRET_0 d67368b56292da8be9c323cbe899b4e5854356ed6e519b317c92e4a1acc33523 191047c9a1e1b67a4986f54452aba23e1406c8d732eeeb67e9d63b1344b906f7
CLIENT_HANDSHAKE_TRAFFIC_SECRET 580c97daab0093dadfb434aa23fcb795ac93a07869f24fbe22dd44c04b08eb04 89951141957f035d0e728b4820f229a92f4e9c9997650cfba606a46d932e08f1
SERVER_HANDSHAKE_TRAFFIC_SECRET 580c97daab0093dadfb434aa23fcb795ac93a07869f24fbe22dd44c04b08eb04 4769d70b86f0916dfe17c374b23695c9f5894cbd19671a4537e20b65856bbed5
CLIENT_TRAFFIC_SECRET_0 580c97daab0093dadfb434aa23fcb795ac93a07869f24fbe22dd44c04b08eb04 a6daf756186ca641e602123e5cbe7a054ababdfe7c9111b5a77e2e5e906ed1fe
SERVER_TRAFFIC_SECRET_0 580c97daab0093dadfb434aa23fcb795ac93a07869f24fbe22dd44c04b08eb04 49edb5cd7c97953903f8f544591eac5a402b8f6780218ce3d3cd3e5796f94bed
CLIENT_HANDSHAKE_TRAFFIC_SECRET 9dc00d667182b1b08159f7cdeb0af4aec90a8ea956ec9e7881d6628b5b985771 56d8f7d7c30ae303493752892d8e4ba54287afb08e27aeec9c5e81d56750170c
SERVER_HANDSHAKE_TRAFFIC_SECRET 9dc00d667182b1b08159f7cdeb0af4aec90a8ea956ec9e7881d6628b5b985771 30bdc5d1d15080202de2d868a329f72d57258d9ef1a28f7480d449d5dd66a43d
CLIENT_TRAFFIC_SECRET_0 9dc00d667182b1b08159f7cdeb0af4aec90a8ea956ec9e7881d6628b5b985771 13f195a334047fe726a78ef7f37dcc79ee006628c335b9f258ee52185df6291d
SERVER_TRAFFIC_SECRET_0 9dc00d667182b1b08159f7cdeb0af4aec90a8ea956ec9e7881d6628b5b985771 30af5c234bd87d92004f30338ad47ba7e27a57225ec82793b5df2b07799bf4c4
CLIENT_HANDSHAKE_TRAFFIC_SECRET 6920c0007fccafd0b30e6b4f3a24dd06c5bfbbc1875bd71d0cef967c3b51afd6 c22d072b9e8dbf76da3655603196c7e34f54f21bd596e41b03206e26878d7758
SERVER_HANDSHAKE_TRAFFIC_SECRET 6920c0007fccafd0b30e6b4f3a24dd06c5bfbbc1875bd71d0cef967c3b51afd6 3bf44f00b672760f865df87f28bb37aba5cba19d82683bd7efe40594c9b2f5c1
CLIENT_TRAFFIC_SECRET_0 6920c0007fccafd0b30e6b4f3a24dd06c5bfbbc1875bd71d0cef967c3b51afd6 7dc2ba1d74cd8d229784ae19ed42bad17aad95d0c96ac008904a39afe4051a9d
SERVER_TRAFFIC_SECRET_0 6920c0007fccafd0b30e6b4f3a24dd06c5bfbbc1875bd71d0cef967c3b51afd6 a4a2a80c50eb9f115926b1a45e6b59f7562134b9cdfc91325e32eed7923d3c38
CLIENT_HANDSHAKE_TRAFFIC_SECRET ec94fc6dd8ef74c4146680f48af7d7caf87db964260afc4a3b591526b11cf8ff 18103a58a5027e49fa3fdc0cb31f165d9d9bf69a2f9a8170c75516694cbf7533
SERVER_HANDSHAKE_TRAFFIC_SECRET ec94fc6dd8ef74c4146680f48af7d7caf87db964260afc4a3b591526b11cf8ff 8a150635c8167e8c343e5ae43c9a9bf42e08fa17095ac92cdf10b903761deef7
CLIENT_TRAFFIC_SECRET_0 ec94fc6dd8ef74c4146680f48af7d7caf87db964260afc4a3b591526b11cf8ff b74f80d2ed68a1108e2e2e416ed422ec7c578aec2ed21dae1b14dae44fd7c425
SERVER_TRAFFIC_SECRET_0 ec94fc6dd8ef74c4146680f48af7d7caf87db964260afc4a3b591526b11cf8ff f85a10dedac1b3db752ed1c0fc9e85873ecce34407f629f1723797f23ee51d77
CLIENT_HANDSHAKE_TRAFFIC_SECRET 1ee026d1166c02f2ff7c9cfc5c67d7dcbf9f2a2120ae36fa3a2629ddfa22705a 8e83a2b2f1f86b1bd2e663ab804780160404581e4eb960ee69339877b78181a8
SERVER_HANDSHAKE_TRAFFIC_SECRET 1ee026d1166c02f2ff7c9cfc5c67d7dcbf9f2a2120ae36fa3a2629ddfa22705a 51710eb14fbeb498b6115c2b10cd8c9cc63cd573840119508d8b580f266f3bfe
CLIENT_TRAFFIC_SECRET_0 1ee026d1166c02f2ff7c9cfc5c67d7dcbf9f2a2120ae36fa3a2629ddfa22705a fb5bc7d0cc574f3461093883ebd9a7af98910669c2812d21060e1bf7cb8de19c
SERVER_TRAFFIC_SECRET_0 1ee026d1166c02f2ff7c9cfc5c67d7dcbf9f2a2120ae36fa3a2629ddfa22705a 0274a1e9c86fcc9658f66ad07c70a9d2198db480b162b4d984702d936dfd1d14
CLIENT_HANDSHAKE_TRAFFIC_SECRET bc408f656101c93a6429efb0333ac83d226ed82e62c8ce58b150d5ae74142dbe 99193bc399bd9b845c9ecef99db5c0060a2aec5b8a1b4dad071a288b5e2309a5
SERVER_HANDSHAKE_TRAFFIC_SECRET bc408f656101c93a6429efb0333ac83d226ed82e62c8ce58b150d5ae74142dbe 58d519d0c68cabcc4beb67fcc82c906e5a45cb1d93df79ba9a1e90f63da5e1e5
CLIENT_TRAFFIC_SECRET_0 bc408f656101c93a6429efb0333ac83d226ed82e62c8ce58b150d5ae74142dbe 0d55696eed4d7dde8be5f805f69672464d2d496fb489c6b070c359f8df62d461
SERVER_TRAFFIC_SECRET_0 bc408f656101c93a6429efb0333ac83d226ed82e62c8ce58b150d5ae74142dbe 3871c12390d99bd111715f91fb47c29929311cc3d430460a1dfe28ec6d7069a6
CLIENT_HANDSHAKE_TRAFFIC_SECRET f245f441df13567974a9b37239db1cbdf6a09ff337344e5b7bf91af97848fde7 5d3f84ae886120bd62ffdab344606a587669c68d4bd43a6737ec8128fda66c3c
SERVER_HANDSHAKE_TRAFFIC_SECRET f245f441df13567974a9b37239db1cbdf6a09ff337344e5b7bf91af97848fde7 6f7b08be137c81cbdcc43cf540defece0130c003f3a35bcb265aa9ce35c70021
CLIENT_TRAFFIC_SECRET_0 f245f441df13567974a9b37239db1cbdf6a09ff337344e5b7bf91af97848fde7 ef6839f75783d06a700bdfc57550aa985ece16bc3dcaf470d1798d99b6ee4943
SERVER_TRAFFIC_SECRET_0 f245f441df13567974a9b37239db1cbdf6a09ff337344e5b7bf91af97848fde7 78b0297642fce1cb40266b07648e6b3c0114d7d714ab1c03e0342c4900518e17
CLIENT_HANDSHAKE_TRAFFIC_SECRET 685f1ae55765f76df4e341aa60540cdbd97117ef9ff5f3984426f75a23c6141c 8e6a23dd69ba69d6a60f86029d23471b345aa7f9963879b12cadfa1a65b6781b
SERVER_HANDSHAKE_TRAFFIC_SECRET 685f1ae55765f76df4e341aa60540cdbd97117ef9ff5f3984426f75a23c6141c 29ae9e241221bcd572696df253d8a4476e79fc96c7b8eb815e451bac436564ec
CLIENT_TRAFFIC_SECRET_0 685f1ae55765f76df4e341aa60540cdbd97117ef9ff5f3984426f75a23c6141c 30aebce0c86ec3d2b6598d8e61e49e2536dc12bc1f3623bed644a1c798b05e8b
SERVER_TRAFFIC_SECRET_0 685f1ae55765f76df4e341aa60540cdbd97117ef9ff5f3984426f75a23c6141c 87c8a04d201db154ec00702c1ae3887708a946bd6cc5a4791f3f9edfd401e227
CLIENT_HANDSHAKE_TRAFFIC_SECRET 1c3682febe3d496a7fe4b79be6746daa80c5acca5b885caaa606e25441097ea3 46340f0b49ddf3bae0f29e18bddf75684774759e58e5a04a5045e288a032baab
SERVER_HANDSHAKE_TRAFFIC_SECRET 1c3682febe3d496a7fe4b79be6746daa80c5acca5b885caaa606e25441097ea3 0d52a5e2f8776dc72f24d584d265e98274eb365cec7711f2b0f5b7ce9093f4ef
CLIENT_TRAFFIC_SECRET_0 1c3682febe3d496a7fe4b79be6746daa80c5acca5b885caaa606e25441097ea3 47fd8411e4394076dc7d98a6f5165fecf2308b6765435559850bdd008e1537f4
SERVER_TRAFFIC_SECRET_0 1c3682febe3d496a7fe4b79be6746daa80c5acca5b885caaa606e25441097ea3 810592b69d165819d6b99db80d27586a478d9255a5978060dd121c40cf195f27
CLIENT_HANDSHAKE_TRAFFIC_SECRET 4fcdbfc3b40c50ec51cab4b107590f5dc69a2f1ba07c011b301e8cfe1e1d0b5f b724c55b64befe81f0703beca24ef1d0e164f7d48d24e46c281ffe1fb307fc0b
SERVER_HANDSHAKE_TRAFFIC_SECRET 4fcdbfc3b40c50ec51cab4b107590f5dc69a2f1ba07c011b301e8cfe1e1d0b5f bcf56cc6cb2022b0841c95f9ab79e2fc9692ca86bf36a78de3448adf4d177d5d
CLIENT_TRAFFIC_SECRET_0 4fcdbfc3b40c50ec51cab4b107590f5dc69a2f1ba07c011b301e8cfe1e1d0b5f c803453861bf5cce084402c1d2303de481cb19ea58a44dec2ce573e156de258f
SERVER_TRAFFIC_SECRET_0 4fcdbfc3b40c50ec51cab4b107590f5dc69a2f1ba07c011b301e8cfe1e1d0b5f 8255d181249f7c067f5f0c88e5704fa8e26984e7f42234554fb108abdb1e448f
CLIENT_HANDSHAKE_TRAFFIC_SECRET cc0df444413b61c910d210c1779769c4bba6a3989b849b06252b25a842aa68a4 597446b70b4f331d05e8a74c2bffac3e5389a6fa1f02fbe182b140dc529e25e3
SERVER_HANDSHAKE_TRAFFIC_SECRET cc0df444413b61c910d210c1779769c4bba6a3989b849b06252b25a842aa68a4 13256f2253c76cb0535c821a2332fbeb529b42a1a643cb4a72b5f4cf15ed5825
CLIENT_TRAFFIC_SECRET_0 cc0df444413b61c910d210c1779769c4bba6a3989b849b06252b25a842aa68a4 828635e21c0fae3f99e205fe1517e0477d551b3295ccd2c5ecdd50f7b43fcd96
SERVER_TRAFFIC_SECRET_0 cc0df444413b61c910d210c1779769c4bba6a3989b849b06252b25a842aa68a4 525c8e7d3a1e41989982ec6d68eac828fc56bcf9191e70400ca3e6a14a0bc497
CLIENT_HANDSHAKE_TRAFFIC_SECRET d76069a20d4e0a46bfbb1ef7651427744e3862b23265ed6ec51e96a7db917478 98a8a2c999d429ad4a5c58d37a1a56348fa8f9e828f64cd065d9154afc6133c0
SERVER_HANDSHAKE_TRAFFIC_SECRET d76069a20d4e0a46bfbb1ef7651427744e3862b23265ed6ec51e96a7db917478 0734244e7e690d1f8c5305ced7ef5ed9251ba751d10239f04fdb81791d85451b
CLIENT_TRAFFIC_SECRET_0 d76069a20d4e0a46bfbb1ef7651427744e3862b23265ed6ec51e96a7db917478 cf5665ac4590a45148b43cbfd29b4a8c0adca1f293bc8bd38ab9b3b659dd954f
SERVER_TRAFFIC_SECRET_0 d76069a20d4e0a46bfbb1ef7651427744e3862b23265ed6ec51e96a7db917478 431deb9378a67ed61d17bb54a1c498dbb189e8cfa965205325d3a4bff4ec78d0
CLIENT_HANDSHAKE_TRAFFIC_SECRET 50272d58dfb92134fe54057efe5657146aed36b3686125ad743aaef870df8e33 8a56187b5a1d61533777aa82c693806854542fdd1962408014847c4c2e414cf4
SERVER_HANDSHAKE_TRAFFIC_SECRET 50272d58dfb92134fe54057efe5657146aed36b3686125ad743aaef870df8e33 4ec711afcd1ebcf66a60985ec5676a762f1a0e0122e79f26306483ab813b846e
CLIENT_TRAFFIC_SECRET_0 50272d58dfb92134fe54057efe5657146aed36b3686125ad743aaef870df8e33 542def666c5955b8249d2715b18cc20c4eb28b32a63af1243d4833a5569cd3bb
SERVER_TRAFFIC_SECRET_0 50272d58dfb92134fe54057efe5657146aed36b3686125ad743aaef870df8e33 934ebad27f39e4a8554bc9db3c8316d77fd1b3e2df774eb32c97250e322adf59
CLIENT_HANDSHAKE_TRAFFIC_SECRET b0793d683790a473b206f147bdfcd0d1ac3d8b438243505084033ea769623b5f e5696195ea513b9405ef17de5b75e6c0d4c9cae2efe9bbc9a215daae1009fc7b
SERVER_HANDSHAKE_TRAFFIC_SECRET b0793d683790a473b206f147bdfcd0d1ac3d8b438243505084033ea769623b5f 7b8d132193909c497b4835feeb36f686cd5c18ea33c4961adf970cdb87ba237c
CLIENT_TRAFFIC_SECRET_0 b0793d683790a473b206f147bdfcd0d1ac3d8b438243505084033ea769623b5f 64c0c30597a3a36813bb22c6573fd23da29ba31412e375065e3dbfc083a9e8b1
SERVER_TRAFFIC_SECRET_0 b0793d683790a473b206f147bdfcd0d1ac3d8b438243505084033ea769623b5f c65c63a8ee241d78d5c7395d659eedd868129f8ca06003dec59cc57ab50e2e6a
CLIENT_HANDSHAKE_TRAFFIC_SECRET 03c95a52b4d619c850048a90df463d7da4de6765f578d9bb8ab6d2f4b20ed0b8 67565fcb7843c1b90c70d7928f4105123fd25f0d024348b555da7ff21b75ead9
SERVER_HANDSHAKE_TRAFFIC_SECRET 03c95a52b4d619c850048a90df463d7da4de6765f578d9bb8ab6d2f4b20ed0b8 f38807f62a6f721826d44ff3e14bcb6f3cbba807f2ff194e9fbda94cbb210ca3
CLIENT_TRAFFIC_SECRET_0 03c95a52b4d619c850048a90df463d7da4de6765f578d9bb8ab6d2f4b20ed0b8 7c9fcedd3d0f594059469fed7abc71c1cde0e0f54716c6371ffaa60c4d321d0b
SERVER_TRAFFIC_SECRET_0 03c95a52b4d619c850048a90df463d7da4de6765f578d9bb8ab6d2f4b20ed0b8 32577987ca5360c1db93b7f596999c24c51969972785b8f766b5624ca38e02b0
CLIENT_HANDSHAKE_TRAFFIC_SECRET 6ee46978e55be5fb6ed769031baf9781c09bfd6992bde977844ef1315637221b 94478ede631dfd81d0e67cb9dff998d81c83aa265b824decb3317a77c8b9e1b3
SERVER_HANDSHAKE_TRAFFIC_SECRET 6ee46978e55be5fb6ed769031baf9781c09bfd6992bde977844ef1315637221b 579c3f606e4a0c7d350c0e1286e8e1c4d51b4ee332994e3af91a641f5a85b68b
CLIENT_TRAFFIC_SECRET_0 6ee46978e55be5fb6ed769031baf9781c09bfd6992bde977844ef1315637221b 63cee5dfb82eb4809f19b1446ea5d91ffb56c73ef18a06811fb90240483774a9
SERVER_TRAFFIC_SECRET_0 6ee46978e55be5fb6ed769031baf9781c09bfd6992bde977844ef1315637221b 8ea9a12aa684a9e353d7d294599c86ce7fbdcff6b2a9a270ac54c2dd93c751d8
CLIENT_HANDSHAKE_TRAFFIC_SECRET 4747269769b8d87af7dc295578fd03be851029967e81234255e7564e28e01b6b 3d621d249cf142152865491af33442e4c6c13a1cd5e190e485f2e45772385c8d
SERVER_HANDSHAKE_TRAFFIC_SECRET 4747269769b8d87af7dc295578fd03be851029967e81234255e7564e28e01b6b d3c10c334c0a65312bfc076b8a03f29ca555ad291a65e67bac482fcf10e6f1ee
CLIENT_TRAFFIC_SECRET_0 4747269769b8d87af7dc295578fd03be851029967e81234255e7564e28e01b6b ba779e6322ab59be1e9af7a4547f79e465d513062191a7273f708c0c38ce99c8
SERVER_TRAFFIC_SECRET_0 4747269769b8d87af7dc295578fd03be851029967e81234255e7564e28e01b6b 82d9dc998be8a346b5af614dc169b9b55d2800be820339e5fb9cb3267654498a
CLIENT_HANDSHAKE_TRAFFIC_SECRET d767a229092485e57b52a4b9cc590d192b5397e1d26a2919a5ade8d63648e8a6 4e1d623e424f6686a957e00d36e9302ceeb24b0b2a1006eb758f7789b16cde3b
SERVER_HANDSHAKE_TRAFFIC_SECRET d767a229092485e57b52a4b9cc590d192b5397e1d26a2919a5ade8d63648e8a6 ca231c52a303a97419ed2ad645b0e6598df96dcf73636443f6aaf837c6663e60
CLIENT_TRAFFIC_SECRET_0 d767a229092485e57b52a4b9cc590d192b5397e1d26a2919a5ade8d63648e8a6 245e012c42a4f192bddb4f240f9549465ef29e7979e27bb94718d64c4c9885c9
SERVER_TRAFFIC_SECRET_0 d767a229092485e57b52a4b9cc590d192b5397e1d26a2919a5ade8d63648e8a6 fa4a465574f9830197ab7ca6dfa91c7af537762368371d12a31d652cd7a10d3a
CLIENT_HANDSHAKE_TRAFFIC_SECRET b3506dcb77b82999a15d207ef6ca0e6736b6567a2ce75e9521cd500a9152a0e0 b575550e34410e8fc374287a33a5a9d813962e151d365d8783a0a5b0efd02e83
SERVER_HANDSHAKE_TRAFFIC_SECRET b3506dcb77b82999a15d207ef6ca0e6736b6567a2ce75e9521cd500a9152a0e0 569f84d42919eed68e3add0caca57ee307c42ca19666eb03916b6ecca2eb45cc
CLIENT_TRAFFIC_SECRET_0 b3506dcb77b82999a15d207ef6ca0e6736b6567a2ce75e9521cd500a9152a0e0 7432440996201f597a99cd8d31596bb83f684bd57b7b14cd931d23a4326b72ab
SERVER_TRAFFIC_SECRET_0 b3506dcb77b82999a15d207ef6ca0e6736b6567a2ce75e9521cd500a9152a0e0 941f9efd9d71739146b6b00a1942305ca8a9f676fb494bd3d220f81b2c672e7f
CLIENT_HANDSHAKE_TRAFFIC_SECRET 0ff3b1063a0278518ff2525cfaa6f00518b5720ab5c9a1cb1c80c865f5696651 33ab7a5a41c21474b54eaac62eeb71e4740550377629df29334c321d8bf6b198
SERVER_HANDSHAKE_TRAFFIC_SECRET 0ff3b1063a0278518ff2525cfaa6f00518b5720ab5c9a1cb1c80c865f5696651 a26e0bd3374fa77760c0d960754c2e52c684cb780875ca4bb304940005be406b
CLIENT_TRAFFIC_SECRET_0 0ff3b1063a0278518ff2525cfaa6f00518b5720ab5c9a1cb1c80c865f5696651 978dba6535a15caa4803b146764f40b65e1b1352cacb1bddecf8ccdb077ac504
SERVER_TRAFFIC_SECRET_0 0ff3b1063a0278518ff2525cfaa6f00518b5720ab5c9a1cb1c80c865f5696651 4059ef74994a5408efb4b1d089c19cb22a8a66c7962e7530ed25ce2f8be5157a
CLIENT_HANDSHAKE_TRAFFIC_SECRET 3e97d478ea53b6b18a5a3fcd763f292ffd1e6ec1683d4d138662865b7dd35b11 81a1448b923ed6395be1ae29cee2529c6079228e96d00052ee7d9117f8c44520
SERVER_HANDSHAKE_TRAFFIC_SECRET 3e97d478ea53b6b18a5a3fcd763f292ffd1e6ec1683d4d138662865b7dd35b11 2261bd12e27f9d57a61596d934f6f4af5f69b4a0cd02eba5596dff35fffa79e9
CLIENT_TRAFFIC_SECRET_0 3e97d478ea53b6b18a5a3fcd763f292ffd1e6ec1683d4d138662865b7dd35b11 c25b9afdfab7d0fb3d04a65436d01e1c6f8211c062ecc81973011a40a33684aa
SERVER_TRAFFIC_SECRET_0 3e97d478ea53b6b18a5a3fcd763f292ffd1e6ec1683d4d138662865b7dd35b11 d8a4eea424c0d8c6847f9b9ff3819c44f9c45ee02040b20e9ed7408c1e05037c
CLIENT_HANDSHAKE_TRAFFIC_SECRET a900ef399e23e7069610861295bfca780b42d47636cefd776a28fc78a0e286e9 f75f85d47fe8e488ed2877868a4023089dc81ed9670e0e0a0bca35eacaf75589
SERVER_HANDSHAKE_TRAFFIC_SECRET a900ef399e23e7069610861295bfca780b42d47636cefd776a28fc78a0e286e9 19cf329bf4642d5a62bd49b2d2a7a612caff4a65a49c9af1fa61ec8f6cd12f1a
CLIENT_TRAFFIC_SECRET_0 a900ef399e23e7069610861295bfca780b42d47636cefd776a28fc78a0e286e9 ebdc6d4f5c464619f18950f9d8e0b0a281776d3176fb2f5e3c153770d88a8179
SERVER_TRAFFIC_SECRET_0 a900ef399e23e7069610861295bfca780b42d47636cefd776a28fc78a0e286e9 3908b28e4ab0ebd4fd2ebbe5d21d58dd3449194f0a490ed42440eef89c16bebd
CLIENT_HANDSHAKE_TRAFFIC_SECRET 057908e8897ee5d59a284bc5ab8f5e511d432782585a698a5db1b782fc1018ad 9363becadc0d2744dedcb52b94dd9e193d345f49be9503417f8ceef63cb0f023
SERVER_HANDSHAKE_TRAFFIC_SECRET 057908e8897ee5d59a284bc5ab8f5e511d432782585a698a5db1b782fc1018ad 077bca4c6dd8476e8096b2c854b788407949f06ddfce52d06ade7c874c88e921
CLIENT_TRAFFIC_SECRET_0 057908e8897ee5d59a284bc5ab8f5e511d432782585a698a5db1b782fc1018ad bc21a9708a0d9ce9038d9295c839dabd5be4d160b0650ff379fab398635f240a
SERVER_TRAFFIC_SECRET_0 057908e8897ee5d59a284bc5ab8f5e511d432782585a698a5db1b782fc1018ad 696c74d932d32a77a53f2981b4dff38190aaa76c519d87d386210c59fdab42e8
CLIENT_HANDSHAKE_TRAFFIC_SECRET acb60c7ea7bde3eeb6d97c0ed32ed5643247c4ccb58f131723dd72627ea21bae af1efdb5bcb80d830393a4756fcac13761808d7cd0961d19867ca333d6cd6d9a
SERVER_HANDSHAKE_TRAFFIC_SECRET acb60c7ea7bde3eeb6d97c0ed32ed5643247c4ccb58f131723dd72627ea21bae eedcf5fc83de5385056d533f25a797bc2b8f2386a2d4aa49d447aa33b8f5da6e
CLIENT_TRAFFIC_SECRET_0 acb60c7ea7bde3eeb6d97c0ed32ed5643247c4ccb58f131723dd72627ea21bae cbd2c4644e6658e6d9eba1cf5b582c3fdf11aec516f0b94be0228f9e2c76b3d2
SERVER_TRAFFIC_SECRET_0 acb60c7ea7bde3eeb6d97c0ed32ed5643247c4ccb58f131723dd72627ea21bae e21ae0d46fcfdfdc6cead95f5f0d507553f142545f03d8f6f960a188088588f6
CLIENT_HANDSHAKE_TRAFFIC_SECRET 7fb09abd3caeade6e5dc76dfbb0fb84ea037e17d18cfec32df999db4a27c25f9 974e010084728e535f05a588cabb8fa0b234eff1937ceb78a091c0aeca90256b
SERVER_HANDSHAKE_TRAFFIC_SECRET 7fb09abd3caeade6e5dc76dfbb0fb84ea037e17d18cfec32df999db4a27c25f9 e81a602a2b70d7176ec7740d3bf4c288ba227eea55c1f6baf699166b83b8a503
CLIENT_TRAFFIC_SECRET_0 7fb09abd3caeade6e5dc76dfbb0fb84ea037e17d18cfec32df999db4a27c25f9 60395ed330347651509d786db30d79be179eba62ac5ac4ec62633c9f91ad1b43
SERVER_TRAFFIC_SECRET_0 7fb09abd3caeade6e5dc76dfbb0fb84ea037e17d18cfec32df999db4a27c25f9 5174f723d0181a40b988942c728139c8a92efa1aea5876080efad9ca07502607
CLIENT_HANDSHAKE_TRAFFIC_SECRET 188eb72e3cc49219a46aeb00e95c4c3fbdf925c86225ed8d22c67efb64e05927 663734499f7bbf54fd697ea298907cd5b9c64fc2534b0f07f6750e9b1308ce99
SERVER_HANDSHAKE_TRAFFIC_SECRET 188eb72e3cc49219a46aeb00e95c4c3fbdf925c86225ed8d22c67efb64e05927 48304d980c23766fcff710175427f86f6e48473ad966ed81965b11d935884398
CLIENT_TRAFFIC_SECRET_0 188eb72e3cc49219a46aeb00e95c4c3fbdf925c86225ed8d22c67efb64e05927 69fdb78706a0a7473869a98d7a5ac37d86a13ef669949a1d0510776255e22527
SERVER_TRAFFIC_SECRET_0 188eb72e3cc49219a46aeb00e95c4c3fbdf925c86225ed8d22c67efb64e05927 558304358a357e5511d9eebc70434f3ead32960e17c67538f1029b2e6e401ead
CLIENT_HANDSHAKE_TRAFFIC_SECRET 50ab4f3103acf798ba86a9ac0730db1429dd49016148b6fbdbe07f942f53143b 81cd1ff2a276b6cfb0872c04aff7fc4ffa06a666c01b2032a09f31b8ccd32222
SERVER_HANDSHAKE_TRAFFIC_SECRET 50ab4f3103acf798ba86a9ac0730db1429dd49016148b6fbdbe07f942f53143b 29fe564c0303c2848a9d9d77f6805f10a090e691d2b4d515cfa3c8eb6c4bb5c6
CLIENT_TRAFFIC_SECRET_0 50ab4f3103acf798ba86a9ac0730db1429dd49016148b6fbdbe07f942f53143b 624898720969f0c8cea2d3a80e7f1d62a32d3ba048836bb8d93bb20663aee74c
SERVER_TRAFFIC_SECRET_0 50ab4f3103acf798ba86a9ac0730db1429dd49016148b6fbdbe07f942f53143b 6892057b84a0d955321d9ea8f1aad127b210a56ccf134d27d8a317399a418d9a
CLIENT_HANDSHAKE_TRAFFIC_SECRET 563b56330a9f3f06078888154e98944ad4e97b490c8e064bf14f7985040c81d0 15083aac6c8e9d14914293a4ee152922c600c25cdcced98eac4b6f0e75c63766
SERVER_HANDSHAKE_TRAFFIC_SECRET 563b56330a9f3f06078888154e98944ad4e97b490c8e064bf14f7985040c81d0 bb0edb4e2c888982ed9e631229a6bae392b2f9aef22b55a61a95d4b03440f5e8
CLIENT_TRAFFIC_SECRET_0 563b56330a9f3f06078888154e98944ad4e97b490c8e064bf14f7985040c81d0 4586d107161dc64320378127751fa3f2911eee336f8266a1b12ef7085249be35
SERVER_TRAFFIC_SECRET_0 563b56330a9f3f06078888154e98944ad4e97b490c8e064bf14f7985040c81d0 ba73fde27dbecf526ae2c83dba168733ca47fed6d1c743adcae5ae1bebfafc30
CLIENT_HANDSHAKE_TRAFFIC_SECRET 332d45b1e9c47cd435ac7995097e17412b74f5ab3e5aa9b0a313f15c55935241 3552bef6b6cf5b27583184cfd2be7b8f849a0a3163b493a32d061ec112d857a0
SERVER_HANDSHAKE_TRAFFIC_SECRET 332d45b1e9c47cd435ac7995097e17412b74f5ab3e5aa9b0a313f15c55935241 936ae3f90fe839b630abfc05cc768b872e370df5bba3941ce67d8533a34dbba7
CLIENT_TRAFFIC_SECRET_0 332d45b1e9c47cd435ac7995097e17412b74f5ab3e5aa9b0a313f15c55935241 1f3636cf3625d8953d7f2fcc02a15fecaafc4cfacf80ec3dce81c6a31b921a6f
SERVER_TRAFFIC_SECRET_0 332d45b1e9c47cd435ac7995097e17412b74f5ab3e5aa9b0a313f15c55935241 7096bc413ad5b0d5b679dc103e37f32b1ba0ecb41f031fda9c31164bea88a988
CLIENT_HANDSHAKE_TRAFFIC_SECRET d67d90a7e14bff533b4ed37941b353de1dd65a2c40d71b23ca1a7debfc7d1df0 17cc688ee7388544f6c47268018bee58b848d945137e8bddc39dd65e79819d64
SERVER_HANDSHAKE_TRAFFIC_SECRET d67d90a7e14bff533b4ed37941b353de1dd65a2c40d71b23ca1a7debfc7d1df0 2032893821cfdee70575d399fd304d0ae23425a66168cbc565b9b418bf8e7912
CLIENT_TRAFFIC_SECRET_0 d67d90a7e14bff533b4ed37941b353de1dd65a2c40d71b23ca1a7debfc7d1df0 5248fa92345cbae2d64284c1b1f0eecb879874943a610c658a533574df71b94f
SERVER_TRAFFIC_SECRET_0 d67d90a7e14bff533b4ed37941b353de1dd65a2c40d71b23ca1a7debfc7d1df0 a54fde0ec718fb53e22c0d552a9785c008fedd24a8f29bf8e09b075317b2cad5
CLIENT_HANDSHAKE_TRAFFIC_SECRET b0cc09f31c0134d3a01dc0d77c3e9d7437d17ffe4c065c62fb4a5b2591f77e0a c22beb90a7f1974bbcd68baed13462092e771361b9f5a34671fbecb3b8a1f024
SERVER_HANDSHAKE_TRAFFIC_SECRET b0cc09f31c0134d3a01dc0d77c3e9d7437d17ffe4c065c62fb4a5b2591f77e0a 57ff5a0299408f420ce047f045079aa15c5a02f31ba3cd637159aeed82d34aab
CLIENT_TRAFFIC_SECRET_0 b0cc09f31c0134d3a01dc0d77c3e9d7437d17ffe4c065c62fb4a5b2591f77e0a 7f04f8b85d8f3c462cb61f1813a4b0c63d76d8bacea0fdb352b5e88706b5fef5
SERVER_TRAFFIC_SECRET_0 b0cc09f31c0134d3a01dc0d77c3e9d7437d17ffe4c065c62fb4a5b2591f77e0a 181e50e5528d52eb1ffeed76c59baf708fb2cd862d189e91f76180dc4866fa7e
CLIENT_HANDSHAKE_TRAFFIC_SECRET de8d138e8026d4af5b122828060db7b4ed835dcc7bbfb6246117c153441e0105 c2b6ef6ad34290bbad401d8f9a8efba7d0c05c626c2a572a2e5ecd5c2a8a2424
SERVER_HANDSHAKE_TRAFFIC_SECRET de8d138e8026d4af5b122828060db7b4ed835dcc7bbfb6246117c153441e0105 f0323b8096339d2045bda93fe31a2513a3defc9fe816514e54305e27ba0f88d6
CLIENT_TRAFFIC_SECRET_0 de8d138e8026d4af5b122828060db7b4ed835dcc7bbfb6246117c153441e0105 df8c661c1236cb212e7048a6a50af1559e2cfdc3048eda11a00ea3c357a9a5a9
SERVER_TRAFFIC_SECRET_0 de8d138e8026d4af5b122828060db7b4ed835dcc7bbfb6246117c153441e0105 125c08ac9e591d06f8d41023d7987d15f5feb5c2f8132e445ea9639694e09934
CLIENT_HANDSHAKE_TRAFFIC_SECRET 1370c6cabb735b16f44d34f92f604083199c6593d43ae44ab4b24e5c2dced088 bf06db381e437fa2139ec8cc15087e4ff908474a07192fd4473fe52906db63c4
SERVER_HANDSHAKE_TRAFFIC_SECRET 1370c6cabb735b16f44d34f92f604083199c6593d43ae44ab4b24e5c2dced088 b626a74b36a7084e56d217e8d41415047b331ec6a4e99dc965fa6c830339b298
CLIENT_TRAFFIC_SECRET_0 1370c6cabb735b16f44d34f92f604083199c6593d43ae44ab4b24e5c2dced088 579701aac65d64c9fddfea99e86b12bc1e7a9cac3aa37861ebdf2de07edc37ff
SERVER_TRAFFIC_SECRET_0 1370c6cabb735b16f44d34f92f604083199c6593d43ae44ab4b24e5c2dced088 1abcaf5549db367b9c5f8de9b048d9c88705b7555fc5edefcd63a999586ff94e
CLIENT_HANDSHAKE_TRAFFIC_SECRET 8ced393677f8cc0115623a4d5da9632c0ab428cf24ad76383a2f301052b8b158 6caae52630462de3b77af48b51c369256e3156f3162d771d4a81b36360d72ac8
SERVER_HANDSHAKE_TRAFFIC_SECRET 8ced393677f8cc0115623a4d5da9632c0ab428cf24ad76383a2f301052b8b158 180e78094b0617ff699e8d2de647057e0a085a90a86a8f22d727d2a561197599
CLIENT_TRAFFIC_SECRET_0 8ced393677f8cc0115623a4d5da9632c0ab428cf24ad76383a2f301052b8b158 9cf425f8adb105d1d6862a2b0944038476c254427183e4dfa64a0b8ac37a2267
SERVER_TRAFFIC_SECRET_0 8ced393677f8cc0115623a4d5da9632c0ab428cf24ad76383a2f301052b8b158 ada1b37228baa7f405a15347aa3803020f6db29189d66a95de629ab62be77702
CLIENT_HANDSHAKE_TRAFFIC_SECRET 7aa8dcf2563bb1af59fd7197c9a8300d41ac82320dd1d20500076426937f9fbf 63ef193c3025014a2f5bf1cdff2e671760434862169d9eb446150b45ac9e4822
SERVER_HANDSHAKE_TRAFFIC_SECRET 7aa8dcf2563bb1af59fd7197c9a8300d41ac82320dd1d20500076426937f9fbf f50c93a89ea755350ddef9977362dc14bfc2558150bcd19132fe4fe46a510b97
CLIENT_TRAFFIC_SECRET_0 7aa8dcf2563bb1af59fd7197c9a8300d41ac82320dd1d20500076426937f9fbf 098ee1cc40f7c78d8e4b0f77e257b05b50bd4076cda69ae0a229d9b8c8439c61
SERVER_TRAFFIC_SECRET_0 7aa8dcf2563bb1af59fd7197c9a8300d41ac82320dd1d20500076426937f9fbf 747a4d3c5e473b116e577e4717138d112ae407e9d96b0f699559175824c82b76
CLIENT_HANDSHAKE_TRAFFIC_SECRET 254f0277c1fa589fb444a3911a5c6050814851dae7ecd21d6a7652edc85308b9 a2dc1708c89a22113beec55e422574f0a9cd3ebd6bd610f6e79c4bc407078f2c
SERVER_HANDSHAKE_TRAFFIC_SECRET 254f0277c1fa589fb444a3911a5c6050814851dae7ecd21d6a7652edc85308b9 b7b16be88a53db9846d8bba1e06ed59900719cf3b1e856a948f76ca85c9d2c93
CLIENT_TRAFFIC_SECRET_0 254f0277c1fa589fb444a3911a5c6050814851dae7ecd21d6a7652edc85308b9 543e82527e4ce4a7d1f4123382d3e12b88c08a05c117bfdd382193037304cde0
SERVER_TRAFFIC_SECRET_0 254f0277c1fa589fb444a3911a5c6050814851dae7ecd21d6a7652edc85308b9 ba49d3924f9e52818388e8592dac164dcaaba561baee61b97dd233531dcc3bd8
CLIENT_HANDSHAKE_TRAFFIC_SECRET c54c5e63434c4d10ff6eacd0432965c2c29df78206f8264626d2b89b6b17379c 57a6350b9247b9d0ba683d13ae452a299a472fa329420c14e45a0ff6177ca85d
SERVER_HANDSHAKE_TRAFFIC_SECRET c54c5e63434c4d10ff6eacd0432965c2c29df78206f8264626d2b89b6b17379c 18fe9b3b3ee97d6261e098ea0f119c72e81779ae9705f0a238dcf48289e93baf
CLIENT_TRAFFIC_SECRET_0 c54c5e63434c4d10ff6eacd0432965c2c29df78206f8264626d2b89b6b17379c 31f1331d32ecbcc3a347804f109639f05220152c372177b9ff974d75055b2fa9
SERVER_TRAFFIC_SECRET_0 c54c5e63434c4d10ff6eacd0432965c2c29df78206f8264626d2b89b6b17379c 037bd550d4f3c7cdd7746b3b23b17bfc8add4a6fcbc754aea4bd2b390df44047
CLIENT_HANDSHAKE_TRAFFIC_SECRET e9e6150b6c8f4a6db09e869775e135be1cb8b16987516d295dfeb071fa84c66c 2d13ea939a661a03b6ba445c54b11dd7416c8c5cb6b1a207bcd6d903252ba342
SERVER_HANDSHAKE_TRAFFIC_SECRET e9e6150b6c8f4a6db09e869775e135be1cb8b16987516d295dfeb071fa84c66c a3a013a94ac11159ec700ed13e15025a617263cf1d0a197fa4a1dad4783c173a
CLIENT_TRAFFIC_SECRET_0 e9e6150b6c8f4a6db09e869775e135be1cb8b16987516d295dfeb071fa84c66c 2446ed81ba23e58d0eaa88c76a43d63cb7ad693ff51e8b6f4c75bb07aa0bafab
SERVER_TRAFFIC_SECRET_0 e9e6150b6c8f4a6db09e869775e135be1cb8b16987516d295dfeb071fa84c66c fa94012104f6552ef0338cbe9cf62506c465ca96cc3db64006503b977ebf9890
CLIENT_HANDSHAKE_TRAFFIC_SECRET 79b2741cc29556aeb528aa05a15004e799d12c9f89b482915e880b51aae81a28 63d537ff3f5875562d303adfb2103c7f9432951135e7b6ce14d13a3bbbfbc935
SERVER_HANDSHAKE_TRAFFIC_SECRET 79b2741cc29556aeb528aa05a15004e799d12c9f89b482915e880b51aae81a28 78db32fde6cc8c0a1813340476aca9e0f1bed56d5b5c1c8da8327967e657dfb4
CLIENT_TRAFFIC_SECRET_0 79b2741cc29556aeb528aa05a15004e799d12c9f89b482915e880b51aae81a28 974e93a6513550b6efdba1b1bf33a8e4e36e6c64b9c24be402fcfd3110918adb
SERVER_TRAFFIC_SECRET_0 79b2741cc29556aeb528aa05a15004e799d12c9f89b482915e880b51aae81a28 1a65612322ffc5cb28473f74100e7c63725bc6fd3f4236ff23be75054a61a090
CLIENT_HANDSHAKE_TRAFFIC_SECRET 7396f2a3a77aa9862b00700072d99c8e7468df36c6eb05c73da6d391ee7dda63 82a3be39d02f421d039820926259d380152022b051582da15118bf296352f63a
SERVER_HANDSHAKE_TRAFFIC_SECRET 7396f2a3a77aa9862b00700072d99c8e7468df36c6eb05c73da6d391ee7dda63 2f52a46c6849a0ffb7fe977728ace8a9be92239e799f30195e28bdb2640f0ac1
CLIENT_TRAFFIC_SECRET_0 7396f2a3a77aa9862b00700072d99c8e7468df36c6eb05c73da6d391ee7dda63 ec3b9731a96a17889aefbf4a7ddbd3512dd21863edf8d0b0b5fb4659ed6997b8
SERVER_TRAFFIC_SECRET_0 7396f2a3a77aa9862b00700072d99c8e7468df36c6eb05c73da6d391ee7dda63 802a24d4b688d4b4822808940ea945328cd262c0b1c61d643ac1a6b69adb683a
CLIENT_HANDSHAKE_TRAFFIC_SECRET 127a55612529efcd7d8470f3ee2b84999dc424298cc4e7a42d1befb9b3eb168d cea8dd78eee589c92349507b6b4bfe37c0d3dbadebea0eaf5af6e58435239ac6
SERVER_HANDSHAKE_TRAFFIC_SECRET 127a55612529efcd7d8470f3ee2b84999dc424298cc4e7a42d1befb9b3eb168d 8c8699ead6892d9fdbe08213400af4359060c4e9b58fc5a5c50e8ad1c25d40e4
CLIENT_TRAFFIC_SECRET_0 127a55612529efcd7d8470f3ee2b84999dc424298cc4e7a42d1befb9b3eb168d f6aae38169117d51ec66536733b1498f65da890cab6fe43d980279c5635749ee
SERVER_TRAFFIC_SECRET_0 127a55612529efcd7d8470f3ee2b84999dc424298cc4e7a42d1befb9b3eb168d ceae7d858d1535d14d0413b09a1dcca0d08339c86d6a5a2e90c7c09a90983b04
CLIENT_HANDSHAKE_TRAFFIC_SECRET 7a18c3fc0c677191e7f354932a8714411c7c130ba958a08ec2a17d5fde3ebc90 9473847e43aaf99b9c8b7483436c57275bbde4473800c08e66538aa705f1d016
SERVER_HANDSHAKE_TRAFFIC_SECRET 7a18c3fc0c677191e7f354932a8714411c7c130ba958a08ec2a17d5fde3ebc90 0982fa000709518cf210f919a85fa2f99d908b95281415a318f1296d9e6853bc
CLIENT_TRAFFIC_SECRET_0 7a18c3fc0c677191e7f354932a8714411c7c130ba958a08ec2a17d5fde3ebc90 f6ee6dc67c85192e633ad205ef477e24f1ab6beb2d2b5cdb9eaa510baff273b9
SERVER_TRAFFIC_SECRET_0 7a18c3fc0c677191e7f354932a8714411c7c130ba958a08ec2a17d5fde3ebc90 38a6c638e05079171e2be95254738f1f10a0bfb40ec4ed714ea67f0689ef8ed0
CLIENT_HANDSHAKE_TRAFFIC_SECRET 30206dd3753a7c04b61cca005084cc93f66c9cf9ae709f2c7de2e21cc585f132 e4238611e0ae0ac895ea73e6300803b00ea8d3212f7b0d342891359111ca6d78
SERVER_HANDSHAKE_TRAFFIC_SECRET 30206dd3753a7c04b61cca005084cc93f66c9cf9ae709f2c7de2e21cc585f132 3cb4e9c3af1600337b644b8afcecbc933171eab12ee079478268a295333f344a
CLIENT_TRAFFIC_SECRET_0 30206dd3753a7c04b61cca005084cc93f66c9cf9ae709f2c7de2e21cc585f132 9a35c179664f0ff7a16693e417e9d560c518656cf25fce859006b959e302e172
SERVER_TRAFFIC_SECRET_0 30206dd3753a7c04b61cca005084cc93f66c9cf9ae709f2c7de2e21cc585f132 957be98e306691cf105414d1863c9a4b5d71fa74626cf11c1cf19920b30f3792
CLIENT_HANDSHAKE_TRAFFIC_SECRET bd9e8bbee5837e29c5cc926a1b6c606a7cf7625e2d06ad60b076b628b1eff568 30e235c566053075915760f72c41d9dfae62a884c70151b8f284799905219c2e
SERVER_HANDSHAKE_TRAFFIC_SECRET bd9e8bbee5837e29c5cc926a1b6c606a7cf7625e2d06ad60b076b628b1eff568 70968e28a98541c3f243c9a602b540bda1a8bfb9881bfe586a66282107b99bb7
CLIENT_TRAFFIC_SECRET_0 bd9e8bbee5837e29c5cc926a1b6c606a7cf7625e2d06ad60b076b628b1eff568 f368e4773708af63b8e7f1b2391f74dde65391305a44f80369cbf618ed3de1e9
SERVER_TRAFFIC_SECRET_0 bd9e8bbee5837e29c5cc926a1b6c606a7cf7625e2d06ad60b076b628b1eff568 3f290662feb0caac78332899733b09285feda34872e15bc9daf8e5b364bb7a11
CLIENT_HANDSHAKE_TRAFFIC_SECRET 91e3c86e399468dbe60af144f4a7ace23e0b0e49a65aedff0af52ba0bb6466d8 d8efaa1346cd2bf777ddaae71af082a667073dbda03f3ad049c530c7e4d2bc3b
SERVER_HANDSHAKE_TRAFFIC_SECRET 91e3c86e399468dbe60af144f4a7ace23e0b0e49a65aedff0af52ba0bb6466d8 1d921088261c5dbc0bd08c913556c3a647d96ff7ef038a99921fc19a4800161f
CLIENT_TRAFFIC_SECRET_0 91e3c86e399468dbe60af144f4a7ace23e0b0e49a65aedff0af52ba0bb6466d8 f16c58fdee16661cb7975e88a7508b9d1ab2ef82c933fde9e0918e62df55fdfb
SERVER_TRAFFIC_SECRET_0 91e3c86e399468dbe60af144f4a7ace23e0b0e49a65aedff0af52ba0bb6466d8 0305dd82cba6a2f7f9db76d2b096b66f2834938a2382da55a1fade20209b8300
CLIENT_HANDSHAKE_TRAFFIC_SECRET 8efb6b0da02d0e5516165937306dbbc7c8f927aa807bae300819ba480694707b 036eb983edbdb8fc8fbc96b3d896f15c6a76f4ffac3b4d7c0e3e8f4b97134017
SERVER_HANDSHAKE_TRAFFIC_SECRET 8efb6b0da02d0e5516165937306dbbc7c8f927aa807bae300819ba480694707b 016afb1d5f3dc1ffb79c79496e9a3a32c3c995e9824b819a418ba78ca9c1cf72
CLIENT_TRAFFIC_SECRET_0 8efb6b0da02d0e5516165937306dbbc7c8f927aa807bae300819ba480694707b c7f1f20dbe0f651bb1ccf44301fd8148fadf895ecc37b0c7a4799571aefabef0
SERVER_TRAFFIC_SECRET_0 8efb6b0da02d0e5516165937306dbbc7c8f927aa807bae300819ba480694707b 1737fc6225f6c5848dedb56c24eee6aa1f7d01021a1f71bd107858a3448fc091
CLIENT_HANDSHAKE_TRAFFIC_SECRET 111b28537cf535c68100450010bff26ade61332dfec40949903f251eb0649220 1623862a97fe396b6f7c3733b290f2f0deca39a4783301c276516be7712ff29d
SERVER_HANDSHAKE_TRAFFIC_SECRET 111b28537cf535c68100450010bff26ade61332dfec40949903f251eb0649220 bd70ca9c2392fdc17f283f023e90d1da404ddd222e7a5a2c00865011df4e96c3
CLIENT_TRAFFIC_SECRET_0 111b28537cf535c68100450010bff26ade61332dfec40949903f251eb0649220 452e230a6ab18896954bf212ab888d830310d155c569d665d2c9f5f737cedde5
SERVER_TRAFFIC_SECRET_0 111b28537cf535c68100450010bff26ade61332dfec40949903f251eb0649220 fe7d4158c60ddb6eec79207db7d9f7f80ed3cf88226e936d6f8c3d5020721dda
CLIENT_HANDSHAKE_TRAFFIC_SECRET 5d72be83c47ce579d180ca0a9770d382f78cfc3e0a6033a466062d5a26c6da80 f700f59bffa5f3c6ef511821f3cfa505dcdf5090120b259e8a441fd9d9265ecd
SERVER_HANDSHAKE_TRAFFIC_SECRET 5d72be83c47ce579d180ca0a9770d382f78cfc3e0a6033a466062d5a26c6da80 95a03ee72cd9f50c722cbed308f59fb4980af7ebf46ffc992c8559a7812c07f1
CLIENT_TRAFFIC_SECRET_0 5d72be83c47ce579d180ca0a9770d382f78cfc3e0a6033a466062d5a26c6da80 6cd9474556cd185238db6ce1368bc46d91187a67310f8b2a38bbf21f6f01f28f
SERVER_TRAFFIC_SECRET_0 5d72be83c47ce579d180ca0a9770d382f78cfc3e0a6033a466062d5a26c6da80 f1f275336dbb69ec3b553be571151643be88ac487647caa374056e8c87b9352f
CLIENT_HANDSHAKE_TRAFFIC_SECRET f00f1da1764acd5881f7c6dfebc0f4d35651445d166645e09cf04e3c8070a148 6fe5ff7917bf81e325a3bc2aed2ca5f6ede47b05bd8abc230df0aeda9ae224ca
SERVER_HANDSHAKE_TRAFFIC_SECRET f00f1da1764acd5881f7c6dfebc0f4d35651445d166645e09cf04e3c8070a148 e5aba2fe8950903a617c038d7f57fad2208ac1129714f4e084503a52d7a739f8
CLIENT_TRAFFIC_SECRET_0 f00f1da1764acd5881f7c6dfebc0f4d35651445d166645e09cf04e3c8070a148 61f7b8a5aab6ad48f7ee7209e31cf896ff34eb797c5a6024ef77f3ccf6c2c130
SERVER_TRAFFIC_SECRET_0 f00f1da1764acd5881f7c6dfebc0f4d35651445d166645e09cf04e3c8070a148 3b660ed119fa2a5a64569577010e0824177d016ae9269b5ed09bb62cad716776
CLIENT_HANDSHAKE_TRAFFIC_SECRET 670bcd08d38fb3c2e3ae511cbe0b05fd15acfd475c0d089d49d620569f07ae10 d815d13bfc87c1e295a1b5663fb6a653dd2d301553b2b43409c87218d23a293e
SERVER_HANDSHAKE_TRAFFIC_SECRET 670bcd08d38fb3c2e3ae511cbe0b05fd15acfd475c0d089d49d620569f07ae10 fa5303d02b96517ea6b24be363a87b54f45c22306b52070e3d4ec52b3a8ebe3a
CLIENT_TRAFFIC_SECRET_0 670bcd08d38fb3c2e3ae511cbe0b05fd15acfd475c0d089d49d620569f07ae10 df408fe0de68c31433bddca1241f5d3f06bdd84a4735a805a7fca7ecef3a1377
SERVER_TRAFFIC_SECRET_0 670bcd08d38fb3c2e3ae511cbe0b05fd15acfd475c0d089d49d620569f07ae10 dd44ff12e0c6cd59035d9affba5c50fff3d4176e002da0862f81f4e05551a791
CLIENT_HANDSHAKE_TRAFFIC_SECRET ca1ee14713c5ec1b885b121e177df45ef032a2df72a4dba7004497ba3ec5fae5 291b96e61e5d21af0710640bf04b9bc316f9dbc017cef1a4c36e770825f8b6c0
SERVER_HANDSHAKE_TRAFFIC_SECRET ca1ee14713c5ec1b885b121e177df45ef032a2df72a4dba7004497ba3ec5fae5 e56021ba8acc2fff4216d282a6813625d7bacbb4b7171cf91d296875a497f3be
CLIENT_TRAFFIC_SECRET_0 ca1ee14713c5ec1b885b121e177df45ef032a2df72a4dba7004497ba3ec5fae5 1c85602f009a0cb04e05edf50adc5761a2afcf5d21166f521193ac0eec13c67f
SERVER_TRAFFIC_SECRET_0 ca1ee14713c5ec1b885b121e177df45ef032a2df72a4dba7004497ba3ec5fae5 5f6987367cc85b5b7221236392ce6512697ca8fa5964915ed7abf97412a7c8e2
CLIENT_HANDSHAKE_TRAFFIC_SECRET 9540021b9bd3a05ce2911128b818992464a0fbaea5d196a3445b1b9f096f65ba df1bb56de2f6e67906a608456b4e486eb4c264fb462ed00a24757a60d5e40cc3
SERVER_HANDSHAKE_TRAFFIC_SECRET 9540021b9bd3a05ce2911128b818992464a0fbaea5d196a3445b1b9f096f65ba 1996578510a5d99e43fca03bb63d087b0bd7daf8c421cbcc4cebc8dbd18f29bf
CLIENT_TRAFFIC_SECRET_0 9540021b9bd3a05ce2911128b818992464a0fbaea5d196a3445b1b9f096f65ba 75053ba39e3e6fd411df50344f1fcbc07cc69dd7a946eb9f0d5164bc6d4f8e54
SERVER_TRAFFIC_SECRET_0 9540021b9bd3a05ce2911128b818992464a0fbaea5d196a3445b1b9f096f65ba 7f5a96a345471d87c322c88594323fe49d445163242dc7b1033c6e6438e641dc
CLIENT_HANDSHAKE_TRAFFIC_SECRET 03e515e3840d69744e8d3ffebf0df96b482b225b294baab56b01b4a1b8fa790b 94e89b28461bb4d0daacc9b3e70a59f8e781297205907d48c2b199ed13bae353
SERVER_HANDSHAKE_TRAFFIC_SECRET 03e515e3840d69744e8d3ffebf0df96b482b225b294baab56b01b4a1b8fa790b 351f40f0b4447adf2f15e7823cd4f1c5ecb232b7fb191070c056f948c3c96834
CLIENT_TRAFFIC_SECRET_0 03e515e3840d69744e8d3ffebf0df96b482b225b294baab56b01b4a1b8fa790b 95fbaa27b4f90ae402562c05528ec87dc8c2e8ead7eca6687d0994ddb1b52a82
SERVER_TRAFFIC_SECRET_0 03e515e3840d69744e8d3ffebf0df96b482b225b294baab56b01b4a1b8fa790b 28cb6edf630a31d708a7df4795db158c715a437e9cb07dbb0b7aef8aac210e32
CLIENT_HANDSHAKE_TRAFFIC_SECRET e27f5b35a379d4284309514708729154ba7fe4411cba75d13078dde57b6b47d4 117a32907603aa17684539db8011f2c22bd42dd6cddc67f04aa4559e57533047
SERVER_HANDSHAKE_TRAFFIC_SECRET e27f5b35a379d4284309514708729154ba7fe4411cba75d13078dde57b6b47d4 129ad0aee5e523bbedbebd6537ba400c46781c78d9098d458b73732e7fbb07bd
CLIENT_TRAFFIC_SECRET_0 e27f5b35a379d4284309514708729154ba7fe4411cba75d13078dde57b6b47d4 8056ad819e233198f317b2702cfdc8c6f21ceb7c28f227c839fa05ba2624f29c
SERVER_TRAFFIC_SECRET_0 e27f5b35a379d4284309514708729154ba7fe4411cba75d13078dde57b6b47d4 b66bfbb3f2997c6835a3d24800480d932904fbf15f91d48191b56118342b10b6
CLIENT_HANDSHAKE_TRAFFIC_SECRET c17a0210b55308ab2c0eeb7ae632d650db83d1aca7258bcf35412762b65c4905 dbca91156b2685eb1cf436bc0efcffd1fdd3c02fd15bb116e7d3c0d71dff1fd4
SERVER_HANDSHAKE_TRAFFIC_SECRET c17a0210b55308ab2c0eeb7ae632d650db83d1aca7258bcf35412762b65c4905 0949469012cdcaf5a26fad952736a25274d7573577583315144232862f07c862
CLIENT_TRAFFIC_SECRET_0 c17a0210b55308ab2c0eeb7ae632d650db83d1aca7258bcf35412762b65c4905 cbae249c96357fd1858439347c885e7fbfbf3600f068c90240da3de7e68fb137
SERVER_TRAFFIC_SECRET_0 c17a0210b55308ab2c0eeb7ae632d650db83d1aca7258bcf35412762b65c4905 38e5dbb43cb47571bcd0e76f13f7d882dc1f32e255140437aa2b264fcd5cfeb9
CLIENT_HANDSHAKE_TRAFFIC_SECRET 5c3ea8325cc693a44d550d8ab6110e5f288ea62da2c3d73d9e8feb3c18c3fa60 8a40b3bfd59de8e55ee8749ee3add4bf17ea21017526faad0497cbde781f3221
SERVER_HANDSHAKE_TRAFFIC_SECRET 5c3ea8325cc693a44d550d8ab6110e5f288ea62da2c3d73d9e8feb3c18c3fa60 0bb963b0d686605b4cba12b26199545045b051d0266c7caec4d3d8a66e000279
CLIENT_TRAFFIC_SECRET_0 5c3ea8325cc693a44d550d8ab6110e5f288ea62da2c3d73d9e8feb3c18c3fa60 33a2a4c7b681a9515423e8be47007490bb3cdf9f24b3564bcd3c8c4ab5702f7d
SERVER_TRAFFIC_SECRET_0 5c3ea8325cc693a44d550d8ab6110e5f288ea62da2c3d73d9e8feb3c18c3fa60 47a6c3192bb64ddf7c3c2a149dcb3a2911888bf67b75a6c4b21f5e6e043539ec
CLIENT_HANDSHAKE_TRAFFIC_SECRET 9f75f4566139994431063c731de24d0cdf2f7131b420521ac5a3511d09ac3099 2aca640402a4a0742c6e413769e12dc5781a96e0ca2e3ee5dc71d6429432f8df
SERVER_HANDSHAKE_TRAFFIC_SECRET 9f75f4566139994431063c731de24d0cdf2f7131b420521ac5a3511d09ac3099 b5c0820e1f14a23bdc2c0287e81036cc51a8fd1ba72fd05bb3d6ba71625777b7
CLIENT_TRAFFIC_SECRET_0 9f75f4566139994431063c731de24d0cdf2f7131b420521ac5a3511d09ac3099 40d41886ae7d9d17a11daafc84e800c93e7d97967c4f30ea0b8fb9fdff2eea09
SERVER_TRAFFIC_SECRET_0 9f75f4566139994431063c731de24d0cdf2f7131b420521ac5a3511d09ac3099 419633fcb7b6c6d3f1263b05eca3e550d0ec074c7d4003f4bfd79f7983f0ac37
CLIENT_HANDSHAKE_TRAFFIC_SECRET 0730f8b5819c1d2020b6ccf2f029b38ddde28f73082109152725384b41c07a96 4ff6aae06d7e5d018b6e43db650e0117075c1d7566f93305201685c119a5ae31
SERVER_HANDSHAKE_TRAFFIC_SECRET 0730f8b5819c1d2020b6ccf2f029b38ddde28f73082109152725384b41c07a96 df4d8c3e283ddbcd81c4f858b2bc1bf07919c168d237d1af5247958050994318
CLIENT_TRAFFIC_SECRET_0 0730f8b5819c1d2020b6ccf2f029b38ddde28f73082109152725384b41c07a96 da49fdb2ed4db1fdc300f947c228b51db1053539e30154d469f5e774277c703f
SERVER_TRAFFIC_SECRET_0 0730f8b5819c1d2020b6ccf2f029b38ddde28f73082109152725384b41c07a96 afd81d31998004f1c1de1496f1c2369e82f7d1df996374597ea19be8ceb95c40
CLIENT_HANDSHAKE_TRAFFIC_SECRET 3f0e4b230a95c4c7c7ca078886cb6429efa3dac53d708f7ecbd402bbcd111e1d 30785b6cc794ad2160c78b7b4c79a8d08a9971dc8f3b5c1ff03b549c75e47d6a
SERVER_HANDSHAKE_TRAFFIC_SECRET 3f0e4b230a95c4c7c7ca078886cb6429efa3dac53d708f7ecbd402bbcd111e1d ab50b7fee7c78947684145348f5070f55d53084102aadd82b9c630561c8e9f5a
CLIENT_TRAFFIC_SECRET_0 3f0e4b230a95c4c7c7ca078886cb6429efa3dac53d708f7ecbd402bbcd111e1d 85608f3161db3ab92ad15c9d5dce9d4076511e83b2a7170f39c98edbade2abea
SERVER_TRAFFIC_SECRET_0 3f0e4b230a95c4c7c7ca078886cb6429efa3dac53d708f7ecbd402bbcd111e1d d8cb2a9cb0aff4ca44fedf7b4321bdeeafd2a22b258df1d71a09de02f528cdd9
CLIENT_HANDSHAKE_TRAFFIC_SECRET fa8f6fb1592f03c503e276136481e8089a6f516ce8e00a3d6018c369faa09588 bf3be17bc7f1f1ecde0c05f002dca086b9bce3a5bbb1c067691898f9dcf930a1
SERVER_HANDSHAKE_TRAFFIC_SECRET fa8f6fb1592f03c503e276136481e8089a6f516ce8e00a3d6018c369faa09588 90361644b12effa357dec886de9382557c16b87aba4fbf0ab67691fbc74fbc6f
CLIENT_TRAFFIC_SECRET_0 fa8f6fb1592f03c503e276136481e8089a6f516ce8e00a3d6018c369faa09588 1540f905eb2ee6aead2a0e3982e2bfd369a4149670e291b683f8700ae5eb0df8
SERVER_TRAFFIC_SECRET_0 fa8f6fb1592f03c503e276136481e8089a6f516ce8e00a3d6018c369faa09588 27e19bc161ca773f86ba30bc1ce6466f491afca5d63e6aa86e5f82ea38b47d32
CLIENT_HANDSHAKE_TRAFFIC_SECRET 0657a64af47918c80e9498769b0e1d04fe6b9cfe65818044e427d9c96b8eb95c 54df8fd129fc3a0d96f4673bebe3d7a05b09da7386aef1c8db5244288f104d42
SERVER_HANDSHAKE_TRAFFIC_SECRET 0657a64af47918c80e9498769b0e1d04fe6b9cfe65818044e427d9c96b8eb95c 2bce9826b36b490979ec788b2fed4f58d523a25b7c6527a2c5b1410dbbd631c9
CLIENT_TRAFFIC_SECRET_0 0657a64af47918c80e9498769b0e1d04fe6b9cfe65818044e427d9c96b8eb95c ca382531127167ded5584854104d06845e7527b6d47d930910099ae05d83a1a2
SERVER_TRAFFIC_SECRET_0 0657a64af47918c80e9498769b0e1d04fe6b9cfe65818044e427d9c96b8eb95c 01574bd9c5b310c1749e29465c18f9c5ef144300a338c21aae049b607578e266
CLIENT_HANDSHAKE_TRAFFIC_SECRET a99c7e56d408ef1c1b79ca36ea555e29288fac2cbca0f8cdceec0271990dac8e 55b34117d02216209ff8b5f9fa4e95214cb2b5af92656116e159e25306659804
SERVER_HANDSHAKE_TRAFFIC_SECRET a99c7e56d408ef1c1b79ca36ea555e29288fac2cbca0f8cdceec0271990dac8e 8397922c096c713f36b85f815348f3ad376eac44d6bbb753203bff0e3ea04ffc
CLIENT_TRAFFIC_SECRET_0 a99c7e56d408ef1c1b79ca36ea555e29288fac2cbca0f8cdceec0271990dac8e 3d7056029fd5e3fadae9fafcbc52bfa16c2fa08e22b492e08840e16064d1fd1f
SERVER_TRAFFIC_SECRET_0 a99c7e56d408ef1c1b79ca36ea555e29288fac2cbca0f8cdceec0271990dac8e 8c9914feb3f372b325e58b9f49f20bc437eea5458420e5b0665d0dd616870916
CLIENT_HANDSHAKE_TRAFFIC_SECRET 9d36a47906daa6229fa73a23f5bfdb8578e5a8cf8c011d0655473b507ae98923 1f6b5a1904a7849b0278c39fba449c0a8ce260c52845a1e988b0feb6ff827d7f
SERVER_HANDSHAKE_TRAFFIC_SECRET 9d36a47906daa6229fa73a23f5bfdb8578e5a8cf8c011d0655473b507ae98923 d55896d55928e4c263173ace58853127cfc09eb522409c88dfc8a5ed29adcf35
CLIENT_TRAFFIC_SECRET_0 9d36a47906daa6229fa73a23f5bfdb8578e5a8cf8c011d0655473b507ae98923 e9516dbfbc6152195fda6a50951dc795be25d9b820560b3dd0639bdec772f06d
SERVER_TRAFFIC_SECRET_0 9d36a47906daa6229fa73a23f5bfdb8578e5a8cf8c011d0655473b507ae98923 ef4d10360cc07b77c14a456359be1b61863fdb2ef80ea6831052f86adf2b430b
CLIENT_HANDSHAKE_TRAFFIC_SECRET e08f609b7d4358c515f4999cf7e05ab7427009c471376c1dffeb694a0910fe88 fd50b8c142f2eeeb542e1f9b7d6c8efce2dbd0ffde4c2825844235c5820245f0
SERVER_HANDSHAKE_TRAFFIC_SECRET e08f609b7d4358c515f4999cf7e05ab7427009c471376c1dffeb694a0910fe88 f1b7cd69fa7403cbfc62fa7ec83ec1eebb61a5478f576ea3bd31bf91282e5173
CLIENT_TRAFFIC_SECRET_0 e08f609b7d4358c515f4999cf7e05ab7427009c471376c1dffeb694a0910fe88 90d25756fd2aeab6ba7cd1eedf188babe234b815a8e074ef96f9173542636197
SERVER_TRAFFIC_SECRET_0 e08f609b7d4358c515f4999cf7e05ab7427009c471376c1dffeb694a0910fe88 c2e6e99119b63a389d80ff1d6b6493213c4b4759a56ff023df8cb7bf30c161e7
CLIENT_HANDSHAKE_TRAFFIC_SECRET 7e6d0d9184469f41daa3646573793218d340a203249eca477379daafa4527835 27944d1f0920bf691f60832810f961fdd463b6e05bdb8e54ee3583693f659260
SERVER_HANDSHAKE_TRAFFIC_SECRET 7e6d0d9184469f41daa3646573793218d340a203249eca477379daafa4527835 0f068c3718ba1eb4e776a2c010017db6a61ae9c006f0794b61cffea2ca95e4d4
CLIENT_TRAFFIC_SECRET_0 7e6d0d9184469f41daa3646573793218d340a203249eca477379daafa4527835 7f7118e156e2b416f5cc6f866c428563d6b543aced59a7b16b9c54affebb10a0
SERVER_TRAFFIC_SECRET_0 7e6d0d9184469f41daa3646573793218d340a203249eca477379daafa4527835 4af068ffa44f30a2e6c612af10533da449b5bef2064c90304987ff7974e6f8c7
CLIENT_HANDSHAKE_TRAFFIC_SECRET ad308159ec70eadc709d7ba26022e637e3836cae67702535a7634a802c5a23ef 4f57e04d03f6cc706d910d281f195a27400fb61887f6ee5f10eb6a1ff188107c
SERVER_HANDSHAKE_TRAFFIC_SECRET ad308159ec70eadc709d7ba26022e637e3836cae67702535a7634a802c5a23ef 393d22c15bf79e00604a4d4f3f4c20717c7fc62210b2a37647eb8d1f552189d1
CLIENT_TRAFFIC_SECRET_0 ad308159ec70eadc709d7ba26022e637e3836cae67702535a7634a802c5a23ef 4dc03a2123a4740b7d2410a178255b086972a51274e7b8278bda9a10eb8a5005
SERVER_TRAFFIC_SECRET_0 ad308159ec70eadc709d7ba26022e637e3836cae67702535a7634a802c5a23ef fb151a2fce9c896359bd173be0d92597b03e128c708c04d59d9c905fb9dbab22
CLIENT_HANDSHAKE_TRAFFIC_SECRET 49a223c0288c9acd9c5698ab1e21dfe1f4b1e4bd42ee44910c95df8e105cc79d e26017cf4347bc99b93acbed8ffd7a0aaf293dfb092488d8d2ab370284aa3fd8
SERVER_HANDSHAKE_TRAFFIC_SECRET 49a223c0288c9acd9c5698ab1e21dfe1f4b1e4bd42ee44910c95df8e105cc79d 43ee17ffd0f08a5fd4a89a287041a3972dd593c158046421a496edd2e137b456
CLIENT_TRAFFIC_SECRET_0 49a223c0288c9acd9c5698ab1e21dfe1f4b1e4bd42ee44910c95df8e105cc79d d062264725b580fbf1cf118696430e2f861950a5362561fb494973b8c4c0a37f
SERVER_TRAFFIC_SECRET_0 49a223c0288c9acd9c5698ab1e21dfe1f4b1e4bd42ee44910c95df8e105cc79d 91ff99677a593b0ee006de95125432b3f9e818b0bba13c34907d9295ea35c666
CLIENT_HANDSHAKE_TRAFFIC_SECRET 0075e5921d9ca371092e32a7fbbbfd991bc77ec718ffc1d4c995241b60715468 afdc056984884444c7f30e111f932ab7c9fe239e2b3c5d5b9d07e8bf5852f26e
SERVER_HANDSHAKE_TRAFFIC_SECRET 0075e5921d9ca371092e32a7fbbbfd991bc77ec718ffc1d4c995241b60715468 2e9aff6e41e15c8ef66d48069f609aab81789869bc47c35c3eae866e138c04ab
CLIENT_TRAFFIC_SECRET_0 0075e5921d9ca371092e32a7fbbbfd991bc77ec718ffc1d4c995241b60715468 c33a61bab9de713a01b3722194928bf2de7c04abc9e5fccff37f49bc0fdaa5e6
SERVER_TRAFFIC_SECRET_0 0075e5921d9ca371092e32a7fbbbfd991bc77ec718ffc1d4c995241b60715468 6e0270afa2f9a1522179b1383450a8f91fa5dc066efe03b0740591e468d8900f
CLIENT_HANDSHAKE_TRAFFIC_SECRET e720213e062139bb4f5405dd04eadcc58fed1952b7191b3626ffcaf06f2ae3e2 04409584aa637f93519dca1301722dbcd510257f3d48a80d57d77f0550cc9dc3
SERVER_HANDSHAKE_TRAFFIC_SECRET e720213e062139bb4f5405dd04eadcc58fed1952b7191b3626ffcaf06f2ae3e2 abead96fdcdcd1fe726a9abdd8e135b5f3bdc58fdf9450dcc6ddb444dd7d6363
CLIENT_TRAFFIC_SECRET_0 e720213e062139bb4f5405dd04eadcc58fed1952b7191b3626ffcaf06f2ae3e2 a46f24e8926723d30f9e47357775fdd931ce3fd3a8c2aacbefcf54ebaf3729a2
SERVER_TRAFFIC_SECRET_0 e720213e062139bb4f5405dd04eadcc58fed1952b7191b3626ffcaf06f2ae3e2 35fa02be694345e80629b86c80cc20524b101154684e636677d6a36ddf014d6a
CLIENT_HANDSHAKE_TRAFFIC_SECRET b4f08e2c3222ce58ca21883e61f537edfc97834aec5be488f3d215e37fa578fc e7994c9c24a6037b1ddc373582a781962c43cf201c4a089362ae6a1bd6bfd4f8
SERVER_HANDSHAKE_TRAFFIC_SECRET b4f08e2c3222ce58ca21883e61f537edfc97834aec5be488f3d215e37fa578fc 3b11a786251b98d72e494a4d9949b7cf47ccb03ba75733b2df2b0526d8bdfd0f
CLIENT_TRAFFIC_SECRET_0 b4f08e2c3222ce58ca21883e61f537edfc97834aec5be488f3d215e37fa578fc 9da3c4f2450d796ef5622d0614cf8e073bc79de1beebd71115c5a2b837a01baf
SERVER_TRAFFIC_SECRET_0 b4f08e2c3222ce58ca21883e61f537edfc97834aec5be488f3d215e37fa578fc 1fb93d234cda6b3015d72dff3435595b7e4de2757d9ee2ccff46ddd2561a3be3
CLIENT_HANDSHAKE_TRAFFIC_SECRET e6a51c0ab42d225ec77a51cb598dc5eacbef0b34fc589b01cb364a2a82e83348 e737bdd1bc4eb3da0805dd93d23d5c942b07f802429f6f9942d85d42b34c9b70
SERVER_HANDSHAKE_TRAFFIC_SECRET e6a51c0ab42d225ec77a51cb598dc5eacbef0b34fc589b01cb364a2a82e83348 31d2e77e551fc1675e41e0aa188d177baaf393b65345c68a2611a7864196199f
CLIENT_TRAFFIC_SECRET_0 e6a51c0ab42d225ec77a51cb598dc5eacbef0b34fc589b01cb364a2a82e83348 b99b3e098b1d07067ae8110d2b9a45f90ca1f5726ab936695dd55facdaa5e90e
SERVER_TRAFFIC_SECRET_0 e6a51c0ab42d225ec77a51cb598dc5eacbef0b34fc589b01cb364a2a82e83348 c36961b0f96c78371307952753d92ce60ae7b8511f565bbbaef1fd9283747bd6
CLIENT_HANDSHAKE_TRAFFIC_SECRET 30e2684cf83553215b0d582354bba9338f2b69f9a61e6ab406df123e1926fc1e 1a9b2c6ce91861f8c35545039b89f675329dc8c77e3c5bd397d026e95741400f
SERVER_HANDSHAKE_TRAFFIC_SECRET 30e2684cf83553215b0d582354bba9338f2b69f9a61e6ab406df123e1926fc1e b6572d8e8c190aea9746355f8bbdf173db15940975a182437a2c074d6d9c6a70
CLIENT_TRAFFIC_SECRET_0 30e2684cf83553215b0d582354bba9338f2b69f9a61e6ab406df123e1926fc1e cc5c7b8f08b59d27310e86e1fc1b5357f12f963a233a56fef603896cc4afa286
SERVER_TRAFFIC_SECRET_0 30e2684cf83553215b0d582354bba9338f2b69f9a61e6ab406df123e1926fc1e 4f464f63168007b46e7f3d11bb6fbfffc232bb53942ddb4eb924a823ca6867a0
CLIENT_HANDSHAKE_TRAFFIC_SECRET fd4bd08bbbd2dce0970a6f4f197509743df3d8684c91147e55bdf1c58b1d7fec dd0cb302951a4d35757dd67ca52ffbaf76514f3f87aa130f6c4ff0a913c24694
SERVER_HANDSHAKE_TRAFFIC_SECRET fd4bd08bbbd2dce0970a6f4f197509743df3d8684c91147e55bdf1c58b1d7fec 93cfcc9139e0b4968f4e3950093a52aa56e6f01c64b12348ec98aa42ddcac8ee
CLIENT_TRAFFIC_SECRET_0 fd4bd08bbbd2dce0970a6f4f197509743df3d8684c91147e55bdf1c58b1d7fec 9952a8e4ca261f7d0c5d63b92e3cadd74a918cc14f07899c826a0586033256ca
SERVER_TRAFFIC_SECRET_0 fd4bd08bbbd2dce0970a6f4f197509743df3d8684c91147e55bdf1c58b1d7fec e445fedc4853373ffcc015ca6452c32a575d802d58b9b817a27ed5ffa9f7a2d8
CLIENT_HANDSHAKE_TRAFFIC_SECRET 5eba9ffdd5a252839d975d4e2defd1e7824b875263fa29df97f3d67858eb4d27 7ff80274eb346ef645dfa15ce96e9fd03da09d622f390f9ae806f656a3d54738
SERVER_HANDSHAKE_TRAFFIC_SECRET 5eba9ffdd5a252839d975d4e2defd1e7824b875263fa29df97f3d67858eb4d27 8e651ce8e85f9c6d4ef59d77574e15799411d87643abb52e687f35ca4a3e1304
CLIENT_TRAFFIC_SECRET_0 5eba9ffdd5a252839d975d4e2defd1e7824b875263fa29df97f3d67858eb4d27 6ff2eb9988beb0f7f86e05673779e9144087deafe7478883afa23e92c4182daf
SERVER_TRAFFIC_SECRET_0 5eba9ffdd5a252839d975d4e2defd1e7824b875263fa29df97f3d67858eb4d27 4c7c1a5c1b1827285e08105e35f03efa3a927a17437a2023531f34a04a9dd156
CLIENT_HANDSHAKE_TRAFFIC_SECRET 770960718ccfc8d7646a4a529aebfc381dfeba55413226c4b443b1b368958a57 e290ab1064aea70c89a3334a8ca17e444e5d876eb96a832943622e25e688cd12
SERVER_HANDSHAKE_TRAFFIC_SECRET 770960718ccfc8d7646a4a529aebfc381dfeba55413226c4b443b1b368958a57 25b671ac7535080d6ca834e925693b5ed7fd04add2f62b68f39f54eab5cfd08d
CLIENT_TRAFFIC_SECRET_0 770960718ccfc8d7646a4a529aebfc381dfeba55413226c4b443b1b368958a57 5fd8d0ca4d4db732adb99a51b21bca554b59243728808d481572191f565e1437
SERVER_TRAFFIC_SECRET_0 770960718ccfc8d7646a4a529aebfc381dfeba55413226c4b443b1b368958a57 966e5cc8c63ada07593eacabe828c3c6970903a74e8e6937865ece382d437d38
CLIENT_HANDSHAKE_TRAFFIC_SECRET 2ca92132d31ce8875f08c137b90f7a9c7d3cd2b7bb346a6285405c27def0b075 861cacfeb95738e70b0c176801b1b186c71dcd2caaf850d6ff641bab0d8eabc1
SERVER_HANDSHAKE_TRAFFIC_SECRET 2ca92132d31ce8875f08c137b90f7a9c7d3cd2b7bb346a6285405c27def0b075 0ae2e3826cbf46440ed994941b074b39eef60368037a426f849cdcaf111b851e
CLIENT_TRAFFIC_SECRET_0 2ca92132d31ce8875f08c137b90f7a9c7d3cd2b7bb346a6285405c27def0b075 ffff73543ea855ea4b6bfcd76d15206e4e3f0e2a0a4d50c1641bb192f1871e32
SERVER_TRAFFIC_SECRET_0 2ca92132d31ce8875f08c137b90f7a9c7d3cd2b7bb346a6285405c27def0b075 cc5ce61b5c264d9ab642d1c7e1d2b10559374b3534abd24ebb3ddb33c53c35bc
CLIENT_HANDSHAKE_TRAFFIC_SECRET 33fa8bd473419d9da5fb9258516a3437fc601e645c3c019fa8931d4a63937a87 dbd02c3d790c6ee6d182544c149dfb45036ff0e15d65fe900470db61dc8852fa
SERVER_HANDSHAKE_TRAFFIC_SECRET 33fa8bd473419d9da5fb9258516a3437fc601e645c3c019fa8931d4a63937a87 74fd670e52653337e39dd9b88bb2d43103aac2e100b27c8a263cdcb82aa01260
CLIENT_TRAFFIC_SECRET_0 33fa8bd473419d9da5fb9258516a3437fc601e645c3c019fa8931d4a63937a87 a7ad8fa2ab6bff235072d14665a50b082d402272a4323fa335c3edb0afaa974c
SERVER_TRAFFIC_SECRET_0 33fa8bd473419d9da5fb9258516a3437fc601e645c3c019fa8931d4a63937a87 c9bd8e260c6f22a3beb58073b1ad7bd281d2464eafd00fb586ebf6e451bba0ed
CLIENT_HANDSHAKE_TRAFFIC_SECRET 7358d44b7595d1f75f3bf4e2a28ee57047a9cf7d125245d8875011b1ceeaafe8 6b609a8a33a5ec095c7ba39c5d118d000ed086971e45d7a9a2f0df86b0466bbf
SERVER_HANDSHAKE_TRAFFIC_SECRET 7358d44b7595d1f75f3bf4e2a28ee57047a9cf7d125245d8875011b1ceeaafe8 ffa7e297edd232a5f45cd045952388e4b5868309136bf137fc0ab72cde6af17c
CLIENT_TRAFFIC_SECRET_0 7358d44b7595d1f75f3bf4e2a28ee57047a9cf7d125245d8875011b1ceeaafe8 184286655a43936c2e77c620568a589d8807264051f59ee7c90eb3dbeeaf779b
SERVER_TRAFFIC_SECRET_0 7358d44b7595d1f75f3bf4e2a28ee57047a9cf7d125245d8875011b1ceeaafe8 0676448c26649c849dcee63b609cb1ad4541f391dcbfdda1eff9ecc056174c35
CLIENT_HANDSHAKE_TRAFFIC_SECRET 10054e677bbe6c3ad350e324d87dba80f0b1275d442d601cea0d303d268aa38c 137219214efce31ee0a7e58c0cd63ee5811368d430d6b9c02d2cd69615adc490
SERVER_HANDSHAKE_TRAFFIC_SECRET 10054e677bbe6c3ad350e324d87dba80f0b1275d442d601cea0d303d268aa38c bad1e6627a8d5f95dbac44bdf45577e292cb8cff99b077d27eba5720d6af9f6c
CLIENT_TRAFFIC_SECRET_0 10054e677bbe6c3ad350e324d87dba80f0b1275d442d601cea0d303d268aa38c bbef83176df64553700ca38603b717b4f52a1f1e6a0e524c959d8e18a700b332
SERVER_TRAFFIC_SECRET_0 10054e677bbe6c3ad350e324d87dba80f0b1275d442d601cea0d303d268aa38c 13588859fe7ae1b5c0a81e0b468dd650a6e829e8672185ee088766f7f831f0df
CLIENT_HANDSHAKE_TRAFFIC_SECRET dfbf63c5a8a679de3ec89f4c24397a0027c421d48b94d5b463a3138d88b6b4c4 447a57c6964854ed1e1d365bd2ff5ae45000316978932d048e662588d739ce72
SERVER_HANDSHAKE_TRAFFIC_SECRET dfbf63c5a8a679de3ec89f4c24397a0027c421d48b94d5b463a3138d88b6b4c4 e5fb345789294dbf16f26a309faaea7e2bfcf082970e3317ea160988a6c87b47
CLIENT_TRAFFIC_SECRET_0 dfbf63c5a8a679de3ec89f4c24397a0027c421d48b94d5b463a3138d88b6b4c4 5f3dade3f67167e453dd9c1c59988a30b79776794e832011801ee92f8b4f6814
SERVER_TRAFFIC_SECRET_0 dfbf63c5a8a679de3ec89f4c24397a0027c421d48b94d5b463a3138d88b6b4c4 3aa5c9450bc3878f50404b1d03f123b4da090a596016b6ac4e436758712a9b79
CLIENT_HANDSHAKE_TRAFFIC_SECRET 6b03da2e07879c00c35034d99aa7e40cc40d9bd1e85f23ba4004547644c7f71f 74cd05e2e0aa62ef90b357bf658685c923ae71cf44f6c8ecfe28dc8e7ae9d819
SERVER_HANDSHAKE_TRAFFIC_SECRET 6b03da2e07879c00c35034d99aa7e40cc40d9bd1e85f23ba4004547644c7f71f 8f270500dcf1bdaa5535a9e6639cf2b0f545b693f24d8b2209ab9b539b7a3163
CLIENT_TRAFFIC_SECRET_0 6b03da2e07879c00c35034d99aa7e40cc40d9bd1e85f23ba4004547644c7f71f f3015efdf8496531ea89c6011b7be2a6f1929db83eca57637d8bff17ee48e3be
SERVER_TRAFFIC_SECRET_0 6b03da2e07879c00c35034d99aa7e40cc40d9bd1e85f23ba4004547644c7f71f 9a7b3f8754976bb59f069c8f7146bdf5d2321ce664a0f9e765551604a1bb58df
CLIENT_HANDSHAKE_TRAFFIC_SECRET f8f4ddb5488d41c95d34fb3cfc95ae9b3212df400ce6c7b287a81ae5fb59bcfe 7795007dbfd24dbda6b2af869c2bacc14d9d482fb4c3667a98a80e1dd64b4020
SERVER_HANDSHAKE_TRAFFIC_SECRET f8f4ddb5488d41c95d34fb3cfc95ae9b3212df400ce6c7b287a81ae5fb59bcfe 90b51c2388c2bfb4513d2b2a6bf95d82b784132dda7130594f2f228497cb1423
CLIENT_TRAFFIC_SECRET_0 f8f4ddb5488d41c95d34fb3cfc95ae9b3212df400ce6c7b287a81ae5fb59bcfe eaba94a5a893d10c9e81a92aaad78f174092f48300809297ea8f079ca98658f3
SERVER_TRAFFIC_SECRET_0 f8f4ddb5488d41c95d34fb3cfc95ae9b3212df400ce6c7b287a81ae5fb59bcfe 830fb1eab82c661e72ac735cf9b170b2afd8340fe3df7260d9e48c0c129f08fe
CLIENT_HANDSHAKE_TRAFFIC_SECRET f6b7ace01305e65eae6ce2eb5a8fc0ae2b086a437200828761896c0bc656e34f 995d5d6b97ed2f6889b871541375270e7a4692fd1fb69fe3662c0aae7616b24a
SERVER_HANDSHAKE_TRAFFIC_SECRET f6b7ace01305e65eae6ce2eb5a8fc0ae2b086a437200828761896c0bc656e34f e8c471e945ca281e9db469d97c4f33109ae0280a390569fb8aed1e88a9b85d87
CLIENT_TRAFFIC_SECRET_0 f6b7ace01305e65eae6ce2eb5a8fc0ae2b086a437200828761896c0bc656e34f ad671fed75f79d46caf3b96cac6730c33bc1873c5042da56953977c30e7043a8
SERVER_TRAFFIC_SECRET_0 f6b7ace01305e65eae6ce2eb5a8fc0ae2b086a437200828761896c0bc656e34f 576f8e6b18cf88da72854992406883e3d4928b9a727ba0149b0182a7413083b9
CLIENT_HANDSHAKE_TRAFFIC_SECRET 46175fee24e3ee2704c5319fbe54d1907156e2b75d0a86d98895c3fb7ab45c70 1a177703ef6abca05068b5b4a5920b0add38fa791032ff8922159a76a9870827
SERVER_HANDSHAKE_TRAFFIC_SECRET 46175fee24e3ee2704c5319fbe54d1907156e2b75d0a86d98895c3fb7ab45c70 354a68a96b8613f7a091afc9ed03617aa21120cadc2c4a95bb08874c33987161
CLIENT_TRAFFIC_SECRET_0 46175fee24e3ee2704c5319fbe54d1907156e2b75d0a86d98895c3fb7ab45c70 dae45d03b9b181570b283c768931e5658882e39cf920e1c5b079011f7c8291f1
SERVER_TRAFFIC_SECRET_0 46175fee24e3ee2704c5319fbe54d1907156e2b75d0a86d98895c3fb7ab45c70 0ab61f98c1ae1bc529a65adf7437b7bc0029dcba724f615aad065a4d29378481
CLIENT_HANDSHAKE_TRAFFIC_SECRET d506f2cf8663bcca4ffd40fb87c64722d3711a9d3396e8a1abe51138b10cf3de f2f39b546e8b84d216ffdf2ee3a3032d86a094622b91b8030181aed9e827144f
SERVER_HANDSHAKE_TRAFFIC_SECRET d506f2cf8663bcca4ffd40fb87c64722d3711a9d3396e8a1abe51138b10cf3de 12d126c84c93473c4c58c28fde0a1ffb75758154d165b64f818bd0574b183305
CLIENT_TRAFFIC_SECRET_0 d506f2cf8663bcca4ffd40fb87c64722d3711a9d3396e8a1abe51138b10cf3de 09a15649685e31d95668ac409d8756e01c78a8df8c3b2ff91f4811b567945e11
SERVER_TRAFFIC_SECRET_0 d506f2cf8663bcca4ffd40fb87c64722d3711a9d3396e8a1abe51138b10cf3de bdf1d86c54ce3c80f22e4d276a33e4f14b194731dfb8951f8894313f34a5b57a
CLIENT_HANDSHAKE_TRAFFIC_SECRET 2274aaa50a32582da21efb743f8a9c18c280e057740e912049509df08a2c15d1 769d8be404357b52abb1aca47aa383e52cf2161e7b86d3fcea2f95cf294e0753
SERVER_HANDSHAKE_TRAFFIC_SECRET 2274aaa50a32582da21efb743f8a9c18c280e057740e912049509df08a2c15d1 0ce325828660a2857d7a157b45e7e6b47503072f0c71e80a9e59db81c735d3a9
CLIENT_TRAFFIC_SECRET_0 2274aaa50a32582da21efb743f8a9c18c280e057740e912049509df08a2c15d1 76de533f66744c2a28deee37e2a9ba516e930c00bed135b5d9f1815ef5b2eb5d
SERVER_TRAFFIC_SECRET_0 2274aaa50a32582da21efb743f8a9c18c280e057740e912049509df08a2c15d1 cd3e9410dad601f7b4d2ebf15f227690827bd541b334169c813c8f0230e9c007
CLIENT_HANDSHAKE_TRAFFIC_SECRET 71809d1b38c25e37420b1b75af305185ccf12218ef67ed9fc0be003cbd4acf56 39ffeebf25b4e0d7bd8560d554cb1c9b19d79536a1041c76d236ec99691d287f
SERVER_HANDSHAKE_TRAFFIC_SECRET 71809d1b38c25e37420b1b75af305185ccf12218ef67ed9fc0be003cbd4acf56 183b62914f5b9ed5228ab08e95bfe90e7646f1b5ab081faa8e7606b0a1ca053d
CLIENT_TRAFFIC_SECRET_0 71809d1b38c25e37420b1b75af305185ccf12218ef67ed9fc0be003cbd4acf56 a182c7b08002deb4d613dd4e1963d5a937959ac231d4e5312d116741dcda4f13
SERVER_TRAFFIC_SECRET_0 71809d1b38c25e37420b1b75af305185ccf12218ef67ed9fc0be003cbd4acf56 a49f63a22de72246d33b22464425bc8d7e4eb7b56a58bdd87ca57ed4713a69cc
CLIENT_HANDSHAKE_TRAFFIC_SECRET d1621787e3b8bb1078afb43a0d2055debc449fd43039b09f8636546df15c1e28 b31a40c14bab991497069d4fdebccc990195da540bdacee54903a90d520c21ae
SERVER_HANDSHAKE_TRAFFIC_SECRET d1621787e3b8bb1078afb43a0d2055debc449fd43039b09f8636546df15c1e28 491821807ac1bc8762b18154ed855f0c15b7cc9e109c72e9463c8a6d9b78a129
CLIENT_TRAFFIC_SECRET_0 d1621787e3b8bb1078afb43a0d2055debc449fd43039b09f8636546df15c1e28 ac51a1d0fabcdbfe38c59e783a81d38005fe0e10cca2fd87a5497c9a266679d8
SERVER_TRAFFIC_SECRET_0 d1621787e3b8bb1078afb43a0d2055debc449fd43039b09f8636546df15c1e28 8909b4d2d2b506e167404726f424ee9f7b0ba5061cf657529f1c6a88b5da5803
CLIENT_HANDSHAKE_TRAFFIC_SECRET 2fd1bfd6b908fec26ce05b43023d23bc3ec40297694f9255d4c6911ab92c3a6d ce4458d593dc717a644b87337a29f98216f35f1f4f590a201a2cc2f6840e3026
SERVER_HANDSHAKE_TRAFFIC_SECRET 2fd1bfd6b908fec26ce05b43023d23bc3ec40297694f9255d4c6911ab92c3a6d 1931027c6c5d4f74f9fe488a4e6da3c16b1c09dbe06c4a8bfefd490b6935095e
CLIENT_TRAFFIC_SECRET_0 2fd1bfd6b908fec26ce05b43023d23bc3ec40297694f9255d4c6911ab92c3a6d 92b671745906acd8980710436fb40438afaf2404b020ead98c826a924621892b
SERVER_TRAFFIC_SECRET_0 2fd1bfd6b908fec26ce05b43023d23bc3ec40297694f9255d4c6911ab92c3a6d 0638781eb1f547a142be233d2a89ce022c16098c0a6ba92d28feb69319367149
CLIENT_HANDSHAKE_TRAFFIC_SECRET 32cf9eb30ad4dc4f3ec6b2c818b39b65f26695ed9623a7c8b36f74432f0349dc 42cdcf691e9abd5530fbfb24530d261707955b22e34e6b895f51d6660b6be894
SERVER_HANDSHAKE_TRAFFIC_SECRET 32cf9eb30ad4dc4f3ec6b2c818b39b65f26695ed9623a7c8b36f74432f0349dc 4290a5a130b8d5cbe15beebd683717ffd952f3ad3742efe65bffb180d1e27452
CLIENT_TRAFFIC_SECRET_0 32cf9eb30ad4dc4f3ec6b2c818b39b65f26695ed9623a7c8b36f74432f0349dc 36250100763510922849368b06d796407cd3eb6ceaa82f84c559a0720067020b
SERVER_TRAFFIC_SECRET_0 32cf9eb30ad4dc4f3ec6b2c818b39b65f26695ed9623a7c8b36f74432f0349dc f11e05aecffa456401225642c6fa7723671ff8b0e5ef5406043b6c9453ba4726
CLIENT_HANDSHAKE_TRAFFIC_SECRET 8d107458ed8954d0774be586b614ba1e9a799171d7225b5ddb59280478d5acbc e717cf6dff90f9be7dca9c4d50d568e656c5bd8c215e3c200a3f04948fb1fda7
SERVER_HANDSHAKE_TRAFFIC_SECRET 8d107458ed8954d0774be586b614ba1e9a799171d7225b5ddb59280478d5acbc 6078d42c3df1ddefad7ec7b5396d50cf508753d1633692aa3bb551ec1e2d8622
CLIENT_TRAFFIC_SECRET_0 8d107458ed8954d0774be586b614ba1e9a799171d7225b5ddb59280478d5acbc 0264c932d63db8ca4ebe60b62740fcaf9a703dfb34372bd7bb8a4c20ae4a8159
SERVER_TRAFFIC_SECRET_0 8d107458ed8954d0774be586b614ba1e9a799171d7225b5ddb59280478d5acbc 468adce46eedb0db41df1fe54709f0ce19f890d13d3a9e6146f52fb596f17d9b
CLIENT_HANDSHAKE_TRAFFIC_SECRET 128d12abb0c8a750b88ddc6a36d49c37bf28d95170b7ab76b580afc449f9c6b4 0eee28e04b3bdaba7f78875ecd5cc5f76906e40a69090bfd8af08da29adee50c
SERVER_HANDSHAKE_TRAFFIC_SECRET 128d12abb0c8a750b88ddc6a36d49c37bf28d95170b7ab76b580afc449f9c6b4 4ac23fa5f5a82b870afe1b648f37f8b138d2b30bf834403ebb77bc8a7dc3d4eb
CLIENT_TRAFFIC_SECRET_0 128d12abb0c8a750b88ddc6a36d49c37bf28d95170b7ab76b580afc449f9c6b4 85b288cc8942386bc08484d6fcff61a4090949d53e271a1db6330803b02d74a8
SERVER_TRAFFIC_SECRET_0 128d12abb0c8a750b88ddc6a36d49c37bf28d95170b7ab76b580afc449f9c6b4 61c9ee9a97f25af70b5ebf23fac1a229cfb90cf0fc0cbdcd15ef40aabc020329
CLIENT_HANDSHAKE_TRAFFIC_SECRET 92d9df9e925b0dcbb331c4b4caaadf0ab2a3cffbb41d6da9bfd3e05f5fd76e7e cc1452d3480e1e55965b79ad7153ae9df0b6833c0ce2fe38ae14af18c7ecf93c
SERVER_HANDSHAKE_TRAFFIC_SECRET 92d9df9e925b0dcbb331c4b4caaadf0ab2a3cffbb41d6da9bfd3e05f5fd76e7e 08b5b2c058c2c88dfcd7f985be86b6447d3ca940ed8f039eb970173e3ae38b94
CLIENT_TRAFFIC_SECRET_0 92d9df9e925b0dcbb331c4b4caaadf0ab2a3cffbb41d6da9bfd3e05f5fd76e7e c53aa4d400ff728b4da03473740b1a8edf21edff670d20f7583109b63778c6fa
SERVER_TRAFFIC_SECRET_0 92d9df9e925b0dcbb331c4b4caaadf0ab2a3cffbb41d6da9bfd3e05f5fd76e7e 04a8814f79c5c94e907dbad917d495468bab94a46b8bb4a7885af2ec4e06fc4e
CLIENT_HANDSHAKE_TRAFFIC_SECRET 14517e208a164e00340526bc6f1fd3fad5e9a513975a191a5c1d4a86299b689d b948d1d7a58d57e407921dd3bb04a233a29d837a8b27ca70974904faeff6a240
SERVER_HANDSHAKE_TRAFFIC_SECRET 14517e208a164e00340526bc6f1fd3fad5e9a513975a191a5c1d4a86299b689d 28de97f4e9be95ea4970c37cac447d46ca2c895a4af7e48bc33cf2dda675b385
CLIENT_TRAFFIC_SECRET_0 14517e208a164e00340526bc6f1fd3fad5e9a513975a191a5c1d4a86299b689d 7136a2ea8f0c5c2e2e4218f04acc084e254191fdf24287cbbc73466932475506
SERVER_TRAFFIC_SECRET_0 14517e208a164e00340526bc6f1fd3fad5e9a513975a191a5c1d4a86299b689d a834b0e709127fbb99e4c54705aa0aeba0db7e667f7f51a1350b3878f54acc21
CLIENT_HANDSHAKE_TRAFFIC_SECRET 02f6f23e11bb7f532327f8801ae769d6294125c473e5d62470047bbd557e66c9 599798e4505794a673acecd17708b098d23a9da3d9040202dbe499a684971913
SERVER_HANDSHAKE_TRAFFIC_SECRET 02f6f23e11bb7f532327f8801ae769d6294125c473e5d62470047bbd557e66c9 e234c6c941b26e8740fe03e6e196e1d42f00d76683ee0b51c7d2c5a99ae11c98
CLIENT_TRAFFIC_SECRET_0 02f6f23e11bb7f532327f8801ae769d6294125c473e5d62470047bbd557e66c9 9fe7c216849d5e3680f31c39d5172c57126ce6f697c8e3ce08e0af0a677302af
SERVER_TRAFFIC_SECRET_0 02f6f23e11bb7f532327f8801ae769d6294125c473e5d62470047bbd557e66c9 49edcae17d4eadce2af047ef7e9e5778907fbc229954c58b7e42cf6fb1e79481
CLIENT_HANDSHAKE_TRAFFIC_SECRET a7947d4bb793cb21dbd6890c9dd5d666818f04f850949fca9d7a70ae44e3855c fa724a95bf72e7564eb513d597a0775b9ce29ad83637ed75d5354f45c3fa3014
SERVER_HANDSHAKE_TRAFFIC_SECRET a7947d4bb793cb21dbd6890c9dd5d666818f04f850949fca9d7a70ae44e3855c 319358dd668f72d6e073c78cc9ed84a7191f111e46a6fb8762012eb471e52f60
CLIENT_TRAFFIC_SECRET_0 a7947d4bb793cb21dbd6890c9dd5d666818f04f850949fca9d7a70ae44e3855c b7361d3703e1c927a51f6426fdce2716632fb17d3a8994138ed8c7fa98578cd0
SERVER_TRAFFIC_SECRET_0 a7947d4bb793cb21dbd6890c9dd5d666818f04f850949fca9d7a70ae44e3855c eef5701081c14b2e1500f39b63b0fe4a26f98034f4a0a4e688f4ce46f64c06fe
CLIENT_HANDSHAKE_TRAFFIC_SECRET 05066eaa5ca70eccd5adf635b3e10ec7d6c550012adf705a9796ee0cad5f3d72 abc29ca6b5dcb48093126ba6c3c483b9b8abdb3be530d0652823895813f5cee9
SERVER_HANDSHAKE_TRAFFIC_SECRET 05066eaa5ca70eccd5adf635b3e10ec7d6c550012adf705a9796ee0cad5f3d72 b95ae3547dae8f1b25bd084872e660ccb591a51bdd9ba86431c7df78014c8194
CLIENT_TRAFFIC_SECRET_0 05066eaa5ca70eccd5adf635b3e10ec7d6c550012adf705a9796ee0cad5f3d72 8e3c960ab12dee69c64386eda5fc35f9ecec34a711c3d3159b0f49dae75ab20b
SERVER_TRAFFIC_SECRET_0 05066eaa5ca70eccd5adf635b3e10ec7d6c550012adf705a9796ee0cad5f3d72 945b50990d61a8a6cb952b194a8e7d6d6c584641a3fc76c5272f5a07052184fa
CLIENT_HANDSHAKE_TRAFFIC_SECRET d8b26df731136deaee00694ead653a8ecec190589929f39b50abdca4a601fa1a 58473797210e92031b44007a12d6b99559bc00d3b452354b814300b1ccb5b77d
SERVER_HANDSHAKE_TRAFFIC_SECRET d8b26df731136deaee00694ead653a8ecec190589929f39b50abdca4a601fa1a 8d42a08b7bb4c75947ae399ce0380aa9f0bb7b7f672a3e3b3ef5f2e051ffcfa4
CLIENT_TRAFFIC_SECRET_0 d8b26df731136deaee00694ead653a8ecec190589929f39b50abdca4a601fa1a 9db2603fca32b6a25a0dfce2a397b84980970c9d98f0fb9a45045bf6c4a8abec
SERVER_TRAFFIC_SECRET_0 d8b26df731136deaee00694ead653a8ecec190589929f39b50abdca4a601fa1a 68db8be4a058ecb4cfac9a127a397805ea8a02e4977143b07947aa67b8c5d1c9
CLIENT_HANDSHAKE_TRAFFIC_SECRET 75f996a87f2a1aef7ec7d1154655f705f18db03a61fe3c344d11f5630e7e9a9f 6d22d66022b5203f065c4c742b095395f2cd5b07282cc4a19fad85045b66c0fe
SERVER_HANDSHAKE_TRAFFIC_SECRET 75f996a87f2a1aef7ec7d1154655f705f18db03a61fe3c344d11f5630e7e9a9f fdca019c783222b42bb4d9f4b0c5be234133f1d0cdc73d683d4c5eaaf59c3416
CLIENT_TRAFFIC_SECRET_0 75f996a87f2a1aef7ec7d1154655f705f18db03a61fe3c344d11f5630e7e9a9f 4da7fa0316ea57eeff325826fc7c9b34531dc09485654d5aa39b15eeda68a20e
SERVER_TRAFFIC_SECRET_0 75f996a87f2a1aef7ec7d1154655f705f18db03a61fe3c344d11f5630e7e9a9f b321d0b5329f2e1cb2bdb7dc1e07700f7201f7f36fe807954626c27d67ae9549
CLIENT_HANDSHAKE_TRAFFIC_SECRET 7e350a860c2bc06ea8d8acd0ffc6e7894d93efb5e865885ab6ad3ae55bb24e61 5ba89a049b87a11570f6184bb5ada16b21aa761173a2dec5abcae2b5f2665794
SERVER_HANDSHAKE_TRAFFIC_SECRET 7e350a860c2bc06ea8d8acd0ffc6e7894d93efb5e865885ab6ad3ae55bb24e61 73b64813b99dd9a2aec21b5af0da3fee7b94edd194bf63f52ac81871b29be8d6
CLIENT_TRAFFIC_SECRET_0 7e350a860c2bc06ea8d8acd0ffc6e7894d93efb5e865885ab6ad3ae55bb24e61 3e596ff81fed46bbd26dcc162b466b0fb0b68dc75a36b2fe5aa9aa95955346cd
SERVER_TRAFFIC_SECRET_0 7e350a860c2bc06ea8d8acd0ffc6e7894d93efb5e865885ab6ad3ae55bb24e61 779863181d4545278d3f142792589b844750497629a50d1f627ce79bf615c7a4
CLIENT_HANDSHAKE_TRAFFIC_SECRET 2ba3d4fb01cc4e72c314568925c462c6549d5ae9fe11a1713ea57a1221881ca5 c11daf92c0f9b5f48c01e57c99acfd3657712a3f46b60edb11d7bebb564d4559
SERVER_HANDSHAKE_TRAFFIC_SECRET 2ba3d4fb01cc4e72c314568925c462c6549d5ae9fe11a1713ea57a1221881ca5 2b856af5fd6d15e0215f50fba277a66a0d8b92ddec044d1ca2473b2ad7a4dc98
CLIENT_TRAFFIC_SECRET_0 2ba3d4fb01cc4e72c314568925c462c6549d5ae9fe11a1713ea57a1221881ca5 3a48faa545603900d7d81364deab568a8704db93eee412126a25c54aa12e6906
SERVER_TRAFFIC_SECRET_0 2ba3d4fb01cc4e72c314568925c462c6549d5ae9fe11a1713ea57a1221881ca5 d64cb8187be6d1c8e5784c8d420eaf0cfd96ce47336679626fac342d91dfc983
CLIENT_HANDSHAKE_TRAFFIC_SECRET 7ca80033de9a1e7f3db618d6fd997c3e347b671933c95d10f8575495c56e4698 4c2901a1f7201a38415879d8ebd4a095aca013bcee2b0e37d6ebf1ee08698c6b
SERVER_HANDSHAKE_TRAFFIC_SECRET 7ca80033de9a1e7f3db618d6fd997c3e347b671933c95d10f8575495c56e4698 43d7a145cb797604a58ed36fb2b260fc8494e09fe0b654997ed92e4a8282f060
CLIENT_TRAFFIC_SECRET_0 7ca80033de9a1e7f3db618d6fd997c3e347b671933c95d10f8575495c56e4698 c84c1c573d86d13333859fb03e2e70e93ad33b9a79ffb2ad4a4ea6f4b9da47b9
SERVER_TRAFFIC_SECRET_0 7ca80033de9a1e7f3db618d6fd997c3e347b671933c95d10f8575495c56e4698 75762c1cfc5658b981de0c5aec26180bd12ed781ec1de4c98bf4e1b766e858f5
CLIENT_HANDSHAKE_TRAFFIC_SECRET b4b96041e77670ea509d57a3fa505feacfb8d91ae8cdf912b198c3b4e273b7d6 d30e0cf176146acaed12abf40f9bf8e18c76d5b86d884ff302e9f9ed562fa219
SERVER_HANDSHAKE_TRAFFIC_SECRET b4b96041e77670ea509d57a3fa505feacfb8d91ae8cdf912b198c3b4e273b7d6 d984f93d9296228e2ed4cd5ab74c96fbc8bca243c3f5add257ec523ee6b9d598
CLIENT_TRAFFIC_SECRET_0 b4b96041e77670ea509d57a3fa505feacfb8d91ae8cdf912b198c3b4e273b7d6 6126b2b834c441be1f1b6d6b13a5060ab20b0b41a47bcebb2b5014efa2bece87
SERVER_TRAFFIC_SECRET_0 b4b96041e77670ea509d57a3fa505feacfb8d91ae8cdf912b198c3b4e273b7d6 433ba6c85f6a968d1547b86272fafd8e0aef149c1415b651e371943e92a51871
CLIENT_HANDSHAKE_TRAFFIC_SECRET ffa7afa1c9fb0d338c65034db2260be6d066f3d18ede6e203e88210130d8676e 74c3b749120e6627df25bc40aa67fdf87e846ec20e0ba07f73b47f49c45a88cf
SERVER_HANDSHAKE_TRAFFIC_SECRET ffa7afa1c9fb0d338c65034db2260be6d066f3d18ede6e203e88210130d8676e 0aa699b8a15705aa8667dee3f3a6de090990b38d6449465ddc1f026c47833743
CLIENT_TRAFFIC_SECRET_0 ffa7afa1c9fb0d338c65034db2260be6d066f3d18ede6e203e88210130d8676e e62ee4a5485a76919b0021ffba68de4266570814986595cc6983b7b1663fb3aa
SERVER_TRAFFIC_SECRET_0 ffa7afa1c9fb0d338c65034db2260be6d066f3d18ede6e203e88210130d8676e aa2b3b7b7335ec7a2ffaaf69f93d86ea07407c5ce5b8448ec9a7f382b9b0259d
CLIENT_HANDSHAKE_TRAFFIC_SECRET 6bc2305fffe72d0dea8f5f44b6e939047f6baefdb19e3caedfe083b56e0961e0 76bde7d00e3fa61b7d152b6df23c27aa48343030d513a1f03fb5f82377182e54
SERVER_HANDSHAKE_TRAFFIC_SECRET 6bc2305fffe72d0dea8f5f44b6e939047f6baefdb19e3caedfe083b56e0961e0 ebff45f672d58ba29dddce959226253ba5234cd99f349bbba7b322bc241e4cf0
CLIENT_TRAFFIC_SECRET_0 6bc2305fffe72d0dea8f5f44b6e939047f6baefdb19e3caedfe083b56e0961e0 c36e43a30aec4ac540f9dec7ee800fa79409393fb82d06cdd3c2a3d7a620fb9c
SERVER_TRAFFIC_SECRET_0 6bc2305fffe72d0dea8f5f44b6e939047f6baefdb19e3caedfe083b56e0961e0 890657f3b1ec796147b6ac3a7d56a9f42e9be59250a9aa565f225de623e70359
CLIENT_HANDSHAKE_TRAFFIC_SECRET 159a12c9eebe1c73197b5a450640927dc538475c172f4a939ad2853f28b712a4 4b3262f2385dff2592eb0afe23b0b024c30209e21a485368dea6e1d424fa1f3e
SERVER_HANDSHAKE_TRAFFIC_SECRET 159a12c9eebe1c73197b5a450640927dc538475c172f4a939ad2853f28b712a4 12e89efeac2f9243d5e3763066e77dc40f8f708117b4e59bd8295f1020d18a4c
CLIENT_TRAFFIC_SECRET_0 159a12c9eebe1c73197b5a450640927dc538475c172f4a939ad2853f28b712a4 f95a6013a23da88f88489420a30335218d935c28e4c96a5e725eae061f2973b5
SERVER_TRAFFIC_SECRET_0 159a12c9eebe1c73197b5a450640927dc538475c172f4a939ad2853f28b712a4 8561526a9c4181cb89449ee1eae8c34e53e9b09077b6df0a37a0d9d3cc956196
CLIENT_HANDSHAKE_TRAFFIC_SECRET a89854d91852d427f2dde45b35d5a8e4544865d8530b2998b475d62555e4f4eb 4229efe5dba5df996d9963948822d001609202edaeedaa8f6a0d2349eda7b6dc
SERVER_HANDSHAKE_TRAFFIC_SECRET a89854d91852d427f2dde45b35d5a8e4544865d8530b2998b475d62555e4f4eb 43125be52fdee9a8cf9e7f687614398ffaf8cc9eab4dc1b71ffd16f60d3d0686
CLIENT_TRAFFIC_SECRET_0 a89854d91852d427f2dde45b35d5a8e4544865d8530b2998b475d62555e4f4eb dfbe97b623d0817ec70f1ef7d4b048b4a52d2a9586c661e736009b79044bd895
SERVER_TRAFFIC_SECRET_0 a89854d91852d427f2dde45b35d5a8e4544865d8530b2998b475d62555e4f4eb b592a89d723b94ddab5e759584c512c2259d985b60dc70997a34d70f10f616f6
CLIENT_HANDSHAKE_TRAFFIC_SECRET f4336456d78c066d8980cb7dfdb766c0a31eb95c6209f14cd70117b41b626520 33ae0e42a652cd89557f72c45f35a2e4ce2bbaa6c6b3ecebf271809a1d6090c4
SERVER_HANDSHAKE_TRAFFIC_SECRET f4336456d78c066d8980cb7dfdb766c0a31eb95c6209f14cd70117b41b626520 2be0a3365e9b34b469efae5753d5d8a0747548fa51850a91fbe082fb7d9dac74
CLIENT_TRAFFIC_SECRET_0 f4336456d78c066d8980cb7dfdb766c0a31eb95c6209f14cd70117b41b626520 0d079f8a5008cf272e218e3a0726469221cb36820609618073789a93b343991a
SERVER_TRAFFIC_SECRET_0 f4336456d78c066d8980cb7dfdb766c0a31eb95c6209f14cd70117b41b626520 a51a3584b9d7b307e4cf3d660d26d974aa7e31bfcd53168f9dd01292f03bf8f5
CLIENT_HANDSHAKE_TRAFFIC_SECRET 6cee686432ad302fe2ca62667a2c0b4dba992f46c6d69c702cfecef5fc210721 ce3c31b110ee835660d762f7b75bc60e8b4b6c9380c117c97d1f032f4138c39f
SERVER_HANDSHAKE_TRAFFIC_SECRET 6cee686432ad302fe2ca62667a2c0b4dba992f46c6d69c702cfecef5fc210721 ba5f2a55c8632d5ff753a17f9e0d7130bc74560e9227f7cbbf17b22b3669d1e1
CLIENT_TRAFFIC_SECRET_0 6cee686432ad302fe2ca62667a2c0b4dba992f46c6d69c702cfecef5fc210721 af8b3aacd874c3075601a044d8c00d9d717f6fc65b166a76ff9d0eda2b87c820
SERVER_TRAFFIC_SECRET_0 6cee686432ad302fe2ca62667a2c0b4dba992f46c6d69c702cfecef5fc210721 5f9f01d6b68465a57d4007bf333baf8353fad0eb0df61f89f92e534f9abaf5c1
CLIENT_HANDSHAKE_TRAFFIC_SECRET e88b5bbe45135dd5d6d11b95cc07123bb2e47fcd1afb3434a4f697ab3fb172a7 d676f756d30bd9667cf926349b4acb720d2b118cdef8e51ea9ce5fd199c887fa
SERVER_HANDSHAKE_TRAFFIC_SECRET e88b5bbe45135dd5d6d11b95cc07123bb2e47fcd1afb3434a4f697ab3fb172a7 3bc71f36cd3e23c43d638a05df6efd8862a60088e0f9bd8103b82158e227cd18
CLIENT_TRAFFIC_SECRET_0 e88b5bbe45135dd5d6d11b95cc07123bb2e47fcd1afb3434a4f697ab3fb172a7 bf69bed21292ba70e65f06a001e06eaa72407fc31f12168501b8ea4f75fdfc8c
SERVER_TRAFFIC_SECRET_0 e88b5bbe45135dd5d6d11b95cc07123bb2e47fcd1afb3434a4f697ab3fb172a7 5ac4bfe41c18aca428bc674c138a107a407ac47e4d86322b231ff84298759403
CLIENT_HANDSHAKE_TRAFFIC_SECRET 9063fe8e55781511f7374d7d3b844cef758733e354c77049f41566662695d818 eae1dbf652dab8bee4edac730e8bbae5127c93cdc840c1592b90058e7af3bd19
SERVER_HANDSHAKE_TRAFFIC_SECRET 9063fe8e55781511f7374d7d3b844cef758733e354c77049f41566662695d818 a241f820e0dd025340c64f458e9a116c60107b5bfc6e193440cf9a07472e66bb
CLIENT_TRAFFIC_SECRET_0 9063fe8e55781511f7374d7d3b844cef758733e354c77049f41566662695d818 d6a2a7544986533e7a742bd2be46f35ecea380da28a04e73176c799692690c95
SERVER_TRAFFIC_SECRET_0 9063fe8e55781511f7374d7d3b844cef758733e354c77049f41566662695d818 2d308e59c69475d5722917b82a5b36433d428762633727d0257fc8d413b78c49
CLIENT_HANDSHAKE_TRAFFIC_SECRET c1dea2dc4bc9bf1b45e5486652cff1e75d137a03c561479cff70593da058a5dc 7709ba58b4f65c0c44b5f23a6fb0075b08377411bbb924696952c5000f81469d
SERVER_HANDSHAKE_TRAFFIC_SECRET c1dea2dc4bc9bf1b45e5486652cff1e75d137a03c561479cff70593da058a5dc 38bd3bbd00085b185dd6529c4527ec7804fecc08d32dd0b4ca44e940d9ed461b
CLIENT_TRAFFIC_SECRET_0 c1dea2dc4bc9bf1b45e5486652cff1e75d137a03c561479cff70593da058a5dc 2124c73e47538299de901ff573eb34ca0c1ecefba9d248a8334806e80c3156c3
SERVER_TRAFFIC_SECRET_0 c1dea2dc4bc9bf1b45e5486652cff1e75d137a03c561479cff70593da058a5dc 8e864e09b4ba08f5836a52117e39ffbffc73a4b76db69f3e2c332f2ffe00f88d
CLIENT_HANDSHAKE_TRAFFIC_SECRET d4ec5038350e85bed836765fa0c975aaa4a46cd79e0b55197c32bdf1440631f9 cebde1c00d5b2b7eb3ef156dfa27d60641de442f9104050bd204a941b5420918
SERVER_HANDSHAKE_TRAFFIC_SECRET d4ec5038350e85bed836765fa0c975aaa4a46cd79e0b55197c32bdf1440631f9 71710ea39580ffeb454bf7c5e1f5acff79c0d05eca982f3a464705f9cbc00027
CLIENT_TRAFFIC_SECRET_0 d4ec5038350e85bed836765fa0c975aaa4a46cd79e0b55197c32bdf1440631f9 64b30c057347c3668eb24257dff5147971907f45e0b267b84a73226c89916c6a
SERVER_TRAFFIC_SECRET_0 d4ec5038350e85bed836765fa0c975aaa4a46cd79e0b55197c32bdf1440631f9 fbfa5fbaf2dd592edb3e8844ea805a45f66dfb0d0460f01df8ed8e6380c3069f
CLIENT_HANDSHAKE_TRAFFIC_SECRET 788e2f1955e11929e16ea4b8f4f7e0f9e15b4246107fc81fecc5d48acb0ad203 2cea43d5d21bddfba8a07d9fd5c9c508c5b16dbf266bcc7adb876ceba6dc8385
SERVER_HANDSHAKE_TRAFFIC_SECRET 788e2f1955e11929e16ea4b8f4f7e0f9e15b4246107fc81fecc5d48acb0ad203 3e8d50223c4f826a581cf2048682034287efa4232653f3fd47c32b074811b069
CLIENT_TRAFFIC_SECRET_0 788e2f1955e11929e16ea4b8f4f7e0f9e15b4246107fc81fecc5d48acb0ad203 dd828317d324add3ea325a4b4c161b1221b373a5277e511dd3a43a87ad0dc38a
SERVER_TRAFFIC_SECRET_0 788e2f1955e11929e16ea4b8f4f7e0f9e15b4246107fc81fecc5d48acb0ad203 df97d5be9dc6bd26440695aff0f91e1dca07db2d6c4d64f17c87e81e65fa644d
CLIENT_HANDSHAKE_TRAFFIC_SECRET c58b3e51416c867b47dc20be193cdaba764b77be44a122a2045609702c496202 5f550732c71fdcb603465132c892ce994187fab14aec78b0bcb41ef08360fa8a
SERVER_HANDSHAKE_TRAFFIC_SECRET c58b3e51416c867b47dc20be193cdaba764b77be44a122a2045609702c496202 7d23c65621c3ca24bcab670872ea501ee9ff22b680912a62600f33afc204c5b4
CLIENT_TRAFFIC_SECRET_0 c58b3e51416c867b47dc20be193cdaba764b77be44a122a2045609702c496202 c4a9996165b00b0dfdaf7b1846f7e429d9936e764f39904871e0393dc1539eba
SERVER_TRAFFIC_SECRET_0 c58b3e51416c867b47dc20be193cdaba764b77be44a122a2045609702c496202 1d3fff132a86880f4ae5dea7383c40a893f2c1fff618169eaef268fc1c766c54
CLIENT_HANDSHAKE_TRAFFIC_SECRET 09d98cdc8525162d212161c07d93d0a6dcab696510f99f5d2d5c78e528c625b8 f842e4c74540e033bfb2373a04deca3921ef02f0b77044acadf2df2380200573
SERVER_HANDSHAKE_TRAFFIC_SECRET 09d98cdc8525162d212161c07d93d0a6dcab696510f99f5d2d5c78e528c625b8 d492d5100759d518292819e96cdf74d3267b57b44790b94fd55148b395082fb5
CLIENT_TRAFFIC_SECRET_0 09d98cdc8525162d212161c07d93d0a6dcab696510f99f5d2d5c78e528c625b8 137b9e9b27e2516fb024612a7a14be48f33e85543577779252259c4a1cd2c107
SERVER_TRAFFIC_SECRET_0 09d98cdc8525162d212161c07d93d0a6dcab696510f99f5d2d5c78e528c625b8 f4bdcc1bf10478326eb20b1f64101e23a21335612953be76a72b2633562551e1
CLIENT_HANDSHAKE_TRAFFIC_SECRET e0e1cf824fbdb8e298a3c926fb58fc6417ab3ef100edce2be3665a695d435878 68ad3cab9d1bd99fe0180454c96e033f2f85d317eb2a659a2d363122df2e633d
SERVER_HANDSHAKE_TRAFFIC_SECRET e0e1cf824fbdb8e298a3c926fb58fc6417ab3ef100edce2be3665a695d435878 a5dffc4532ba944b8c5f2bc1354d5b18ad90d9bd14121c827c520da190f1bdda
CLIENT_TRAFFIC_SECRET_0 e0e1cf824fbdb8e298a3c926fb58fc6417ab3ef100edce2be3665a695d435878 960ddca441c0299da66693a61770f2e6eaa5eed57aabb766f4c055755e7e611a
SERVER_TRAFFIC_SECRET_0 e0e1cf824fbdb8e298a3c926fb58fc6417ab3ef100edce2be3665a695d435878 82b28a398be5c8f76341bff2c213f4dfb8dad1a774b8829139c97daa9e0b7471
CLIENT_HANDSHAKE_TRAFFIC_SECRET 3b00713e6f521b8822b5b9afffd8357c980b2136dc5cf58cef5c98853be7e230 b3db7363f1fda5a6229f22a4171051f05256e8d758514a4d5c0fbd4cbabe1e84
SERVER_HANDSHAKE_TRAFFIC_SECRET 3b00713e6f521b8822b5b9afffd8357c980b2136dc5cf58cef5c98853be7e230 709691e750514e7de18b5e8da6836378cb652610a360eb97f79732bb1aebf1c1
CLIENT_TRAFFIC_SECRET_0 3b00713e6f521b8822b5b9afffd8357c980b2136dc5cf58cef5c98853be7e230 b1049824d226c4aa3c0d828a3cb6d57ba84e89559ff8a1523c0bba51ce4dc6d6
SERVER_TRAFFIC_SECRET_0 3b00713e6f521b8822b5b9afffd8357c980b2136dc5cf58cef5c98853be7e230 7019a87fcd3ba39b8212180478652ceaeeb062192e6b5eb6f3674f13167d45da
CLIENT_HANDSHAKE_TRAFFIC_SECRET f87a77376c74ec36980c85e9b02f1ea851faef93784f6df9cdcb01f07cbfbf0d 6d73d4709e224a00248055c150ac9adf5a5b2aca881ba57e7d06df2128439b7f
SERVER_HANDSHAKE_TRAFFIC_SECRET f87a77376c74ec36980c85e9b02f1ea851faef93784f6df9cdcb01f07cbfbf0d ad138b54a7881bfca9d3f3bab8b88748b7aec044a6a237a533496eec1c5a067b
CLIENT_TRAFFIC_SECRET_0 f87a77376c74ec36980c85e9b02f1ea851faef93784f6df9cdcb01f07cbfbf0d 3a07ad22d68629b57b791a8005d73522cc2873ad0a109cbfb9ab611f055ce45f
SERVER_TRAFFIC_SECRET_0 f87a77376c74ec36980c85e9b02f1ea851faef93784f6df9cdcb01f07cbfbf0d b4d27ff82329832e4a359a27115df111240f5880ed07084f0a4c4ee47590d97f
CLIENT_HANDSHAKE_TRAFFIC_SECRET fbedf3422463c7fcb47e19470fa4035e2605c1ecd1b320b51cd3f01179236117 f2a3efa5cd7fd3f45f23d4434c6c8b7517d137bddda68986244bd2f24c092b15
SERVER_HANDSHAKE_TRAFFIC_SECRET fbedf3422463c7fcb47e19470fa4035e2605c1ecd1b320b51cd3f01179236117 f43f78999ed89774cee8ee9382a8dcd26d922f17175f72793d3c30824d22dd42
CLIENT_TRAFFIC_SECRET_0 fbedf3422463c7fcb47e19470fa4035e2605c1ecd1b320b51cd3f01179236117 3a2a1f6efdc919a4a35d5bf06ac49aac1a6bfd723563a38d55d15f07d41915ce
SERVER_TRAFFIC_SECRET_0 fbedf3422463c7fcb47e19470fa4035e2605c1ecd1b320b51cd3f01179236117 0f5f9989ab952dd1291fe0a9ed0a4301e081f20152d602566eb0b234bdc9a5cd
CLIENT_HANDSHAKE_TRAFFIC_SECRET 21869a5d6ac252f5bf2725d50593307bec785201a9d21714c6c14fcb0f6ee03d fbdc8ce85b216d6c0b5d523d43102700418694db3a2c79e12d36c692a752748d
SERVER_HANDSHAKE_TRAFFIC_SECRET 21869a5d6ac252f5bf2725d50593307bec785201a9d21714c6c14fcb0f6ee03d e481b4fb92a487e778468c7b152f4c784355bfbd8fe6e08f2da7aeed682156cd
CLIENT_TRAFFIC_SECRET_0 21869a5d6ac252f5bf2725d50593307bec785201a9d21714c6c14fcb0f6ee03d 9d1b1ac4ea1e4007ea23d0043e2150bd811653675975f4def64d0812b3710136
SERVER_TRAFFIC_SECRET_0 21869a5d6ac252f5bf2725d50593307bec785201a9d21714c6c14fcb0f6ee03d ca0afe76ba3c9a66d0936225db4566fbecbccabcd6f2e91964a4929e484114bf
CLIENT_HANDSHAKE_TRAFFIC_SECRET 8cbb52984d19ffa95df799261321ed7f669a4c43bb7318f82fb6f4d099325eca ff235cbcc6e3500e868c3496739eb53761c60e1f4ab4b12a4bbedbe6efadd1ed
SERVER_HANDSHAKE_TRAFFIC_SECRET 8cbb52984d19ffa95df799261321ed7f669a4c43bb7318f82fb6f4d099325eca 4677d6b05c114c290a0366643830f514e8546fd0305f9cd1180151db0e3ee909
CLIENT_TRAFFIC_SECRET_0 8cbb52984d19ffa95df799261321ed7f669a4c43bb7318f82fb6f4d099325eca 40b302bcaa2086b21c758e8f1e7107d52681ce5849e5c6a838775245b6bb4ea4
SERVER_TRAFFIC_SECRET_0 8cbb52984d19ffa95df799261321ed7f669a4c43bb7318f82fb6f4d099325eca 2e32206f55b82ad25f37cfb7abc3522df6eb1fea8dbca90180c023f4f7f41c34
CLIENT_HANDSHAKE_TRAFFIC_SECRET 686d775d48f0b59165ec71a254751d506e6c24367f32b222a0b266548fc2a604 f5ab129d37d95adb427bef76b93c9d279b606a664b6e33a51864b0598bacda8a
SERVER_HANDSHAKE_TRAFFIC_SECRET 686d775d48f0b59165ec71a254751d506e6c24367f32b222a0b266548fc2a604 15eb1fc33d85800584a8b52af1e6bf670b61868175ec7aa706ebe023eda3505b
CLIENT_TRAFFIC_SECRET_0 686d775d48f0b59165ec71a254751d506e6c24367f32b222a0b266548fc2a604 8de17280fd4a5ed29ddb261bca48fb9949cba18ab9b675bf608f7096212e8571
SERVER_TRAFFIC_SECRET_0 686d775d48f0b59165ec71a254751d506e6c24367f32b222a0b266548fc2a604 a255cf23ac4602ebe4c189e5ed1cc798640a4f7a267963867a62384f9f8520b9
CLIENT_HANDSHAKE_TRAFFIC_SECRET 6b19fa2627c5d6b9afcd0c22c80228a61e36357179a6daa3d7869b69e21466ce ad4bc820d075a7abc2625a5f1caa1de6fd8f7a4f5df26341fe67562478ccc440
SERVER_HANDSHAKE_TRAFFIC_SECRET 6b19fa2627c5d6b9afcd0c22c80228a61e36357179a6daa3d7869b69e21466ce 55e6ca5719ce52f6144bd62965c5247bc4867aa8aa603d35ad8a01bccb3a6f79
CLIENT_TRAFFIC_SECRET_0 6b19fa2627c5d6b9afcd0c22c80228a61e36357179a6daa3d7869b69e21466ce f7b259f31a56d5f9649f52ea14e208270a514802ddc204ccdef442fd3a011dc9
SERVER_TRAFFIC_SECRET_0 6b19fa2627c5d6b9afcd0c22c80228a61e36357179a6daa3d7869b69e21466ce 19d044fdb62d14b40822d5a67e5ff785eb850c5ac1db1e521c5e5e9509817ec5
CLIENT_HANDSHAKE_TRAFFIC_SECRET a75262b3acfe153e95c37aee3a8f83b4390430a5a27f1e9ad7510545cc7af0b8 85d2c6710bcb0a233e00f30e9d34c15ec0bf0fb47cbbecf41dc0a918e61f2882
SERVER_HANDSHAKE_TRAFFIC_SECRET a75262b3acfe153e95c37aee3a8f83b4390430a5a27f1e9ad7510545cc7af0b8 e8901d5b286eb812ff5a1784de393ad41942922fd8eea977a1416d5fc32e7c84
CLIENT_TRAFFIC_SECRET_0 a75262b3acfe153e95c37aee3a8f83b4390430a5a27f1e9ad7510545cc7af0b8 e257180b068db65f11fa8f5eadbf2bddb24052400f00a04a764192e7619e64fb
SERVER_TRAFFIC_SECRET_0 a75262b3acfe153e95c37aee3a8f83b4390430a5a27f1e9ad7510545cc7af0b8 57f7d3ccff50a45e6d4bc73a2e68c8ae63955a5f27efbd19c2af00fb7733d854
CLIENT_HANDSHAKE_TRAFFIC_SECRET 7c663bdedb0ca43dcaecf1d3d775fa8e421e6a83f8e32a237d43380fbf50ec03 7a2c1c4d1f1b731aad207d788518548004cb0541e418ef853aa9e04ec62dd1c8
SERVER_HANDSHAKE_TRAFFIC_SECRET 7c663bdedb0ca43dcaecf1d3d775fa8e421e6a83f8e32a237d43380fbf50ec03 0b4133c967fccf7dc9d03456fe08c348951b4bdc5af0ecd66e8e2bb6f9b3a6c9
CLIENT_TRAFFIC_SECRET_0 7c663bdedb0ca43dcaecf1d3d775fa8e421e6a83f8e32a237d43380fbf50ec03 1527c14835001d9edfb73e4dfa143b07b84b9ee1000deb0565f4e4f1177127af
SERVER_TRAFFIC_SECRET_0 7c663bdedb0ca43dcaecf1d3d775fa8e421e6a83f8e32a237d43380fbf50ec03 f2e0f77b8afae92dd6b0e98c811630842bdad6fa6ffc7d794a6987e023f7f86a
CLIENT_HANDSHAKE_TRAFFIC_SECRET 62ec4e8df36e92cd9d8cec61f9ab197d749857612d20ea26953bed64caa6b831 af1d2739f96e6a2d6db868b4077f49c3ee956813fcf1975d936441d95f59a462
SERVER_HANDSHAKE_TRAFFIC_SECRET 62ec4e8df36e92cd9d8cec61f9ab197d749857612d20ea26953bed64caa6b831 d9615e6ab906766d73012c2ec6cd2596ce0541e005bd1b5f57b0e57bfe2a0358
CLIENT_TRAFFIC_SECRET_0 62ec4e8df36e92cd9d8cec61f9ab197d749857612d20ea26953bed64caa6b831 b000437017d6c9e3e715d6629eb6a812c72cf2e74290c242ad18688ac5808bba
SERVER_TRAFFIC_SECRET_0 62ec4e8df36e92cd9d8cec61f9ab197d749857612d20ea26953bed64caa6b831 f6e0c455d029cc20f4a6831fe053ec9f5fb89e47a9b9743f6330ccae74f85a81
CLIENT_HANDSHAKE_TRAFFIC_SECRET 7be3d5ff9d616453b08053e8622474b0f46b8d9245b7f47ba6731c6cec5edd91 b4e98ad2bb6f230fb154592a504ebbbee14cd63a86f31f1c9f7bb949ced29dc3
SERVER_HANDSHAKE_TRAFFIC_SECRET 7be3d5ff9d616453b08053e8622474b0f46b8d9245b7f47ba6731c6cec5edd91 49480e01af6d88486dbb48380f3edd96141eaad86c97c01f35dac7359487515b
CLIENT_TRAFFIC_SECRET_0 7be3d5ff9d616453b08053e8622474b0f46b8d9245b7f47ba6731c6cec5edd91 b00434b62bddbb26639261cdb62f911b98a15837e920106c2500ebd54f38b4ed
SERVER_TRAFFIC_SECRET_0 7be3d5ff9d616453b08053e8622474b0f46b8d9245b7f47ba6731c6cec5edd91 fbbb423de1d104b93c817c1584ebdb6c35ae8de02e2a2accdc348a2c166d15ed
CLIENT_HANDSHAKE_TRAFFIC_SECRET 0c21e5457be41de88e5216bb5f257505e7365004b03274b663eef9bac7a48ec1 becfae428eab1612eec1bce14540e062289dabd71d6cfd066438c65be04383b4
SERVER_HANDSHAKE_TRAFFIC_SECRET 0c21e5457be41de88e5216bb5f257505e7365004b03274b663eef9bac7a48ec1 78e9d77bda965e18d32787f96e57569a2ac51b8298bbbd919e53dc7700bf6ca1
CLIENT_TRAFFIC_SECRET_0 0c21e5457be41de88e5216bb5f257505e7365004b03274b663eef9bac7a48ec1 cf987fbb917f904f860ed5da9ff00419679d0089089ad50f10c3152efcd0eeba
SERVER_TRAFFIC_SECRET_0 0c21e5457be41de88e5216bb5f257505e7365004b03274b663eef9bac7a48ec1 e1b35a2141833993cc68cdf1c6d416973ccaa29ff5cc5afd3e6373901b1e6fbc
CLIENT_HANDSHAKE_TRAFFIC_SECRET dd0b73f58595bdb6a31836f058a15239c12af48a34a6a50dce9a6fe2116215fc 70a24879e3d4a6973efde19b2abc27bdc0c41e12443b7b76ddf3765c0bce083c
SERVER_HANDSHAKE_TRAFFIC_SECRET dd0b73f58595bdb6a31836f058a15239c12af48a34a6a50dce9a6fe2116215fc 54d0c07b23335e4a7d1cbd1991a4a38111fabb1d0f7cec7cea306ab0f1495b91
CLIENT_TRAFFIC_SECRET_0 dd0b73f58595bdb6a31836f058a15239c12af48a34a6a50dce9a6fe2116215fc d0625cb14391e4101a2190f34c197980b69b95680cc95f74f1fbc9260bdfca56
SERVER_TRAFFIC_SECRET_0 dd0b73f58595bdb6a31836f058a15239c12af48a34a6a50dce9a6fe2116215fc fdee5c4f73420931856150200a759db5c0830e536130453089a580a956cd6519
CLIENT_HANDSHAKE_TRAFFIC_SECRET 25c30e47852e9ed6903a142f249b85ea8148cfec59d1b44ba766bb0d505f639f 7b47a2feb34d754853acd8db638fb67fdd746590b0b022cc1e8ddfae259c5793
SERVER_HANDSHAKE_TRAFFIC_SECRET 25c30e47852e9ed6903a142f249b85ea8148cfec59d1b44ba766bb0d505f639f 8d984373feb4081ca6f5c5c48308bac22a866dd7e610085db09a89335684d25c
CLIENT_TRAFFIC_SECRET_0 25c30e47852e9ed6903a142f249b85ea8148cfec59d1b44ba766bb0d505f639f 9ce3687fdc8c2bade5b248da2c0b2f76e9a5f325fbf38c30c4e1de77bb730739
SERVER_TRAFFIC_SECRET_0 25c30e47852e9ed6903a142f249b85ea8148cfec59d1b44ba766bb0d505f639f 6f70dfdc4906761ce658fe9638d612d308562a401901c603632388be541fcc15
CLIENT_HANDSHAKE_TRAFFIC_SECRET 0bd71ae708f292b57f8032c3450c916a20da1f873cb3296c6d05954531174714 b5494b1bcac92032dfef147c457802730b3130ef5a8c5f0dbd2620b0dc83e9f9
SERVER_HANDSHAKE_TRAFFIC_SECRET 0bd71ae708f292b57f8032c3450c916a20da1f873cb3296c6d05954531174714 e85bc2a6c9f3921301c4ab30a196b13281f1deb628612a6ce6d85993d0c556dc
CLIENT_TRAFFIC_SECRET_0 0bd71ae708f292b57f8032c3450c916a20da1f873cb3296c6d05954531174714 59db6a23262de584d528aad0457ab7d444829e95c9dc78d7ecba2d225b7fc540
SERVER_TRAFFIC_SECRET_0 0bd71ae708f292b57f8032c3450c916a20da1f873cb3296c6d05954531174714 98d7cb282f4cac4999237d38f55d90e5e825ae98db451503e617e50a40c1397e
CLIENT_HANDSHAKE_TRAFFIC_SECRET 4ef08997c5e0209689649cb4b9a788b127848ebae2a4dfda165754b54c619fe3 0c53037dc78ecef548224f4c30d8df826fa0af0928282bf3ef5bd3a8107bc0f1
SERVER_HANDSHAKE_TRAFFIC_SECRET 4ef08997c5e0209689649cb4b9a788b127848ebae2a4dfda165754b54c619fe3 01a98f20502325b5d67252b51b64f1eb6ab5c681063eacfdb37d69816531e3c2
CLIENT_TRAFFIC_SECRET_0 4ef08997c5e0209689649cb4b9a788b127848ebae2a4dfda165754b54c619fe3 d283db2a8657264196632289e900f32630af341eeeaab0b72d20e31c1054a954
SERVER_TRAFFIC_SECRET_0 4ef08997c5e0209689649cb4b9a788b127848ebae2a4dfda165754b54c619fe3 313fd3391f0078cef13d0d5ece17aa46669842303ca48abae84c7ebb0a611c21
CLIENT_HANDSHAKE_TRAFFIC_SECRET 1fb516c7f7ab020ce901ba0859fc622e4191eb6458b9ff0ad10c6135394af9d9 0050760efbbba946b3be2fbea481b09028170fd07bdd47ca97bd9f31a057f3f7
SERVER_HANDSHAKE_TRAFFIC_SECRET 1fb516c7f7ab020ce901ba0859fc622e4191eb6458b9ff0ad10c6135394af9d9 a5a2632787bb0e09a57289d9146bec20cf74dd479a281ab0cb3f084f8e7dbe0d
CLIENT_TRAFFIC_SECRET_0 1fb516c7f7ab020ce901ba0859fc622e4191eb6458b9ff0ad10c6135394af9d9 674ccee1355d6a6007a4e8284f818a936055395fb69a09eb4c414a00cc2bb104
SERVER_TRAFFIC_SECRET_0 1fb516c7f7ab020ce901ba0859fc622e4191eb6458b9ff0ad10c6135394af9d9 ccd91c62c61cb984b71e6be0b3b212436a5b840386fdad1ff1a915b1adea3423
CLIENT_HANDSHAKE_TRAFFIC_SECRET 70741d50f75d429cad259a16548f7f8a7e2a5464105a8caea1ee46cc24e4fd66 747f12296b67a46b3d3429e3408cdba2d1719039cea4ee64c31b7ad72d6e73d0
SERVER_HANDSHAKE_TRAFFIC_SECRET 70741d50f75d429cad259a16548f7f8a7e2a5464105a8caea1ee46cc24e4fd66 b9ca6ad0ce386e669c5df200d26810cfb82f05a1ef65c387b9b9ebe9ca1905f7
CLIENT_TRAFFIC_SECRET_0 70741d50f75d429cad259a16548f7f8a7e2a5464105a8caea1ee46cc24e4fd66 e4e43e2fe48228bf796e1c9af9b381bdf62530cdda1c82f46ea9896bc4076618
SERVER_TRAFFIC_SECRET_0 70741d50f75d429cad259a16548f7f8a7e2a5464105a8caea1ee46cc24e4fd66 39c0979b2ffe49ee9799a681201fb9eeb93482fca142170be547f85951df38f2
CLIENT_HANDSHAKE_TRAFFIC_SECRET 6ba24ebc6084971a384de560d177b37171a784eec38e2034d84422e0fe0abe68 bc268b95b9c8a4b0301e34f23c5b831c2cc34c494865ca9bf4afc768cc54d75d
SERVER_HANDSHAKE_TRAFFIC_SECRET 6ba24ebc6084971a384de560d177b37171a784eec38e2034d84422e0fe0abe68 7e84e4c8d58d90c066d9e9669c286da16e00a5afd579136c34733d6c529cb573
CLIENT_TRAFFIC_SECRET_0 6ba24ebc6084971a384de560d177b37171a784eec38e2034d84422e0fe0abe68 6febb4bc82b9ee2cccf975adea2542769a8ae61163e2846e571b5a9a2e8442ec
SERVER_TRAFFIC_SECRET_0 6ba24ebc6084971a384de560d177b37171a784eec38e2034d84422e0fe0abe68 0938d79c9749a007c37a1c660836d07d3df55cf3ab228d3c9b8ada663a98722c
CLIENT_HANDSHAKE_TRAFFIC_SECRET c5d68d28fdb3ad75e58d61e1d1ca08242a04d7724cff8ff56257c90cf7065ca3 f55dd3dfdf53600c32674cfc2b113daa69d6f7b3bf6e34518e427991891c1bbf
SERVER_HANDSHAKE_TRAFFIC_SECRET c5d68d28fdb3ad75e58d61e1d1ca08242a04d7724cff8ff56257c90cf7065ca3 8719010ed844889549466851a3380a2aca7f7ddd2acc65ebddd198ecb3e5318e
CLIENT_TRAFFIC_SECRET_0 c5d68d28fdb3ad75e58d61e1d1ca08242a04d7724cff8ff56257c90cf7065ca3 5903ac29fc750297b01972bb62da88869b196a54d5e10a64d2359e283ed2ad8a
SERVER_TRAFFIC_SECRET_0 c5d68d28fdb3ad75e58d61e1d1ca08242a04d7724cff8ff56257c90cf7065ca3 22efd5b98a56db167006cf761d8552b93d399c1b380e4b2f5ebaed647f832782
CLIENT_HANDSHAKE_TRAFFIC_SECRET b7b105330df8639790ae29b7d8b5accdbe1cd43e6d871964befa3a1469f99e49 9dde63af142b574add3539dc98254c3a5d752ec21319d09b0bd48b056c64d980
SERVER_HANDSHAKE_TRAFFIC_SECRET b7b105330df8639790ae29b7d8b5accdbe1cd43e6d871964befa3a1469f99e49 2b8e6b21b38469de7f4e9132605a7718c14a879125bbaa5a349d797c9b362b00
CLIENT_TRAFFIC_SECRET_0 b7b105330df8639790ae29b7d8b5accdbe1cd43e6d871964befa3a1469f99e49 abed2fdea515454c696c5400383d1117d4e2373e209a7d9bb291fa61a1fc9039
SERVER_TRAFFIC_SECRET_0 b7b105330df8639790ae29b7d8b5accdbe1cd43e6d871964befa3a1469f99e49 f9de1975618776e9a48bae3b573b40fb80dd1087bf0087160a709f58df13d6cb
CLIENT_HANDSHAKE_TRAFFIC_SECRET d5c2166858b7f816a309e86869d4bfcb58c2e761ef80856ed0081d0a5738a038 a394ac17e3c0a1f6bd6d1965e84eeec6f6c0db958f364bebaed4091fa955b3b4
SERVER_HANDSHAKE_TRAFFIC_SECRET d5c2166858b7f816a309e86869d4bfcb58c2e761ef80856ed0081d0a5738a038 2c783231d42beb4544da0659c86493a901927915fc29bf693a8ee3ac006eb774
CLIENT_TRAFFIC_SECRET_0 d5c2166858b7f816a309e86869d4bfcb58c2e761ef80856ed0081d0a5738a038 4e8e883033cec6e220e7017e794fc4afddb6c12beda705fe1fa828d075d76933
SERVER_TRAFFIC_SECRET_0 d5c2166858b7f816a309e86869d4bfcb58c2e761ef80856ed0081d0a5738a038 fe242b6e666371e7fa76d643f0dcd4aead481a132fa9a9803389ea7b4054c0bb
CLIENT_HANDSHAKE_TRAFFIC_SECRET 356e08613fe45bc2f705fd345a40f41b96c29f239e3d839a0164d531b0ed27bf b5d4b9dab2027f3434f48ce2857e4db9be2c91a5cc816577bc58614ee1269967
SERVER_HANDSHAKE_TRAFFIC_SECRET 356e08613fe45bc2f705fd345a40f41b96c29f239e3d839a0164d531b0ed27bf 237e0b0ec5f286ac82f5ed60a6e18c81c4dd0269744824e5ba5135730bd32832
CLIENT_TRAFFIC_SECRET_0 356e08613fe45bc2f705fd345a40f41b96c29f239e3d839a0164d531b0ed27bf eb71e837953a2d747ae7d22b73a3c6f63eefd0a7449ee602f94e3a719f08fea7
SERVER_TRAFFIC_SECRET_0 356e08613fe45bc2f705fd345a40f41b96c29f239e3d839a0164d531b0ed27bf db2445a1e1be2141a57afaa334d3973a5a62a3208709f2fb5eb83a5003cc58f2
CLIENT_HANDSHAKE_TRAFFIC_SECRET ef5726ad9e97cb77da865c3a602fcdd7a61cb4affbc18932074432948bd6c834 e948aa30563ace5c9328c5f2ae5be358635a292b679e5ff2fab25a8dfbb29cde
SERVER_HANDSHAKE_TRAFFIC_SECRET ef5726ad9e97cb77da865c3a602fcdd7a61cb4affbc18932074432948bd6c834 b0a2b000f4cd9ff57bae15b9a0d44b4bc1166f9e39579479694680f5785e12f4
CLIENT_TRAFFIC_SECRET_0 ef5726ad9e97cb77da865c3a602fcdd7a61cb4affbc18932074432948bd6c834 3e78ba725e5ac9111d860342a903f840a9959feac709e8b490a2d701e17430ac
SERVER_TRAFFIC_SECRET_0 ef5726ad9e97cb77da865c3a602fcdd7a61cb4affbc18932074432948bd6c834 b6d3da0cd155ac4ee08619b80a16859417a34fed36896590145e14663998af0b
CLIENT_HANDSHAKE_TRAFFIC_SECRET 548d4e71d2a2ff84f7a24afd36903ee4507092e6b2bf6b31ba3533e0e6314260 7066d4b36eeaf3c0e78de9ddb90676080d6d4564a4aacc8523612365a19e1951
SERVER_HANDSHAKE_TRAFFIC_SECRET 548d4e71d2a2ff84f7a24afd36903ee4507092e6b2bf6b31ba3533e0e6314260 2f7255a1e2299f769a1849dfc3391fbffcb5864a83d84113a92a5c9286d4daeb
CLIENT_TRAFFIC_SECRET_0 548d4e71d2a2ff84f7a24afd36903ee4507092e6b2bf6b31ba3533e0e6314260 1901ed80646a4e7f4ad00b284f899d9a1326f501ae0a436618c8a0d661dd6ac9
SERVER_TRAFFIC_SECRET_0 548d4e71d2a2ff84f7a24afd36903ee4507092e6b2bf6b31ba3533e0e6314260 d14173791df250e1a3f17b9805c59d652f7e8717115390707e271f84f4feb801
CLIENT_HANDSHAKE_TRAFFIC_SECRET e529d943b0290e42e0c394c2d687b18a25ad604f3868b39e1d64eb954ac90b48 4441f5f06c2d6e4517afbf36c823fee10f3742708245135dd630fc5ed2e36be1
SERVER_HANDSHAKE_TRAFFIC_SECRET e529d943b0290e42e0c394c2d687b18a25ad604f3868b39e1d64eb954ac90b48 ed49f75034e77485a682cced36863d844016335df2cca5054aa67dbb49a6598f
CLIENT_TRAFFIC_SECRET_0 e529d943b0290e42e0c394c2d687b18a25ad604f3868b39e1d64eb954ac90b48 69dcb4ec7e46bb4d89bc8418f6f465feee14d71cacbbda398ac60fa8803d7144
SERVER_TRAFFIC_SECRET_0 e529d943b0290e42e0c394c2d687b18a25ad604f3868b39e1d64eb954ac90b48 103cee2f7109b0161bcb0491d1347906e098cd917d6b270cd6128cbcf74a5c42
CLIENT_HANDSHAKE_TRAFFIC_SECRET dcf684ce56d5f087f367cc7e32d7a84ba0d90f0f9dce5231799a00f7fdc92e3a 104a2cb683df9fbb61f807087d29eb241871db4be2eeddfe204923154ff15663
SERVER_HANDSHAKE_TRAFFIC_SECRET dcf684ce56d5f087f367cc7e32d7a84ba0d90f0f9dce5231799a00f7fdc92e3a a40536bd64efe9108af18c4e59268c744263f3f9c786325627918dc3ea4b6522
CLIENT_TRAFFIC_SECRET_0 dcf684ce56d5f087f367cc7e32d7a84ba0d90f0f9dce5231799a00f7fdc92e3a cf80b4a47c8f461671122515c8247f216ca734cbe9649457dc97d41c7ad64e66
SERVER_TRAFFIC_SECRET_0 dcf684ce56d5f087f367cc7e32d7a84ba0d90f0f9dce5231799a00f7fdc92e3a b83017044fa022faf6f5732fbef03875ac74238cd80ea92aff85f5b84d3812c3
CLIENT_HANDSHAKE_TRAFFIC_SECRET e33718c770b47d69f5e9cc2c6527b212c3cdd3726bc56431fb03464ec1797ece 56a2dca67ac7dbd799c4f2e083342aa6cedf3f63aa4d7de7db57e6dcd31d5565
SERVER_HANDSHAKE_TRAFFIC_SECRET e33718c770b47d69f5e9cc2c6527b212c3cdd3726bc56431fb03464ec1797ece 5615029d4265f6939e650ed28e411aef192c700f403c262b682f15b876b25573
CLIENT_TRAFFIC_SECRET_0 e33718c770b47d69f5e9cc2c6527b212c3cdd3726bc56431fb03464ec1797ece 19ee2bb51ad9872a6aaea10a5d987922ad02f4517ec98d4e11a2504e9ff94324
SERVER_TRAFFIC_SECRET_0 e33718c770b47d69f5e9cc2c6527b212c3cdd3726bc56431fb03464ec1797ece f11ae20dd10562315665e685017d98cb61fd9cc9e2520640bbdd96dbbdc37eb1
CLIENT_HANDSHAKE_TRAFFIC_SECRET e9d634b328f251ed2a9cbd7eccbb55f746d688938745e22626cdb8edafa758f7 eb2f24debf21c6684aa7c304c8b9318d680219de9f63c5c7ad5a554a75832e40
SERVER_HANDSHAKE_TRAFFIC_SECRET e9d634b328f251ed2a9cbd7eccbb55f746d688938745e22626cdb8edafa758f7 64125e7a196c58c1376f556b32e832d45870f806e16a15a61347fad2b016db8f
CLIENT_TRAFFIC_SECRET_0 e9d634b328f251ed2a9cbd7eccbb55f746d688938745e22626cdb8edafa758f7 0ed1495c388c071e3a9013834fc88681a61952d38ab64a3e7d23a98fd718dadb
SERVER_TRAFFIC_SECRET_0 e9d634b328f251ed2a9cbd7eccbb55f746d688938745e22626cdb8edafa758f7 49a7dce807a828d6343b72f69c7698a1752a96cf5ef80f3a8ac51b1ce7987d13
CLIENT_HANDSHAKE_TRAFFIC_SECRET 883f3ab46985fd13576fa7223abd4281f92ee06b555429ae139ae9fb9c3a6019 7ef2410d34c4f073e808c5dc2f7fd3688e061a477c45e960a65c8f2b2a7972f7
SERVER_HANDSHAKE_TRAFFIC_SECRET 883f3ab46985fd13576fa7223abd4281f92ee06b555429ae139ae9fb9c3a6019 9fc6cb0292ca23ac1d6e6a5666c7d59ac8f885406619c471d69cca3bfc340c6c
CLIENT_TRAFFIC_SECRET_0 883f3ab46985fd13576fa7223abd4281f92ee06b555429ae139ae9fb9c3a6019 8f24e7e3963ca82668495b87d045d4aadc40bef25eaa53759fdc3c94c02cd198
SERVER_TRAFFIC_SECRET_0 883f3ab46985fd13576fa7223abd4281f92ee06b555429ae139ae9fb9c3a6019 9658a82a9b92dc93e12ad946de7103aa4f0a8bfe224b94570aad48f46eaaaa13
CLIENT_HANDSHAKE_TRAFFIC_SECRET 56e20d45c8eb0f5d641183891f0b7ddb3005627c5ee2d189f57ecd0bab0bd09f 9e786d35677382a7a08b6411ecc1ec53d03d3247893e5c69931d9c8742327657
SERVER_HANDSHAKE_TRAFFIC_SECRET 56e20d45c8eb0f5d641183891f0b7ddb3005627c5ee2d189f57ecd0bab0bd09f edd626573ef1718a45dec2e566ddbe002bc1ee45e6f84691c8bad81b69f72884
CLIENT_TRAFFIC_SECRET_0 56e20d45c8eb0f5d641183891f0b7ddb3005627c5ee2d189f57ecd0bab0bd09f 6f14fa63154f6d307f211bac9a4f0d9ece137775071569d66e96d5af62ff557c
SERVER_TRAFFIC_SECRET_0 56e20d45c8eb0f5d641183891f0b7ddb3005627c5ee2d189f57ecd0bab0bd09f 17b133d3aba016582f32ee5c2a3bfbba3219e5f0da292fc2d50e0edef586b089
CLIENT_HANDSHAKE_TRAFFIC_SECRET 5a40b314ced7ddc8ef5870f0fb14be242fdb0009566c0808e788fb100205d1d5 9625828bbda6730eff2575bbca1b32fca70b3b2499e730b7ce7db3fb7eb25e62
SERVER_HANDSHAKE_TRAFFIC_SECRET 5a40b314ced7ddc8ef5870f0fb14be242fdb0009566c0808e788fb100205d1d5 e67a07fe95869ff02ab07e5e62497a5ddf0eb3c8028e25b0ef7a158a61ab5489
CLIENT_TRAFFIC_SECRET_0 5a40b314ced7ddc8ef5870f0fb14be242fdb0009566c0808e788fb100205d1d5 5ec61bf6164f9e771d3a729bf39432c318f395852009ef5fdeca3317a49241da
SERVER_TRAFFIC_SECRET_0 5a40b314ced7ddc8ef5870f0fb14be242fdb0009566c0808e788fb100205d1d5 95d6f042d0eaf6d0aa7cee92fc76b581bb9027d499aa1c543b7e29bfd7965086
CLIENT_HANDSHAKE_TRAFFIC_SECRET 17e85042ae29449d22e8fbed29a7c35aa37860e4822a7c7f90ead294f70d9fad 3306f66121a62ba1b8fd4a4448c77cadd6959e9554776576bb7b2215faa44434
SERVER_HANDSHAKE_TRAFFIC_SECRET 17e85042ae29449d22e8fbed29a7c35aa37860e4822a7c7f90ead294f70d9fad 7030fe0cf0455954b7b039c6cedf773b539be7b7b87f63518277d1f45c7e87af
CLIENT_TRAFFIC_SECRET_0 17e85042ae29449d22e8fbed29a7c35aa37860e4822a7c7f90ead294f70d9fad 4fd5bb07206393587ae0db17afd80f95a75cefcaab29515e691d3bee2b892ac6
SERVER_TRAFFIC_SECRET_0 17e85042ae29449d22e8fbed29a7c35aa37860e4822a7c7f90ead294f70d9fad 34326ceb5ba97f29ddde15a704725c4bd1b3e8bdfbe0039c83cfbd0a6f140f95
CLIENT_HANDSHAKE_TRAFFIC_SECRET 6d49f6757388472b50e9a574e421d3f232a290e8fdb21de918986768241b832f 5e4a7b801fcd849b7913870414d7174384a9be3f34055ddb8f2e46c3820dc668
SERVER_HANDSHAKE_TRAFFIC_SECRET 6d49f6757388472b50e9a574e421d3f232a290e8fdb21de918986768241b832f cc6d00a40e08a680340c53aeabd446629e94441b596e8aebb691afa30ae6cebc
CLIENT_TRAFFIC_SECRET_0 6d49f6757388472b50e9a574e421d3f232a290e8fdb21de918986768241b832f 86a0ce72a87087510d6dcdd84238c4df84d7e5d57435201840b5de7a43e77f9d
SERVER_TRAFFIC_SECRET_0 6d49f6757388472b50e9a574e421d3f232a290e8fdb21de918986768241b832f ed00866011e7110e38b34bf9a202fcf59ac13fb313034752d1e343447420bf58
CLIENT_HANDSHAKE_TRAFFIC_SECRET 7f5847f5463625f0ff3edc20069f36d52da41974e0a6e11f4539a99da7d11531 4adb36acb57372388e45d3cd5ce9e68451c193746905a776afc33b0086a667b3
SERVER_HANDSHAKE_TRAFFIC_SECRET 7f5847f5463625f0ff3edc20069f36d52da41974e0a6e11f4539a99da7d11531 fbe099d17cd455418737422c47d1ac7b00937f5119e0d7a6a1c042202257e95b
CLIENT_TRAFFIC_SECRET_0 7f5847f5463625f0ff3edc20069f36d52da41974e0a6e11f4539a99da7d11531 1c05ed0e12c1178518d6cc17c03aca8c3a17fd51a946ad7c3ef213215cbe6a96
SERVER_TRAFFIC_SECRET_0 7f5847f5463625f0ff3edc20069f36d52da41974e0a6e11f4539a99da7d11531 c77f9105c5a0b1af5c1b5ea13fa435da5c395148915b89f024ac638d94063395
CLIENT_HANDSHAKE_TRAFFIC_SECRET 656577683b898c4a15acd06e5e6298a3e3306ab0506b5f8033ce01950123faf0 0443cd56dedcbeb4ebaed5d6840fbd7f4fdc494c681f68337d531dc63a8bed01
SERVER_HANDSHAKE_TRAFFIC_SECRET 656577683b898c4a15acd06e5e6298a3e3306ab0506b5f8033ce01950123faf0 7f1e4cca391084f8d95a9ce982f78c8f20401ddbeb64e02dee8118b205152af2
CLIENT_TRAFFIC_SECRET_0 656577683b898c4a15acd06e5e6298a3e3306ab0506b5f8033ce01950123faf0 d4f765aa83f622031bad40a11333004967ce64b4403f9ae220dd911a5a3a01f3
SERVER_TRAFFIC_SECRET_0 656577683b898c4a15acd06e5e6298a3e3306ab0506b5f8033ce01950123faf0 bef9298c8be388c67d4c3263aaa81388fe3c224242ae970133b5234af778166f
CLIENT_HANDSHAKE_TRAFFIC_SECRET 0b8f134394fcd7a8c1186229c596f21e31df2a4c25af488b6600045272018b0e 78ae79f8d39f03ef8853879f7a0680c33459d3aee74545875cf98083915b1ac8
SERVER_HANDSHAKE_TRAFFIC_SECRET 0b8f134394fcd7a8c1186229c596f21e31df2a4c25af488b6600045272018b0e d646860d32381ab66a84dfd9945c1b855a92a328e5b78469e78d52c2d73dfd73
CLIENT_TRAFFIC_SECRET_0 0b8f134394fcd7a8c1186229c596f21e31df2a4c25af488b6600045272018b0e f099cc35d8224ebf36e5a1c2b1def1f86cc83bf5bae5178816b9840a94c3d8a5
SERVER_TRAFFIC_SECRET_0 0b8f134394fcd7a8c1186229c596f21e31df2a4c25af488b6600045272018b0e 3ef1f4ae43cddebfe0747e4b29836ad52067203fad3b57f1cfc9170532287f0e
CLIENT_HANDSHAKE_TRAFFIC_SECRET 7dcbc24e37201856a8adf3bcd4886e5f8a4cc3f0c351b6bb88c44eb742311441 7d13441a6f082a84a12ca9565bbdfc86fe1e286eaf9fd5a6ebfc401c41e3e08c
SERVER_HANDSHAKE_TRAFFIC_SECRET 7dcbc24e37201856a8adf3bcd4886e5f8a4cc3f0c351b6bb88c44eb742311441 c746ada1550be039333665c214ec429143815797eb5c0237db1043dd980eb724
CLIENT_TRAFFIC_SECRET_0 7dcbc24e37201856a8adf3bcd4886e5f8a4cc3f0c351b6bb88c44eb742311441 9313be4e2628f0ddfe8d21b6d40580990f3d969d43803d7d45627e6ef70d78d3
SERVER_TRAFFIC_SECRET_0 7dcbc24e37201856a8adf3bcd4886e5f8a4cc3f0c351b6bb88c44eb742311441 a33fc864525b503ae6c1f83ce31936a09831f12eef9d6e74fe11e203c01eb4e8
CLIENT_HANDSHAKE_TRAFFIC_SECRET 5e45246f04c8bde26c076601d3f96c1f8effe8853975c1742dc8961bb8f00a71 f7ce546c8e1a346a3d237db7e0a7eb0f327400b1ac7b2cb3f36884ed01794b81
SERVER_HANDSHAKE_TRAFFIC_SECRET 5e45246f04c8bde26c076601d3f96c1f8effe8853975c1742dc8961bb8f00a71 1e04847a39ff21ae7e9fa6dc87a9cff3f5f3ea901ebed321ac99e52bde0eca1c
CLIENT_TRAFFIC_SECRET_0 5e45246f04c8bde26c076601d3f96c1f8effe8853975c1742dc8961bb8f00a71 06ea46709fa52954195e0bc597e06c3b330d59f5087585ccb8c915004b69e626
SERVER_TRAFFIC_SECRET_0 5e45246f04c8bde26c076601d3f96c1f8effe8853975c1742dc8961bb8f00a71 43af28ad096f42c37947e66653a52797ac6405fc9a90cb9e04d0ee2985eb970d
CLIENT_HANDSHAKE_TRAFFIC_SECRET 7b3bbd5eed9fa4f971133d1869039434aa154f221e754a7723618d71cb55960d 5ba2dec609c1b6e574b953e1da6c577c6c7102a47eaed0a94ce4eb996d8c34fd
SERVER_HANDSHAKE_TRAFFIC_SECRET 7b3bbd5eed9fa4f971133d1869039434aa154f221e754a7723618d71cb55960d 1ab42ddb32c7b384925a72bd9d24632fc2b7beccbdf5cbffc6be868b4aca2b6d
CLIENT_TRAFFIC_SECRET_0 7b3bbd5eed9fa4f971133d1869039434aa154f221e754a7723618d71cb55960d 45cc73b7e8bbcecda2d787bb4587eb318f3e8473ce7f28661dcef1d1fcb7d4a3
SERVER_TRAFFIC_SECRET_0 7b3bbd5eed9fa4f971133d1869039434aa154f221e754a7723618d71cb55960d 8aba2ea2b99591667e3c8211e3420cb611f375a0fe2d070be1b3db7b78a92439
CLIENT_HANDSHAKE_TRAFFIC_SECRET f67ebf4406d68589f141947eafaac80237001dd733d618cef9f7f372fc903c40 8d0ee9013268c2824e2d2ae6527e547600bc863315f37f32d844cb577f728a4d
SERVER_HANDSHAKE_TRAFFIC_SECRET f67ebf4406d68589f141947eafaac80237001dd733d618cef9f7f372fc903c40 1795babaa4816a6f20c9c089ac052a1601920c6387dcdb7afa61347cb245092b
CLIENT_TRAFFIC_SECRET_0 f67ebf4406d68589f141947eafaac80237001dd733d618cef9f7f372fc903c40 ab589aeca522ff34492aeeae4e15ba4bc90516c06dda934070ab7ebc68c72168
SERVER_TRAFFIC_SECRET_0 f67ebf4406d68589f141947eafaac80237001dd733d618cef9f7f372fc903c40 4310b27fd85d515afc848aed9ed28667a4059d3ccc0fbc0d28b8fa07ca462659
CLIENT_HANDSHAKE_TRAFFIC_SECRET f6021aea3b3fb5130689ad8e9c8bd9804119adc72b73572f6a01e43d062512b2 a89b2f1a48a40c1b38e354e36e5590b7ff08d4209b8e69e433d24d56e917cf37
SERVER_HANDSHAKE_TRAFFIC_SECRET f6021aea3b3fb5130689ad8e9c8bd9804119adc72b73572f6a01e43d062512b2 0849c9241836a3fdacfd95945c53c3e87f880c1dcb2718c62c6f50143c8c13ef
CLIENT_TRAFFIC_SECRET_0 f6021aea3b3fb5130689ad8e9c8bd9804119adc72b73572f6a01e43d062512b2 0b360b4739f98c8ed3611f8d228b809831238f770c45c65931d646ff89608beb
SERVER_TRAFFIC_SECRET_0 f6021aea3b3fb5130689ad8e9c8bd9804119adc72b73572f6a01e43d062512b2 f7794e478324f7076e1f3d939039306cdb14a14b56ee5e6c9b5283510149f6b0
CLIENT_HANDSHAKE_TRAFFIC_SECRET c1e12a1668100a19a3aa88dc183ddaba227a22c60f857b9b3ad7c1f6e59befca 5db89108779fd13e02ef6ef7b47a0e5a71f341ede09066f80e8f3076c0c0017f
SERVER_HANDSHAKE_TRAFFIC_SECRET c1e12a1668100a19a3aa88dc183ddaba227a22c60f857b9b3ad7c1f6e59befca 56c1abf679afea813e3e9a02ad19da566c9a65325d62394689959fbc179a2d17
CLIENT_TRAFFIC_SECRET_0 c1e12a1668100a19a3aa88dc183ddaba227a22c60f857b9b3ad7c1f6e59befca 68c854bb1e041fc2eef3a7747f33e9e6424a29393d9e8515c9cf4cc5803e3444
SERVER_TRAFFIC_SECRET_0 c1e12a1668100a19a3aa88dc183ddaba227a22c60f857b9b3ad7c1f6e59befca 0717292513b8d57e58cbbf5e6ef80ccd8b52a4326bfe34d2a0b4deafdf00c334
CLIENT_HANDSHAKE_TRAFFIC_SECRET 6fb15bd77f9731d1622c3ead8bcf75fe7623bd74e0eef3afba5107f09f7abdc1 ab685f7c673a255daade19924fad037718a38feb22148e58f2cf7c340e5d335b
SERVER_HANDSHAKE_TRAFFIC_SECRET 6fb15bd77f9731d1622c3ead8bcf75fe7623bd74e0eef3afba5107f09f7abdc1 ce676d02b34a2a92f9c5ac9a6ed8f935e578f9ca651ffab3761581c6c65d6257
CLIENT_TRAFFIC_SECRET_0 6fb15bd77f9731d1622c3ead8bcf75fe7623bd74e0eef3afba5107f09f7abdc1 08bda49fd1e162ffaa244ea0496dbc357a9991cc64584237975d7f051f33f5a4
SERVER_TRAFFIC_SECRET_0 6fb15bd77f9731d1622c3ead8bcf75fe7623bd74e0eef3afba5107f09f7abdc1 298ef7ffa72596eed3ccf099462fcfe8b12ae016a3990ee781f73b55e32f5f49
CLIENT_HANDSHAKE_TRAFFIC_SECRET 969daf486e12c91c483197e6624c8e999e404f9c06639d15de7bbfa7b3d942aa cd279b498d08cb793f16811a44e9188dced8e1ccf6d5977f7ae28871cef23b23
SERVER_HANDSHAKE_TRAFFIC_SECRET 969daf486e12c91c483197e6624c8e999e404f9c06639d15de7bbfa7b3d942aa b736e0eb527dfb9f26e33a5ba7a22712077a7833a35afbf96ffd427a86de934f
CLIENT_TRAFFIC_SECRET_0 969daf486e12c91c483197e6624c8e999e404f9c06639d15de7bbfa7b3d942aa 200f44d3118f6d0b61f722baaea2e3629ecb480594a17a6a299dd5a172559deb
SERVER_TRAFFIC_SECRET_0 969daf486e12c91c483197e6624c8e999e404f9c06639d15de7bbfa7b3d942aa 68876a16ab29818d7495b0663b0c282ce08635c02484bec77ecc5d76fdf06d7a
CLIENT_HANDSHAKE_TRAFFIC_SECRET bc0e87d6d73c25fc40cfed53c068918d03ab459b66fae34b245cae0bdbe628b7 fb22ca66d32df12ec8c6ac8e62f082482f7f708832556fdcfdf813ee441ffaa2
SERVER_HANDSHAKE_TRAFFIC_SECRET bc0e87d6d73c25fc40cfed53c068918d03ab459b66fae34b245cae0bdbe628b7 6f9df4ae5ec769f51be42a7bba222ac7dfc694f373bb51f362031563e5594a8d
CLIENT_TRAFFIC_SECRET_0 bc0e87d6d73c25fc40cfed53c068918d03ab459b66fae34b245cae0bdbe628b7 20e280a9bed666872c63b9ffd14f263fcf9d86ab1c48b3636b188f82f847398c
SERVER_TRAFFIC_SECRET_0 bc0e87d6d73c25fc40cfed53c068918d03ab459b66fae34b245cae0bdbe628b7 9dbeabb85ad08fe978e6692d18db480fbe5fe8d05bd37bc0ca851f83d5ba2792
CLIENT_HANDSHAKE_TRAFFIC_SECRET 9ac09e666c5d29c6caefa13e9aa49bd01477cfef938f1b6be438fb40380331e5 e34e279e9c4d72fca3f29c426bb0d2f37f68518d5b6848ec9cf139678a29e52d
SERVER_HANDSHAKE_TRAFFIC_SECRET 9ac09e666c5d29c6caefa13e9aa49bd01477cfef938f1b6be438fb40380331e5 dfd95617a4434711aa192ab0ad45de0712f7e6ae779b3e1d7eded11f281fc4a3
CLIENT_TRAFFIC_SECRET_0 9ac09e666c5d29c6caefa13e9aa49bd01477cfef938f1b6be438fb40380331e5 246cd032228eabf9713e3f83cdcad8c1d53323e2cc41733ae20c61d49da7edb3
SERVER_TRAFFIC_SECRET_0 9ac09e666c5d29c6caefa13e9aa49bd01477cfef938f1b6be438fb40380331e5 3727226c2f972145e27c9a3f9a00de037574e83af84474280366ebbe641749e1
CLIENT_HANDSHAKE_TRAFFIC_SECRET 2c067ca1b9b97b58645b935a2c5ba95f29001641a941682c344667a0e00cd273 d6923b844f11c00d4221b4eaf4b2c975f0d69ccc61b1482211bd8156cf692e3b
SERVER_HANDSHAKE_TRAFFIC_SECRET 2c067ca1b9b97b58645b935a2c5ba95f29001641a941682c344667a0e00cd273 143bea434f2f118caed2ce91801bbc163ebf6191acac61013de45e1a9a66efd1
CLIENT_TRAFFIC_SECRET_0 2c067ca1b9b97b58645b935a2c5ba95f29001641a941682c344667a0e00cd273 147469faf7b21756c079e1715a1fc63c9457dc364ddbbe218be273694ed2e8c9
SERVER_TRAFFIC_SECRET_0 2c067ca1b9b97b58645b935a2c5ba95f29001641a941682c344667a0e00cd273 d8d2d6b32f9301ca0974074109db4f4c0bd3df068dce531439cf21f60ba2fe5f
CLIENT_HANDSHAKE_TRAFFIC_SECRET 4230a3a0367cc0511a9a79482ef288e854580207787394e31394eab7d7911f29 b5a9f7146e53607b75cf05d0a230a947e45dc1a46e5d0f05982de6c24d5ff6ed
SERVER_HANDSHAKE_TRAFFIC_SECRET 4230a3a0367cc0511a9a79482ef288e854580207787394e31394eab7d7911f29 88dd9e25e75f7f243d347772cd66479f92cd6f65d88c34ff1b7aa4bf8fda19ff
CLIENT_TRAFFIC_SECRET_0 4230a3a0367cc0511a9a79482ef288e854580207787394e31394eab7d7911f29 9db2600ebb64292457016a20c158423b1a251b6485720f6e77ed496750020833
SERVER_TRAFFIC_SECRET_0 4230a3a0367cc0511a9a79482ef288e854580207787394e31394eab7d7911f29 04f08a425b456b71e72c677803ae5a46449b0d50ff3337dacd2b49821eb0728d
CLIENT_HANDSHAKE_TRAFFIC_SECRET 05ed539e5057459cf1a398deaf6dc525984f60154bd1fb81db7141ad0c2af851 f87f1e16069b86f5c0c0bf4d7640e62a899fd15b41260a35f55c7a44ad20ac8f
SERVER_HANDSHAKE_TRAFFIC_SECRET 05ed539e5057459cf1a398deaf6dc525984f60154bd1fb81db7141ad0c2af851 efa36c30eb880873b5cf9d3cc098503a95afe0719a210c7eeacdc36e90733f11
CLIENT_TRAFFIC_SECRET_0 05ed539e5057459cf1a398deaf6dc525984f60154bd1fb81db7141ad0c2af851 1352e91f1e399e8ca01ed5feb6c57062377deee76c62b29f4fd300bb14aaa7c2
SERVER_TRAFFIC_SECRET_0 05ed539e5057459cf1a398deaf6dc525984f60154bd1fb81db7141ad0c2af851 50507c83704d07c4ba8ec1eaa36a61746b61bcf4d3e0a6c48bb1adfb467a59c0
CLIENT_HANDSHAKE_TRAFFIC_SECRET 7546eb2809ef00c19d83ab125ea5c8d729ad172aba34726d2388bf5228d9a567 b6091b2538b43cab4b4ccf047b4f1c986493ead4d8f428cf418da941cd013cce
SERVER_HANDSHAKE_TRAFFIC_SECRET 7546eb2809ef00c19d83ab125ea5c8d729ad172aba34726d2388bf5228d9a567 af96f38abb61c1e8684d2a97dcae228ff08fb366043b25a548b3b34605cfeab1
CLIENT_TRAFFIC_SECRET_0 7546eb2809ef00c19d83ab125ea5c8d729ad172aba34726d2388bf5228d9a567 a53fe85cd4176c0fc7eca868ea6b4785db2f5803fa924dca100927772912b3ea
SERVER_TRAFFIC_SECRET_0 7546eb2809ef00c19d83ab125ea5c8d729ad172aba34726d2388bf5228d9a567 f2ad54c45ce213dcb0c5fd877d3fc6435c2bdd8dc402e03614645a11840647de
CLIENT_HANDSHAKE_TRAFFIC_SECRET a17a7c5a638f49790ac0595d9ffb12d689ea3cac279ae16f7e59d023fc2afb5d 2d063260d1c2d424f1c2089c69d78096c8eaea3326a0aa500e08b31489290469
SERVER_HANDSHAKE_TRAFFIC_SECRET a17a7c5a638f49790ac0595d9ffb12d689ea3cac279ae16f7e59d023fc2afb5d 2a3d6f66df92dc4380892a95fc0759244a6efa20859530bda589b7b8c377b2ff
CLIENT_TRAFFIC_SECRET_0 a17a7c5a638f49790ac0595d9ffb12d689ea3cac279ae16f7e59d023fc2afb5d 2905381e4cf2c806004cdbce52932f7301a4b0b430727e9ea83518a98bb4ac29
SERVER_TRAFFIC_SECRET_0 a17a7c5a638f49790ac0595d9ffb12d689ea3cac279ae16f7e59d023fc2afb5d 9b57d78db1262e4bd1dc75d9887147c6b2913edb3f5ea6ae28a126fd2d66ba60
CLIENT_HANDSHAKE_TRAFFIC_SECRET 1652c3261dbd9db298a31cf4cc178ae143b70bad2c31732a6955e6712bd2a525 16c1bbd2a8a50ced3bc984dba409f66404dd0027c4410a5156416be5b5adc5e1
SERVER_HANDSHAKE_TRAFFIC_SECRET 1652c3261dbd9db298a31cf4cc178ae143b70bad2c31732a6955e6712bd2a525 1e1b548d3a15091f2ae15bb6f71437ae7e306895c235efe6b7a4c12804137bbc
CLIENT_TRAFFIC_SECRET_0 1652c3261dbd9db298a31cf4cc178ae143b70bad2c31732a6955e6712bd2a525 168c23a72d8da3fef1eb584e94de3b194ce59a578d286a70b980bda24637415d
SERVER_TRAFFIC_SECRET_0 1652c3261dbd9db298a31cf4cc178ae143b70bad2c31732a6955e6712bd2a525 71b8c040d45403cac8307314e2ea103029d1d49455350dcbefcad536715d7808
CLIENT_HANDSHAKE_TRAFFIC_SECRET a50dcb70ea1dc51001f58a24d1cdfd754bb4390972d006c566df2791362ba0f9 bd52ee7c709df77bc5d6d29168b1f8f0d03d7082a20fed318e10455dae3dec31
SERVER_HANDSHAKE_TRAFFIC_SECRET a50dcb70ea1dc51001f58a24d1cdfd754bb4390972d006c566df2791362ba0f9 442f0c3303f878a7e881b9c352eec2f2d13a915f69d80ff07b2481622393311e
CLIENT_TRAFFIC_SECRET_0 a50dcb70ea1dc51001f58a24d1cdfd754bb4390972d006c566df2791362ba0f9 18b53b263762371d4389144a4c601dfae96a5836abca9c7ee58d1e71dc4bd643
SERVER_TRAFFIC_SECRET_0 a50dcb70ea1dc51001f58a24d1cdfd754bb4390972d006c566df2791362ba0f9 368325b077423fb7e18e27e290ef911efe5c22e8ff2e2a85bab75717782cacb4
CLIENT_HANDSHAKE_TRAFFIC_SECRET 75e623a744808727296a5e6afd26a85a27425639b5c870125595c3122f51cdf1 9dc5b76a3419027e9d489bf77fc7108abd47309d640067cf28e98cce4f8635ab
SERVER_HANDSHAKE_TRAFFIC_SECRET 75e623a744808727296a5e6afd26a85a27425639b5c870125595c3122f51cdf1 456608b1e75d86cc3678a1e7fd816180dadeb1e674df57e6ab6d0cfc801dac83
CLIENT_TRAFFIC_SECRET_0 75e623a744808727296a5e6afd26a85a27425639b5c870125595c3122f51cdf1 d9fc46ec9ae689148a445921cbdbec213d0ab48a667888ed6817f97fcb446d9d
SERVER_TRAFFIC_SECRET_0 75e623a744808727296a5e6afd26a85a27425639b5c870125595c3122f51cdf1 e001e09e4dfc684edde5ad328198e6ec7b888bc3293faa06219b490b4c69aca3
CLIENT_HANDSHAKE_TRAFFIC_SECRET f233770d2f80915ce53098780afbf41d97f8bcf6c61a2ce696e1497e935a9754 56501e8f1d608d474eb014a49deeeff310df3aeaea97251de3615497bd775811
SERVER_HANDSHAKE_TRAFFIC_SECRET f233770d2f80915ce53098780afbf41d97f8bcf6c61a2ce696e1497e935a9754 410889ef57c3e525f6d9c6d06ad3f5f85b90ac5845568b54e89e44e661cf63dc
CLIENT_TRAFFIC_SECRET_0 f233770d2f80915ce53098780afbf41d97f8bcf6c61a2ce696e1497e935a9754 a2e0f4fdbb0d679bc2be0192761987c1f209454ce51319af13d57fe69977f8fb
SERVER_TRAFFIC_SECRET_0 f233770d2f80915ce53098780afbf41d97f8bcf6c61a2ce696e1497e935a9754 69899d8beb0b8d89d04af1f5b350f04d0443e063421ea09e72f5180fe693dfcc
CLIENT_HANDSHAKE_TRAFFIC_SECRET 2b71ffca9e5dd8a5ccb4d5a74ff8f4f6559cb9ddd59c4fc657d3d29af4539fc2 0baeac3ee1c74319f101fef45709823a82f1c884a2047e26a667ed909b791d9c
SERVER_HANDSHAKE_TRAFFIC_SECRET 2b71ffca9e5dd8a5ccb4d5a74ff8f4f6559cb9ddd59c4fc657d3d29af4539fc2 f6413fd70822475ee558fc052e9bdf7718147500461ba9cbe73a00b5f1546a99
CLIENT_TRAFFIC_SECRET_0 2b71ffca9e5dd8a5ccb4d5a74ff8f4f6559cb9ddd59c4fc657d3d29af4539fc2 71c24d976ee468883476f6a250f8e29f33535eb2782e9a33967a757efe6543b2
SERVER_TRAFFIC_SECRET_0 2b71ffca9e5dd8a5ccb4d5a74ff8f4f6559cb9ddd59c4fc657d3d29af4539fc2 664c670830ceb32ee26fe9da6a1da393a41d0b9e7852ad625e8bba24b23b80cc
CLIENT_HANDSHAKE_TRAFFIC_SECRET 857c82766b0a5682ba6fa0bf51e7a0eb884e6dd8922ee8a1bec66c0489de780d 1ba2754f162623c536c5b899f59266c546c8f88afcd3c5c200e62793a7c72fb5
SERVER_HANDSHAKE_TRAFFIC_SECRET 857c82766b0a5682ba6fa0bf51e7a0eb884e6dd8922ee8a1bec66c0489de780d 5151011642b089cc0a3e49e8ab0a5c5edd3a26d9960dec9022c2445ebe345003
CLIENT_TRAFFIC_SECRET_0 857c82766b0a5682ba6fa0bf51e7a0eb884e6dd8922ee8a1bec66c0489de780d c42e3df6d3aca61c927bca5f68aaa50720a93e1ceb8e91522a5a7b1ae3c9b7cd
SERVER_TRAFFIC_SECRET_0 857c82766b0a5682ba6fa0bf51e7a0eb884e6dd8922ee8a1bec66c0489de780d f0e90d6c191d00f4e337b379cbc15fe5ed33e6b4d768bf5620a03c6223ec7a18
CLIENT_HANDSHAKE_TRAFFIC_SECRET 78f2d7070daf63f299f2446212033537fce871b8d6ee09d467b8676094618382 b178ae48dab7863c35697577d8cc755ea38775a38210ffd992212d01a64311f1
SERVER_HANDSHAKE_TRAFFIC_SECRET 78f2d7070daf63f299f2446212033537fce871b8d6ee09d467b8676094618382 981a5564c786d6d55de28eaae20627cda617b95c8bc7efd67775e0e53dbe4b6e
CLIENT_TRAFFIC_SECRET_0 78f2d7070daf63f299f2446212033537fce871b8d6ee09d467b8676094618382 c7f2bf44a6d8a9804d72999c0118019b58edc5c2539d10971cd4c5b66e9a7076
SERVER_TRAFFIC_SECRET_0 78f2d7070daf63f299f2446212033537fce871b8d6ee09d467b8676094618382 fa29c0b0b0c3d59f24feec1d5584b5c8f8ad672742fc680a2d4cdca203d5a75b
CLIENT_HANDSHAKE_TRAFFIC_SECRET 919a359838af1e20417991f929e15f8ac39031b1a6c7ffec33ba213314bbfe12 0f10c05abd87215232401cb44f75ef1a71427e660f245bf0a47081f9a0e6e3f0
SERVER_HANDSHAKE_TRAFFIC_SECRET 919a359838af1e20417991f929e15f8ac39031b1a6c7ffec33ba213314bbfe12 55745adb45f2211f4f68f839d7a900a5ad5cf664abfe5b38bf0f4bd2089cdc84
CLIENT_TRAFFIC_SECRET_0 919a359838af1e20417991f929e15f8ac39031b1a6c7ffec33ba213314bbfe12 8942906c496bf4cfbe920ed567ab610142528db9c6c3f47e3a6384f002917fb8
SERVER_TRAFFIC_SECRET_0 919a359838af1e20417991f929e15f8ac39031b1a6c7ffec33ba213314bbfe12 785fd9c5e22040322a406f6d956f7211c6b59798c315a8c155347e75b71edd84
CLIENT_HANDSHAKE_TRAFFIC_SECRET 0b2618579cabacf8093fa0f2d813ea469cd2b13e630e2b5e8eaf08de5a51680d 7dea26ceaf5e5cd78a335a1c9430d5ba9f952b4b7928f3c585d85eebe27e5496
SERVER_HANDSHAKE_TRAFFIC_SECRET 0b2618579cabacf8093fa0f2d813ea469cd2b13e630e2b5e8eaf08de5a51680d 531e0760a7a923159b49e6ed9ccf2fcd60a7da3be0347cf3dd50682392ac081d
CLIENT_TRAFFIC_SECRET_0 0b2618579cabacf8093fa0f2d813ea469cd2b13e630e2b5e8eaf08de5a51680d 2945c3d27b217ae1d0a2686901456a91876b9fbeaf15d393b7b2aad4ec29233d
SERVER_TRAFFIC_SECRET_0 0b2618579cabacf8093fa0f2d813ea469cd2b13e630e2b5e8eaf08de5a51680d 518ee2725e7d9dbddc5e102945210b204fd95c0b9aa4272812d1ebd366a9234a
CLIENT_HANDSHAKE_TRAFFIC_SECRET 98600714e4b7201ec39f8d3de5cf7c3d517f56c6a56405fcd76fe82a26b5b37c 2ecd12de011acf9e76adad69059b05fe47286d21bf08d95176d78d92592d8822
SERVER_HANDSHAKE_TRAFFIC_SECRET 98600714e4b7201ec39f8d3de5cf7c3d517f56c6a56405fcd76fe82a26b5b37c b6505a202fa856dfde809005540aae959dd7d835b2e91cf003e49fafce2cd83d
CLIENT_TRAFFIC_SECRET_0 98600714e4b7201ec39f8d3de5cf7c3d517f56c6a56405fcd76fe82a26b5b37c 347baadb9b0e9589a65735d6cbaff90491729abbf965c4fc09ecb8d7505ccb11
SERVER_TRAFFIC_SECRET_0 98600714e4b7201ec39f8d3de5cf7c3d517f56c6a56405fcd76fe82a26b5b37c 7d59e1722b2cd4148a28e010f9d2701f8b1584f0a76744275b2e8b800de55494
CLIENT_HANDSHAKE_TRAFFIC_SECRET 55d3ba9794a285e84ba0a5ff9e43bb3a6891c6038ef6910513bb1bbdcb4e2443 d35b7b3c1c155bffb2dc198866f524648975e2ad2c5d7a1dbe68741456f57021
SERVER_HANDSHAKE_TRAFFIC_SECRET 55d3ba9794a285e84ba0a5ff9e43bb3a6891c6038ef6910513bb1bbdcb4e2443 8fe9e0cb8d7738962dcd9cebf2a9e1e84bc046fb8a21a27107049fa50629f2c7
CLIENT_TRAFFIC_SECRET_0 55d3ba9794a285e84ba0a5ff9e43bb3a6891c6038ef6910513bb1bbdcb4e2443 12020777138af0af842c0771665761dcbc10543b79e684cc4bd62e5a37acb79f
SERVER_TRAFFIC_SECRET_0 55d3ba9794a285e84ba0a5ff9e43bb3a6891c6038ef6910513bb1bbdcb4e2443 f1b8c404840d1aa567926d95c724a02b396c99c48e397d93a1ea958e793991b1
CLIENT_HANDSHAKE_TRAFFIC_SECRET 1a14b90415d30a78adb63794d9bb37f738faf42a6d253798f30c590f6020a67d 72d2b96410c5c6b589ad7aeb92a56e94064ddcc514a99297b2b5fefd838e6c2d
SERVER_HANDSHAKE_TRAFFIC_SECRET 1a14b90415d30a78adb63794d9bb37f738faf42a6d253798f30c590f6020a67d 1c5fa8f496a48b63a58f12cb2664cf40bb6c04484b5a54a039f02c71ec6fbda2
CLIENT_TRAFFIC_SECRET_0 1a14b90415d30a78adb63794d9bb37f738faf42a6d253798f30c590f6020a67d 4f73b596f254ecf3d0dcebbc5993e54adf51f10d61e80dd3e8f3d6056148714b
SERVER_TRAFFIC_SECRET_0 1a14b90415d30a78adb63794d9bb37f738faf42a6d253798f30c590f6020a67d 3aaa96837e32b20ad88ad26a5360ebd89f9a3df20ae4b24588acbf693ffa7857
CLIENT_HANDSHAKE_TRAFFIC_SECRET b0734e6557c60cff5a70dda955b191e23a55a202899a1d89f635396ba6624e8b bf10ffd862748a8fbb9f44b21a03cdf67439a0f09983440dcad0e89d3a8513dd
SERVER_HANDSHAKE_TRAFFIC_SECRET b0734e6557c60cff5a70dda955b191e23a55a202899a1d89f635396ba6624e8b a072b3270f928f8ca9f92e1a1d6ba13211e9e4de47a4ebbec8d6610c70b585fa
CLIENT_TRAFFIC_SECRET_0 b0734e6557c60cff5a70dda955b191e23a55a202899a1d89f635396ba6624e8b 2de5103d29c826ad4fae0f6798ffecc36a9bf7e74dd41f8bb4e1142586b15287
SERVER_TRAFFIC_SECRET_0 b0734e6557c60cff5a70dda955b191e23a55a202899a1d89f635396ba6624e8b 0e15e9e9f6761257e23a20bbe19cb742e260d0b04474a53b9d4af91c24801930
CLIENT_HANDSHAKE_TRAFFIC_SECRET be9997e7b6a8af3a482f451e6a304a9d039a10458439d6eb482b955519da2483 6ee28598db3ddd33e76d808b17f0911c333769fef91608b5b3711958da05e9f0
SERVER_HANDSHAKE_TRAFFIC_SECRET be9997e7b6a8af3a482f451e6a304a9d039a10458439d6eb482b955519da2483 783345fdc14ae74527c77640f3f26210918e632ce5c28684e1384cc25015c290
CLIENT_TRAFFIC_SECRET_0 be9997e7b6a8af3a482f451e6a304a9d039a10458439d6eb482b955519da2483 b665bd4dd8047996e0b94c48a7fc70dac803b7ec0f1d2ede859bc6b42dd1233d
SERVER_TRAFFIC_SECRET_0 be9997e7b6a8af3a482f451e6a304a9d039a10458439d6eb482b955519da2483 4deea19b7a09e65cd4b68799a9773227bb76ac0ba51b2f48a24ee50e7550205d
CLIENT_HANDSHAKE_TRAFFIC_SECRET 799ee80d74d9e2b2397fc53e59756aa29b8a675e41389c583e44936454875d5e 934cdad1bb9115850d649e790e0a4330e94538cecfd0ce8ba2b1071eac147767
SERVER_HANDSHAKE_TRAFFIC_SECRET 799ee80d74d9e2b2397fc53e59756aa29b8a675e41389c583e44936454875d5e 738dbe3dc5ba254315849275fbcc7b67a653b018bd0eee8a570b8cc9c381e70a
CLIENT_TRAFFIC_SECRET_0 799ee80d74d9e2b2397fc53e59756aa29b8a675e41389c583e44936454875d5e a0ea799192512ff8b0b2670806e831137a757e59b2e6932e6bd2f1babafc8a5c
SERVER_TRAFFIC_SECRET_0 799ee80d74d9e2b2397fc53e59756aa29b8a675e41389c583e44936454875d5e 081bd53520bf83cf326742da95f6ce2519746f110eda984a1bec320687aa0eff
CLIENT_HANDSHAKE_TRAFFIC_SECRET 169933a6c1176e135a5588fd9189ec4688bcfb5200ee66d67655bac44da39e55 52f310693b781dfa60388e9b2c6157a05bc4eaed035a18ef200451c1811ab916
SERVER_HANDSHAKE_TRAFFIC_SECRET 169933a6c1176e135a5588fd9189ec4688bcfb5200ee66d67655bac44da39e55 5e46e42348a857c6b273cdaf6be437e32a01eaa10cbb8d04e966e4ce8ed2152b
CLIENT_TRAFFIC_SECRET_0 169933a6c1176e135a5588fd9189ec4688bcfb5200ee66d67655bac44da39e55 1093fa632033486cbd06191c3d11b20c014f5664263bce16da3da40ac9da815c
SERVER_TRAFFIC_SECRET_0 169933a6c1176e135a5588fd9189ec4688bcfb5200ee66d67655bac44da39e55 94f481dbd4b9bf9606d6615adf2e15f4160af47a3a35a1dcc6c23644771aaefa
CLIENT_HANDSHAKE_TRAFFIC_SECRET c49bdeddf2ceee541fecdc225fc267f5739f4e541a4db06a4505a3c38126e766 90c15054beb96c373e7e0771981b3d39357ca02cfe83e83569130e0ebce20d8a
SERVER_HANDSHAKE_TRAFFIC_SECRET c49bdeddf2ceee541fecdc225fc267f5739f4e541a4db06a4505a3c38126e766 e0ff4a09795cbd40277a6c7ea134238846b75ce3e0b0f565ee3e7ab149600578
CLIENT_TRAFFIC_SECRET_0 c49bdeddf2ceee541fecdc225fc267f5739f4e541a4db06a4505a3c38126e766 684ba892e55269f220bc39efb7a541da8b2524074aac6c480898f80a57a5797c
SERVER_TRAFFIC_SECRET_0 c49bdeddf2ceee541fecdc225fc267f5739f4e541a4db06a4505a3c38126e766 0f82b07a81d24959f5305f5d2a00376e469a6a2e2a8d418f691aff40bb222644
CLIENT_HANDSHAKE_TRAFFIC_SECRET 36a2c8f8b2a5b4f9e8fa1c61a4871bd8bffd9e6ffbb3019a8c03cd9977d71296 a39fc230ffab3a58d89e64c70c884fa2944fa58dbf23d16e24d32b93659740bb
SERVER_HANDSHAKE_TRAFFIC_SECRET 36a2c8f8b2a5b4f9e8fa1c61a4871bd8bffd9e6ffbb3019a8c03cd9977d71296 cb0e98794b28bb5e45e715fca1aefe322e5fd46020f84ebe20c632f2e6d95638
CLIENT_TRAFFIC_SECRET_0 36a2c8f8b2a5b4f9e8fa1c61a4871bd8bffd9e6ffbb3019a8c03cd9977d71296 ea4d70446807c9ac9d7b89c164d963523e5937c7c82e369543be307e2dc4038a
SERVER_TRAFFIC_SECRET_0 36a2c8f8b2a5b4f9e8fa1c61a4871bd8bffd9e6ffbb3019a8c03cd9977d71296 3c4ae9bbfc3386601c29f7e74e8251b49e684c0b1411e808ba56cdfe2042b027
CLIENT_HANDSHAKE_TRAFFIC_SECRET e51cca9dc2863139a2e40902d679ccf227b8eae92e8b31df4bfab4593f254ea0 2a2420789cf940fc319d0a8a6558ef54d45facc1aa1cb547b4a814dc8656c725
SERVER_HANDSHAKE_TRAFFIC_SECRET e51cca9dc2863139a2e40902d679ccf227b8eae92e8b31df4bfab4593f254ea0 aeecb00b489412b655e764d101c96fd3aca79c538159d23645fa9f30ed03baa5
CLIENT_TRAFFIC_SECRET_0 e51cca9dc2863139a2e40902d679ccf227b8eae92e8b31df4bfab4593f254ea0 c599d8ccc9e35b66cb0dfa304f4951b7a07adac38ddb92c1ae2295df8d7b6ce7
SERVER_TRAFFIC_SECRET_0 e51cca9dc2863139a2e40902d679ccf227b8eae92e8b31df4bfab4593f254ea0 7e1e3ccfb82cd7c57592764c3b786d37a84d925cfde4e184f4dc79d1757ea115
CLIENT_HANDSHAKE_TRAFFIC_SECRET de1298aef2218a85762441645a3ee8ee7c0c26367f8382e68c628a44f388284c 4f4001e9f4dab662de9aa2650476b7957fc2157456c29e8fc6bfe6bda24ffdae
SERVER_HANDSHAKE_TRAFFIC_SECRET de1298aef2218a85762441645a3ee8ee7c0c26367f8382e68c628a44f388284c dd7ffbbe245b2193d775e7d379e960345ecf37285be22adac59d881ea31d8775
CLIENT_TRAFFIC_SECRET_0 de1298aef2218a85762441645a3ee8ee7c0c26367f8382e68c628a44f388284c c0cf05c248a26bba69c5db852918f3b6470d99653288d2344f2e66ddbe81429d
SERVER_TRAFFIC_SECRET_0 de1298aef2218a85762441645a3ee8ee7c0c26367f8382e68c628a44f388284c 5bad7b39b5e51a2b846e7568098e03d292dd13325d366b51e7428676d0212c5c
CLIENT_HANDSHAKE_TRAFFIC_SECRET a8ea3165d224615eb689329cf023a2047ee314c0c85b1a79997be10452b1bb7e a881f8d802bdda613780009b1c4e742c08cc62a41a14ca701bd64e0d3e7d4112
SERVER_HANDSHAKE_TRAFFIC_SECRET a8ea3165d224615eb689329cf023a2047ee314c0c85b1a79997be10452b1bb7e 5a3f05aa01f49be428ac28fe61c468f29624f9c22fe35e61ff436e77dea68aeb
CLIENT_TRAFFIC_SECRET_0 a8ea3165d224615eb689329cf023a2047ee314c0c85b1a79997be10452b1bb7e b382bae056aec53b8dd296e70f94ecceaa9d7f4e9f1ee18df3387e0b61f3a3c9
SERVER_TRAFFIC_SECRET_0 a8ea3165d224615eb689329cf023a2047ee314c0c85b1a79997be10452b1bb7e 7569fead6a63300dac97f223ff52ea7e605b69376d1f80b35c1e7ebf0f9bc870
CLIENT_HANDSHAKE_TRAFFIC_SECRET d3e8c09284bbb2346a4a176cb82b3eb6cd2097c1c64d8a8cedf48493cf6c7d15 d9382f98ae48d5b7218aab3bd5ba450f173b73b7f1ec886577aeb90bc473fece
SERVER_HANDSHAKE_TRAFFIC_SECRET d3e8c09284bbb2346a4a176cb82b3eb6cd2097c1c64d8a8cedf48493cf6c7d15 0d66b8041aa33b89de661759078735e11d45e5a3fcd7a2055fb055fb67df10d8
CLIENT_TRAFFIC_SECRET_0 d3e8c09284bbb2346a4a176cb82b3eb6cd2097c1c64d8a8cedf48493cf6c7d15 233bea7767991a05dc0da2b02a1b091a8bf099c2ca42c6246d44241045393c88
SERVER_TRAFFIC_SECRET_0 d3e8c09284bbb2346a4a176cb82b3eb6cd2097c1c64d8a8cedf48493cf6c7d15 216a258d8321a5615beb73755eef0b657ebd549f6367f6fa38896e778e287294
CLIENT_HANDSHAKE_TRAFFIC_SECRET b25d090be856fa3136bf90f9e58a0f105277dc73240a819e545976549795ce33 e37d5562d6ff1f6c23e4d9426698da0598a5791c06fe31766115acb15ccce233
SERVER_HANDSHAKE_TRAFFIC_SECRET b25d090be856fa3136bf90f9e58a0f105277dc73240a819e545976549795ce33 76a4e7eae68820b9e455217a9a170972aeace43450df596cb7d77dfb4c30c57b
CLIENT_TRAFFIC_SECRET_0 b25d090be856fa3136bf90f9e58a0f105277dc73240a819e545976549795ce33 8c403454d55a6e1f66c2a4e649af4efbde43d3d92fd2219eb437e6fe26a91853
SERVER_TRAFFIC_SECRET_0 b25d090be856fa3136bf90f9e58a0f105277dc73240a819e545976549795ce33 32b84a80a259f4821dfa2a0bf72873a5acc52357669fa0b322f661605b4c9d20
CLIENT_HANDSHAKE_TRAFFIC_SECRET fc6e4e54140a6c426b019103c01f16ad8872a37aee763b50b0b1445bd0089338 0107c466188f1ab426aac9b0a627ca19dd2c740ca322a33a2f96485a86a7f8cf
SERVER_HANDSHAKE_TRAFFIC_SECRET fc6e4e54140a6c426b019103c01f16ad8872a37aee763b50b0b1445bd0089338 fcb4deb3a27ef0a2d23c577c00b9c3bc029664a0697ae693127de783c984d90e
CLIENT_TRAFFIC_SECRET_0 fc6e4e54140a6c426b019103c01f16ad8872a37aee763b50b0b1445bd0089338 f7436f8d6d3dee8a9bf6f8462fee54d3dfdd82cdcffd9e0f73023fe590bdd258
SERVER_TRAFFIC_SECRET_0 fc6e4e54140a6c426b019103c01f16ad8872a37aee763b50b0b1445bd0089338 43b86c539add7a79313a1544b2b6f1c5405bca0720f3bfb483c5f32ba7a97096
CLIENT_HANDSHAKE_TRAFFIC_SECRET c5d9d7c4dba619d2c1d69fec2be6ab177c2ed7a875316270788481097052726c 9e4070737e1f2f72fdd932518a5696112a335900b8976ca31b6d1383b6cb3ac1
SERVER_HANDSHAKE_TRAFFIC_SECRET c5d9d7c4dba619d2c1d69fec2be6ab177c2ed7a875316270788481097052726c 23cd06a3ed78553fcb8e6a4ebac327cc0ba59f401011776a129fc27904ffd063
CLIENT_TRAFFIC_SECRET_0 c5d9d7c4dba619d2c1d69fec2be6ab177c2ed7a875316270788481097052726c 0b5dd4c0b4607a60c007c083caa2cb8d31fc6fc03a14dbc15ea26d79b9f74909
SERVER_TRAFFIC_SECRET_0 c5d9d7c4dba619d2c1d69fec2be6ab177c2ed7a875316270788481097052726c 9914732888ae713666c2c935fb48e27adfaeb1c9402d47614601b3829be45cd9
CLIENT_HANDSHAKE_TRAFFIC_SECRET 3ebfd18b21ae61283339504604d81ea4a5307b7844007ed317a3d991099084a7 a616a0300a9bd7076c81b8bc0a9ff3d8aabddde9ab7287451144e0aa24473f33
SERVER_HANDSHAKE_TRAFFIC_SECRET 3ebfd18b21ae61283339504604d81ea4a5307b7844007ed317a3d991099084a7 d12b64a0cf67c441e640a70bb76061b04298f3d0ff27ff9d80580eb835432700
CLIENT_TRAFFIC_SECRET_0 3ebfd18b21ae61283339504604d81ea4a5307b7844007ed317a3d991099084a7 d90035dd38c3dbdae121a33e7d20f7c31c5556c4f68e39f0831824f896f01f00
SERVER_TRAFFIC_SECRET_0 3ebfd18b21ae61283339504604d81ea4a5307b7844007ed317a3d991099084a7 7eda08da5c5f9d6e088d9018e7c731f2ef714c2675c7e6c4acb2f85e23b4b891
CLIENT_HANDSHAKE_TRAFFIC_SECRET d669909e8f92e86bbc2070ab521895ca0229bc751c1446b1da2ae6b5368cfcb0 3903d5f0ac1a205ffca534b8249a73e97355937191d1c289dd45186b4789ff69
SERVER_HANDSHAKE_TRAFFIC_SECRET d669909e8f92e86bbc2070ab521895ca0229bc751c1446b1da2ae6b5368cfcb0 bbd10d33379e22c9166beee69cbe138ab502d6d9db1aced2085d658d2900b30c
CLIENT_TRAFFIC_SECRET_0 d669909e8f92e86bbc2070ab521895ca0229bc751c1446b1da2ae6b5368cfcb0 2015c401b31bc7ce7fe244b98bc73c261bea8126d8f76b73b80586359b0c7a38
SERVER_TRAFFIC_SECRET_0 d669909e8f92e86bbc2070ab521895ca0229bc751c1446b1da2ae6b5368cfcb0 854b3c27e0e787f39e92e9737c2b64d163265a10c73a50302de17389f696bfd4
CLIENT_HANDSHAKE_TRAFFIC_SECRET e938266850d8fb7b864e91542a753fe37505fa8fda43a7f7ad0ad3298cb7ba88 08f3d65853b5cfb22aea052d5782e3d3e0a9d84f66c8e1deced36396c5f34591
SERVER_HANDSHAKE_TRAFFIC_SECRET e938266850d8fb7b864e91542a753fe37505fa8fda43a7f7ad0ad3298cb7ba88 ad896378be967397dce06889d0cafdfae6f6023ad44fc98841a6f4e80057c603
CLIENT_TRAFFIC_SECRET_0 e938266850d8fb7b864e91542a753fe37505fa8fda43a7f7ad0ad3298cb7ba88 38bd8ebf3547a3a745aed3d362cab378d993d8b7d1d88dfe4e564ae4517fe528
SERVER_TRAFFIC_SECRET_0 e938266850d8fb7b864e91542a753fe37505fa8fda43a7f7ad0ad3298cb7ba88 69ee956f1cae000a3d29d44f72138560feafcf07ec9c8ee8dd3ff4316ca91932
CLIENT_HANDSHAKE_TRAFFIC_SECRET ee26759e526b1415b5bdc4a90c05f416960c6b7bf4bbc4dad6026bd4f36eb35e 9645b302f1d5b5f4c176dd983cb1657474035e225537096db0a75985c673b0a3
SERVER_HANDSHAKE_TRAFFIC_SECRET ee26759e526b1415b5bdc4a90c05f416960c6b7bf4bbc4dad6026bd4f36eb35e f55d18deefbcb0762cb4f5b5bbe52000b5800d69928833847ef1771b441e2c3d
CLIENT_TRAFFIC_SECRET_0 ee26759e526b1415b5bdc4a90c05f416960c6b7bf4bbc4dad6026bd4f36eb35e a6a68db4afe92931ee18a8de845d9e658cc60199e77196a72fba781046e238b3
SERVER_TRAFFIC_SECRET_0 ee26759e526b1415b5bdc4a90c05f416960c6b7bf4bbc4dad6026bd4f36eb35e 85ca5f04b2bf949d5020107129a2c71767d0a2c205e153717131b7d10d510a21
CLIENT_HANDSHAKE_TRAFFIC_SECRET c91f724508bbda211a2c78241485715700e689885c0be8f6e86209b9c90ff170 1e491f188d10294e9c6637ad20ba3d5a0557bda52713be04007fc78d05ffdc70
SERVER_HANDSHAKE_TRAFFIC_SECRET c91f724508bbda211a2c78241485715700e689885c0be8f6e86209b9c90ff170 81759125d88b24f427e4e51c3bea1ed1f32afdf251b26d51d9af7c66df05dd64
CLIENT_TRAFFIC_SECRET_0 c91f724508bbda211a2c78241485715700e689885c0be8f6e86209b9c90ff170 6813e94fcc37921c392b9a68e6dd1d4e60044a158f0e01ce54acdc7c9fdd958e
SERVER_TRAFFIC_SECRET_0 c91f724508bbda211a2c78241485715700e689885c0be8f6e86209b9c90ff170 c472b861e7cb0d674861eaedac5a47bd0bc23fb9622d677349ed1a07f1f0a7e4
CLIENT_HANDSHAKE_TRAFFIC_SECRET d1f596f96abe7d449cbbe432f7fa3b70c7a0576483a8bd65932f8410e2e66830 cf0a0838b293e3c646c5d0708233edf826f079e973151ade2c9b6af39e307dc2
SERVER_HANDSHAKE_TRAFFIC_SECRET d1f596f96abe7d449cbbe432f7fa3b70c7a0576483a8bd65932f8410e2e66830 aa33033b7e705bcbf01adc8ecf2e6956018dc280e6035f2c9636aedd4cbf14e7
CLIENT_TRAFFIC_SECRET_0 d1f596f96abe7d449cbbe432f7fa3b70c7a0576483a8bd65932f8410e2e66830 e82f40765ce4be0049f2f332a1ac8418de90c72dd1bc33da431fc60963fc1c2c
SERVER_TRAFFIC_SECRET_0 d1f596f96abe7d449cbbe432f7fa3b70c7a0576483a8bd65932f8410e2e66830 d314756ff4772ed210b77a27b177b3f11531fca7a5c6194f3b29862de6a58beb
CLIENT_HANDSHAKE_TRAFFIC_SECRET 613d6d475cdab5610bf7f451fa6968780bc6ec77770d358d556901a84e6d8e45 821a63e7c1c8ca6dd3b49c06fbf3a83f6c11c0e680f8b4c7b8b08e2dc19f63c2
SERVER_HANDSHAKE_TRAFFIC_SECRET 613d6d475cdab5610bf7f451fa6968780bc6ec77770d358d556901a84e6d8e45 08a7895403464ffddc20b1c4e04d4102546a113bc69efcb5f03e32f7f8a91baf
CLIENT_TRAFFIC_SECRET_0 613d6d475cdab5610bf7f451fa6968780bc6ec77770d358d556901a84e6d8e45 6d5bff0c2b03479903441b1944ed5b24904f97cf0cdd662fd12186a39dfc7c31
SERVER_TRAFFIC_SECRET_0 613d6d475cdab5610bf7f451fa6968780bc6ec77770d358d556901a84e6d8e45 c687e7db98097a04f57227cc579c4eaa311a71d92db01d21c90f58322ee28995
CLIENT_HANDSHAKE_TRAFFIC_SECRET a5113a70da26e079354d182891d5ab60526970188f1508fd67ca75bba47cb9b6 c1f59502382ccac2f2d9935ca54d7767e77902a9d69ee714f906ee5f0ef3daaf
SERVER_HANDSHAKE_TRAFFIC_SECRET a5113a70da26e079354d182891d5ab60526970188f1508fd67ca75bba47cb9b6 5ff59cac92d1c3124025a830143374f5e4a3df0d6ffd7e98ba0d8ce32e751d7d
CLIENT_TRAFFIC_SECRET_0 a5113a70da26e079354d182891d5ab60526970188f1508fd67ca75bba47cb9b6 ede42528ba65ea052fa8220898f52a7000e29bfbc45d2c2eda0ac380741cdf21
SERVER_TRAFFIC_SECRET_0 a5113a70da26e079354d182891d5ab60526970188f1508fd67ca75bba47cb9b6 c4f7def860deb348517730ae9fa200c6beab34627488a897a4dd165d2c5c1e10
CLIENT_HANDSHAKE_TRAFFIC_SECRET 7bbf37d33232fb603ed2bee9e033f62dcfa8004e17dd739908e2f08420199738 d4ca235347fe538fc8e40efc8a319a4be0d69f099d5f97fdf86c535514feaf83
SERVER_HANDSHAKE_TRAFFIC_SECRET 7bbf37d33232fb603ed2bee9e033f62dcfa8004e17dd739908e2f08420199738 bfe43ef14299ee7de84239f83f244a884b8ee2dda05b2d0e4f2980a9fa926938
CLIENT_TRAFFIC_SECRET_0 7bbf37d33232fb603ed2bee9e033f62dcfa8004e17dd739908e2f08420199738 f08246f3f731cc256d8d32746267d916654e9467cdd3e0423db7c0efd9546ebc
SERVER_TRAFFIC_SECRET_0 7bbf37d33232fb603ed2bee9e033f62dcfa8004e17dd739908e2f08420199738 287ad22d0a106a4ce2cdf578c0a3fdde9c5926cb19998fb000ca3bfd665f9e88
CLIENT_HANDSHAKE_TRAFFIC_SECRET eb6b33979cdb8f95c0581d9a3075a7bfe118cb6ef4a2bab5c70eaf5fb237ac3e d0a3f6a1ae1225a377a7f29a2e768daa56bc962593affb678086d6accf64cf29
SERVER_HANDSHAKE_TRAFFIC_SECRET eb6b33979cdb8f95c0581d9a3075a7bfe118cb6ef4a2bab5c70eaf5fb237ac3e f3887c5fade7a580569fd0d4fdccb130a232598123457a4e56502b933cdbc9f8
CLIENT_TRAFFIC_SECRET_0 eb6b33979cdb8f95c0581d9a3075a7bfe118cb6ef4a2bab5c70eaf5fb237ac3e 3a80085be5dd8185a8b224020344f0b7e4de31480587cc8494ee5a53b395b4aa
SERVER_TRAFFIC_SECRET_0 eb6b33979cdb8f95c0581d9a3075a7bfe118cb6ef4a2bab5c70eaf5fb237ac3e 359b0c33b94ec0e781e51d22006be5fc74140eb561bcdf6a1b9f62d533c747b6
CLIENT_HANDSHAKE_TRAFFIC_SECRET 89ae719124bf03fde2a8fa7f4854b21de09a55b78cfc8497a2aa099f4e75b62f d64491ef01a71e7db580bf94075fd3ba6c3c145ad6c72d2a1fe4895062faa516
SERVER_HANDSHAKE_TRAFFIC_SECRET 89ae719124bf03fde2a8fa7f4854b21de09a55b78cfc8497a2aa099f4e75b62f f3068af3c86e9f2cc826b1c469e062794ca45f0c40e3788daf488b7dd9b9eb86
CLIENT_TRAFFIC_SECRET_0 89ae719124bf03fde2a8fa7f4854b21de09a55b78cfc8497a2aa099f4e75b62f 5962379f3b7d94795b03f558563c65b555dba113e8077d184152b357c7c2675b
SERVER_TRAFFIC_SECRET_0 89ae719124bf03fde2a8fa7f4854b21de09a55b78cfc8497a2aa099f4e75b62f 314891cb63f9a30676c4cb7f13dfc23dbdf3a3bc1b0a74112ce89d09a32471d0
CLIENT_HANDSHAKE_TRAFFIC_SECRET f83b0aa29df05c5ce033427d677a80585963cc1f4158df6b9d3d9f0b96103acc b7ed9d6580e81528630cde7ac3982d855e318e3b6a7c41ba3ab997fdc20ae3f8
SERVER_HANDSHAKE_TRAFFIC_SECRET f83b0aa29df05c5ce033427d677a80585963cc1f4158df6b9d3d9f0b96103acc 00e8d94254129e534a10c71e5d5d555243cbb13ba8705fdb7e8f53d05593fe92
CLIENT_TRAFFIC_SECRET_0 f83b0aa29df05c5ce033427d677a80585963cc1f4158df6b9d3d9f0b96103acc 9d82f9e8a116ebd661a48ae4e01a1506a723cbdb04ca4ae6fdf6f2633b59e196
SERVER_TRAFFIC_SECRET_0 f83b0aa29df05c5ce033427d677a80585963cc1f4158df6b9d3d9f0b96103acc dec0aaf10c349cf540d5a5d66e400186ca65607a6f3bdb5e5abe2141dd82099d
CLIENT_HANDSHAKE_TRAFFIC_SECRET 7d8c4e612dc2d6a1c3d96433952f7e7e7ab1105a234235b66d0e788d627c0d86 69371dfeacd52d7e1d4f935cb160f408009fe19af6134d5c49a6110c2fe7ba3d
SERVER_HANDSHAKE_TRAFFIC_SECRET 7d8c4e612dc2d6a1c3d96433952f7e7e7ab1105a234235b66d0e788d627c0d86 18ecd44d885a6d50ccc76d6d747caf5fbc1854cd0302d03ad16f8a332541bb32
CLIENT_TRAFFIC_SECRET_0 7d8c4e612dc2d6a1c3d96433952f7e7e7ab1105a234235b66d0e788d627c0d86 b1ffa981c02909b0e2c8b91a4bae4ba0cdb6f6783edc545bceac55e1aa179bff
SERVER_TRAFFIC_SECRET_0 7d8c4e612dc2d6a1c3d96433952f7e7e7ab1105a234235b66d0e788d627c0d86 4c5ccfcc94b05b56133f34e523fda3b9f4229983e2541d52d97e1efc6192704a
CLIENT_HANDSHAKE_TRAFFIC_SECRET 1888c7e387df93bccc0b920ca13815268ce16958580050836880af906518e4c1 cf06e9c085932de67268c80cc5f6c83f87de916c010e36fe0be3ff0ed7cf9a1f
SERVER_HANDSHAKE_TRAFFIC_SECRET 1888c7e387df93bccc0b920ca13815268ce16958580050836880af906518e4c1 7c8ed0b9567a0537bb4d06fb07f1461ac86f5059a7f44b5b3f01488c8b5bc437
CLIENT_TRAFFIC_SECRET_0 1888c7e387df93bccc0b920ca13815268ce16958580050836880af906518e4c1 4978daec4aa04a657b7e867c741fe757e820795b97786dc719bda9a767d7a989
SERVER_TRAFFIC_SECRET_0 1888c7e387df93bccc0b920ca13815268ce16958580050836880af906518e4c1 6e6d12e0cb272f8f8dab55922c00220bddfbe7e3373faa713b0fbf763011f55e
CLIENT_HANDSHAKE_TRAFFIC_SECRET 66f414e66a8b5cdb1372e532d1a2d294fe0125c16e02fc7bc1ea848ff17de74e b42158e95820fabf8799b488de929750015b98b15f7755dfa6b5b86c844d6514
SERVER_HANDSHAKE_TRAFFIC_SECRET 66f414e66a8b5cdb1372e532d1a2d294fe0125c16e02fc7bc1ea848ff17de74e 461f145a7ec6547ebb8b450f9a50ab14cd9a800fb6cba87fc366db87e668723d
CLIENT_TRAFFIC_SECRET_0 66f414e66a8b5cdb1372e532d1a2d294fe0125c16e02fc7bc1ea848ff17de74e d87e58b6eba2400fdd8de5626302e87031a3207b91cf0cf8b4c5be7a1108e667
SERVER_TRAFFIC_SECRET_0 66f414e66a8b5cdb1372e532d1a2d294fe0125c16e02fc7bc1ea848ff17de74e 222d4fb4995faeb830fec57510c1202902c2d6b0fb4972639ea4b421b454d0d9
CLIENT_HANDSHAKE_TRAFFIC_SECRET 0628f35341516904efaf931b1dc98fd6bb9cd4e47724702d14fdb0e3c8ee56d6 18c7b6f524b969f565ba50684464493d5727027602b223a9556eefb11d552731
SERVER_HANDSHAKE_TRAFFIC_SECRET 0628f35341516904efaf931b1dc98fd6bb9cd4e47724702d14fdb0e3c8ee56d6 769626be60ebb3949c8d923ff915c38cd1428626fabcea57b4e2e34480344405
CLIENT_TRAFFIC_SECRET_0 0628f35341516904efaf931b1dc98fd6bb9cd4e47724702d14fdb0e3c8ee56d6 dc027e76dc4668e934413b5b29b229d8e69746dad62b0c65ec40bdce8aa723ff
SERVER_TRAFFIC_SECRET_0 0628f35341516904efaf931b1dc98fd6bb9cd4e47724702d14fdb0e3c8ee56d6 b130210374e338696a7c9331463801634ba4423f7278042aff8e7e977bfcf719
CLIENT_HANDSHAKE_TRAFFIC_SECRET dc019d2dcb228e47b4b6406e6b6bbbb17c8ff329acc9bc1a64f55937d5041f42 177f1bda70046b5450fcc6d17bda442e3370ace6f0cff2d0cef1c87909dc256a
SERVER_HANDSHAKE_TRAFFIC_SECRET dc019d2dcb228e47b4b6406e6b6bbbb17c8ff329acc9bc1a64f55937d5041f42 d48d93e011c2b2c15bf468a945fedbbb1e7bcc080a15cfa863f641c550bbee2c
CLIENT_TRAFFIC_SECRET_0 dc019d2dcb228e47b4b6406e6b6bbbb17c8ff329acc9bc1a64f55937d5041f42 8c9637e454a171b62ddc1d0f4da47bf45fc5c2d577d17a8bcb35c8fc0464f191
SERVER_TRAFFIC_SECRET_0 dc019d2dcb228e47b4b6406e6b6bbbb17c8ff329acc9bc1a64f55937d5041f42 30c25fe0eabddbad334f199ea622b24761babc4b40e97eff3d59c3970924bd7b
CLIENT_HANDSHAKE_TRAFFIC_SECRET 9059496cd80b37af005ea885aad5ca2e4c0cd223fe8fc2724b35bfbf8ddd7cbe 2bad97ad1afa6b021e8e7f7834f4cf3a5e7a7ae0857e7fe9bef5c7ad877c78ba
SERVER_HANDSHAKE_TRAFFIC_SECRET 9059496cd80b37af005ea885aad5ca2e4c0cd223fe8fc2724b35bfbf8ddd7cbe fb007533c7b2c4d4b4a81bc2bd6e53cfffdd013876c9cdebb46bdba32bbb1f74
CLIENT_TRAFFIC_SECRET_0 9059496cd80b37af005ea885aad5ca2e4c0cd223fe8fc2724b35bfbf8ddd7cbe 0964ca92bb08fdfc17ff3da37488dfc1cfa255bd8f4ce5fbd86c822c9b2a58e2
SERVER_TRAFFIC_SECRET_0 9059496cd80b37af005ea885aad5ca2e4c0cd223fe8fc2724b35bfbf8ddd7cbe 8a3899e5e06e7fa234f0c1d24ed11626d3b9d72fdef610f73242a66d1bcc721a
CLIENT_HANDSHAKE_TRAFFIC_SECRET ce9a0de46b23d0c22ef38cd77b5e77ed360e69538ab452cfa56f5bc7e2a028cd 5a89aa0039efe990f8bbbaf61ebb126fb3d07e5bda6617821d2435a33ab4ab78
SERVER_HANDSHAKE_TRAFFIC_SECRET ce9a0de46b23d0c22ef38cd77b5e77ed360e69538ab452cfa56f5bc7e2a028cd 2902437e434b2ddbdf976c522d0613659eaacd586a219cb9aca58ddf33ca87ac
CLIENT_TRAFFIC_SECRET_0 ce9a0de46b23d0c22ef38cd77b5e77ed360e69538ab452cfa56f5bc7e2a028cd e13745ff04675252473f315914346dd24be713bc32f2d83a3baf9f7f5dc43290
SERVER_TRAFFIC_SECRET_0 ce9a0de46b23d0c22ef38cd77b5e77ed360e69538ab452cfa56f5bc7e2a028cd 78ba490b03f9c5ab746058785e3a76a7e823fe6199dfa51cfdb84d02052b0a4a
CLIENT_HANDSHAKE_TRAFFIC_SECRET 5606f15fc594477447be6a990dcbd5cedee51269150da909ad1fbb3209bdbf21 5afe77b3e1f69a53f5d14f2743d18e0c2f7803c9159da5366dc323c21fd5fcf5
SERVER_HANDSHAKE_TRAFFIC_SECRET 5606f15fc594477447be6a990dcbd5cedee51269150da909ad1fbb3209bdbf21 fc9481b3056fc93c3c592fa6279a642ca25d1878d5272daf5dd281bb60d5e7ee
CLIENT_TRAFFIC_SECRET_0 5606f15fc594477447be6a990dcbd5cedee51269150da909ad1fbb3209bdbf21 191f8d5a231b71f1493e1a32e6ccb3b778e394ae0da688adb3dcd483da815d87
SERVER_TRAFFIC_SECRET_0 5606f15fc594477447be6a990dcbd5cedee51269150da909ad1fbb3209bdbf21 948b4720c9d485f15c9cd95edc41b2320fd73303d0642225463aa4c1ff032d0e
CLIENT_HANDSHAKE_TRAFFIC_SECRET 8c2ac0374438f4cc1584e49c203bae980b76c3b76fb8258dce31168c7ea76448 301ab42d5a2a9e04e7a9b2156d8415b79eedb1f19318753f052078695766c137
SERVER_HANDSHAKE_TRAFFIC_SECRET 8c2ac0374438f4cc1584e49c203bae980b76c3b76fb8258dce31168c7ea76448 35479b9ce68b252977685d0d45d9692275afcf954bf588d1d9ab412444ff17d0
CLIENT_TRAFFIC_SECRET_0 8c2ac0374438f4cc1584e49c203bae980b76c3b76fb8258dce31168c7ea76448 265e906e0687cc8effdd795916b6554316051252eae7feb7c1f51001451dab94
SERVER_TRAFFIC_SECRET_0 8c2ac0374438f4cc1584e49c203bae980b76c3b76fb8258dce31168c7ea76448 e77c9be032c0f4e3d932db73abadc4b3be974bee68c9db98e2b7689463f35a34
CLIENT_HANDSHAKE_TRAFFIC_SECRET 4d9f4ad18a16310bc9604158763748f0f56a7decccc0776181853f207d9d8001 2042269af6368f87239fb849bdab6104c3b966c61e4d3859d9f180f8037ec887
SERVER_HANDSHAKE_TRAFFIC_SECRET 4d9f4ad18a16310bc9604158763748f0f56a7decccc0776181853f207d9d8001 d99b8b6858b6c9d4363cdfbe41bef3f56e8709ec8cf2dd2b6fa79a7e7c1973bc
CLIENT_TRAFFIC_SECRET_0 4d9f4ad18a16310bc9604158763748f0f56a7decccc0776181853f207d9d8001 ec95573d4854dd5a582e4e2d41cbe5fb6d0d31d7e539e5aaac5b6c3dabcfa7a8
SERVER_TRAFFIC_SECRET_0 4d9f4ad18a16310bc9604158763748f0f56a7decccc0776181853f207d9d8001 a37f0c80af5d046ac99d76aaa7f88e68bf2c96876ada6d5a6b816bef8579c0a1
CLIENT_HANDSHAKE_TRAFFIC_SECRET 06e61409bb0f6aa53f04b151343bcb5cf0810333b117b2cd38b39ce429e9599d b07a14e6489dd60cbdd645266a83d72f3894f63a4aeea5043f1fd8e15c0d586a
SERVER_HANDSHAKE_TRAFFIC_SECRET 06e61409bb0f6aa53f04b151343bcb5cf0810333b117b2cd38b39ce429e9599d 7c577b1957eb478bbe4b8cb69e503bc20cd325198887a569a7d0bdb3611c349d
CLIENT_TRAFFIC_SECRET_0 06e61409bb0f6aa53f04b151343bcb5cf0810333b117b2cd38b39ce429e9599d 5da5667ae7a44ae6ff93fc03f7152c42da3c216e68731db9c3ecda10637fbfa2
SERVER_TRAFFIC_SECRET_0 06e61409bb0f6aa53f04b151343bcb5cf0810333b117b2cd38b39ce429e9599d ab215036f87e306c2072361e87185b3afcfa5139c9d7904023438cba64d04426
CLIENT_HANDSHAKE_TRAFFIC_SECRET 1c66a76d3be5f64c5ca10004f665e0f52915737b87fd630f5500bc1752b15b87 4911f045b83c70f16af15520b5dc6b310b1bfb721e6eda5374d4794da3096315
SERVER_HANDSHAKE_TRAFFIC_SECRET 1c66a76d3be5f64c5ca10004f665e0f52915737b87fd630f5500bc1752b15b87 1216e22032e8f70cbd3513ed2395fd5a98477f6b4d02fabb9a98a3418dc515e7
CLIENT_TRAFFIC_SECRET_0 1c66a76d3be5f64c5ca10004f665e0f52915737b87fd630f5500bc1752b15b87 15b4dc11b21a60f61c7ce2e74b9beb63c83fb2003bcc5774081a259abd408a29
SERVER_TRAFFIC_SECRET_0 1c66a76d3be5f64c5ca10004f665e0f52915737b87fd630f5500bc1752b15b87 7a597ba743acb6dfb30176b4a891c097485ed50bbf94687da055462cf5e9adad
CLIENT_HANDSHAKE_TRAFFIC_SECRET fdb2a6e36254cda179ea3abbe8f433ad72eb36b0991e66bce25fd11350b7aa27 9f9abb4b15db499284a2258f2abb99a3480426c76e90a2bdf9e48e305278a48d
SERVER_HANDSHAKE_TRAFFIC_SECRET fdb2a6e36254cda179ea3abbe8f433ad72eb36b0991e66bce25fd11350b7aa27 4de7514821341bd706e10b5e55490085daed37fd78c6d0e2ec95aa88700df4e8
CLIENT_TRAFFIC_SECRET_0 fdb2a6e36254cda179ea3abbe8f433ad72eb36b0991e66bce25fd11350b7aa27 4d3878b6401085e60001b3ba6131a32e95410bdf49ee2f975cfcdac2185794dc
SERVER_TRAFFIC_SECRET_0 fdb2a6e36254cda179ea3abbe8f433ad72eb36b0991e66bce25fd11350b7aa27 ea949e87e722064be2e3df8ad4a9439d388520cfbbfa1e75fc18d8cd6b21a6bd
CLIENT_HANDSHAKE_TRAFFIC_SECRET fcb735f2e1c43a3fe287312f36dd784ccfe91593172c5f0b1e6016df2b31e650 14b2e95774208066e8e836fbc17251a3ff169d3ec587637c283c680af0dd4e4a
SERVER_HANDSHAKE_TRAFFIC_SECRET fcb735f2e1c43a3fe287312f36dd784ccfe91593172c5f0b1e6016df2b31e650 8abb752f8c477d29b3578917fa531200146b0e7a40d4b78792baa2366357cda3
CLIENT_TRAFFIC_SECRET_0 fcb735f2e1c43a3fe287312f36dd784ccfe91593172c5f0b1e6016df2b31e650 f69a9565b021e75ed73a03eb8813f688d4b4837757345386290a57dfe78c4456
SERVER_TRAFFIC_SECRET_0 fcb735f2e1c43a3fe287312f36dd784ccfe91593172c5f0b1e6016df2b31e650 1763121b2f112b9a3bb6791d1f27774f7a543c1b34250ce37abf1a5938a481d9
CLIENT_HANDSHAKE_TRAFFIC_SECRET b378208003dfd1a18f658f1530ab0bb1a98a097f98d2b5f6fe3cd96a9eeab8cb cc62b4936a1752a69a5912257476f04da3f585f6dff3ad61caf878619c444f0a
SERVER_HANDSHAKE_TRAFFIC_SECRET b378208003dfd1a18f658f1530ab0bb1a98a097f98d2b5f6fe3cd96a9eeab8cb b615f71aa51f1250f4b579e4b5b8acfa3574b5e8d686678b7d522426ae339495
CLIENT_TRAFFIC_SECRET_0 b378208003dfd1a18f658f1530ab0bb1a98a097f98d2b5f6fe3cd96a9eeab8cb 8310f61e28ae319bf16a5fe7c8cf9bcaaccf79f4f9888ca35549227185c41d54
SERVER_TRAFFIC_SECRET_0 b378208003dfd1a18f658f1530ab0bb1a98a097f98d2b5f6fe3cd96a9eeab8cb dff771a2909e38dcf472d040aa4d43944cf7ef077950324f6d44d003face046c
CLIENT_HANDSHAKE_TRAFFIC_SECRET 65a2638907f4127124ade1aa5662d2ee4d2b4e45172d298949d90ca25755b98a 01bbde2e54450ab280177c6e042ecf65ddd40f9e32d143f7412e93df97c7bf3c
SERVER_HANDSHAKE_TRAFFIC_SECRET 65a2638907f4127124ade1aa5662d2ee4d2b4e45172d298949d90ca25755b98a 8c90c45502b884070e513d429a25d6858e5f07a6996df1b7c48dc2187a0971e9
CLIENT_TRAFFIC_SECRET_0 65a2638907f4127124ade1aa5662d2ee4d2b4e45172d298949d90ca25755b98a 89c55b64b93e659c81f6134e84466d7f9b36f7c2fd82a40d69516647e04bebe7
SERVER_TRAFFIC_SECRET_0 65a2638907f4127124ade1aa5662d2ee4d2b4e45172d298949d90ca25755b98a 43e7d39a2e90370d3a4ab629548b93e7208ab44c9da59245565e1872b13e9ddf
CLIENT_HANDSHAKE_TRAFFIC_SECRET c3747793dc34a6cd45dedb6fdb9770554cca86965c38a443dd2cf3af5792eed4 d8c0138a22d48015ea3f84096da4c9b1851e0f26cebe8581316c95f8327619f5
SERVER_HANDSHAKE_TRAFFIC_SECRET c3747793dc34a6cd45dedb6fdb9770554cca86965c38a443dd2cf3af5792eed4 cc902c7cf467db5bd3f6b683a1299d152d0073a2f60b5b57f054f391198e9db3
CLIENT_TRAFFIC_SECRET_0 c3747793dc34a6cd45dedb6fdb9770554cca86965c38a443dd2cf3af5792eed4 c32e6e42bf1a4df06544f2cef479e9ea3ba22987e23073391b427bc3650fe22a
SERVER_TRAFFIC_SECRET_0 c3747793dc34a6cd45dedb6fdb9770554cca86965c38a443dd2cf3af5792eed4 cdceed28f8d1b4dab2a03fe09424b5ee26d91e76002ef02eb5fb3fffaf14c310
CLIENT_HANDSHAKE_TRAFFIC_SECRET d4d8b35d278a92ab69ee2ab2fd24bf1cc60c8827f3e7612846362646053865fd 8e3b576478c5035303ccbe6e419193da26fe440f1796f45e85ba3610984bd45d
SERVER_HANDSHAKE_TRAFFIC_SECRET d4d8b35d278a92ab69ee2ab2fd24bf1cc60c8827f3e7612846362646053865fd 646472b2cab78a05c046ecfea53db655d0d6a9b07a3abef82b6272f48d1bbf1a
CLIENT_TRAFFIC_SECRET_0 d4d8b35d278a92ab69ee2ab2fd24bf1cc60c8827f3e7612846362646053865fd 7e778a8761a954c4915e5e61b1d504edecc230de2ec84f80ac3345e9ef7a9efc
SERVER_TRAFFIC_SECRET_0 d4d8b35d278a92ab69ee2ab2fd24bf1cc60c8827f3e7612846362646053865fd 70c6a8621cc3533ecf04cbba3e9f69cb209c01163a9112f67ea3f7302b550dce
CLIENT_HANDSHAKE_TRAFFIC_SECRET 55bc6332a0ffa5670870d73598f61e746ca7f92f2dc54d4ac1ac7090811ea22c cd134fb33dd38cbaa5a7c6942982215c90b33c33e267fa1234ee358e1925c03b
SERVER_HANDSHAKE_TRAFFIC_SECRET 55bc6332a0ffa5670870d73598f61e746ca7f92f2dc54d4ac1ac7090811ea22c 69990e282ee25f1717a17c63906af3d18ac12d78835834e9906d907b25952558
CLIENT_TRAFFIC_SECRET_0 55bc6332a0ffa5670870d73598f61e746ca7f92f2dc54d4ac1ac7090811ea22c 74bf984cdae7963ea328f44381d670e1d5c7d53ee6e511a26a115382a1f24346
SERVER_TRAFFIC_SECRET_0 55bc6332a0ffa5670870d73598f61e746ca7f92f2dc54d4ac1ac7090811ea22c 77deb80bddc9e3e0d20f8174b88590f75c5e2a0a036eca53a137074ca8fec790
CLIENT_HANDSHAKE_TRAFFIC_SECRET 247bebf2c34de792b77a36710fbf1a93a040266b401130149e66f1c18febe4b5 dfbf3795983e03be2e32ac55dbd968188bdf6c44f03bdd551b40e3f1a8adb247
SERVER_HANDSHAKE_TRAFFIC_SECRET 247bebf2c34de792b77a36710fbf1a93a040266b401130149e66f1c18febe4b5 b6b77d8bf7d5deae50e3f1d102aaf05d090c5158968e99f87c2bf3fe391a3acd
CLIENT_TRAFFIC_SECRET_0 247bebf2c34de792b77a36710fbf1a93a040266b401130149e66f1c18febe4b5 410dbc42666062fa174e47c2e2a182e82fd7ad4a3bfcdb606cb889e47566a7c9
SERVER_TRAFFIC_SECRET_0 247bebf2c34de792b77a36710fbf1a93a040266b401130149e66f1c18febe4b5 021d5c37cb0f411de5ed193630e1c9b4162fb1392b794b637dff20e500fba28d
CLIENT_HANDSHAKE_TRAFFIC_SECRET 49a1d385e46c3fe52e01a2c58a0a6fee431892c7fb74e2b0cd5e91a3f479dd34 b768e68bc5330f77c5eea9cd294b9e10f8e5b6217e0ef6c150ad2ae467f7bbc2
SERVER_HANDSHAKE_TRAFFIC_SECRET 49a1d385e46c3fe52e01a2c58a0a6fee431892c7fb74e2b0cd5e91a3f479dd34 17ed19514e6c5f4741cfabbda5dbdace74c37a94ed15f3194d63c2159eca81b2
CLIENT_TRAFFIC_SECRET_0 49a1d385e46c3fe52e01a2c58a0a6fee431892c7fb74e2b0cd5e91a3f479dd34 f128e963e43a4f16d7eb71441e5fb225e243f6041c2e6b67e393dea2fed0c412
SERVER_TRAFFIC_SECRET_0 49a1d385e46c3fe52e01a2c58a0a6fee431892c7fb74e2b0cd5e91a3f479dd34 4e4f9b64c5b501b4c0ea5dd62e3d55505fe1e77d8726b8d8bb623828bf0d1f9b
CLIENT_HANDSHAKE_TRAFFIC_SECRET aaf57c0b4591e77807d09d8519ff2ae8c74391fa3676122abdc8c7d7a8676dfa 0b22088597d54683754da1c9a118934b8695aaf3fe339f32ec49b22827a8c1e7
SERVER_HANDSHAKE_TRAFFIC_SECRET aaf57c0b4591e77807d09d8519ff2ae8c74391fa3676122abdc8c7d7a8676dfa 81d1e088d48498195c5637c5101146f7b4863b0f32419bdb0a45761f537ea7ef
CLIENT_TRAFFIC_SECRET_0 aaf57c0b4591e77807d09d8519ff2ae8c74391fa3676122abdc8c7d7a8676dfa 48f1a5250b80f1e193b248ad32c8bfd16d82f447bf1eb44c95ccbc1059c36fa2
SERVER_TRAFFIC_SECRET_0 aaf57c0b4591e77807d09d8519ff2ae8c74391fa3676122abdc8c7d7a8676dfa b959d68207e4cc9c1df6e0a3b825c23ed698864d570f8b0be7d32c3dd840ed03
CLIENT_HANDSHAKE_TRAFFIC_SECRET b48e59464897dec6c40294151e60b992fcad3020cf14270fdd46810a7e666426 4cc1204929b66d232bd719a91704e81ce984741776f1242b438e65b2afb0b6a1
SERVER_HANDSHAKE_TRAFFIC_SECRET b48e59464897dec6c40294151e60b992fcad3020cf14270fdd46810a7e666426 15a24e4b31cbf1ef3a93ede47d8c27a2d985831d65c70ea6cca15a30cf97bb46
CLIENT_TRAFFIC_SECRET_0 b48e59464897dec6c40294151e60b992fcad3020cf14270fdd46810a7e666426 ef35a7df22f3f629bc2c1ca7a7b90b23470609e1d088f837c7c9854f9b88486e
SERVER_TRAFFIC_SECRET_0 b48e59464897dec6c40294151e60b992fcad3020cf14270fdd46810a7e666426 ca33c0f1091c00d37b53b2498d0c92c44cb139c421e4d6d8e618794d44128b8b
CLIENT_HANDSHAKE_TRAFFIC_SECRET 3e3422b48e94fcad4be99ea743a54a261ad4bffb6cc11a48a46cf12f8f974fa9 e2521b48940b8e1f692a9ede806ab4cf1362ba18066a2cdd11f276ac388d3f9e
SERVER_HANDSHAKE_TRAFFIC_SECRET 3e3422b48e94fcad4be99ea743a54a261ad4bffb6cc11a48a46cf12f8f974fa9 06ea080f5eea6e7282ccba509676525b56dedf9778bbd8617c91975eee93ea36
CLIENT_TRAFFIC_SECRET_0 3e3422b48e94fcad4be99ea743a54a261ad4bffb6cc11a48a46cf12f8f974fa9 daa8d73f2a6988a37adb3d91bc5e54a48bccc09adb705caf79c507ec48270d7d
SERVER_TRAFFIC_SECRET_0 3e3422b48e94fcad4be99ea743a54a261ad4bffb6cc11a48a46cf12f8f974fa9 0f5fdd095f94358a2d1964bf98bedd4786ad7c587bca2afca15be4a3fd8509b6
CLIENT_HANDSHAKE_TRAFFIC_SECRET 8bf4eed8f22b9da9e7681928a2ea1e7a9f8f6aaaa6934c8a3e44ff55ed406e8c 5a03d7d497588e9a172757d14c544b310a126669d5d75030b9fe3bfcd3a7859e
SERVER_HANDSHAKE_TRAFFIC_SECRET 8bf4eed8f22b9da9e7681928a2ea1e7a9f8f6aaaa6934c8a3e44ff55ed406e8c b692f75597d533069c4ed8038d529b39e669258099d4a4eff49b9086b74c0719
CLIENT_TRAFFIC_SECRET_0 8bf4eed8f22b9da9e7681928a2ea1e7a9f8f6aaaa6934c8a3e44ff55ed406e8c 388e247390be519be2f3d05d698a9017fa2926d686e5be40f17421eb8765447f
SERVER_TRAFFIC_SECRET_0 8bf4eed8f22b9da9e7681928a2ea1e7a9f8f6aaaa6934c8a3e44ff55ed406e8c abf4670ebca9d7218ab95af632680e16376eaf39442dd87fc40f0dde299f2bb5
CLIENT_HANDSHAKE_TRAFFIC_SECRET b446ae620cb5eb418d0275a9f66b1e3777621ba631a9d7769ae1dadbcbc30f70 ff6667d76059801918567d6550d199fb89b30c81cd7660dc371b87ce7f096bb8
SERVER_HANDSHAKE_TRAFFIC_SECRET b446ae620cb5eb418d0275a9f66b1e3777621ba631a9d7769ae1dadbcbc30f70 38511290c9bbaa9cb81208a048dfbd74fa28d8946c4a613d0846d0d4c59bd554
CLIENT_TRAFFIC_SECRET_0 b446ae620cb5eb418d0275a9f66b1e3777621ba631a9d7769ae1dadbcbc30f70 3647d0b9f6264009d6aaf5bbdd16ec136b10b005b843b7d7cf0f8debe709f227
SERVER_TRAFFIC_SECRET_0 b446ae620cb5eb418d0275a9f66b1e3777621ba631a9d7769ae1dadbcbc30f70 af838893b7679bf0aafc7606b2da9cfc713b72d0632dcbc362f5c72167d7450a
CLIENT_HANDSHAKE_TRAFFIC_SECRET f56fb39219fd39bc9e75eff9b5e376823a28371cf5e0ad3a8581f2e9c41442a1 0605f40ccb54758376184c40bf16e00b08ed7529c019faef33245eb758322ca5
SERVER_HANDSHAKE_TRAFFIC_SECRET f56fb39219fd39bc9e75eff9b5e376823a28371cf5e0ad3a8581f2e9c41442a1 3e22642bf016949698d40f3a3aface51b9bb8a4d17120b8fea700ce8a1987f0b
CLIENT_TRAFFIC_SECRET_0 f56fb39219fd39bc9e75eff9b5e376823a28371cf5e0ad3a8581f2e9c41442a1 6e12dd45cedb9b64815579ad790f94eb51da2a152fadfbe5bd77097231bf546c
SERVER_TRAFFIC_SECRET_0 f56fb39219fd39bc9e75eff9b5e376823a28371cf5e0ad3a8581f2e9c41442a1 a5e6c443313496e5272f48936303950edec8fbcb4f08db0d0ad0a50bfb6d1b67
CLIENT_HANDSHAKE_TRAFFIC_SECRET 822e1a45e0341f84e9799f8f51001e740ff1cd85f802f76a69157030cfd9dd1c 326940153ab27d033664c8d0b9af8d14c575887fd8795d048faa87ebbbc76e17
SERVER_HANDSHAKE_TRAFFIC_SECRET 822e1a45e0341f84e9799f8f51001e740ff1cd85f802f76a69157030cfd9dd1c 57159427203fa9aea5502dbaa1d5af2127babaf1d39bd3ee609dbc4645f6113f
CLIENT_TRAFFIC_SECRET_0 822e1a45e0341f84e9799f8f51001e740ff1cd85f802f76a69157030cfd9dd1c 46ecff6fc70612bdc6fed2f5ad5bdd666694881d798c35b060b6b29e940e1573
SERVER_TRAFFIC_SECRET_0 822e1a45e0341f84e9799f8f51001e740ff1cd85f802f76a69157030cfd9dd1c be18308690ba2f67e73d07be79f5da38dbf50e8567b2d33f56e3bac1f61e4d7e
CLIENT_HANDSHAKE_TRAFFIC_SECRET bcb5ee25e25c3adf570182c1611fa732421fa1632bdb716cfc807c11517c2aac d9c37632a942341c4f8557c221c51c380d6c3fdeb17c3d29cd45c50cba89161e
SERVER_HANDSHAKE_TRAFFIC_SECRET bcb5ee25e25c3adf570182c1611fa732421fa1632bdb716cfc807c11517c2aac d7241eedc9147f1f33936ede02c11f812cb44e0ae2df117e3a9c09480b8a64f7
CLIENT_TRAFFIC_SECRET_0 bcb5ee25e25c3adf570182c1611fa732421fa1632bdb716cfc807c11517c2aac c2799a8413ac05b7d414ed28a709de5e34bacf69da834ee3c2c4a344e3272819
SERVER_TRAFFIC_SECRET_0 bcb5ee25e25c3adf570182c1611fa732421fa1632bdb716cfc807c11517c2aac 27a1f8eada868d921da73484e55f571fc116ba666241b19e25a098d1a0eaec8f
CLIENT_HANDSHAKE_TRAFFIC_SECRET e6247fdb34dec901e17328a104eeb39d94570355f1edf89c5d9ccc71c1eaa306 74b4e798d8d9d114a40a14e698afc397bd9e8ab916606bf0739e74ab2b5de4a9
SERVER_HANDSHAKE_TRAFFIC_SECRET e6247fdb34dec901e17328a104eeb39d94570355f1edf89c5d9ccc71c1eaa306 c7d2fbd22df2aac393663fcece596227ea2a96f95e4092b3fb4c1bcf7fbe5eca
CLIENT_TRAFFIC_SECRET_0 e6247fdb34dec901e17328a104eeb39d94570355f1edf89c5d9ccc71c1eaa306 ca5ea1540b19336e766efa7e03d83de02ea3fb7459da130a0137200965f822b4
SERVER_TRAFFIC_SECRET_0 e6247fdb34dec901e17328a104eeb39d94570355f1edf89c5d9ccc71c1eaa306 01ede5990938aa20839b0f0acaf7588d09e0b52e5dfa2561f9a37aa60343e1b0
CLIENT_HANDSHAKE_TRAFFIC_SECRET c5cb7a96b084c3b5ae7ebb0be9f73e117527e7e120d54b13b5cb4b81cc1d8989 0d538a2235ea357182363b4b9fcd4837b66c9a1381ddf5a82736472946024456
SERVER_HANDSHAKE_TRAFFIC_SECRET c5cb7a96b084c3b5ae7ebb0be9f73e117527e7e120d54b13b5cb4b81cc1d8989 8917b44d6d29323e0ab01a7ad01d3ab86c1795e9d4ec920f9c7a88b71e0943c5
CLIENT_TRAFFIC_SECRET_0 c5cb7a96b084c3b5ae7ebb0be9f73e117527e7e120d54b13b5cb4b81cc1d8989 ffdee7c0dc28623ac259c278ded4e995a294be68469986035a039a9f1c56ef47
SERVER_TRAFFIC_SECRET_0 c5cb7a96b084c3b5ae7ebb0be9f73e117527e7e120d54b13b5cb4b81cc1d8989 da1765db77bb97f9a6fce3beddfd722218374ee5b4ae69974ecbb419675b6377
CLIENT_HANDSHAKE_TRAFFIC_SECRET d79a92aa808cb3556eabe2af5d9de9f423491610072411d157a9ac8c0641e72e 57a3dfe72cd26bb8ff99a1dff15bed411e22f07d2e728818bf0f593f5fe45596
SERVER_HANDSHAKE_TRAFFIC_SECRET d79a92aa808cb3556eabe2af5d9de9f423491610072411d157a9ac8c0641e72e 9f7ef28dafd9c3ec66a450a3db5a97ae2130cf18d243d6316151bc8ebe74ec89
CLIENT_TRAFFIC_SECRET_0 d79a92aa808cb3556eabe2af5d9de9f423491610072411d157a9ac8c0641e72e fb13503accd3cd5d3234f35b7fc88257cc2789b73b9a037d13a493f73c6dda37
SERVER_TRAFFIC_SECRET_0 d79a92aa808cb3556eabe2af5d9de9f423491610072411d157a9ac8c0641e72e 12d1157d3264a22135465f48428f372a6e610e0e9f09e9effb7f264d129348b7
CLIENT_HANDSHAKE_TRAFFIC_SECRET c4c19e40863619ab736c65ec889b1cd1ddf2b508379b3a614ca40804509ff291 fd2a1f56e3c446fb56c4c8cc558d4b61da35a04a4e1933538140111497fe33b6
SERVER_HANDSHAKE_TRAFFIC_SECRET c4c19e40863619ab736c65ec889b1cd1ddf2b508379b3a614ca40804509ff291 7b8849be3716780a6dba49967a7a77dee04ebbb99a9734e71f6d3dfd66f256bf
CLIENT_TRAFFIC_SECRET_0 c4c19e40863619ab736c65ec889b1cd1ddf2b508379b3a614ca40804509ff291 967b4959cc29d444f8d0380683cd5cc42f0befc86aa0c5359410deef2218bbbf
SERVER_TRAFFIC_SECRET_0 c4c19e40863619ab736c65ec889b1cd1ddf2b508379b3a614ca40804509ff291 823b17c43ba50731416c6815fc87b2ab54a59e89c6d8c69043417278841caf89
CLIENT_HANDSHAKE_TRAFFIC_SECRET 2647b2490bf07516c023a982a651901f8cfe9609232ce166e962bf1242cfd24b 154a2c9b645f900f534df5ee6d9ffd7c363c93779c1e7eeaa9dd5c7804f2b06a
SERVER_HANDSHAKE_TRAFFIC_SECRET 2647b2490bf07516c023a982a651901f8cfe9609232ce166e962bf1242cfd24b 6335b97f8fd7fc024b5ca6a748f98d670214e66bbb573681acbdb135bbd85add
CLIENT_TRAFFIC_SECRET_0 2647b2490bf07516c023a982a651901f8cfe9609232ce166e962bf1242cfd24b 5b9b2327c6cb885469e4c16bc74f0dfd910f61f8df76334e8a534f10ba6a34c0
SERVER_TRAFFIC_SECRET_0 2647b2490bf07516c023a982a651901f8cfe9609232ce166e962bf1242cfd24b 19177d46a1b0644181d4f56b5a51cfd01fe68d9215f1ba72a509a34fefbc88f6
CLIENT_HANDSHAKE_TRAFFIC_SECRET 0f24e1ad1272496a71ac90ab0d86e662abd8e05665aba2b6719bb7d6b0495c7e c462197a5f2b41490c779b8839662f0a4a8c47f573f60640b3e06da1babe25df
SERVER_HANDSHAKE_TRAFFIC_SECRET 0f24e1ad1272496a71ac90ab0d86e662abd8e05665aba2b6719bb7d6b0495c7e 58a1476d868ebcb6e821d60720d474a7c594bb5efbf5c091ca0e41754d9e2798
CLIENT_TRAFFIC_SECRET_0 0f24e1ad1272496a71ac90ab0d86e662abd8e05665aba2b6719bb7d6b0495c7e 7b706d14c6c33df364d7483ff40444ec9491abf1934d00e92301f3b3f42b000f
SERVER_TRAFFIC_SECRET_0 0f24e1ad1272496a71ac90ab0d86e662abd8e05665aba2b6719bb7d6b0495c7e b1180ff13ae835213be984fc8a08d1b87798e3176a298feaefe86b51c6e82b52
CLIENT_HANDSHAKE_TRAFFIC_SECRET ce53fc5e261f6512b01fb3ca6ddb4c489e9c070f2988944f5ccd697c0e29277e 483e56937cbce8d1cce80e6d3161e4502c8284d21f1e38bddeffe6afe60f0a77
SERVER_HANDSHAKE_TRAFFIC_SECRET ce53fc5e261f6512b01fb3ca6ddb4c489e9c070f2988944f5ccd697c0e29277e 8ac65228aed60f2d54bc558ceee44365104b4149aa1bfe7e05306d758e5406b4
CLIENT_TRAFFIC_SECRET_0 ce53fc5e261f6512b01fb3ca6ddb4c489e9c070f2988944f5ccd697c0e29277e f054b9cfdf8bc2a2c42c4ca7e99f4e8d51d82f946d9a0a15dcdba3fa4ba7ed9d
SERVER_TRAFFIC_SECRET_0 ce53fc5e261f6512b01fb3ca6ddb4c489e9c070f2988944f5ccd697c0e29277e 459c2b189471d0aa12b2c80cb31ff17a29fc1218b542723a6336237a5edf29b2
CLIENT_HANDSHAKE_TRAFFIC_SECRET 9f2f68353ca73dbaa3942bea730841eb13bdd7847327522a79f98d01e0c9f36a 81a775e93cef9415a569e590785dd403a0ac69c8dd65d6ec645f1e2532ee2b78
SERVER_HANDSHAKE_TRAFFIC_SECRET 9f2f68353ca73dbaa3942bea730841eb13bdd7847327522a79f98d01e0c9f36a 74a1b5f094c842b39723a28a5fabd6e274263a4b4caed4aa7b5bdcb035b94b24
CLIENT_TRAFFIC_SECRET_0 9f2f68353ca73dbaa3942bea730841eb13bdd7847327522a79f98d01e0c9f36a e3a77829e429c0d0c25d133bcff0cd67a4b079842788990e6cb015bf179ef33e
SERVER_TRAFFIC_SECRET_0 9f2f68353ca73dbaa3942bea730841eb13bdd7847327522a79f98d01e0c9f36a 5f131bb9e8357b36b596f465c4ad08e140db91669c9feb4316e0be3afc3b9b0c
CLIENT_HANDSHAKE_TRAFFIC_SECRET 7e5f3ee2565fa51a24d0dc3264a9e599df7344c94ed658d4042ae5161f6e7034 cb35c5d3af4412cb21f4e7b9252c7fcac83322bf8adde91a30b11105a67d222f
SERVER_HANDSHAKE_TRAFFIC_SECRET 7e5f3ee2565fa51a24d0dc3264a9e599df7344c94ed658d4042ae5161f6e7034 4cee82ebe9439e8b26c1abef0733a46f408b4d9fe6a427559eca377f1262713e
CLIENT_TRAFFIC_SECRET_0 7e5f3ee2565fa51a24d0dc3264a9e599df7344c94ed658d4042ae5161f6e7034 d6d3ecbc9df37f33015d79d54641e9c0a77898c5e18e7a9eb134003f2754c369
SERVER_TRAFFIC_SECRET_0 7e5f3ee2565fa51a24d0dc3264a9e599df7344c94ed658d4042ae5161f6e7034 02d680a490528acd2891e488b8bb2dd903224efae886700d7d26d1a4e015c82c
CLIENT_HANDSHAKE_TRAFFIC_SECRET 3edfa05e3d7d32d74dd8eee262c783aae04df8c44d6d3bfa8609d6a1d9e43f50 7ef805db566e79a9ae308f3a853916b7571f3bd16a75cc9b52461c6e877058a7
SERVER_HANDSHAKE_TRAFFIC_SECRET 3edfa05e3d7d32d74dd8eee262c783aae04df8c44d6d3bfa8609d6a1d9e43f50 8c07335fd002e47ff4b5e7383862a6f11af7be09d1c371f066595c9d4971916f
CLIENT_TRAFFIC_SECRET_0 3edfa05e3d7d32d74dd8eee262c783aae04df8c44d6d3bfa8609d6a1d9e43f50 79037e941ee082f86b3acef72f72255d62d91d31d1263bf92a6af0e7ee50ae02
SERVER_TRAFFIC_SECRET_0 3edfa05e3d7d32d74dd8eee262c783aae04df8c44d6d3bfa8609d6a1d9e43f50 7aa001e99ba520a147fd4de5c632a1a91aecadb8eb80337ab913eacdd3db0cf5
CLIENT_HANDSHAKE_TRAFFIC_SECRET 1604b246d56a9029db2d6a8f352fd027db60122e5141433a854d3e063feb8eb3 781461a8eef4acc789706a7e2d1ac69aa0eab8c5c30aa22a836fd04913cb19fe
SERVER_HANDSHAKE_TRAFFIC_SECRET 1604b246d56a9029db2d6a8f352fd027db60122e5141433a854d3e063feb8eb3 71fb3f2958b3dfe9d779b5b0f0ccf508d5a1bae0f3dc4ca75ad7c39cce5c49eb
CLIENT_TRAFFIC_SECRET_0 1604b246d56a9029db2d6a8f352fd027db60122e5141433a854d3e063feb8eb3 dd5bdfa550da58c7c53c29226db12d6ddcb5d9e01c8e71dc7b4dde24d672af80
SERVER_TRAFFIC_SECRET_0 1604b246d56a9029db2d6a8f352fd027db60122e5141433a854d3e063feb8eb3 0f830175e5f13e584cde65dcd5c2ccfae5b4f025974e30fb6372f295dd342db0
CLIENT_HANDSHAKE_TRAFFIC_SECRET 3318ca769f2e2795c8c1a0a9372a11f06016715a3ed3eb5b767c851df08a89fe 40d7725b2feebe8eaa85484a8f883037884ace1787605e0e4c41fdfc8390d469
SERVER_HANDSHAKE_TRAFFIC_SECRET 3318ca769f2e2795c8c1a0a9372a11f06016715a3ed3eb5b767c851df08a89fe cdf3ee3a2e6ba78554967c677caa53d1513de9ee795c1057c83664f0e025ce77
CLIENT_TRAFFIC_SECRET_0 3318ca769f2e2795c8c1a0a9372a11f06016715a3ed3eb5b767c851df08a89fe cea31a9c2b6807ff5d0285bbcee5643febe31fc49c0cc9787a0ffacb9c4d4897
SERVER_TRAFFIC_SECRET_0 3318ca769f2e2795c8c1a0a9372a11f06016715a3ed3eb5b767c851df08a89fe ffd78f8e33c7d6e2a3cabae16046085e330e8389c22210db85a61387c7a79072
CLIENT_HANDSHAKE_TRAFFIC_SECRET e2a69d03a725790fc48509fc74c99964172625bba4509508793f1eb40515ed95 4004ff53cdc40aa7b7775ac3125b53beab7d898a2e51fe3d3df62f92baf6f374
SERVER_HANDSHAKE_TRAFFIC_SECRET e2a69d03a725790fc48509fc74c99964172625bba4509508793f1eb40515ed95 0ba557ddac45a9722fc07f43cfc0e7f5db0ed14fcb4e2cc8edaf12bcf44f869a
CLIENT_TRAFFIC_SECRET_0 e2a69d03a725790fc48509fc74c99964172625bba4509508793f1eb40515ed95 664f4692d6f889f5b8113628c9be29c31f2741f2987ecc886059edc7a93afe7e
SERVER_TRAFFIC_SECRET_0 e2a69d03a725790fc48509fc74c99964172625bba4509508793f1eb40515ed95 070d8c29ec07bbe2670de7db9564acbdb35f2e41c4ba0c0da0a4b034b7757b47
CLIENT_HANDSHAKE_TRAFFIC_SECRET 8816a8649404a46a09dd067fba25c212cd5bece00d8769432ff43fd80007ca92 36722bdf19f3558da77f6f96ce3f8cbc8fc37075a6efd1ce2c5da4115a069ee9
SERVER_HANDSHAKE_TRAFFIC_SECRET 8816a8649404a46a09dd067fba25c212cd5bece00d8769432ff43fd80007ca92 955df6572fa722d9d39b4eae24a52d39dfcbfa4208482deb29e31f3acbcd7b65
CLIENT_TRAFFIC_SECRET_0 8816a8649404a46a09dd067fba25c212cd5bece00d8769432ff43fd80007ca92 d4e83bbec110f989544abd2d853304be1cd84c876d621dd73cdf2d157b544eb0
SERVER_TRAFFIC_SECRET_0 8816a8649404a46a09dd067fba25c212cd5bece00d8769432ff43fd80007ca92 92d414365b95de03d4bc68a90448cf6d87d5e24939998f559ef840988ac9f6e1
CLIENT_HANDSHAKE_TRAFFIC_SECRET b667ece720478abe688789665152776b9dd7f78b86bc4670a27965624b31d5ea a2f84b41504cf2b0cb5a83e345dd2e0146894037de8661c31c78ddcf00424ff6
SERVER_HANDSHAKE_TRAFFIC_SECRET b667ece720478abe688789665152776b9dd7f78b86bc4670a27965624b31d5ea 1b7edb421a88fe8c900a45c88c0f8f3edaac9320cf3a4d81cfb422daab18c288
CLIENT_TRAFFIC_SECRET_0 b667ece720478abe688789665152776b9dd7f78b86bc4670a27965624b31d5ea 84404335133563398801e639236990c4fb3cb1960b4871fd61663b7875af4425
SERVER_TRAFFIC_SECRET_0 b667ece720478abe688789665152776b9dd7f78b86bc4670a27965624b31d5ea 038e5249bcdaf8571b1f9f46763e9ac2efa273e157c77c7a9728d81f9aa56b9d
CLIENT_HANDSHAKE_TRAFFIC_SECRET 25ea4538ef2f65ec7bddf0def199adf168f3863947412b430c4a61f07de17584 3ab141847eab7fc95c23e00d8e9f633e74e330ce14b690d50fac79b070a1c2ba
SERVER_HANDSHAKE_TRAFFIC_SECRET 25ea4538ef2f65ec7bddf0def199adf168f3863947412b430c4a61f07de17584 91d01e493b359eadcfbeb961ffda7958a428c3d32f91654b5b63c50becbba87a
CLIENT_TRAFFIC_SECRET_0 25ea4538ef2f65ec7bddf0def199adf168f3863947412b430c4a61f07de17584 b3bd4969d0df8c072bc70ea54a8b54d91cf4ae1f4eaef90fac2796e904bd5f45
SERVER_TRAFFIC_SECRET_0 25ea4538ef2f65ec7bddf0def199adf168f3863947412b430c4a61f07de17584 a8bde9e84f1c2c1bf68848370eb7e1a8f73fb1c92a9c149265134d5e9a79782c
CLIENT_HANDSHAKE_TRAFFIC_SECRET 2aad0c19a13b98d6b396018c7b3874e66d4c25f3ce7d889e4adf252b4d8b7e19 14152d2a6160f5ddc79210dbd7140777b00e4578b97d5a690d95004bfa01829d
SERVER_HANDSHAKE_TRAFFIC_SECRET 2aad0c19a13b98d6b396018c7b3874e66d4c25f3ce7d889e4adf252b4d8b7e19 911c0fd15737bfb785ba91140885023c831690165ff2314d96cee5270031685c
CLIENT_TRAFFIC_SECRET_0 2aad0c19a13b98d6b396018c7b3874e66d4c25f3ce7d889e4adf252b4d8b7e19 b5837e56e3a140b2a176e483872228b202f83b12f9b2f6172967fa2298a08713
SERVER_TRAFFIC_SECRET_0 2aad0c19a13b98d6b396018c7b3874e66d4c25f3ce7d889e4adf252b4d8b7e19 9daf9387b259dc690cf14143dcca1088fae99c2010363a3f070e7fd16c47967b
CLIENT_HANDSHAKE_TRAFFIC_SECRET 829381a2e69a2a764cebdcdb17f5b03fb3893536236c78adb4cdf772abbc8038 47da2e80a29bbc9a64675886fe7d41a780d54cc92f9417bb60d9bb744a664969
SERVER_HANDSHAKE_TRAFFIC_SECRET 829381a2e69a2a764cebdcdb17f5b03fb3893536236c78adb4cdf772abbc8038 6d25cade91d63ad6c540678e926761e77b6fe741d8dce844395669deef04d75a
CLIENT_TRAFFIC_SECRET_0 829381a2e69a2a764cebdcdb17f5b03fb3893536236c78adb4cdf772abbc8038 27025783f474fc01fcfca9258619fb78321aad9a0ae38e4615efef42c28787ac
SERVER_TRAFFIC_SECRET_0 829381a2e69a2a764cebdcdb17f5b03fb3893536236c78adb4cdf772abbc8038 b13930c5f33c6f993e4f4d0e6c566bcf1e74bdba63ea430dbbe0a47d9301ba5f
CLIENT_HANDSHAKE_TRAFFIC_SECRET 104c04d202698e2fee9f0b96eb412eb3257a776844935a2a317513259127f6d7 08d28406b58799ecb2324b88ef8f98fad398a40d8e5af415f45fd670461df373
SERVER_HANDSHAKE_TRAFFIC_SECRET 104c04d202698e2fee9f0b96eb412eb3257a776844935a2a317513259127f6d7 3d45c53e8315dd74f56166b771d9800b18cef1e7c399bfacafbaab0cd2d3f7fe
CLIENT_TRAFFIC_SECRET_0 104c04d202698e2fee9f0b96eb412eb3257a776844935a2a317513259127f6d7 b0ae77d67ba745544773560d82f4dddb4bbf5916f65cc60817df2ac0f4b66f1b
SERVER_TRAFFIC_SECRET_0 104c04d202698e2fee9f0b96eb412eb3257a776844935a2a317513259127f6d7 7f126d24b4fb57a399537746f5461f7cc11ade201f8dece2ebcb00ff4305acca
CLIENT_HANDSHAKE_TRAFFIC_SECRET f102ac12409c334c76d69eab1d64aa641d9f18b6a8f3568231d0906d7d892edb d98b29115839637061c927d3db83714a3b4a455302f4a82a31dd29f022a8e7b9
SERVER_HANDSHAKE_TRAFFIC_SECRET f102ac12409c334c76d69eab1d64aa641d9f18b6a8f3568231d0906d7d892edb 45fd734efd966a9e021f6b83421db2e80db0f89c2ab495e7a5011d5058ad5efe
CLIENT_TRAFFIC_SECRET_0 f102ac12409c334c76d69eab1d64aa641d9f18b6a8f3568231d0906d7d892edb 2cb00018e02cf7262da71ff0964655cfa700bf378ca112e9ee2dbd43682dbe36
SERVER_TRAFFIC_SECRET_0 f102ac12409c334c76d69eab1d64aa641d9f18b6a8f3568231d0906d7d892edb 1e658ceeece546548203163890db59e96feb6965c6aead1225df5dc1e9b685d1
CLIENT_HANDSHAKE_TRAFFIC_SECRET 60693b30c2128e1c35b798f83b7e5c1cb683ff74d619773e2269bcaeb174b6ac cf33b617258ec22082c673554df6787bfcb072399e46b2919dca8e3bbb962d7b
SERVER_HANDSHAKE_TRAFFIC_SECRET 60693b30c2128e1c35b798f83b7e5c1cb683ff74d619773e2269bcaeb174b6ac 0d97c5bf944e49202c0e1260b4ceb7fa2ab9a19ead42fa5eb23fe7ad2c6c8696
CLIENT_TRAFFIC_SECRET_0 60693b30c2128e1c35b798f83b7e5c1cb683ff74d619773e2269bcaeb174b6ac 1562d35cd98fd9e9bc860d160dd480adff01103e230f0d8206e7f7e27ca9570b
SERVER_TRAFFIC_SECRET_0 60693b30c2128e1c35b798f83b7e5c1cb683ff74d619773e2269bcaeb174b6ac 29eb6bd1bd36427336c246293deac11ad00e5cf3419150fc14326b0e9b372ad6
CLIENT_HANDSHAKE_TRAFFIC_SECRET 30836644cd4e64980ccc0103eb8a6c2878cd7e11f1cec8c9d4ce5d8e991b3ca2 e8f6cbace74976a0b9a9e1da190d97d0167a1a9b19e21c0ad23a6061191a3a3f
SERVER_HANDSHAKE_TRAFFIC_SECRET 30836644cd4e64980ccc0103eb8a6c2878cd7e11f1cec8c9d4ce5d8e991b3ca2 84f9ddc03e90e8f63139ca5012f9d238b80efff4d614d1e9a6b856e904cf88a9
CLIENT_TRAFFIC_SECRET_0 30836644cd4e64980ccc0103eb8a6c2878cd7e11f1cec8c9d4ce5d8e991b3ca2 c7ea9be2d11145d866dca8ab06c6da81a024575a7127ad5e059663fae2521b1e
SERVER_TRAFFIC_SECRET_0 30836644cd4e64980ccc0103eb8a6c2878cd7e11f1cec8c9d4ce5d8e991b3ca2 eaf7138310fa8ac83fb3ec7fdb85e76248251a1e9ed98baec0cf07c77b73ae4e
CLIENT_HANDSHAKE_TRAFFIC_SECRET d7cedefecc6410e4cf7a8d1150daa058fcda6af21f0543172c73f34fec1c62dc f499606fbf746965bd1fea323e8d552d7e1013b652ecb4832fd1bb25036a7402
SERVER_HANDSHAKE_TRAFFIC_SECRET d7cedefecc6410e4cf7a8d1150daa058fcda6af21f0543172c73f34fec1c62dc f9b2f766b758a7ef97fbc089ab351fea874490819a442e3b24e7f9a806dd5a33
CLIENT_TRAFFIC_SECRET_0 d7cedefecc6410e4cf7a8d1150daa058fcda6af21f0543172c73f34fec1c62dc 51f8a3aed01de4c8013f4c7344a369e2b63e811a9c0d435cc26a4111f12424b0
SERVER_TRAFFIC_SECRET_0 d7cedefecc6410e4cf7a8d1150daa058fcda6af21f0543172c73f34fec1c62dc ebaa696a794114c6bf74952f25d335930e7bf6733d90e7cd384db48a71585094
CLIENT_HANDSHAKE_TRAFFIC_SECRET 7487a69082cec6bb07eb6f20dda4b3cd53e0d677f0684dd5500fd200c0d4976c 3ac223cfb962c2908ec3d131c4a0d8fc90d49700a943ff155142450ff8bf2237
SERVER_HANDSHAKE_TRAFFIC_SECRET 7487a69082cec6bb07eb6f20dda4b3cd53e0d677f0684dd5500fd200c0d4976c 0ab8aac3f27dc7f9530a77517786c6dbd93474a0527b9441a961c0951f33f110
CLIENT_TRAFFIC_SECRET_0 7487a69082cec6bb07eb6f20dda4b3cd53e0d677f0684dd5500fd200c0d4976c dc32a4041e292aa213ca15800864b1f4d78398c6453dc8216de1f47758a0d9ec
SERVER_TRAFFIC_SECRET_0 7487a69082cec6bb07eb6f20dda4b3cd53e0d677f0684dd5500fd200c0d4976c 89a0d031da7363007b89637d840f37b05e29357fadb9834830c59bad4abf628b
CLIENT_HANDSHAKE_TRAFFIC_SECRET 17acdae8462fd68ef77241c6435195b0ccab29392604f083a3f111025ae40f46 9f907a770b6d745becc575c09f08ae9340be5c156384ebfd74c916cc1d02c1b9
SERVER_HANDSHAKE_TRAFFIC_SECRET 17acdae8462fd68ef77241c6435195b0ccab29392604f083a3f111025ae40f46 d7381aa9960455d00080bd67da83922845f5d5ae03b009c74e8b9c8bcbb6593f
CLIENT_TRAFFIC_SECRET_0 17acdae8462fd68ef77241c6435195b0ccab29392604f083a3f111025ae40f46 e75692a0602f42d5665d4dc822cfd60fdac0f8b490a1d8a774ac9c885a72b626
SERVER_TRAFFIC_SECRET_0 17acdae8462fd68ef77241c6435195b0ccab29392604f083a3f111025ae40f46 9cc573704960cdb6d9bc56ca047d3c410b5a65a9ebdb50dd0ea908ec0450ced0
CLIENT_HANDSHAKE_TRAFFIC_SECRET 111768fb236eb662dac49e7b170fae178d0365a6eb00cc001ab81942211eed49 e38440ec83ba825aa050beec0f9b4b93a46d9b03950526de555cc831e78e281a
SERVER_HANDSHAKE_TRAFFIC_SECRET 111768fb236eb662dac49e7b170fae178d0365a6eb00cc001ab81942211eed49 519a94f0b4412a1e89885a1ac9650bf7f6de11684be8dd0524e8cba9ee278ead
CLIENT_TRAFFIC_SECRET_0 111768fb236eb662dac49e7b170fae178d0365a6eb00cc001ab81942211eed49 791cde22d0bcbba318b72ce9a92877d737d17f9f9b2c7499398cbf0d602c1c29
SERVER_TRAFFIC_SECRET_0 111768fb236eb662dac49e7b170fae178d0365a6eb00cc001ab81942211eed49 846e5dea257ded26d158abaef778fe4bc7b9d2426b45ea3f4770cb9784a2749e
CLIENT_HANDSHAKE_TRAFFIC_SECRET a4d2ab7e084a9e9ed70331565008187ea88a13e8a6cbad681072e6340e881c62 c14ca56858ce8d2ba45c08591d7d9d9369da54d39f7a3b4694394f4b82b7a006
SERVER_HANDSHAKE_TRAFFIC_SECRET a4d2ab7e084a9e9ed70331565008187ea88a13e8a6cbad681072e6340e881c62 76fdfc444cb4f49136818a3bddde85442128c93e785b03e9d03a4f4b3ee4f843
CLIENT_TRAFFIC_SECRET_0 a4d2ab7e084a9e9ed70331565008187ea88a13e8a6cbad681072e6340e881c62 c42e608c2cf185e3a8d77a9a1f9e729dccc1abdbcfe501626fdcfc38dcc58b3d
SERVER_TRAFFIC_SECRET_0 a4d2ab7e084a9e9ed70331565008187ea88a13e8a6cbad681072e6340e881c62 086dbb6988ec7b391aa7048c57b76530d874325009bf97076cc77af2480c85f7
CLIENT_HANDSHAKE_TRAFFIC_SECRET 2802c78a11afe35182dcfee333cb29b1532f1ac002cfc4c4fa0b5995f2c5f44d b245325f4fd835fde829f56c9fd4b85518486b3262c61e6509fcf3d3266f9774
SERVER_HANDSHAKE_TRAFFIC_SECRET 2802c78a11afe35182dcfee333cb29b1532f1ac002cfc4c4fa0b5995f2c5f44d 3546bc6b51418adfad4c4f1472304cc9763fa51da6949637169f3f797a9d8aa6
CLIENT_TRAFFIC_SECRET_0 2802c78a11afe35182dcfee333cb29b1532f1ac002cfc4c4fa0b5995f2c5f44d 95451af2462f838a611dd5fe4c7e5f12e31e3de1ed7465d1fc46bdd4f43c1ce2
SERVER_TRAFFIC_SECRET_0 2802c78a11afe35182dcfee333cb29b1532f1ac002cfc4c4fa0b5995f2c5f44d 44f812f1abef8ca473cf20ed478a12f08683ef97c5090a5881633398ad110b5e
CLIENT_HANDSHAKE_TRAFFIC_SECRET 57a9bda12b1fed3a360ee14ebf831c8673571f05ddae865a497a5bae956ba2da 965b31cf807a979341ef2fa58f07b17c0dad82b5d1e42e7dcd8150bfc89f77f3
SERVER_HANDSHAKE_TRAFFIC_SECRET 57a9bda12b1fed3a360ee14ebf831c8673571f05ddae865a497a5bae956ba2da d49b85e1f715c6900e5155f211d9fd0d1c9d0db603273673a6ee39ddb0bc6fef
CLIENT_TRAFFIC_SECRET_0 57a9bda12b1fed3a360ee14ebf831c8673571f05ddae865a497a5bae956ba2da 63d5fe56da38af5c1f3ce006bae7f902e6b36b74fdf7ace85e66a3f9e4711bc2
SERVER_TRAFFIC_SECRET_0 57a9bda12b1fed3a360ee14ebf831c8673571f05ddae865a497a5bae956ba2da 7d91b5e22ca358cfb79be98ca9dad1626940ca2af5f04b7bb35bd4eb383d1e78
CLIENT_HANDSHAKE_TRAFFIC_SECRET d9162f5e80a62457bef9655ca0d9add38f87ca9a2b19c5fb08d1bb8e9d26d3d4 b7039276b1d1359de7d5e7fdfe1e69e33496546c4c7a9454045d3632fa3d94f4
SERVER_HANDSHAKE_TRAFFIC_SECRET d9162f5e80a62457bef9655ca0d9add38f87ca9a2b19c5fb08d1bb8e9d26d3d4 8256da642cafa1f87b6eae2cd7b468c40fd11b062248ebfd875b81474c04b5cc
CLIENT_TRAFFIC_SECRET_0 d9162f5e80a62457bef9655ca0d9add38f87ca9a2b19c5fb08d1bb8e9d26d3d4 82aa1cc4a4fbb466218f1dd4695ff7d0c51aa51a16350c2c63263c299c9b7b39
SERVER_TRAFFIC_SECRET_0 d9162f5e80a62457bef9655ca0d9add38f87ca9a2b19c5fb08d1bb8e9d26d3d4 51a2482fe35607c9765278dadb3a55c37c90047a0f2cf327af845895f237770e
CLIENT_HANDSHAKE_TRAFFIC_SECRET d5fce33845c4d0898377a4382191b2827c13b3935dcb6ac0814f1b4e63ae4357 3d58342225ce58d6eadcf149404e18587088bb756fea5c0316de3931edc027f9
SERVER_HANDSHAKE_TRAFFIC_SECRET d5fce33845c4d0898377a4382191b2827c13b3935dcb6ac0814f1b4e63ae4357 30b31d88aabd94594ef9c9b219358c451bef29acc70f7c515e8fafb4bbe31adc
CLIENT_TRAFFIC_SECRET_0 d5fce33845c4d0898377a4382191b2827c13b3935dcb6ac0814f1b4e63ae4357 88fae2e50027310c5cd11d84297f7bf174937812c7474d41012ea1e54c1685f0
SERVER_TRAFFIC_SECRET_0 d5fce33845c4d0898377a4382191b2827c13b3935dcb6ac0814f1b4e63ae4357 04f6294c0ec0962bf8d469d6d6f442d1aee9948edaaa057113a21a8ee2f5b0bf
CLIENT_HANDSHAKE_TRAFFIC_SECRET 588dced85c2e4f7f890fe0541b907b79c0bf0552c294c4db544ab0b509194583 024110565505506f9f4e33ed611c4f13a06c4df6fddf63900d8e461edc8c688b
SERVER_HANDSHAKE_TRAFFIC_SECRET 588dced85c2e4f7f890fe0541b907b79c0bf0552c294c4db544ab0b509194583 3b55bf8b9631223b424d2aba7d749a6f4dfd6aed9406d137060bfb4ed17c49d6
CLIENT_TRAFFIC_SECRET_0 588dced85c2e4f7f890fe0541b907b79c0bf0552c294c4db544ab0b509194583 5fd9e0490b081ee3acb84610fc0df7c5e54427b6f7199ff5e657a37ee2f821c1
SERVER_TRAFFIC_SECRET_0 588dced85c2e4f7f890fe0541b907b79c0bf0552c294c4db544ab0b509194583 b5b789b0aabaf59e63f597639d3c883ef755748f7a6b34af9aa9cd6086cc2b76
CLIENT_HANDSHAKE_TRAFFIC_SECRET 29252478846ed16802dc26b79cfae3b1311e5db57d080b4cd0f6b662bd522ba2 108834834041f562ed3f04992f1c1b0d73095782a854d790c09d56f53f101032
SERVER_HANDSHAKE_TRAFFIC_SECRET 29252478846ed16802dc26b79cfae3b1311e5db57d080b4cd0f6b662bd522ba2 86b1912d79de8f8c0400fe3100fd484f8743993e90fd67b0dcdc9627ef7a0ac5
CLIENT_TRAFFIC_SECRET_0 29252478846ed16802dc26b79cfae3b1311e5db57d080b4cd0f6b662bd522ba2 5b84642b96c0399a596561135a7db0a393d8ad055df236589c9033a1ca8e8053
SERVER_TRAFFIC_SECRET_0 29252478846ed16802dc26b79cfae3b1311e5db57d080b4cd0f6b662bd522ba2 1585a8df913d944379a082068856f479c1b6b720036c6966746baad70bc38631
CLIENT_HANDSHAKE_TRAFFIC_SECRET c9e2f6a851ce73e66d7d16d91a511d7a7c8d62de21472f72bb2ed2fdd2e9a5ac 180b95ebfb26243540b5b7207c6c888d9fb4a74114ced47f32e040a149b7ddb3
SERVER_HANDSHAKE_TRAFFIC_SECRET c9e2f6a851ce73e66d7d16d91a511d7a7c8d62de21472f72bb2ed2fdd2e9a5ac 15a764515c265434e9ee9d2de2317c5d0f62f31a441c8063b9c2c39cf74f38f6
CLIENT_TRAFFIC_SECRET_0 c9e2f6a851ce73e66d7d16d91a511d7a7c8d62de21472f72bb2ed2fdd2e9a5ac e25a30ec0e5139b02b8e0d07a5676c0675e334e5ca670f816408288626f423e9
SERVER_TRAFFIC_SECRET_0 c9e2f6a851ce73e66d7d16d91a511d7a7c8d62de21472f72bb2ed2fdd2e9a5ac 2ae01a6a256a1c8f31ecd8abfa703a52eb187ebe83811ec73a88ac3579175eb3
CLIENT_HANDSHAKE_TRAFFIC_SECRET c167a1ac998789c14497b42f229adf5a83030d12701dcb9f12023bd1e8bb4140 e979b761e09abb669c5627d8738fe4407363d79bdd5a97896c75fcc0eaa7e513
SERVER_HANDSHAKE_TRAFFIC_SECRET c167a1ac998789c14497b42f229adf5a83030d12701dcb9f12023bd1e8bb4140 6865b55f258a136ad4b46b12b112fe0ce20b85e2de14866151b0edecabf310ce
CLIENT_TRAFFIC_SECRET_0 c167a1ac998789c14497b42f229adf5a83030d12701dcb9f12023bd1e8bb4140 9e6b2c1df3248c4a0be0685cec89976a3fd725ac8cb13154a34e1347e1dbe316
SERVER_TRAFFIC_SECRET_0 c167a1ac998789c14497b42f229adf5a83030d12701dcb9f12023bd1e8bb4140 5611e1fe0b2cdbfef36ef2d355a721f97d55304c613863d0cd13445ba7a1e984
CLIENT_HANDSHAKE_TRAFFIC_SECRET 83a8cd4fb0331a13301ba1f841434043ec68999bf1fd4f2c08dd63d13e4c121c 5e877e61b7d6fd8d1d57882c1d491cf9dd075efaf9586d687afdc661d1e39a1e
SERVER_HANDSHAKE_TRAFFIC_SECRET 83a8cd4fb0331a13301ba1f841434043ec68999bf1fd4f2c08dd63d13e4c121c 66d343980caad81f3bddabe96c043088b42670ff1132683edf1b0573ca105c76
CLIENT_TRAFFIC_SECRET_0 83a8cd4fb0331a13301ba1f841434043ec68999bf1fd4f2c08dd63d13e4c121c 274900a186afd9a1870ad6423ef8228575da2bff5b49650d63d873753cca9ea9
SERVER_TRAFFIC_SECRET_0 83a8cd4fb0331a13301ba1f841434043ec68999bf1fd4f2c08dd63d13e4c121c 85bba72de7ebb2e0f08a67eecd7b5d4fd4a67730adb7daa13c867fa8574d850f
CLIENT_HANDSHAKE_TRAFFIC_SECRET 115db453e747c633964790a1973fe30cab0b11913a197a7c96a90b7747b240d8 7cc68a53fc2253953deb20bc7162e3ce5b7c0b2f9b2f257f0c895d8bdf6d951a
SERVER_HANDSHAKE_TRAFFIC_SECRET 115db453e747c633964790a1973fe30cab0b11913a197a7c96a90b7747b240d8 bd087ad10349f855efc12c880a77261fa016d2a4ac136c57a795ae369a4aa271
CLIENT_TRAFFIC_SECRET_0 115db453e747c633964790a1973fe30cab0b11913a197a7c96a90b7747b240d8 a06aace8f45cc5ef57362cdedf0f62aa1e9a3a6622eb66d36343320644cab662
SERVER_TRAFFIC_SECRET_0 115db453e747c633964790a1973fe30cab0b11913a197a7c96a90b7747b240d8 5637ff8a090414b792f48f9f03c2d9b698f30afb68e5909cf6881dd982e52034
CLIENT_HANDSHAKE_TRAFFIC_SECRET f701c86d0492099a17452d332c5f88208abc69870f4e2723b49d2493497d94ee 322b62dd4936f782f13d7efa81cbf5d4bac8c2cb1135c7b7bdddea2bdabe7b24
SERVER_HANDSHAKE_TRAFFIC_SECRET f701c86d0492099a17452d332c5f88208abc69870f4e2723b49d2493497d94ee 0dccd27c67a7ccc756b6a359f0567a3fb24b1d68fea0f32305d7c06362a42d7a
CLIENT_TRAFFIC_SECRET_0 f701c86d0492099a17452d332c5f88208abc69870f4e2723b49d2493497d94ee 6c41d150caf6fb35821dab20b2ee0bbadfdb4f9cb9754eb35fc04809dd1afd29
SERVER_TRAFFIC_SECRET_0 f701c86d0492099a17452d332c5f88208abc69870f4e2723b49d2493497d94ee 8d9ffd8c7fb90c218723110b54958807f60a11d657b83fb99c9613b462e18905
CLIENT_HANDSHAKE_TRAFFIC_SECRET 9716ec5bf59c660bc6d738acc1ec69abb035c282483ff3951976f358484af31b 572e176b14b6d9a9df4dbfa9edeff699596b89364fb6871e5cb8c58f39c69273
SERVER_HANDSHAKE_TRAFFIC_SECRET 9716ec5bf59c660bc6d738acc1ec69abb035c282483ff3951976f358484af31b d2f237ab8bd963f943734ca04ae3402b920739341438179bbe360dd88b2866ca
CLIENT_TRAFFIC_SECRET_0 9716ec5bf59c660bc6d738acc1ec69abb035c282483ff3951976f358484af31b 93070752eba647de23d05a71ce80adb25d078ab708afaec2f7977d5014533df5
SERVER_TRAFFIC_SECRET_0 9716ec5bf59c660bc6d738acc1ec69abb035c282483ff3951976f358484af31b f93e3cd2c155654330e7b66af7a1183cda1d4b99040fd0780594632899f6dc86
CLIENT_HANDSHAKE_TRAFFIC_SECRET 77eada1b6f23506869106cfe63e5202073bdb4cf1d631abf7d6f6b2d6dcb9d19 0ee92932023967fa8fa6128ebeef5d4c3511910617ad306cb77acdbce58b5396
SERVER_HANDSHAKE_TRAFFIC_SECRET 77eada1b6f23506869106cfe63e5202073bdb4cf1d631abf7d6f6b2d6dcb9d19 3887703486c681d5d05212140b8c5572e7a173f15b840e70fe42111e04ed2717
CLIENT_TRAFFIC_SECRET_0 77eada1b6f23506869106cfe63e5202073bdb4cf1d631abf7d6f6b2d6dcb9d19 c79c223c580701d9bfafd7e9a8f2e110bb0e3eabcbee509f5e444ccbbae3600c
SERVER_TRAFFIC_SECRET_0 77eada1b6f23506869106cfe63e5202073bdb4cf1d631abf7d6f6b2d6dcb9d19 cc62fe010e6cd32a1aae1333795e2a8cec25a5db89d8c4bf70ac2ea49bf0790c
CLIENT_HANDSHAKE_TRAFFIC_SECRET 854b8601b543751848f212d38e9df383cc665486e0272315f23f031e300f276b 0a8812874ee468fa133d58e2f96b43240324b30b077ca9ac00ca9ee33e787769
SERVER_HANDSHAKE_TRAFFIC_SECRET 854b8601b543751848f212d38e9df383cc665486e0272315f23f031e300f276b e0efcc445ce1a4aa20cd8feb867496bf7ad86ead26f94d16f29f23815b92bc8f
CLIENT_TRAFFIC_SECRET_0 854b8601b543751848f212d38e9df383cc665486e0272315f23f031e300f276b 00bd130c6dcb47a55a47573f2300c5f086931f41572b9f2ffa6cc8327be59aa6
SERVER_TRAFFIC_SECRET_0 854b8601b543751848f212d38e9df383cc665486e0272315f23f031e300f276b 57fd3eb9e506ce369c1f7d32d36c8bcccff85935e008d56f151b673b6f93f718
CLIENT_HANDSHAKE_TRAFFIC_SECRET d4163b15c8cf853986beb23ecad12a554ecc7419faa014eabd908039dab24eac 3c8e1eefd5d769ffa3d346e6f8c897d54cdab0076e3efd7afe69853330eec29c
SERVER_HANDSHAKE_TRAFFIC_SECRET d4163b15c8cf853986beb23ecad12a554ecc7419faa014eabd908039dab24eac 963a57b8a4831056a09157f62c5586a13210253e78d9a97731042031bbec13a0
CLIENT_TRAFFIC_SECRET_0 d4163b15c8cf853986beb23ecad12a554ecc7419faa014eabd908039dab24eac 5d84e7923e95a6d86a2e642465e7e416e19f6b5aef69f819d2ded0a99837c114
SERVER_TRAFFIC_SECRET_0 d4163b15c8cf853986beb23ecad12a554ecc7419faa014eabd908039dab24eac d1a48b8e4aa2c2c660ecff15e25d2b78ec6218e40e80d989892b867b0a1d61f7
CLIENT_HANDSHAKE_TRAFFIC_SECRET 38bb079905f52a5e4e39193ececeb347936b660b83df30abbd5bbf8a39a6fe86 97783ddb7276d6ebf811dbf142422e8f47eb515b1ae768cf24b66b1c751e1aaa
SERVER_HANDSHAKE_TRAFFIC_SECRET 38bb079905f52a5e4e39193ececeb347936b660b83df30abbd5bbf8a39a6fe86 5df2abbd2e6ddb675ee21a917dcca1e05cea0ede57aa9531752f52fad9602ae4
CLIENT_TRAFFIC_SECRET_0 38bb079905f52a5e4e39193ececeb347936b660b83df30abbd5bbf8a39a6fe86 6607f962bccb5ea866626c2f9715855cbeaf69ef36c8141cc6c4d66dd8328b80
SERVER_TRAFFIC_SECRET_0 38bb079905f52a5e4e39193ececeb347936b660b83df30abbd5bbf8a39a6fe86 ad4c1e8373a9ad0e548697fe66b33d39f2bda3e3adf8f42e2e70445f628658f3
CLIENT_HANDSHAKE_TRAFFIC_SECRET 0d2096d30805ecac9bc54c3bc88c22c3f5cbffe9c717fccbabea3be82a3fd5ef 5c24bdef4e59c479cf6153fddd42dbe2ae768cb0f3d725fa5c7d69ec458d599a
SERVER_HANDSHAKE_TRAFFIC_SECRET 0d2096d30805ecac9bc54c3bc88c22c3f5cbffe9c717fccbabea3be82a3fd5ef 70856f6e41ef1dcc58c6e8e924b471bd1720198bd27c1b117b706822b1332cc3
CLIENT_TRAFFIC_SECRET_0 0d2096d30805ecac9bc54c3bc88c22c3f5cbffe9c717fccbabea3be82a3fd5ef b5126240db1a30c2567bf5f305305605d074b5b64a81635525f3b29035657b29
SERVER_TRAFFIC_SECRET_0 0d2096d30805ecac9bc54c3bc88c22c3f5cbffe9c717fccbabea3be82a3fd5ef ed382206be51e6a3bd000192b8f46a6e7566ffa7dee4e90cfc7fe1ea300b615f
CLIENT_HANDSHAKE_TRAFFIC_SECRET cb042d74f82bcad3430503e224626d26e860acdeddaee9c146f1ee71c2721ea5 ef97a3fa85dbd6fe69168f6547c0c4860bb0db2fe638fa0b7984bb57b77e8374
SERVER_HANDSHAKE_TRAFFIC_SECRET cb042d74f82bcad3430503e224626d26e860acdeddaee9c146f1ee71c2721ea5 04f1837d389c5f6d3f3c1ba37c23a686cee534bb5992b054d88f8d1a474e1565
CLIENT_TRAFFIC_SECRET_0 cb042d74f82bcad3430503e224626d26e860acdeddaee9c146f1ee71c2721ea5 0113f4fcad484f853c736c563ba204246f49b9e2f275f2cdf5147a346820f658
SERVER_TRAFFIC_SECRET_0 cb042d74f82bcad3430503e224626d26e860acdeddaee9c146f1ee71c2721ea5 c98f74c8b1d94c8dfc3b7ffed7b731d4e95db5f9b3accbd9deadba3c5c76c0a8
CLIENT_HANDSHAKE_TRAFFIC_SECRET c2d30a50937b5f23f5c6a76f48fca76226a7d26163bc93ed1fb1fe39b16f691d b46929107b0e96c3bd1524f269e85031ef49946e860066f4086ee0b4fb9af5e9
SERVER_HANDSHAKE_TRAFFIC_SECRET c2d30a50937b5f23f5c6a76f48fca76226a7d26163bc93ed1fb1fe39b16f691d 437ebfe2d474e566bd9e1d4a40ac159d617430cec2064bc1d7d4b4087a26f95a
CLIENT_TRAFFIC_SECRET_0 c2d30a50937b5f23f5c6a76f48fca76226a7d26163bc93ed1fb1fe39b16f691d 7e507c7d47932e96798b0b5070be6f7da55f35afb035988c2e8120df8ee9feec
SERVER_TRAFFIC_SECRET_0 c2d30a50937b5f23f5c6a76f48fca76226a7d26163bc93ed1fb1fe39b16f691d 1b8828992e33c5103cae3d8aff609af4dfdc1f902f08815c0154a7883a82848d
CLIENT_HANDSHAKE_TRAFFIC_SECRET d9009ad368b710bfd4ca9686a0f0abfc888b12683d2da59572e8c16cc098663a 3133187c6200ef39180c604cd897b53459151a8ef642ac4e8216310fab244c5e
SERVER_HANDSHAKE_TRAFFIC_SECRET d9009ad368b710bfd4ca9686a0f0abfc888b12683d2da59572e8c16cc098663a 41fb5282e332e2882eccff209907b413f8773e5ccefe3b9a918557b37fb822d8
CLIENT_TRAFFIC_SECRET_0 d9009ad368b710bfd4ca9686a0f0abfc888b12683d2da59572e8c16cc098663a f232613ef716d4e4e096b4e6e9cf928b867f718d825ceeafa3153032484606a0
SERVER_TRAFFIC_SECRET_0 d9009ad368b710bfd4ca9686a0f0abfc888b12683d2da59572e8c16cc098663a 01894a1036b1b427e9a5c480cd81cc2a4266c9e96f86f696e97bcea1af6eb36b
CLIENT_HANDSHAKE_TRAFFIC_SECRET 5c24cdddf5cde5dead6c4631679785cc0351d4d913f6d057e3852d2dbe026caf 92c00a26e028a8dca2c3607dda08a1468511db8e427b0700efca437dc29a3c0e
SERVER_HANDSHAKE_TRAFFIC_SECRET 5c24cdddf5cde5dead6c4631679785cc0351d4d913f6d057e3852d2dbe026caf c7ac457bb9546d50bf2636548c23de439dd8d53502799ffc172360df69ed9c21
CLIENT_TRAFFIC_SECRET_0 5c24cdddf5cde5dead6c4631679785cc0351d4d913f6d057e3852d2dbe026caf 5784fdc1a7614b4ee6ac9091e87cc782ea4b6ba3c3a72d9abd2b6449d72d3afc
SERVER_TRAFFIC_SECRET_0 5c24cdddf5cde5dead6c4631679785cc0351d4d913f6d057e3852d2dbe026caf 5f6a28054f26d50fa98d4b3728e9fec9e12c04136840a979ba26121cc2942d5a
CLIENT_HANDSHAKE_TRAFFIC_SECRET d74d117be7cfd3d310a3642649ee9c8dd5fefe3897ca56917929c7b5266f32a9 70bc7df48212816ef1dba436642db383920e1b39b72904d331e86c30141509e2
SERVER_HANDSHAKE_TRAFFIC_SECRET d74d117be7cfd3d310a3642649ee9c8dd5fefe3897ca56917929c7b5266f32a9 e9c6537052b2e99366432d1d49f01aa5a7e632978a4bede50a9a784ac7e5ed4e
CLIENT_TRAFFIC_SECRET_0 d74d117be7cfd3d310a3642649ee9c8dd5fefe3897ca56917929c7b5266f32a9 55121ffb18166692c1d1299e2af187ce964561f892c62061097e817ba54934a1
SERVER_TRAFFIC_SECRET_0 d74d117be7cfd3d310a3642649ee9c8dd5fefe3897ca56917929c7b5266f32a9 3f40acb105335c6a47db67002c8c26158b0fa86df60473a638c11b11f8e6dae6
CLIENT_HANDSHAKE_TRAFFIC_SECRET 27f449b05c64aa062178ea7da7d5476724240ba9107bde69c4d8d8bb5fec4045 19aed7d48e506dee92d22e57d91002ceb73f49ec7b45f1f978036d89c2c5eb4d
SERVER_HANDSHAKE_TRAFFIC_SECRET 27f449b05c64aa062178ea7da7d5476724240ba9107bde69c4d8d8bb5fec4045 7ef115dd37a888ced2308160f6b40b735789b9f2258ed2f20f5bad29349d5b1f
CLIENT_TRAFFIC_SECRET_0 27f449b05c64aa062178ea7da7d5476724240ba9107bde69c4d8d8bb5fec4045 3a6d3fac2748fc0a44a2f5c7814acd5e712b2a665b3c3a82be0db1242fa7f89b
SERVER_TRAFFIC_SECRET_0 27f449b05c64aa062178ea7da7d5476724240ba9107bde69c4d8d8bb5fec4045 934d0732176688794b3f5b126710bd39cf57ce728e4abdff0418773263617593
CLIENT_HANDSHAKE_TRAFFIC_SECRET 3f3da8b54ea18dc1c87107c717d49865bc57b5f025dd28eb09ac86dda0ff5a42 58afee37c87483cd29914dfe8d077d03873716ba5903b5c912cf5a776d2c1f4a
SERVER_HANDSHAKE_TRAFFIC_SECRET 3f3da8b54ea18dc1c87107c717d49865bc57b5f025dd28eb09ac86dda0ff5a42 88895a5e9dc3fb280bd45842c403ce1ff7ef60c0678ea9fc1302f666c8020027
CLIENT_TRAFFIC_SECRET_0 3f3da8b54ea18dc1c87107c717d49865bc57b5f025dd28eb09ac86dda0ff5a42 45bbed38c4b599511d4bd08786024e9c07eca9b6b6def2d5c5d4f80f2b002678
SERVER_TRAFFIC_SECRET_0 3f3da8b54ea18dc1c87107c717d49865bc57b5f025dd28eb09ac86dda0ff5a42 c77fae7120ace7848f9177ebdb6f42ce68223215cff6bd4b59ead61375b55bfa
CLIENT_HANDSHAKE_TRAFFIC_SECRET 3f38c4689106de23169afac144771c60ba82f46b3667414e7b7bb75c8d3e98e2 8aea5991afa6df25e21e53e40708db01c1c623f64db48d3fbd62523436ca0666
SERVER_HANDSHAKE_TRAFFIC_SECRET 3f38c4689106de23169afac144771c60ba82f46b3667414e7b7bb75c8d3e98e2 085917b43688df33399bbfaac507fa532e338c11965dd19f38b5ba6d3aa43435
CLIENT_TRAFFIC_SECRET_0 3f38c4689106de23169afac144771c60ba82f46b3667414e7b7bb75c8d3e98e2 0fe7cfe4e876b321262c8765608ec4cfca256801871e1dffbfca98fe63ec7de2
SERVER_TRAFFIC_SECRET_0 3f38c4689106de23169afac144771c60ba82f46b3667414e7b7bb75c8d3e98e2 dc57053a62b3ea08c2de2737a8bb3099cb3437f533d8e864c61a6f2f07b674d9
CLIENT_HANDSHAKE_TRAFFIC_SECRET 14510b4c26d65a116efafab6cbe9d1dac807a577e1860d98f909ba2aa70bd5c4 fcec33a39c773d1e7ab9b8d0cf754f5ebf95121d49dba41ef97d5992dcebec4b
SERVER_HANDSHAKE_TRAFFIC_SECRET 14510b4c26d65a116efafab6cbe9d1dac807a577e1860d98f909ba2aa70bd5c4 f349e9d2cf89de62b8edb6a0aff873f4ce8ef7fe91692d7eb12dd01ace43aa23
CLIENT_TRAFFIC_SECRET_0 14510b4c26d65a116efafab6cbe9d1dac807a577e1860d98f909ba2aa70bd5c4 a333f9e62523361ee112a3cdfdd503feead3c00603004ff346df5a0586b7245c
SERVER_TRAFFIC_SECRET_0 14510b4c26d65a116efafab6cbe9d1dac807a577e1860d98f909ba2aa70bd5c4 0154d238f04667233d5b6cb0b142ec796a36e389f10534b2458b743de9435484
CLIENT_HANDSHAKE_TRAFFIC_SECRET 7fe8e6f3253018f77ddea9d896d5d87b727cb465e762a9bde86d3ace2f60fe49 e7a7b572077571bed9e7cd9f5d0f74d795e3bd6795a2c0385e60f5948672b3ce
SERVER_HANDSHAKE_TRAFFIC_SECRET 7fe8e6f3253018f77ddea9d896d5d87b727cb465e762a9bde86d3ace2f60fe49 bd878519b1d1ca486f388e3ee90a1f5a9e1fd04c35c80ec22aea6f8c7c113035
CLIENT_TRAFFIC_SECRET_0 7fe8e6f3253018f77ddea9d896d5d87b727cb465e762a9bde86d3ace2f60fe49 471b342eff3004189cca7f3c75af998a4c3592e7c12155e3d37478172dd58712
SERVER_TRAFFIC_SECRET_0 7fe8e6f3253018f77ddea9d896d5d87b727cb465e762a9bde86d3ace2f60fe49 6a35422f6e3b04fbfef25bfa59e600e2dcdc04dcf4c14c701aa46fa0ca3b0c9a
CLIENT_HANDSHAKE_TRAFFIC_SECRET eaeed73cbeb9c0cfd73516b33298bdd3bd517214af6932020b6abdc1c0fafbf2 32759acbd56cd71d321e997f6484ffc4116f80067f488af42728a4aef0f9fd88
SERVER_HANDSHAKE_TRAFFIC_SECRET eaeed73cbeb9c0cfd73516b33298bdd3bd517214af6932020b6abdc1c0fafbf2 e3f9330aa8df7bb54739d61dbe220d3f325ba34cea47c2a2738182a62792a6da
CLIENT_TRAFFIC_SECRET_0 eaeed73cbeb9c0cfd73516b33298bdd3bd517214af6932020b6abdc1c0fafbf2 c3ab14a4a1f54e555d3066f27987c770f2e2572449b44a184e3e827f44770432
SERVER_TRAFFIC_SECRET_0 eaeed73cbeb9c0cfd73516b33298bdd3bd517214af6932020b6abdc1c0fafbf2 299c386be421e4d22e67f229fe3b534a7ba75d882cf54992f8ee8a48b1421c5a
CLIENT_HANDSHAKE_TRAFFIC_SECRET 8f412826b9fc9251ea06f532a0be99d9f662aada0f3abaa46037bbf3ba2ed5de 9484acad2c693aa681ab7aebcd1257f6c4422fff3d574e60700659d59f0b7083
SERVER_HANDSHAKE_TRAFFIC_SECRET 8f412826b9fc9251ea06f532a0be99d9f662aada0f3abaa46037bbf3ba2ed5de 307063673eb735352bd4bac06477555551fffc98d8c4bf594b668ba5162adde0
CLIENT_TRAFFIC_SECRET_0 8f412826b9fc9251ea06f532a0be99d9f662aada0f3abaa46037bbf3ba2ed5de de7b7feecee6dd9eb01f29b99e057640341535cd0771a9720adeb11c3420e66d
SERVER_TRAFFIC_SECRET_0 8f412826b9fc9251ea06f532a0be99d9f662aada0f3abaa46037bbf3ba2ed5de 103abbdf06e9b74ee736a0d0ebab4bbca7b1533db757cb84e2990ec88e6368ae
CLIENT_HANDSHAKE_TRAFFIC_SECRET bcbfde1b61c990dd9e1e70a94b4176f92751d41694c4ace31f5bedb51e1c05c2 02b238061784a9eed37b887b838101a498e090bffa58646e1f2d94f821fd32d0
SERVER_HANDSHAKE_TRAFFIC_SECRET bcbfde1b61c990dd9e1e70a94b4176f92751d41694c4ace31f5bedb51e1c05c2 8a6bfd5e31fdba778a9208cf0d083959bfd2064417f0f3d364e5ed716d2921a3
CLIENT_TRAFFIC_SECRET_0 bcbfde1b61c990dd9e1e70a94b4176f92751d41694c4ace31f5bedb51e1c05c2 8d0e8f0fa6e2f9f5891f145f857385554e48c5b99dc64c6a55ac9ae2233b8633
SERVER_TRAFFIC_SECRET_0 bcbfde1b61c990dd9e1e70a94b4176f92751d41694c4ace31f5bedb51e1c05c2 e35fd31eaf19edb2f7304c8af8a455a81718c1ba17d7e5ea92b22bf35165d52b
CLIENT_HANDSHAKE_TRAFFIC_SECRET 204905a38faa0cecbcf938eecfd1dc165b0ecb7ccd1ae4be058aee79681c669b 5372a83617b18999e301e5090a7bccd75b7d18dda028b57b905a9c87f04b70de
SERVER_HANDSHAKE_TRAFFIC_SECRET 204905a38faa0cecbcf938eecfd1dc165b0ecb7ccd1ae4be058aee79681c669b e02d0bbec9e7e8616fa56e05592693fc49a07434a8a6b504b54b5643187392ff
CLIENT_TRAFFIC_SECRET_0 204905a38faa0cecbcf938eecfd1dc165b0ecb7ccd1ae4be058aee79681c669b cbb56df61e597db882060c906383b663ed6145d33fdf28f21da0fa65626522c8
SERVER_TRAFFIC_SECRET_0 204905a38faa0cecbcf938eecfd1dc165b0ecb7ccd1ae4be058aee79681c669b 971200f421f495a53523a1473bb1d02548ff711131ef5ffd432fe6aac365dcb9
CLIENT_HANDSHAKE_TRAFFIC_SECRET b523e5af144665c2bc77e6d7168c722f07d08848cfdb9cc9cf338bae9d7ab802 fef39bfc2fa6ab7becff1f55567b5e9dba1ebb3b2c54cbcf34dda2aa6f8012e1
SERVER_HANDSHAKE_TRAFFIC_SECRET b523e5af144665c2bc77e6d7168c722f07d08848cfdb9cc9cf338bae9d7ab802 aff54f7aef727b1f2d9299a471d6da8d3fe1b356f1d2d615717108751fdce4f9
CLIENT_TRAFFIC_SECRET_0 b523e5af144665c2bc77e6d7168c722f07d08848cfdb9cc9cf338bae9d7ab802 1908e6129b283a9bd4695f62552b90858bd5fd0a0e75f49a861798821a7708a7
SERVER_TRAFFIC_SECRET_0 b523e5af144665c2bc77e6d7168c722f07d08848cfdb9cc9cf338bae9d7ab802 be900a946a1205302990fb5b4b7f545d971debc7ddc62854e2703e96cec81657
CLIENT_HANDSHAKE_TRAFFIC_SECRET cc6f6b25470ddcc591a2ff7eb5accd678fddbb5a6eb76782366f11c409da6a17 9f421aafee002721762b8f88160e83be948adbe690ca6470a052da4706d66690
SERVER_HANDSHAKE_TRAFFIC_SECRET cc6f6b25470ddcc591a2ff7eb5accd678fddbb5a6eb76782366f11c409da6a17 2c3f59f3a6bacc39a7e74d87a09ccdc09adf7256ff80abcfc0e89f2348152bb5
CLIENT_TRAFFIC_SECRET_0 cc6f6b25470ddcc591a2ff7eb5accd678fddbb5a6eb76782366f11c409da6a17 f79ede852c22248828b93a4c72ee184b11ae7650b07296658eb2ce733a3dc567
SERVER_TRAFFIC_SECRET_0 cc6f6b25470ddcc591a2ff7eb5accd678fddbb5a6eb76782366f11c409da6a17 98a549d29ecef05009945f23cec8e73ea0ccbd26531e80c05ec9fa74d8763c52
CLIENT_HANDSHAKE_TRAFFIC_SECRET 8c058c53d0c84ec1cbd5a7a5b0962121937c94e3b5dc35fcacfab411a2b1e61f 0e24cf554ff6dc019f205e3bf861816c6a6f568844d678c844967297917eecf2
SERVER_HANDSHAKE_TRAFFIC_SECRET 8c058c53d0c84ec1cbd5a7a5b0962121937c94e3b5dc35fcacfab411a2b1e61f db4834a7a5edc543d15538506e25adc0eb6da8e5d4a10b66a8b93b4dc6d3c91e
CLIENT_TRAFFIC_SECRET_0 8c058c53d0c84ec1cbd5a7a5b0962121937c94e3b5dc35fcacfab411a2b1e61f 61f0b0bb1e669cdcc0170b5cd69b835cfb99d623e04b3fbf37ec6716e83024a2
SERVER_TRAFFIC_SECRET_0 8c058c53d0c84ec1cbd5a7a5b0962121937c94e3b5dc35fcacfab411a2b1e61f c1d7f87e00d584336c9cd4b7c05a4b51e1c2f3a5780981b9c3e0692b5d056e24
CLIENT_HANDSHAKE_TRAFFIC_SECRET 083e155ac92b62abda19857939f19f1ff98b5893a7ee1dfcf25a67a859ae6d23 35e8d722c58d672f4b9e809a6315690ad9fe42d8d73f9a36a1b6fa5026d917b3
SERVER_HANDSHAKE_TRAFFIC_SECRET 083e155ac92b62abda19857939f19f1ff98b5893a7ee1dfcf25a67a859ae6d23 e7f29e9237cf6d0c3730cfe470b0a543c96486aa118f294b9b0df026a4700500
CLIENT_TRAFFIC_SECRET_0 083e155ac92b62abda19857939f19f1ff98b5893a7ee1dfcf25a67a859ae6d23 4dfbb4ab863a9e494c261c47db1d5d2232ae2a3c142b2440715fe20afc65a281
SERVER_TRAFFIC_SECRET_0 083e155ac92b62abda19857939f19f1ff98b5893a7ee1dfcf25a67a859ae6d23 2232a0bd68434f58bf86be70dc1e33aeeef180b2d3e8001c17a6817031468035
CLIENT_HANDSHAKE_TRAFFIC_SECRET 53182e3a5b9b45ae01903c172aa4baa018118e6966ca99c584145fc7c940a906 74c943d616328ef3bf62669a67ab29a2af398dda7721bc861d55d82245c5aa89
SERVER_HANDSHAKE_TRAFFIC_SECRET 53182e3a5b9b45ae01903c172aa4baa018118e6966ca99c584145fc7c940a906 e62308a24ba1ea332e2d748088f65fbfc0aa39d5b2847e052f39b9003d45eb3f
CLIENT_TRAFFIC_SECRET_0 53182e3a5b9b45ae01903c172aa4baa018118e6966ca99c584145fc7c940a906 246ec0042faf14b25111483b9d68b4b877adbb2d3d929734994e11b7a61ae435
SERVER_TRAFFIC_SECRET_0 53182e3a5b9b45ae01903c172aa4baa018118e6966ca99c584145fc7c940a906 f4cbdba5f391be88d9a57d311aba7c3405ec012d6603112245c96a2f43f42adc
CLIENT_HANDSHAKE_TRAFFIC_SECRET 0d2aa454094c464d9477f256425415e5d6740c722fe0b200cbd8a5bc66d820fd 43d96509cc3df8e8c4bc0b1e0f862da161e42d2cab93d73b19155b34f297d3c1
SERVER_HANDSHAKE_TRAFFIC_SECRET 0d2aa454094c464d9477f256425415e5d6740c722fe0b200cbd8a5bc66d820fd 28666ae56be3caa589ee8b192cbb4ccd0ba6f5ee4eaee488591bef6d37a11439
CLIENT_TRAFFIC_SECRET_0 0d2aa454094c464d9477f256425415e5d6740c722fe0b200cbd8a5bc66d820fd fc1dcd123cc991cc0a9956d532cf4e63c49afd7a9afbcfbe1bfaaf3956af0641
SERVER_TRAFFIC_SECRET_0 0d2aa454094c464d9477f256425415e5d6740c722fe0b200cbd8a5bc66d820fd 9a63788d4768f5f7fe9e14116779626e36bc1516818d445a87cf96caa16b5ec8
CLIENT_HANDSHAKE_TRAFFIC_SECRET 2ba9a34beac0f52ad0051eff2e4f0430067b47e045bea570bf632f2f616698ac d48a5637749f2a7f473d403d89d0fb6ea17379805ccf3e4061b65c01d775e57c
SERVER_HANDSHAKE_TRAFFIC_SECRET 2ba9a34beac0f52ad0051eff2e4f0430067b47e045bea570bf632f2f616698ac 16074ba1c395300b321e7df61588843e3ac1cabd753215664f8a44560e0a0806
CLIENT_TRAFFIC_SECRET_0 2ba9a34beac0f52ad0051eff2e4f0430067b47e045bea570bf632f2f616698ac 0d6e9007ebc9097e2a7afb8c586ea06721440c38f898e4e6c5e55b4f174f3770
SERVER_TRAFFIC_SECRET_0 2ba9a34beac0f52ad0051eff2e4f0430067b47e045bea570bf632f2f616698ac 446599e4ca7acdfd9134f480c1087f4c7e9582623b0c6c91877c8365d3bf33d2
CLIENT_HANDSHAKE_TRAFFIC_SECRET 4600d66ba29b4c128e504196deae719a6eee205c92d88a1ba705c401e99e617e 2283a6d45b5b3a41c9d2817c4d4a2dab41da39bbbf48baeec39f6814fad9dd27
SERVER_HANDSHAKE_TRAFFIC_SECRET 4600d66ba29b4c128e504196deae719a6eee205c92d88a1ba705c401e99e617e 162aae378c00671f12d09e98873e4e80a0f3256f43308e35ce64b9db1a4e2fd5
CLIENT_TRAFFIC_SECRET_0 4600d66ba29b4c128e504196deae719a6eee205c92d88a1ba705c401e99e617e 21d0f717bd64119c42f38b56c3571c3c6f7bfb8232c1a1bdcb2af4d3cff7ec5c
SERVER_TRAFFIC_SECRET_0 4600d66ba29b4c128e504196deae719a6eee205c92d88a1ba705c401e99e617e d6aaa784f203ab23526338a2430b249d55f78e54fc84d2e0ef4167438a857446
CLIENT_HANDSHAKE_TRAFFIC_SECRET 59a8e751649ed832606827657d95721bc8488bbbc5f5bd2305f67c95dc229310 4f453a217816d07e55816a786bc5dc30529b90b25447ab73c84a2eb6cb89f8cd
SERVER_HANDSHAKE_TRAFFIC_SECRET 59a8e751649ed832606827657d95721bc8488bbbc5f5bd2305f67c95dc229310 4a6cdb5256706df7028d7590859095e263341af1600c411d7c0ca521f810a3b2
CLIENT_TRAFFIC_SECRET_0 59a8e751649ed832606827657d95721bc8488bbbc5f5bd2305f67c95dc229310 85d4e09e1034e2625b90534119c8bcce86144d807c726e941ef6d3c59e650a74
SERVER_TRAFFIC_SECRET_0 59a8e751649ed832606827657d95721bc8488bbbc5f5bd2305f67c95dc229310 869ab9a49040843918da61ac4adddb88262d5222c45d151f02dd8e6677a700ae
CLIENT_HANDSHAKE_TRAFFIC_SECRET ec3498bbc3e0e6a8665980f736721615de55893309bf11983e8129f6fb922997 fdd0cf2e51ada2aa368cb6b9b8aa26b2fdd51f55184652f68a60193b1d65ac2a
SERVER_HANDSHAKE_TRAFFIC_SECRET ec3498bbc3e0e6a8665980f736721615de55893309bf11983e8129f6fb922997 b3281be64663dddc9d997a74f5bd381c48c78a1744327f4fa17138079579ab79
CLIENT_TRAFFIC_SECRET_0 ec3498bbc3e0e6a8665980f736721615de55893309bf11983e8129f6fb922997 492f4ef99d719554b4d3a895fc4ee6b31c4bb4b69830f67b8a2cd73be20bfce0
SERVER_TRAFFIC_SECRET_0 ec3498bbc3e0e6a8665980f736721615de55893309bf11983e8129f6fb922997 f1e2bede0330c262f73dd5b0140130bc0facb921b4082718631282d18b1e3e27
CLIENT_HANDSHAKE_TRAFFIC_SECRET 98aceb7335215cf4d7ae5b16e1384e7e4305edbd7bcdaf2bbc2c1c778e5d5119 b25191efe144a76f847fa6023b5637174c50f30220e37f246f38d8aefb57475b
SERVER_HANDSHAKE_TRAFFIC_SECRET 98aceb7335215cf4d7ae5b16e1384e7e4305edbd7bcdaf2bbc2c1c778e5d5119 c76f9abe910bd685768213c6181923fa77d196ef6ea82fd2907db8639133eee8
CLIENT_TRAFFIC_SECRET_0 98aceb7335215cf4d7ae5b16e1384e7e4305edbd7bcdaf2bbc2c1c778e5d5119 d1f037295bce2c513f10aaa2ed50634dcdc458fcf270a8e7631ec816268a8fbf
SERVER_TRAFFIC_SECRET_0 98aceb7335215cf4d7ae5b16e1384e7e4305edbd7bcdaf2bbc2c1c778e5d5119 b2348fb0714736b1a5d905a2f2378324b54f97b39cc19b340f06b7c6451dafcb
CLIENT_HANDSHAKE_TRAFFIC_SECRET da0236a5617cdd67a69b492cb06f0bcf92ca0587ea6731e248f1822af7d3c7b5 88651588147e3a92576debb4dd874db4002d0e37f74883a96e9bd86dd949ac9f
SERVER_HANDSHAKE_TRAFFIC_SECRET da0236a5617cdd67a69b492cb06f0bcf92ca0587ea6731e248f1822af7d3c7b5 95144b2d011a94cae1a23f93540d01834519f81e7d15f96221a552b7b6dac7c3
CLIENT_TRAFFIC_SECRET_0 da0236a5617cdd67a69b492cb06f0bcf92ca0587ea6731e248f1822af7d3c7b5 f913f1bc79742f98c32225d4af2eec0fbf9d9a0e16447bcef01d50eab4f8c28c
SERVER_TRAFFIC_SECRET_0 da0236a5617cdd67a69b492cb06f0bcf92ca0587ea6731e248f1822af7d3c7b5 60d72dcb6edc2f9eb61165aebc310cdb9969c9e08b580590ff34664853d5638a
CLIENT_HANDSHAKE_TRAFFIC_SECRET 76e52d3c384b67ec6ed06f02c4b570fdf5340f3d2f8dbcbd7a556244f519747d 9f2a1db61f6c754852197e507b0f4cb5854413013f072cfa54a9a4ee77d38c03
SERVER_HANDSHAKE_TRAFFIC_SECRET 76e52d3c384b67ec6ed06f02c4b570fdf5340f3d2f8dbcbd7a556244f519747d 2ba5c23229713e1c1e238170fe464461b8eec0c8843f87fe8f1cf1eda3986ea6
CLIENT_TRAFFIC_SECRET_0 76e52d3c384b67ec6ed06f02c4b570fdf5340f3d2f8dbcbd7a556244f519747d 96b7f4bd0f9ca692b5703b973ee305fae1e374f4078fe33689c59c9382182e25
SERVER_TRAFFIC_SECRET_0 76e52d3c384b67ec6ed06f02c4b570fdf5340f3d2f8dbcbd7a556244f519747d 1f84a0d6b20d0222bc5a4d7e4d3f98fefb49a0a801294ba8b8dc9988b041c248
CLIENT_HANDSHAKE_TRAFFIC_SECRET 2114882496d40215bb1260f761d7c4e3113885a46737a8f236eb61be7565679f 12b3966cc1361c1d3695ee0fa8b1771ac986744abfc05900b933310aac4316d7
SERVER_HANDSHAKE_TRAFFIC_SECRET 2114882496d40215bb1260f761d7c4e3113885a46737a8f236eb61be7565679f 56d5431b1944de9530075eb3f313a0a5fb0aff4fe89a889ed76f3025e6f76133
CLIENT_TRAFFIC_SECRET_0 2114882496d40215bb1260f761d7c4e3113885a46737a8f236eb61be7565679f 1557f2bf1a74b2a0f11849cd3c388b451a0d68ae6f5972330b9538354589a03e
SERVER_TRAFFIC_SECRET_0 2114882496d40215bb1260f761d7c4e3113885a46737a8f236eb61be7565679f f4d41b30d89b855c3b4468bcf1bd6ccd92c7b853da124926c52718d44ba15c01
CLIENT_HANDSHAKE_TRAFFIC_SECRET 5b02a5a21ad3218e2147b28693837064c4b0b9e1bf418dc1c40816b3581abdb2 fe2c4129ebec4b8fc954e2a57a9df916dfb2f014e43f4e2a32368b7893694e80
SERVER_HANDSHAKE_TRAFFIC_SECRET 5b02a5a21ad3218e2147b28693837064c4b0b9e1bf418dc1c40816b3581abdb2 a8992ca77d176bd86fe5bc59abee87db019602692404dedb6ff467673878fd66
CLIENT_TRAFFIC_SECRET_0 5b02a5a21ad3218e2147b28693837064c4b0b9e1bf418dc1c40816b3581abdb2 20909af968731db10dd02ed4642fda0f068447b0df05c018de1689efdf7224ee
SERVER_TRAFFIC_SECRET_0 5b02a5a21ad3218e2147b28693837064c4b0b9e1bf418dc1c40816b3581abdb2 1057e5ee9e79245f0560dbc45940340efd8b1ade55871291929ac4f5d176f9be
CLIENT_HANDSHAKE_TRAFFIC_SECRET 5619b6c2bf42023b521bac615176bb0397926cae40bdce2ef86e0eb2b624ad4d 8528d7a8b9bfce8583e325b043489404abc8c6e28f0b0b23c6d4d6caa60da269
SERVER_HANDSHAKE_TRAFFIC_SECRET 5619b6c2bf42023b521bac615176bb0397926cae40bdce2ef86e0eb2b624ad4d 5c1c57e74e8420364ff08a467aee2944791b18e8b10f9b9e05ab9d195d6fc5d6
CLIENT_TRAFFIC_SECRET_0 5619b6c2bf42023b521bac615176bb0397926cae40bdce2ef86e0eb2b624ad4d 9ebfb50b684331706475b5cd146953e16c1a23523bb9711191fd5fce5d2f1464
SERVER_TRAFFIC_SECRET_0 5619b6c2bf42023b521bac615176bb0397926cae40bdce2ef86e0eb2b624ad4d 62c6f5100e0cd32234c7481a94df0e48f21621027c40ecf6284a32c602239623
CLIENT_HANDSHAKE_TRAFFIC_SECRET c56d8e77d5aa2a0b0febb4d88810da75ac7c6eb906158ee6d188e0aa1bcc8fdb e599b542e44fb221d2e0c9ff66eb3fb9f736e5387f0bb983dc3a0fdb52b807d5
SERVER_HANDSHAKE_TRAFFIC_SECRET c56d8e77d5aa2a0b0febb4d88810da75ac7c6eb906158ee6d188e0aa1bcc8fdb 3e1ea3123b3eb2f34beea16cc778ca8f282db03cf3ded27c5dd29a3a630d6f7a
CLIENT_TRAFFIC_SECRET_0 c56d8e77d5aa2a0b0febb4d88810da75ac7c6eb906158ee6d188e0aa1bcc8fdb 9fe50788fc678b4ee2372099c6ba53a3e3b74ff0487e7b3a52d2db8ebf77272b
SERVER_TRAFFIC_SECRET_0 c56d8e77d5aa2a0b0febb4d88810da75ac7c6eb906158ee6d188e0aa1bcc8fdb 38d200b7ec9297296ea327dbab4646c13ff753409bbdc9bfac16ccca60e63422
CLIENT_HANDSHAKE_TRAFFIC_SECRET a2162fbe5b4a58401fe52f88219ace1e35e97a353fad8b28c169721c6570ab50 7a6413af00e5215e53c7bd224897889cff37b7f2d7b13864fcf330c75087d54b
SERVER_HANDSHAKE_TRAFFIC_SECRET a2162fbe5b4a58401fe52f88219ace1e35e97a353fad8b28c169721c6570ab50 0bde84f2b12cbf2c6d8b24e22f005e06055235a4a38c3e4a5adcf5536d3e0a51
CLIENT_TRAFFIC_SECRET_0 a2162fbe5b4a58401fe52f88219ace1e35e97a353fad8b28c169721c6570ab50 614d92996cb85c901b6ebfaf516098b2667d4163d531edcb9c20098d4de4b0ab
SERVER_TRAFFIC_SECRET_0 a2162fbe5b4a58401fe52f88219ace1e35e97a353fad8b28c169721c6570ab50 f77801448650708887e9407ebbc6f7f34ea74bcfb27ba2304669b158baad38b1
CLIENT_HANDSHAKE_TRAFFIC_SECRET 45effaf6b6e1578a81f16440ca9b8de55b25c7d718b9d15865490d011af07b73 0ee29aaf578ef7a8328056a3ba4b044833cb13ecb17a154659f0c6d0b8d3101d
SERVER_HANDSHAKE_TRAFFIC_SECRET 45effaf6b6e1578a81f16440ca9b8de55b25c7d718b9d15865490d011af07b73 4321e119b3fb5c156287a051e794a70fad96a30075ed33613ddd282780f03623
CLIENT_TRAFFIC_SECRET_0 45effaf6b6e1578a81f16440ca9b8de55b25c7d718b9d15865490d011af07b73 96908fbf30181b0fca3dd7fd7efe80729197a2d2a3cc66be181290da18cfb2fe
SERVER_TRAFFIC_SECRET_0 45effaf6b6e1578a81f16440ca9b8de55b25c7d718b9d15865490d011af07b73 fed34e9671c2549952c987e64dce37c0f54dac45ba25789873012567ba0e5df1
CLIENT_HANDSHAKE_TRAFFIC_SECRET 1168e275ddfa93ea1b2143c98e214e8511ccde277106f5455d62ae97d4b1645d 10bc93d0ed1116d79bd7b56219909fa6f299f5e63964c95cf0f0df0b17549123
SERVER_HANDSHAKE_TRAFFIC_SECRET 1168e275ddfa93ea1b2143c98e214e8511ccde277106f5455d62ae97d4b1645d aa6fe7c4e975bb5f336c52dfc3baeda10ca3f948e768cfe5e0894c80199890e1
CLIENT_TRAFFIC_SECRET_0 1168e275ddfa93ea1b2143c98e214e8511ccde277106f5455d62ae97d4b1645d 2ba0075a0c9868fd6cd7df83a9a0f47483b089c356fa21e38e0d1937e2f13c2c
SERVER_TRAFFIC_SECRET_0 1168e275ddfa93ea1b2143c98e214e8511ccde277106f5455d62ae97d4b1645d b7aca81ed05a8ba136586029f8073d39d38626b280a7058af80e196a36a95f67
CLIENT_HANDSHAKE_TRAFFIC_SECRET 8c6f0c4ad5be3f604235e4c20f6e4e814760e9ac64daad5ed4d1cb0b30180a92 f9dfd9e8f493f20878e4e50b59acf6c0725d6cac48ba2f3883bb472b6a34c3f6
SERVER_HANDSHAKE_TRAFFIC_SECRET 8c6f0c4ad5be3f604235e4c20f6e4e814760e9ac64daad5ed4d1cb0b30180a92 ae81fb733ba60248cccfadb1708c6b6aa27ef2eba4a51ef9cf58bc1fbf234539
CLIENT_TRAFFIC_SECRET_0 8c6f0c4ad5be3f604235e4c20f6e4e814760e9ac64daad5ed4d1cb0b30180a92 af0411cced8c1defe65c4e50483f0e441f473788b7b1d66e97534e8b8ede6521
SERVER_TRAFFIC_SECRET_0 8c6f0c4ad5be3f604235e4c20f6e4e814760e9ac64daad5ed4d1cb0b30180a92 81eddb060f33322a8151380b1006d3a1d1c3263d12812d5c3aeb90f87b8de473
CLIENT_HANDSHAKE_TRAFFIC_SECRET f6257f5f368e524bd60add6c8bf1c7c6816861c94a9f00a96cfc4650307c98c9 eadfd4e50ae4fba5f83b9cc7e9e9978d45c620828944d94ec393ee8805e62a80
SERVER_HANDSHAKE_TRAFFIC_SECRET f6257f5f368e524bd60add6c8bf1c7c6816861c94a9f00a96cfc4650307c98c9 512e9dbd3128e8961ee108b0a3d975913499eecc8e4ebdc917931b8e2af73d79
CLIENT_TRAFFIC_SECRET_0 f6257f5f368e524bd60add6c8bf1c7c6816861c94a9f00a96cfc4650307c98c9 f4e964fdb075d81dc3176e5d0e2a8365b0585ef193920402c3a8915a65ed7719
SERVER_TRAFFIC_SECRET_0 f6257f5f368e524bd60add6c8bf1c7c6816861c94a9f00a96cfc4650307c98c9 ec8c541a0ec04ec9ad00cd4ef9c9eefcb01b8665424c5b90738421039871715f
CLIENT_HANDSHAKE_TRAFFIC_SECRET 799f81bb7c7af137c91e7064681dbaa65a5a4ea45e1dc939fc2497640bc77a81 a7c53a9efda86c8fce9028c4fb32aaf3b21c53265920676d807a9e6f62a89698
SERVER_HANDSHAKE_TRAFFIC_SECRET 799f81bb7c7af137c91e7064681dbaa65a5a4ea45e1dc939fc2497640bc77a81 92989987f1c5967165ea033563f7ec876dc47ccab464e16b75fb49d8a34a388e
CLIENT_TRAFFIC_SECRET_0 799f81bb7c7af137c91e7064681dbaa65a5a4ea45e1dc939fc2497640bc77a81 3809162452a4d10588dcc32fc2ad74d557feee2efccf92dad8eb0c5874e63f0c
SERVER_TRAFFIC_SECRET_0 799f81bb7c7af137c91e7064681dbaa65a5a4ea45e1dc939fc2497640bc77a81 26296317a0a0aaad83a4f67559f9a220259caaf4b0076bd271eaa6ad89a75f09
CLIENT_HANDSHAKE_TRAFFIC_SECRET 4a869af65414643e7fc7b0d81eab26918e13f8c68ceb62c4594eaf228520001a 6337d77e9a025f4ddfc2f515408556d4b41f24f5f7ac8bdacd12a96e8ce5eec6
SERVER_HANDSHAKE_TRAFFIC_SECRET 4a869af65414643e7fc7b0d81eab26918e13f8c68ceb62c4594eaf228520001a d98e549c727bf2d50ecfe3afea7801bdd77a9a82ad302133fef6b0f895048486
CLIENT_TRAFFIC_SECRET_0 4a869af65414643e7fc7b0d81eab26918e13f8c68ceb62c4594eaf228520001a 12586dbd4d9d370a2746283165aa6223e4b3a72966fcee58d3c5dce8bb988431
SERVER_TRAFFIC_SECRET_0 4a869af65414643e7fc7b0d81eab26918e13f8c68ceb62c4594eaf228520001a 18656d36c2725db7a3322b6b9ee23ea15cee5bbb7546d9b6cd18dd576d9a002c
CLIENT_HANDSHAKE_TRAFFIC_SECRET 7343e1d4857b092ffa1dcfd0e2d08422a0bf1aeb9b8a0825b0c767ba4f4cd91e 60f2f9e0377a514fcb75f6da758bd7e7ff6755506a042cdcaa8c6bbfd8248f74
SERVER_HANDSHAKE_TRAFFIC_SECRET 7343e1d4857b092ffa1dcfd0e2d08422a0bf1aeb9b8a0825b0c767ba4f4cd91e 18d332dc30d860c7af3e938e43b0d2b78ebf6e92f937b4f2ac9e1089a879d346
CLIENT_TRAFFIC_SECRET_0 7343e1d4857b092ffa1dcfd0e2d08422a0bf1aeb9b8a0825b0c767ba4f4cd91e be66882b27f7e3996c5d243c42b7fcb06b47e841f3036e5612a91f1a2c09f8a3
SERVER_TRAFFIC_SECRET_0 7343e1d4857b092ffa1dcfd0e2d08422a0bf1aeb9b8a0825b0c767ba4f4cd91e 545472c450c46edafa536693c34f751dabf468f2b9c32f655bfe4f8359755337
CLIENT_HANDSHAKE_TRAFFIC_SECRET 9294024ce07b12c993d194a4233365c41c97f024a52206878246939d2cfb4d06 df47957072ec2f47eb15f82c5cc24c4ebc42ce7981e8009ef3bba41927213937
SERVER_HANDSHAKE_TRAFFIC_SECRET 9294024ce07b12c993d194a4233365c41c97f024a52206878246939d2cfb4d06 4be88d5c379bcf65eea33999da290303c174b54c2f0f818d698c6c972aabc4d9
CLIENT_TRAFFIC_SECRET_0 9294024ce07b12c993d194a4233365c41c97f024a52206878246939d2cfb4d06 be427ec199218857b77bce4231b7542f79f28649b3e0eaad10ee4ad757f21e86
SERVER_TRAFFIC_SECRET_0 9294024ce07b12c993d194a4233365c41c97f024a52206878246939d2cfb4d06 d6990429392263c6c2d37ba75f42c130eeb1077aeeabcadc9f902c56180cac4e
CLIENT_HANDSHAKE_TRAFFIC_SECRET 6c14b88e5d828f00e607fb31e11e39b8f99ea6d23b3cb88dd0642532003610d6 336351859fbc447d1f2986db201e082bd1d64f1e3eabd8ca5fe067f1686a1968
SERVER_HANDSHAKE_TRAFFIC_SECRET 6c14b88e5d828f00e607fb31e11e39b8f99ea6d23b3cb88dd0642532003610d6 d966afc5d87451c4bc93dddcc5b5e1be57a96dc9173094d8458d8745ffd8a42d
CLIENT_TRAFFIC_SECRET_0 6c14b88e5d828f00e607fb31e11e39b8f99ea6d23b3cb88dd0642532003610d6 41dc7dcb2d3fea6443ff3e1c4b8978448ab93c3b01205ee5b03d8c36cd185a31
SERVER_TRAFFIC_SECRET_0 6c14b88e5d828f00e607fb31e11e39b8f99ea6d23b3cb88dd0642532003610d6 296d535d5d8a0beeb780393732611f6c5789ce1e772f94e695d9bea932603930
CLIENT_HANDSHAKE_TRAFFIC_SECRET 7b8865ff21959ee93c666e23448a547377cda14185a193b942c29b7d698ce752 3a3ae473498819a966dc61c7eba4d14c6713a697786990ede9f8c1967d2cf11e
SERVER_HANDSHAKE_TRAFFIC_SECRET 7b8865ff21959ee93c666e23448a547377cda14185a193b942c29b7d698ce752 99bb753df32c10fb39a6a8c9eecd8da8ccfb2c8d6fe9323eb6bbc9ed60e9dac4
CLIENT_TRAFFIC_SECRET_0 7b8865ff21959ee93c666e23448a547377cda14185a193b942c29b7d698ce752 2f818d89c3be529c4d7f840422741a504c597068599338ed4aaf1467590876f0
SERVER_TRAFFIC_SECRET_0 7b8865ff21959ee93c666e23448a547377cda14185a193b942c29b7d698ce752 267755dc31dd4365a0040c9496e4ef94007b3d17a2f2dfd40756360f0fceb48d
CLIENT_HANDSHAKE_TRAFFIC_SECRET 5d3bafcb6540903c54a65be4a63fd65b66311b3fc45a9293a7e42b1626f1a413 f4539101dbc2cc9c67242fb1ab57f97c42498e3c796309cc8d43bd12469ce81a
SERVER_HANDSHAKE_TRAFFIC_SECRET 5d3bafcb6540903c54a65be4a63fd65b66311b3fc45a9293a7e42b1626f1a413 adfd2452883db80458811c6a37203b65b1b2a68b63364dfd4148226663435996
CLIENT_TRAFFIC_SECRET_0 5d3bafcb6540903c54a65be4a63fd65b66311b3fc45a9293a7e42b1626f1a413 2948eecd70527e841680b347ec930c3ada42d5cb71d12b99209e239cfd316df6
SERVER_TRAFFIC_SECRET_0 5d3bafcb6540903c54a65be4a63fd65b66311b3fc45a9293a7e42b1626f1a413 87a8c07417a9f88aabf25fbc0db447654c652af57396d053064ed63bce46df17
CLIENT_HANDSHAKE_TRAFFIC_SECRET f1112878c9b06b24d8147ba7c6977ed311f33450c418d22ab432902519783f97 ea40ee3a733c7bd411c457b9df23a27040a735b40bd0c93ae7b0da3994881a31
SERVER_HANDSHAKE_TRAFFIC_SECRET f1112878c9b06b24d8147ba7c6977ed311f33450c418d22ab432902519783f97 2c64fcdbe41325d4cfa226fe126e32e6b26e7539492367dc5c963cbb92f3fe4c
CLIENT_TRAFFIC_SECRET_0 f1112878c9b06b24d8147ba7c6977ed311f33450c418d22ab432902519783f97 0559062fbb9b09b8be24bc6bb771a5569caed2b56effb1fd0e00649dbca42316
SERVER_TRAFFIC_SECRET_0 f1112878c9b06b24d8147ba7c6977ed311f33450c418d22ab432902519783f97 5f1c3a5c427f5a6182cc299370c69b7d71ec7ab81ef6d9b91cfbbea7dc2ea2b2
CLIENT_HANDSHAKE_TRAFFIC_SECRET 6b83ffdeee6492f903c60c41ca2a479acf3d16afe6c98d85db59660d76cd65f5 4913ab079c7223e7e5be54e25e75a010bc27722fa42194ae6ebfe8b50ffb3a53
SERVER_HANDSHAKE_TRAFFIC_SECRET 6b83ffdeee6492f903c60c41ca2a479acf3d16afe6c98d85db59660d76cd65f5 9866bf4aefd8e07503a8c17a9f9995c2ef4c30f8c8a3c3c6e16063af0bfb03f6
CLIENT_TRAFFIC_SECRET_0 6b83ffdeee6492f903c60c41ca2a479acf3d16afe6c98d85db59660d76cd65f5 25a29bebba8470b3cbb1d549ab89429ae7ce6f0381916ab53b879084ed4a75fc
SERVER_TRAFFIC_SECRET_0 6b83ffdeee6492f903c60c41ca2a479acf3d16afe6c98d85db59660d76cd65f5 4c2c1f5f89552c9a56fdb799c896dac15c69d9a5cc440179f45808effbdf7809
CLIENT_HANDSHAKE_TRAFFIC_SECRET 7976588bd1c0498e26ccb053865bb6ad176476ef52dff7d5648ff63cdc7bbe22 5a99edda986a1e22d34c1089d2721d484d1133f64463f3215cc2ce335f52d346
SERVER_HANDSHAKE_TRAFFIC_SECRET 7976588bd1c0498e26ccb053865bb6ad176476ef52dff7d5648ff63cdc7bbe22 fb5a33367ae3902f35c91f35527764bec2775f5c519c14862cd2ca74498601ba
CLIENT_TRAFFIC_SECRET_0 7976588bd1c0498e26ccb053865bb6ad176476ef52dff7d5648ff63cdc7bbe22 91193e62fd9ae68b4e1ad625a994d6117c3d423622ce26e2adfb7388a189e1b3
SERVER_TRAFFIC_SECRET_0 7976588bd1c0498e26ccb053865bb6ad176476ef52dff7d5648ff63cdc7bbe22 0bc657466c767c7cfa876c16c290e0da447dd5c10a6470f897e42c1d9c82a0a3
CLIENT_HANDSHAKE_TRAFFIC_SECRET 3fde46fe32390b1b308afec7a6b56d3ba2febfbe8474982652389b8b060e25d5 7f7ab09e8e0ddeaaeb781a75ccd90de1fb5b803c5d427af99f0d5db3872a0895
SERVER_HANDSHAKE_TRAFFIC_SECRET 3fde46fe32390b1b308afec7a6b56d3ba2febfbe8474982652389b8b060e25d5 d10439db5f845ed66c0a4b860acf5a1d56a27e8ac5b3a08b7f5a13ea2cfc885f
CLIENT_TRAFFIC_SECRET_0 3fde46fe32390b1b308afec7a6b56d3ba2febfbe8474982652389b8b060e25d5 4433247336711e4d6624c7860adfd8c6decd4f063a230c7b981d5194d072f705
SERVER_TRAFFIC_SECRET_0 3fde46fe32390b1b308afec7a6b56d3ba2febfbe8474982652389b8b060e25d5 84905b772b2998d9f4f7a290daa4428c0c7e22d98f861d3f59f8a51934093c62
CLIENT_HANDSHAKE_TRAFFIC_SECRET ffee325611150aaf3018bc681ffef85be3bd26c7d2abc254ec3eed80aca57831 80da4bd38648ebc8520ac6823d04e875c52b67d1057c57ae26552807f2f96b75
SERVER_HANDSHAKE_TRAFFIC_SECRET ffee325611150aaf3018bc681ffef85be3bd26c7d2abc254ec3eed80aca57831 ba1f446d8cd6437d222d52420694273dd87c03e8a01d455fccf232456c7bcbf1
CLIENT_TRAFFIC_SECRET_0 ffee325611150aaf3018bc681ffef85be3bd26c7d2abc254ec3eed80aca57831 4c395b7920ae8d43485386744f996edbc7a1de113b38c9f6c182db7b57d36e84
SERVER_TRAFFIC_SECRET_0 ffee325611150aaf3018bc681ffef85be3bd26c7d2abc254ec3eed80aca57831 e17a494d6ff3c8f019e3062b51c2688312dd523a2906e0a33a9353d08b440ceb
CLIENT_HANDSHAKE_TRAFFIC_SECRET 1b5861ee8dc5c17c00363a66ee4bf6bfc803d216a62532e98bf1115cd13bb905 0ba69ae6d202e58b59513e1263d128c2824d9fc180547c8fa459c6abd7563ecf
SERVER_HANDSHAKE_TRAFFIC_SECRET 1b5861ee8dc5c17c00363a66ee4bf6bfc803d216a62532e98bf1115cd13bb905 8ea60a961fb5635528cb1e9c91a88a77b4a57e5810e1eeca513e608b20db4f40
CLIENT_TRAFFIC_SECRET_0 1b5861ee8dc5c17c00363a66ee4bf6bfc803d216a62532e98bf1115cd13bb905 a1028b6df5b3d3d7ff2b6e13729c118a5467229c96cccbcccee5b53a0d113c90
SERVER_TRAFFIC_SECRET_0 1b5861ee8dc5c17c00363a66ee4bf6bfc803d216a62532e98bf1115cd13bb905 f0446dd69201635d5fa2986d6f6833ff589bb079ff64df0264855eaf2388d113
CLIENT_HANDSHAKE_TRAFFIC_SECRET 1ed9e6ab9a287edda85d0981f1552623dc669e32b442c8b62e208db6c3937232 9e01e4d38feb86bc2ee8cb5d414258b56dec0f2fa5be212efe616f3eac775c65
SERVER_HANDSHAKE_TRAFFIC_SECRET 1ed9e6ab9a287edda85d0981f1552623dc669e32b442c8b62e208db6c3937232 c019883198eb7cc9c394d5a53ea8582acea80c2352f3ad2576a839fc489a3ac2
CLIENT_TRAFFIC_SECRET_0 1ed9e6ab9a287edda85d0981f1552623dc669e32b442c8b62e208db6c3937232 3ed99ea8b2f6b5f7f00a7e3e1bd67e052bb9cf960b0e0347221a93e0a9fd9e21
SERVER_TRAFFIC_SECRET_0 1ed9e6ab9a287edda85d0981f1552623dc669e32b442c8b62e208db6c3937232 b4a364dc5c1eb88949d085cb3bb6e569044e3a52b55bb6630767b123192bd9d6
CLIENT_HANDSHAKE_TRAFFIC_SECRET fb406724e1f83ab1ec9364bfa0bdf2e9dcce36812630d7385e7f95d338239df9 c5553930d19ce366c7d6ba83b91912cfd2faf8cfa4fbb9bf2a167899af3605c5
SERVER_HANDSHAKE_TRAFFIC_SECRET fb406724e1f83ab1ec9364bfa0bdf2e9dcce36812630d7385e7f95d338239df9 a525fe467c1a83db624aad22a41438d28f8094a24d0b26bd4713834c3303e057
CLIENT_TRAFFIC_SECRET_0 fb406724e1f83ab1ec9364bfa0bdf2e9dcce36812630d7385e7f95d338239df9 56485d5bd42717082ad13509eab78d96b1131b52cd04c9eac22f87f50077e8eb
SERVER_TRAFFIC_SECRET_0 fb406724e1f83ab1ec9364bfa0bdf2e9dcce36812630d7385e7f95d338239df9 3aa8a0d1e642bc7c4a12e4eec8057612aed97c8da95795b0f719a3d77976c339
CLIENT_HANDSHAKE_TRAFFIC_SECRET 46cfabe1aa53670c53dd177511212eff551d67337b0b26b1dd43f3c4ed589706 76ac1f94102bdf11e32d31460e05a97485a17386530730c6b0d16681127f0885
SERVER_HANDSHAKE_TRAFFIC_SECRET 46cfabe1aa53670c53dd177511212eff551d67337b0b26b1dd43f3c4ed589706 ba8f216b272d664e45a93680f2dee006ddf1a0683c9044810d548b71b8e638c5
CLIENT_TRAFFIC_SECRET_0 46cfabe1aa53670c53dd177511212eff551d67337b0b26b1dd43f3c4ed589706 f45e343836f562bf31999b6ae58f6e73f6b8dc13388737c8bb8563a6a257377d
SERVER_TRAFFIC_SECRET_0 46cfabe1aa53670c53dd177511212eff551d67337b0b26b1dd43f3c4ed589706 2e2515ebc43ea5b02ec9d0c3272a81c3dfaa04686a1056318e6d694d163caf92
CLIENT_HANDSHAKE_TRAFFIC_SECRET 83161bcdfc2df5f9b500e4e25705dd5622f2e2397f3b6edb43bf236f6de0562a 0df0806d2682723c966c0325ab826b5455980ad52f97d72fa29552687721e7c4
SERVER_HANDSHAKE_TRAFFIC_SECRET 83161bcdfc2df5f9b500e4e25705dd5622f2e2397f3b6edb43bf236f6de0562a c261c726e6b6f200bbb26ddc40d7114e36092dd2ca528ea6434859d8b65ba0c3
CLIENT_TRAFFIC_SECRET_0 83161bcdfc2df5f9b500e4e25705dd5622f2e2397f3b6edb43bf236f6de0562a 0c659ae9c403e3550cfebb0190e61a36194df0cf77337dbae1bfac622763a4af
SERVER_TRAFFIC_SECRET_0 83161bcdfc2df5f9b500e4e25705dd5622f2e2397f3b6edb43bf236f6de0562a 83dfb14f1d89ab928a32e723a989bad256385e73cc1d72e7f8b4611c7f311a58
CLIENT_HANDSHAKE_TRAFFIC_SECRET f852a682ee0aac2ab98fdcf3b2b56d10b9a607c4c99d561e0d4eb195e2380f3c 1efc29fd7efa191a5f35c4fa9c9021c868e3b3f2d3848ae8c236b54ee59d04b2
SERVER_HANDSHAKE_TRAFFIC_SECRET f852a682ee0aac2ab98fdcf3b2b56d10b9a607c4c99d561e0d4eb195e2380f3c a1c2151db12ef934371cf7bb77dc520cffd1f8e736b87d28eba79a2c42d5ecdd
CLIENT_TRAFFIC_SECRET_0 f852a682ee0aac2ab98fdcf3b2b56d10b9a607c4c99d561e0d4eb195e2380f3c eff769e6b88bf2a86db0b374f5964d8867bddfdc83511c0c0d5fc1998461bd26
SERVER_TRAFFIC_SECRET_0 f852a682ee0aac2ab98fdcf3b2b56d10b9a607c4c99d561e0d4eb195e2380f3c fbaaccebd9cd6dc64a2c68280ee0c6f7ba05479bc51910750aad266e3860031d
CLIENT_HANDSHAKE_TRAFFIC_SECRET d6b472d1ab669575db9d864cfb10ce7bc70a791e5939c9d68b888c60f1ff25b6 21a87e134810e954f0bbbca6463808bbb54f29f2ff432c83c829c0317c5c68fe
SERVER_HANDSHAKE_TRAFFIC_SECRET d6b472d1ab669575db9d864cfb10ce7bc70a791e5939c9d68b888c60f1ff25b6 2d15c545f14cba4d00c231b8498b2b2ba2928055303e4e70f26b589c167527b3
CLIENT_TRAFFIC_SECRET_0 d6b472d1ab669575db9d864cfb10ce7bc70a791e5939c9d68b888c60f1ff25b6 24023e84744ba6f7393b282241c54d76e31025e3dce91d4e3c1834c8afa7d6cb
SERVER_TRAFFIC_SECRET_0 d6b472d1ab669575db9d864cfb10ce7bc70a791e5939c9d68b888c60f1ff25b6 a7d5b2bc49e53309c6d6bf6683665b714668d37709982d8bce1a296d9f9ccf79
CLIENT_HANDSHAKE_TRAFFIC_SECRET 679740e345e2259db9742302465535e50ca429dd24cfe20cf79155e5502009dc 5151a97f6ec657172197b887cf0d2eb2e0d327ea7b06a8542e63aa6e4c1d56cf
SERVER_HANDSHAKE_TRAFFIC_SECRET 679740e345e2259db9742302465535e50ca429dd24cfe20cf79155e5502009dc b4f5ce3e6fbe9be6ac21ab7fab73701f16e10531004f01c85579b6cacba9d264
CLIENT_TRAFFIC_SECRET_0 679740e345e2259db9742302465535e50ca429dd24cfe20cf79155e5502009dc 8655aa64e88bb872fc60d8de4246e4a2992f15d04d50f1ef88cb47ff3aa68350
SERVER_TRAFFIC_SECRET_0 679740e345e2259db9742302465535e50ca429dd24cfe20cf79155e5502009dc dc8725a1bb8cb7a9ec3b1ac429d2a506b55b991c6ede8c588464b8a8b1dbe617
CLIENT_HANDSHAKE_TRAFFIC_SECRET a277257ec91ca5568335492728f04c91f0cba65635c9d3c4fa9a782e5c9d66c6 1b48a9c800e7adbfbbcfffae885bb7ab7f3a95613987812ab3181e2d61537932
SERVER_HANDSHAKE_TRAFFIC_SECRET a277257ec91ca5568335492728f04c91f0cba65635c9d3c4fa9a782e5c9d66c6 63a8ec80a1e78fa090dc827b5a5bf46e1ad31e68656d076618de1b41e051251d
CLIENT_TRAFFIC_SECRET_0 a277257ec91ca5568335492728f04c91f0cba65635c9d3c4fa9a782e5c9d66c6 d7e6bd5fe153b90721202e90ca821cf73e5b0a7c691d7a0c7f18751551c225e2
SERVER_TRAFFIC_SECRET_0 a277257ec91ca5568335492728f04c91f0cba65635c9d3c4fa9a782e5c9d66c6 e76782081a6ecbd14ad7b77ac790e5fb0a04afbc4950bf785e71f90ff82a72b6
CLIENT_HANDSHAKE_TRAFFIC_SECRET f88d7cce5b41a9799106a41497de88a66845f1887f0e2539b0e1fe067d62f899 997d725476cab3367955e7b3034a64ed86224535edfdfadae263ff764c10014f
SERVER_HANDSHAKE_TRAFFIC_SECRET f88d7cce5b41a9799106a41497de88a66845f1887f0e2539b0e1fe067d62f899 97e114729e5809f3ffdc2eaf2b90be6a4fa23f5c1e1f7fbaa7740907fd0fb129
CLIENT_TRAFFIC_SECRET_0 f88d7cce5b41a9799106a41497de88a66845f1887f0e2539b0e1fe067d62f899 fa712f5b6646dceae2c0bd5d94e83cceed133233e602f0dcaf011367dd4cbd12
SERVER_TRAFFIC_SECRET_0 f88d7cce5b41a9799106a41497de88a66845f1887f0e2539b0e1fe067d62f899 f304d2192a4acee2a942ed13b0418b1dc9d45e93062e545e262efefc7375c625
CLIENT_HANDSHAKE_TRAFFIC_SECRET d5d0ee21b69f98600698a8ea867c93bcc2f7fa87ad8126ad3e2f22c748211926 123730d322e54291335688d489cb4b1b45ecfa31e7d027636fc400f5c3b27b73
SERVER_HANDSHAKE_TRAFFIC_SECRET d5d0ee21b69f98600698a8ea867c93bcc2f7fa87ad8126ad3e2f22c748211926 731b88e31fa0f37a4cf8fd80e7d7d509c45d8f79ad083f495022125088d6c0f0
CLIENT_TRAFFIC_SECRET_0 d5d0ee21b69f98600698a8ea867c93bcc2f7fa87ad8126ad3e2f22c748211926 5e60e289d26cff759712365bf67192b82a265812992762ea02bcf6c0b50054d9
SERVER_TRAFFIC_SECRET_0 d5d0ee21b69f98600698a8ea867c93bcc2f7fa87ad8126ad3e2f22c748211926 18fc5bdff3f90142279a80295040a711268d7dcc1c84fbaf00539143647db353
CLIENT_HANDSHAKE_TRAFFIC_SECRET d0b74aa85445b37b26995b2648b994d2d790f6822a4d86cb2d5393bc035b430f 027dbfaf700c0dee3b329d23ce530a0036eb9f037a8f75f5329d632c5519af2e
SERVER_HANDSHAKE_TRAFFIC_SECRET d0b74aa85445b37b26995b2648b994d2d790f6822a4d86cb2d5393bc035b430f 8c8545d3a850f67b3e556058ecc71448ab1e284e1fc145ce4648fb6f361a0372
CLIENT_TRAFFIC_SECRET_0 d0b74aa85445b37b26995b2648b994d2d790f6822a4d86cb2d5393bc035b430f 725c4bc032dee7865e399bad24b1fe890fc474712f39973137b89e886f762e77
SERVER_TRAFFIC_SECRET_0 d0b74aa85445b37b26995b2648b994d2d790f6822a4d86cb2d5393bc035b430f 25d63d079fb3b2b5b612977d9abe51cf5a7ab895bd28c4b86e6733dc0eba2789
CLIENT_HANDSHAKE_TRAFFIC_SECRET 051de47285deabb2b9cdac8900388678e42a4a79c92e1a3e69d128306c0ac4c1 07f6ad15252c226c871e6e662ccb8135b0b6923d718dea311e6fca53e37a28f7
SERVER_HANDSHAKE_TRAFFIC_SECRET 051de47285deabb2b9cdac8900388678e42a4a79c92e1a3e69d128306c0ac4c1 f368286e86b1a5c47ce83e59b5a97c4c109acdc586b516230a042e61274255c7
CLIENT_TRAFFIC_SECRET_0 051de47285deabb2b9cdac8900388678e42a4a79c92e1a3e69d128306c0ac4c1 d5e3e4ec2162ff9fba3729851db4e8b0f070289cf99cadc444dc613bef78d2ab
SERVER_TRAFFIC_SECRET_0 051de47285deabb2b9cdac8900388678e42a4a79c92e1a3e69d128306c0ac4c1 fccd1c3b67ac22aaab04185c0b20b3e63f9f089100f9a5f631f4c47972889bc8
CLIENT_HANDSHAKE_TRAFFIC_SECRET 4c7ca97a79eec5a0541d89353e8d4627d28ba36adf9fa3e980f1ccbe94ce6c31 4061e63f8eccc854cf6c7d6577940ceda314bd869e0251c8773865130de85a83
SERVER_HANDSHAKE_TRAFFIC_SECRET 4c7ca97a79eec5a0541d89353e8d4627d28ba36adf9fa3e980f1ccbe94ce6c31 b98ae6c68696dd677d7de5e5441f58e7453582d98794cd2c771ee958f17d7827
CLIENT_TRAFFIC_SECRET_0 4c7ca97a79eec5a0541d89353e8d4627d28ba36adf9fa3e980f1ccbe94ce6c31 2f623a1ec25f250ef1a941c69a0c307d8173bfefa47b4a4187802e275f26b5d7
SERVER_TRAFFIC_SECRET_0 4c7ca97a79eec5a0541d89353e8d4627d28ba36adf9fa3e980f1ccbe94ce6c31 4aa15e7c513f6858f0878e37b32514ca2cf19693361d2c3110f460500985eabc
CLIENT_HANDSHAKE_TRAFFIC_SECRET a61686641022a100862094e2f5d34dd06480c978687ff47e89b7846c9af4ed71 c4ed31050d86cd378e8363b54c05cad401f8d6c2267ad753f51e43c02d41631f
SERVER_HANDSHAKE_TRAFFIC_SECRET a61686641022a100862094e2f5d34dd06480c978687ff47e89b7846c9af4ed71 b569acecab007bb97ca130da692e6c639a3659c56da594a6175a5fc7be94ac73
CLIENT_TRAFFIC_SECRET_0 a61686641022a100862094e2f5d34dd06480c978687ff47e89b7846c9af4ed71 4cfdd00b24a90f0934815d63a3bc4fb0adfb8922fba532945b00f198e4c1a6f4
SERVER_TRAFFIC_SECRET_0 a61686641022a100862094e2f5d34dd06480c978687ff47e89b7846c9af4ed71 68514b2d99fe86b9acd5bb9204d5d205b09afc44d8ad17528ded9d6e27f0f2e4
CLIENT_HANDSHAKE_TRAFFIC_SECRET 92c0950f4e45f05477e34e9a50409dbde7649ce877c13533aff28149d334a1f9 a62f2673d37236a01c6b6f071dec87906b2471bdf1570b9cad8b48de26ddb634
SERVER_HANDSHAKE_TRAFFIC_SECRET 92c0950f4e45f05477e34e9a50409dbde7649ce877c13533aff28149d334a1f9 eb801d3d18e7a10da7a81e470a95982726ecc2be3ba0cc001b7b553dc3309e11
CLIENT_TRAFFIC_SECRET_0 92c0950f4e45f05477e34e9a50409dbde7649ce877c13533aff28149d334a1f9 3f5c33c774c4a6d10dcb9ffd6ba0e88789fc14f7b030902a397dd8b73dac9404
SERVER_TRAFFIC_SECRET_0 92c0950f4e45f05477e34e9a50409dbde7649ce877c13533aff28149d334a1f9 8b1ac47f920893e10ddccf673a5185c83bf47a45d1d704620e5abddb0426bf19
CLIENT_HANDSHAKE_TRAFFIC_SECRET eb6cb88e2444846a2db113e82666402da249583b73a995f1edc91113207afb4e 3813d2fa0342fff1e1da0ffcb6f49d6ba4e78d92dc162930b7a8c4260888340a
SERVER_HANDSHAKE_TRAFFIC_SECRET eb6cb88e2444846a2db113e82666402da249583b73a995f1edc91113207afb4e d4e80cecd2f18eec377bc2d2b0f3f03b2b89d8e754462d39933cf894c62c3f2a
CLIENT_TRAFFIC_SECRET_0 eb6cb88e2444846a2db113e82666402da249583b73a995f1edc91113207afb4e 2921e73bd5290ef5d213f1f84f4a548b6958c95fdeaf366b98d6e3fec5ad8ee0
SERVER_TRAFFIC_SECRET_0 eb6cb88e2444846a2db113e82666402da249583b73a995f1edc91113207afb4e 47ab333726fd259d92e62000f129f97f6f458a0c151b5f0f93d5660c592b990e
CLIENT_HANDSHAKE_TRAFFIC_SECRET a8627d4e60ec96595eae7b1d0de66b268b205ceee5d9df4c991561464166084c 5522e5cdf8a15afd704d5f0bb57f9d734ca5e21e3ad87734c1e4e80a825add10
SERVER_HANDSHAKE_TRAFFIC_SECRET a8627d4e60ec96595eae7b1d0de66b268b205ceee5d9df4c991561464166084c e6437b1b0912bb9215ceb584fb22b586e60a4a84249c64b096de77c55f5048ee
CLIENT_TRAFFIC_SECRET_0 a8627d4e60ec96595eae7b1d0de66b268b205ceee5d9df4c991561464166084c 5343182d0ce7869d01b4566871c0c00f27a241ce25884e2159efc655045f68f0
SERVER_TRAFFIC_SECRET_0 a8627d4e60ec96595eae7b1d0de66b268b205ceee5d9df4c991561464166084c 7d277a2d6c2041a340e35e25db02e1ffbddd4ab447cd2b24481414933d4b8f73
CLIENT_HANDSHAKE_TRAFFIC_SECRET 3de37002541511cfae6d5730593dafb4ef4259eee2503e78e818f725b4a544dc 3ebf59d64fe1b6bd9f169110fea884f5602d2c15d66c9b5479aeb187b3f5a194
SERVER_HANDSHAKE_TRAFFIC_SECRET 3de37002541511cfae6d5730593dafb4ef4259eee2503e78e818f725b4a544dc c74bd19b164645bac43d551571dd0b64a8f6c5c27fd2cb6d55a3306017265390
CLIENT_TRAFFIC_SECRET_0 3de37002541511cfae6d5730593dafb4ef4259eee2503e78e818f725b4a544dc 68f67887e1dd881935736b9393d88095dc825238c68e736b21eb12f8f51efb44
SERVER_TRAFFIC_SECRET_0 3de37002541511cfae6d5730593dafb4ef4259eee2503e78e818f725b4a544dc 3f66034a5bbdd3b6523c36de2ecad186d3c837d5d9d7393421180b037dea8f4d
CLIENT_HANDSHAKE_TRAFFIC_SECRET dc25b76dea59e898258e8db9adb8af7e68308a511fca70075f9bfe201247a816 7f811ea0d78e449ee26f443673a33937f61760bc3bf69b76ddbc753b4358efd1
SERVER_HANDSHAKE_TRAFFIC_SECRET dc25b76dea59e898258e8db9adb8af7e68308a511fca70075f9bfe201247a816 df57f9f1f90d2d1f1f855cc2fb3fd9378a008c45f81748be9a7484095248a4c8
CLIENT_TRAFFIC_SECRET_0 dc25b76dea59e898258e8db9adb8af7e68308a511fca70075f9bfe201247a816 2f98d988aa24a518a9bc67a41fda17d97949354af2cd413dff64bc42d675e5da
SERVER_TRAFFIC_SECRET_0 dc25b76dea59e898258e8db9adb8af7e68308a511fca70075f9bfe201247a816 26b2fd498240fdb1f6bf3acae2855db330eeabee4123e16cdf4ba67e7c9dc22b
CLIENT_HANDSHAKE_TRAFFIC_SECRET 5a61bbca880c6484bb375955d17904d1095033a1d4153e61438590eb4cd581f6 d167e75d5cdf1aebee8a1e05b71610bc506dcd05170ce966874c40ef7a802372
SERVER_HANDSHAKE_TRAFFIC_SECRET 5a61bbca880c6484bb375955d17904d1095033a1d4153e61438590eb4cd581f6 8a95073aface666477a3e4f5896050f2873536ff083f8621ba7e51a519d3e1a1
CLIENT_TRAFFIC_SECRET_0 5a61bbca880c6484bb375955d17904d1095033a1d4153e61438590eb4cd581f6 c8a22c7258377cdf9b966b704ebb97a524cd56790ff0f3905af02ff9cf90c53a
SERVER_TRAFFIC_SECRET_0 5a61bbca880c6484bb375955d17904d1095033a1d4153e61438590eb4cd581f6 e8c1d25b032cbaea9dfeb17de61796b6bcef17e62d3c64642025334a5a4e6beb
CLIENT_HANDSHAKE_TRAFFIC_SECRET d7b91a2e98d211f8f144c646dd68e2ffa19b24b9296860a913c5082bcad58bb3 d1946d5c1a76774cf5de593658bd35a813d51a79a46f408b8d5bcc894043c886
SERVER_HANDSHAKE_TRAFFIC_SECRET d7b91a2e98d211f8f144c646dd68e2ffa19b24b9296860a913c5082bcad58bb3 7b826ac2605e3c22f5779b22b59a84718bf73414dedc6a624e1c7bfe19caa3b2
CLIENT_TRAFFIC_SECRET_0 d7b91a2e98d211f8f144c646dd68e2ffa19b24b9296860a913c5082bcad58bb3 d81bd83da16c4b91928865c33a514a4c26fe29f0fc030241ed4eaae484c1c48d
SERVER_TRAFFIC_SECRET_0 d7b91a2e98d211f8f144c646dd68e2ffa19b24b9296860a913c5082bcad58bb3 e2c7a5d9ca2a2582159edc9d74c79654941957d3e7f48ce9111a0be42e8db486
CLIENT_HANDSHAKE_TRAFFIC_SECRET 628bb7247c270b8f099273352d3ed63759a374fa9eb11a4b346f38b582cec81c 8060de2d815477e95551bd3ffb54a5095488ece7ce8ed9f0808743e668d08cbd
SERVER_HANDSHAKE_TRAFFIC_SECRET 628bb7247c270b8f099273352d3ed63759a374fa9eb11a4b346f38b582cec81c c3bec4b17c354c7fb738ecc7d6f8a7e5fce94702664c336d22f9d1330e081087
CLIENT_TRAFFIC_SECRET_0 628bb7247c270b8f099273352d3ed63759a374fa9eb11a4b346f38b582cec81c 716284dbf8e844b07613360091fa981ce02d9f3ca43918e99d5a1badc2d7610c
SERVER_TRAFFIC_SECRET_0 628bb7247c270b8f099273352d3ed63759a374fa9eb11a4b346f38b582cec81c a63ca599c11e3cc89da21ce3687ae111fd6225512787ffb4848d28119ed73581
CLIENT_HANDSHAKE_TRAFFIC_SECRET ba612831ef1824d67a4490198058516ff59ccc57a2352ec10f012f5887b7c307 80e9f7dba27f561bafcf18d975e2463c8bba49b340b93913aa1373f5f7536724
SERVER_HANDSHAKE_TRAFFIC_SECRET ba612831ef1824d67a4490198058516ff59ccc57a2352ec10f012f5887b7c307 c99f3006fe5c823358aaacf0fd701ed222deec694e77b71242f081e4330c2b9c
CLIENT_TRAFFIC_SECRET_0 ba612831ef1824d67a4490198058516ff59ccc57a2352ec10f012f5887b7c307 3ab71603f6e7b10ccf827716d16f6f1b89cbfdd2f71ac4952420693d6e84be7f
SERVER_TRAFFIC_SECRET_0 ba612831ef1824d67a4490198058516ff59ccc57a2352ec10f012f5887b7c307 890a0111e800dbd67b73fdb36bb8924438d727dcd73d62251eb1df67858df9e0
CLIENT_HANDSHAKE_TRAFFIC_SECRET e05a58643cede0ef60d22042ab0449084408f65fcf0a7b9e7c4956e77f246246 14c39ff1a75a6877ae6ae57f9fa2d354dc2cf19f958214b3d1020266695540cf
SERVER_HANDSHAKE_TRAFFIC_SECRET e05a58643cede0ef60d22042ab0449084408f65fcf0a7b9e7c4956e77f246246 4396fb3938c70b73e236368faa3666aea53093ccc8d35d17473600998a4c73b7
CLIENT_TRAFFIC_SECRET_0 e05a58643cede0ef60d22042ab0449084408f65fcf0a7b9e7c4956e77f246246 8fd0469b44b322376580179849785641e129877fd9a4dc10fd49d76cf2716ecd
SERVER_TRAFFIC_SECRET_0 e05a58643cede0ef60d22042ab0449084408f65fcf0a7b9e7c4956e77f246246 d5f6e1ddf45caa58bfb03309d4ea602cf0831b216d7e351d7b160f1b75f843e5
CLIENT_HANDSHAKE_TRAFFIC_SECRET 0d91a157d67f309db651f38e27a863c0ed05e2b3bdb2b11a5936e7d9c9199747 1aedfc2321f18bbb9029de5e0a18852480072baa3eb76b217dd1d40777f78920
SERVER_HANDSHAKE_TRAFFIC_SECRET 0d91a157d67f309db651f38e27a863c0ed05e2b3bdb2b11a5936e7d9c9199747 b926c29983153fe8a432ee1fea63153db4488d741f5f7cbfa718e917eab1fe4f
CLIENT_TRAFFIC_SECRET_0 0d91a157d67f309db651f38e27a863c0ed05e2b3bdb2b11a5936e7d9c9199747 486a5241e9458d2b01565b38c4e72dead26c147f92716deeacd5d596c9d075da
SERVER_TRAFFIC_SECRET_0 0d91a157d67f309db651f38e27a863c0ed05e2b3bdb2b11a5936e7d9c9199747 50889197986a5aeef567d3181de789c6d69b7993b6c9e495953085c12c04649f
CLIENT_HANDSHAKE_TRAFFIC_SECRET 629c162dc76c1a17c3e23822633af3b24887b5498bc0c718f8d46a3d898e5150 9f4d55c798f9b21c9cdae30359a745df73454354a434f1de5d92d96fcf3e76c7
SERVER_HANDSHAKE_TRAFFIC_SECRET 629c162dc76c1a17c3e23822633af3b24887b5498bc0c718f8d46a3d898e5150 b734919b4b371cbe8ba09f4336710281d75b82771fd5766e562bac44176c1e25
CLIENT_TRAFFIC_SECRET_0 629c162dc76c1a17c3e23822633af3b24887b5498bc0c718f8d46a3d898e5150 60b8258b43a588f2e68aba2c4ee0a1c0766a4912f546958b2cba5ca5bd113c04
SERVER_TRAFFIC_SECRET_0 629c162dc76c1a17c3e23822633af3b24887b5498bc0c718f8d46a3d898e5150 02afb0ee598a254857f1c8536411772c21922a333eec1a3c364af247c87af21e
CLIENT_HANDSHAKE_TRAFFIC_SECRET fdc9825e3a8d410973c87008b79258f1cdb37e593cd9afff7f79d295826acde3 ed458eb8cbb1c4ebad7abc5077e7f73eaaee22e60fe365187fe5e6644c42fa48
SERVER_HANDSHAKE_TRAFFIC_SECRET fdc9825e3a8d410973c87008b79258f1cdb37e593cd9afff7f79d295826acde3 174641d7b43359d805944a33a6dc68586784deab1d62fab1ce89e913aba8bdc1
CLIENT_TRAFFIC_SECRET_0 fdc9825e3a8d410973c87008b79258f1cdb37e593cd9afff7f79d295826acde3 804cb706e157ebe059d4d753bded148915acd45988648ad09f17bc4d316b9ead
SERVER_TRAFFIC_SECRET_0 fdc9825e3a8d410973c87008b79258f1cdb37e593cd9afff7f79d295826acde3 3701b8acada02de4307969677af2cc27b9775b73aedad94edc36318a5739bb8a
CLIENT_HANDSHAKE_TRAFFIC_SECRET 77e58db559d6a5b64dda369d5143f94f5f49694f5e5c7ebbd3400178d87e2870 9ca67241ac3c9d6471a082273072d022a6b6eb375de3f12fdf4458ffe747fa38
SERVER_HANDSHAKE_TRAFFIC_SECRET 77e58db559d6a5b64dda369d5143f94f5f49694f5e5c7ebbd3400178d87e2870 12cd03cfcf73a132d6e4d04061c436a3422ef6b781017adf3f656e069ec35fd2
CLIENT_TRAFFIC_SECRET_0 77e58db559d6a5b64dda369d5143f94f5f49694f5e5c7ebbd3400178d87e2870 96ab45e53c6959097da7e28ca1fed504b877fa661747a0f58386c2096c2d15e4
SERVER_TRAFFIC_SECRET_0 77e58db559d6a5b64dda369d5143f94f5f49694f5e5c7ebbd3400178d87e2870 8fc7300f1cdc2b01456f49a4ef8da29a047f56a25f331041a8d7eeafb047f232
CLIENT_HANDSHAKE_TRAFFIC_SECRET 91850d6150e6d66a989093605f4bb9317ad63f5c7cc766e1b1460fedd42a0024 fdad02606c21ccc63983467af45cd557f4f55e2b4583fb02c25f43f4b1c3f90c
SERVER_HANDSHAKE_TRAFFIC_SECRET 91850d6150e6d66a989093605f4bb9317ad63f5c7cc766e1b1460fedd42a0024 9d23620fe1cbacdd5af2e79c1318ebeff4c83c1cfc164758dc6aa329c8bb6515
CLIENT_TRAFFIC_SECRET_0 91850d6150e6d66a989093605f4bb9317ad63f5c7cc766e1b1460fedd42a0024 e2b7dc98db22c2577e3f0b57c3e883edd4660414bb681d40c1eaed62a4006fa7
SERVER_TRAFFIC_SECRET_0 91850d6150e6d66a989093605f4bb9317ad63f5c7cc766e1b1460fedd42a0024 1db442ec271475e1dbdbed1b126d35c191cf7b76a996ce1b2edefc677eb8066c
CLIENT_HANDSHAKE_TRAFFIC_SECRET a0598e60f0ae48d3c10703c3fd67e060d9120c26d458fb207e1158319138a211 89373e9be38caf55d00d1b2d1a3ba58c80a3301c03f2d6b680203e190efbda85
SERVER_HANDSHAKE_TRAFFIC_SECRET a0598e60f0ae48d3c10703c3fd67e060d9120c26d458fb207e1158319138a211 8223b51f56a2916143ccfeb3bf566d4645991c06b7dbf9519d0772f6c2a271b1
CLIENT_TRAFFIC_SECRET_0 a0598e60f0ae48d3c10703c3fd67e060d9120c26d458fb207e1158319138a211 2cc73902a27bf9d0e2e59396de89e491978102364dd65cfffdbca8774bc2b43f
SERVER_TRAFFIC_SECRET_0 a0598e60f0ae48d3c10703c3fd67e060d9120c26d458fb207e1158319138a211 ac905e71df00a50e1cf76497433cfe0c902c0437409bf731028dfc629b10483a
CLIENT_HANDSHAKE_TRAFFIC_SECRET 69192e004088b4da98477c7191b157bd86c903e42c52f2f104398351eae59b3d 6b53a00936426162b733ac8282165701648985e0894e78574462018a24fa23a9
SERVER_HANDSHAKE_TRAFFIC_SECRET 69192e004088b4da98477c7191b157bd86c903e42c52f2f104398351eae59b3d 0a9393a21135429b86e98bb38f5291921900676f1d90b02adc2dc8915fe94ffa
CLIENT_TRAFFIC_SECRET_0 69192e004088b4da98477c7191b157bd86c903e42c52f2f104398351eae59b3d 6ecfa9cf80913f2fa3abe2bf91ea0e60b2b0ad32800c0ef4c4292d9e1cb0c565
SERVER_TRAFFIC_SECRET_0 69192e004088b4da98477c7191b157bd86c903e42c52f2f104398351eae59b3d 6a00842bcabf78aee0cff80f54e1bd3813e757ddd2dd42b6cb749c9e62c2e300
CLIENT_HANDSHAKE_TRAFFIC_SECRET 00c5ff6070d8654a0f0e4e1957794736934cc0d1372cd45ca149e05720bf9d4f 88d8a53005a66d69913c9d9bb65927c903bd1a59a1ad681e23aaa23070250f38
SERVER_HANDSHAKE_TRAFFIC_SECRET 00c5ff6070d8654a0f0e4e1957794736934cc0d1372cd45ca149e05720bf9d4f 21d80747cf75f9b2cb59095ced1ecff3f311a20bd3edf56f325ee8a9a7bfe787
CLIENT_TRAFFIC_SECRET_0 00c5ff6070d8654a0f0e4e1957794736934cc0d1372cd45ca149e05720bf9d4f fa0c1a62522c6db8a74c0b6c485de09fb8f925452caf7470218f7cd6ee276f95
SERVER_TRAFFIC_SECRET_0 00c5ff6070d8654a0f0e4e1957794736934cc0d1372cd45ca149e05720bf9d4f 1126e73a51392d39544179583d279e9ff388c16ce975f46952a3c902f23cfc00
CLIENT_HANDSHAKE_TRAFFIC_SECRET af8c638c3292f26acf151dbca719603bc47f9d0b4643416baebae1d9e9c42916 6d619ca9d136a2fa5ffe16154fc96f0e0ab80ddf7cca8175311d633f9d5f4a18
SERVER_HANDSHAKE_TRAFFIC_SECRET af8c638c3292f26acf151dbca719603bc47f9d0b4643416baebae1d9e9c42916 7aa78282675311039db7f4e2dcdf74feac265932ab2b68156958cbb1b39e555d
CLIENT_TRAFFIC_SECRET_0 af8c638c3292f26acf151dbca719603bc47f9d0b4643416baebae1d9e9c42916 68c8b87623f285a4d0d394dfe5a23e1bf1eb9a0638cd643273d8f5e3297400d7
SERVER_TRAFFIC_SECRET_0 af8c638c3292f26acf151dbca719603bc47f9d0b4643416baebae1d9e9c42916 03d13f24e4ee2fb262462e5ff10c265b3f1d44cf52b57d81ffec85eed0375257
CLIENT_HANDSHAKE_TRAFFIC_SECRET 6cbfb08248db71b412851b13fcb1a96cd99c6f4fd7f196519c644d4d5e68ce83 125bcc5c0f9549b47c74abcf6bbb00902cdb30a22423a525b6ca6d6207dc76e9
SERVER_HANDSHAKE_TRAFFIC_SECRET 6cbfb08248db71b412851b13fcb1a96cd99c6f4fd7f196519c644d4d5e68ce83 a41bd19a58396b4362fbe96c49f1b62ecb2728fd153097068527fc445430b12a
CLIENT_TRAFFIC_SECRET_0 6cbfb08248db71b412851b13fcb1a96cd99c6f4fd7f196519c644d4d5e68ce83 5f4b5e4dcd9917aaa202a06dc5ad41d58623ad0ee85cc63ee62ed0cd95e186d0
SERVER_TRAFFIC_SECRET_0 6cbfb08248db71b412851b13fcb1a96cd99c6f4fd7f196519c644d4d5e68ce83 c09e18d29f86a4913bdd417f38c9258531ddd5b77ed969db58b977dde7ac4e83
CLIENT_HANDSHAKE_TRAFFIC_SECRET 6a9146fc666b81b5dcb85f292df75c2cf085f0769deeb172ac4b0a39ff36f75c 5aa99b8896e6480500c9f8876312e0bbfa66090774dee382a766b83797d81546
SERVER_HANDSHAKE_TRAFFIC_SECRET 6a9146fc666b81b5dcb85f292df75c2cf085f0769deeb172ac4b0a39ff36f75c 2c733c3ac6383361fc11b6bf6d6a412a953f50e1f92b659da8bb689f9fc51457
CLIENT_TRAFFIC_SECRET_0 6a9146fc666b81b5dcb85f292df75c2cf085f0769deeb172ac4b0a39ff36f75c 6f69f334c0faf36b3654443fe3138a897b87812804f936e2b597d57fd329028e
SERVER_TRAFFIC_SECRET_0 6a9146fc666b81b5dcb85f292df75c2cf085f0769deeb172ac4b0a39ff36f75c 4eea66edae2523b6abe3aaa0b3ffb7cca5004ff2c14ca8864bd172368b4042d7
CLIENT_HANDSHAKE_TRAFFIC_SECRET 472557aa45b5ae327494dc923fc978719c53b01c838e028214373cdc9e2f4d9a 7be9499c6ff9dd9057db32427d5e209cf8c341b400e2db06c83426156167c3ba
SERVER_HANDSHAKE_TRAFFIC_SECRET 472557aa45b5ae327494dc923fc978719c53b01c838e028214373cdc9e2f4d9a dd51db06c8cca30e61160c2becbd1be9cf282745eceb39b2d45a5af159431676
CLIENT_TRAFFIC_SECRET_0 472557aa45b5ae327494dc923fc978719c53b01c838e028214373cdc9e2f4d9a 5a854ed21bbcf8c63a6c95616d143927350c803a0bbf9d1ab63d271aa288e6f5
SERVER_TRAFFIC_SECRET_0 472557aa45b5ae327494dc923fc978719c53b01c838e028214373cdc9e2f4d9a ab798e3c98ce2fe14da5c6784f3144156424dc77204c26c2ee08cfd5b7b81d7b
CLIENT_HANDSHAKE_TRAFFIC_SECRET e825aea2d2bacd89ace4bbee7fab52ea0339b2be820d375845b2d5cacce1be70 f4efc3521b92d46de15945c61327273b278d511881365bdbeab96dc4bd67f95f
SERVER_HANDSHAKE_TRAFFIC_SECRET e825aea2d2bacd89ace4bbee7fab52ea0339b2be820d375845b2d5cacce1be70 f07afe705db44de4b0c7e462e8c64cccc887ef34fb963075468b531db4d103d3
CLIENT_TRAFFIC_SECRET_0 e825aea2d2bacd89ace4bbee7fab52ea0339b2be820d375845b2d5cacce1be70 33aeb337a90aba00d26d4f51cd25e6f77fbd844d869135cebf4fa106152dfcd6
SERVER_TRAFFIC_SECRET_0 e825aea2d2bacd89ace4bbee7fab52ea0339b2be820d375845b2d5cacce1be70 dae406a64ffc030d59b3b6ebc31a3a2b41ee92f6834e661f15bb1ca7a20759e6
CLIENT_HANDSHAKE_TRAFFIC_SECRET 925a2f91b7114b1cb30fdcf55a3c80ebb4db80a3697a0458698509e6dc3acbb6 adfa504de02df1f8245e1a8911d58819da58d14e35271924ce13bfb08a594197
SERVER_HANDSHAKE_TRAFFIC_SECRET 925a2f91b7114b1cb30fdcf55a3c80ebb4db80a3697a0458698509e6dc3acbb6 30ec3aaca9a64a877a599db9fff2e2d23a8f067721a206e6783e8a79b1c1c301
CLIENT_TRAFFIC_SECRET_0 925a2f91b7114b1cb30fdcf55a3c80ebb4db80a3697a0458698509e6dc3acbb6 689279f385e01d2d14ccf2f834f0dbadbaffc0f5bd59dffe1e3c5019ff0447aa
SERVER_TRAFFIC_SECRET_0 925a2f91b7114b1cb30fdcf55a3c80ebb4db80a3697a0458698509e6dc3acbb6 b1f5987e3e94b320f4a20d9d3170cff152251d143f580a2da0bf2d79410be537
CLIENT_HANDSHAKE_TRAFFIC_SECRET f2b804f33e33bfa48b4a1089c0f2da2703836d87be1e7237342a63a57519a218 0df8ff615e20f9c3d5ede57df622efefa9f8a308d985cfcbd1554aaa97e6a8cc
SERVER_HANDSHAKE_TRAFFIC_SECRET f2b804f33e33bfa48b4a1089c0f2da2703836d87be1e7237342a63a57519a218 bc20883999565cbcfbd3c292cdd8adbf6041c796a7ce5cc33545cbf6fbd83137
CLIENT_TRAFFIC_SECRET_0 f2b804f33e33bfa48b4a1089c0f2da2703836d87be1e7237342a63a57519a218 25413d1f0f3721b8fa51d15d26591f92b70f18ffb4f4eec2bd2c8964754bb6cd
SERVER_TRAFFIC_SECRET_0 f2b804f33e33bfa48b4a1089c0f2da2703836d87be1e7237342a63a57519a218 cdd22a98f8833d772e559de00e3011a163c882eaff92cc83a5531f7c6c885940
CLIENT_HANDSHAKE_TRAFFIC_SECRET f701c880a6b48f38063abd92ce0703614dfa5bb118ad12a8e9e55117ba6feb98 f42683c679bc1c4c715f1a331b031b103e20b0375ebc9d844e639bac5451e5a9
SERVER_HANDSHAKE_TRAFFIC_SECRET f701c880a6b48f38063abd92ce0703614dfa5bb118ad12a8e9e55117ba6feb98 73c1f361d5385cdc3fbed8887a2ed3d6751764fb1da4636b695528fb1653ee15
CLIENT_TRAFFIC_SECRET_0 f701c880a6b48f38063abd92ce0703614dfa5bb118ad12a8e9e55117ba6feb98 e810c816867378776f9c7674cb32489219d5fe3ab145b70370395179794e2ee0
SERVER_TRAFFIC_SECRET_0 f701c880a6b48f38063abd92ce0703614dfa5bb118ad12a8e9e55117ba6feb98 1ad1d252b4b242f85d408f8f5028381d349df67ae1ebc9c65c7bd59eecd77338
CLIENT_HANDSHAKE_TRAFFIC_SECRET 5544b779b5d6173316b9fef49e96101243aa758af62a1129019b0022390a6c67 3b76e9c46fb7c2e031c0f5e470212b2b8969e36ebe020d98cf7d9443b55d11ec
SERVER_HANDSHAKE_TRAFFIC_SECRET 5544b779b5d6173316b9fef49e96101243aa758af62a1129019b0022390a6c67 0bcc560aadfa7386efae65e84eab0bf13a7c1eec491164f8a8b1e77e0a360ae4
CLIENT_TRAFFIC_SECRET_0 5544b779b5d6173316b9fef49e96101243aa758af62a1129019b0022390a6c67 bd183a83568f62a771415639f29b3b8db3d330ed75477df3f10add5f0bd076fc
SERVER_TRAFFIC_SECRET_0 5544b779b5d6173316b9fef49e96101243aa758af62a1129019b0022390a6c67 b5b069079e60983f21de40fcb4f726b592e54755593b98b663391c853054def2
CLIENT_HANDSHAKE_TRAFFIC_SECRET 8abf1c6395da5253a1d9913398606a2c940cb5a18485f15f644aff8fb45ec67d b30a138e07854a6eb667b6ef345cedbc1a21cb870e9843e5714fd5f3ee1e5767
SERVER_HANDSHAKE_TRAFFIC_SECRET 8abf1c6395da5253a1d9913398606a2c940cb5a18485f15f644aff8fb45ec67d 0785b72ac7f79ad9d468b3eb79c7996723caff6d618bd4757e40947445bf271b
CLIENT_TRAFFIC_SECRET_0 8abf1c6395da5253a1d9913398606a2c940cb5a18485f15f644aff8fb45ec67d 6e8bb6c651423d0b12e5cc7b190201a215631d51c2da37dcdbd533655f26c589
SERVER_TRAFFIC_SECRET_0 8abf1c6395da5253a1d9913398606a2c940cb5a18485f15f644aff8fb45ec67d 23d87e79f699ca91c96953b8250b5505cd27c6bddc03fe517116a56588b4e386
CLIENT_HANDSHAKE_TRAFFIC_SECRET 99e8d3fb70878c314c153cd9a61dadedf3a369dc2004e8d0df3d11110896c16e 1cde18b69b22895a48dbe3379b9195b1b1a9b149bd11e03c28d1e4fbcc620ff4
SERVER_HANDSHAKE_TRAFFIC_SECRET 99e8d3fb70878c314c153cd9a61dadedf3a369dc2004e8d0df3d11110896c16e 6a68969d8177503aad36159827e9fd3ec64e092b85838b7d1f5e26e51a357117
CLIENT_TRAFFIC_SECRET_0 99e8d3fb70878c314c153cd9a61dadedf3a369dc2004e8d0df3d11110896c16e c542c60ddab2977f62a5cfc67a665883d5095402d2c46f37101ab326d61ecb5b
SERVER_TRAFFIC_SECRET_0 99e8d3fb70878c314c153cd9a61dadedf3a369dc2004e8d0df3d11110896c16e 342c8fd284fd1efb3f570d1e6cacd35aaa9373ee90d6dfab7a11ce072aab60e3
CLIENT_HANDSHAKE_TRAFFIC_SECRET f3d9d70e647ece2a1bd01657d92d9ae2ccb77e2778d2043b8ae579b1105fbb65 6ae045cf3318643a9d6d12c4f3d55d3f2873360d97456c08e6d1833774477f4a
SERVER_HANDSHAKE_TRAFFIC_SECRET f3d9d70e647ece2a1bd01657d92d9ae2ccb77e2778d2043b8ae579b1105fbb65 a86a1c90900e66de115a1ba5d674c6e76f3e01358631484cb0afe8aa8ac2f9b9
CLIENT_TRAFFIC_SECRET_0 f3d9d70e647ece2a1bd01657d92d9ae2ccb77e2778d2043b8ae579b1105fbb65 494781c910a837febe03825a7f98760f371bdd8ca597f0465ef066770b377681
SERVER_TRAFFIC_SECRET_0 f3d9d70e647ece2a1bd01657d92d9ae2ccb77e2778d2043b8ae579b1105fbb65 8dcba74c25e8dc12dcd86739bea6cccba114e8e0b49bc3ef08b7483108211d21
CLIENT_HANDSHAKE_TRAFFIC_SECRET 3d485423c3a7502fa3fd015d3abe13b493d66cc75960d6df25dcf6c7976bb643 3c9fd4db97aa0c8d3584945446d123c70890d3ff8f658cbffe05d4d897a42a0e
SERVER_HANDSHAKE_TRAFFIC_SECRET 3d485423c3a7502fa3fd015d3abe13b493d66cc75960d6df25dcf6c7976bb643 95ee2952f42b1b4938b2dc0c132f6af7165780a9affe3a77c10eeb07d23527dc
CLIENT_TRAFFIC_SECRET_0 3d485423c3a7502fa3fd015d3abe13b493d66cc75960d6df25dcf6c7976bb643 4b9815628a9502255a5cfd0d9bfe633fc91b801142fd138b6b993c8e0262ac80
SERVER_TRAFFIC_SECRET_0 3d485423c3a7502fa3fd015d3abe13b493d66cc75960d6df25dcf6c7976bb643 df11aa2e4365d38fd70eb354165aa52b408d2e2aca69900f662a41deee7c9b01
CLIENT_HANDSHAKE_TRAFFIC_SECRET 7e5b07de90bda38e2e2ba4bc20391285cf78759a84481efa1ff7028ff1152644 da9d6c451d998f4f7c125a00c9a96c9e1558051871b520576f1060281fe408b1
SERVER_HANDSHAKE_TRAFFIC_SECRET 7e5b07de90bda38e2e2ba4bc20391285cf78759a84481efa1ff7028ff1152644 5aa15d7d66c08c48558b96fb7101ec1eeb0650cebbae4a9072bc24081c50353b
CLIENT_TRAFFIC_SECRET_0 7e5b07de90bda38e2e2ba4bc20391285cf78759a84481efa1ff7028ff1152644 f7af9f5952c4946370519bd8aa53d2abb6c10f7d1a055a84fe16618ae65c7203
SERVER_TRAFFIC_SECRET_0 7e5b07de90bda38e2e2ba4bc20391285cf78759a84481efa1ff7028ff1152644 c1576464f9bfd63b03431471a86c8f39c27f2f2724a0764ab19a1c711153e0bc
CLIENT_HANDSHAKE_TRAFFIC_SECRET e9ad9c38c5c13b7e4825e2247c39d9d7e57920fb2e45034ea88391ca47bd0cc7 2dbb0f476c82d0fb7ab181d72af37e8985d631219b525cd4bcb59b9a5cb65185
SERVER_HANDSHAKE_TRAFFIC_SECRET e9ad9c38c5c13b7e4825e2247c39d9d7e57920fb2e45034ea88391ca47bd0cc7 1248e60d68c4b230473ce2c3d2581e04b147850777ce85badcb2d5c829faedff
CLIENT_TRAFFIC_SECRET_0 e9ad9c38c5c13b7e4825e2247c39d9d7e57920fb2e45034ea88391ca47bd0cc7 b57771165e069f0273d53dec5450ae39854dcf9e91cd19a0a365f7d3f0209360
SERVER_TRAFFIC_SECRET_0 e9ad9c38c5c13b7e4825e2247c39d9d7e57920fb2e45034ea88391ca47bd0cc7 21e3dd28bdbad489af896c75c47ad9a1049ca4c153603c8d2f543ff29ad9fca0
CLIENT_HANDSHAKE_TRAFFIC_SECRET 1a14b4d3a5cdb335c783228974d430a43a977667ea2bffd23fcd504c30c7e8e1 fc4515272b9ef2371c8336577bad2cf498788cd5ad22f1afebce720d78334958
SERVER_HANDSHAKE_TRAFFIC_SECRET 1a14b4d3a5cdb335c783228974d430a43a977667ea2bffd23fcd504c30c7e8e1 18132d848728ea3fcdfba8663145bd7b091dfb9d952ec9e78d14ab47575338d6
CLIENT_TRAFFIC_SECRET_0 1a14b4d3a5cdb335c783228974d430a43a977667ea2bffd23fcd504c30c7e8e1 61c32babbe1d95c720da94771dfec0155eb7e6bbed541f365eece8000ebdd207
SERVER_TRAFFIC_SECRET_0 1a14b4d3a5cdb335c783228974d430a43a977667ea2bffd23fcd504c30c7e8e1 997094c99a01d3af9574737abde681a06485178cd1406f1013eaa44cb713ea9b
CLIENT_HANDSHAKE_TRAFFIC_SECRET d4dbe40a650ef92d46279bc53f06412a70adc6cfb88f6ce6b81d47be3ae17a46 e353fa0e6a4ab56dd8923a6d8ab045da39fbc8e8ef1a6f597fa7ba95bbc3239d
SERVER_HANDSHAKE_TRAFFIC_SECRET d4dbe40a650ef92d46279bc53f06412a70adc6cfb88f6ce6b81d47be3ae17a46 63227df17bc477372007d1af1353031611b08d178c68d0dd8c492fc10a6b766e
CLIENT_TRAFFIC_SECRET_0 d4dbe40a650ef92d46279bc53f06412a70adc6cfb88f6ce6b81d47be3ae17a46 aa7b04840bc66594e54faef5ca150d7560bfaef15b8cea011c90ea18d3989116
SERVER_TRAFFIC_SECRET_0 d4dbe40a650ef92d46279bc53f06412a70adc6cfb88f6ce6b81d47be3ae17a46 a6fef559ffb2de95a66d4636e98aaf5af30104441e7fbd5abf8d301666c2b8db
CLIENT_HANDSHAKE_TRAFFIC_SECRET 5acfcdfc20f8c2db6d86d0f82cfe4405cd7344b5ef7ef910e9a6aa9b7efe63c7 6cd8d475c0afb5cbdb06b8ad0a3a2f5c250294bf70611a03b7ee8ebb3da1dc1f
SERVER_HANDSHAKE_TRAFFIC_SECRET 5acfcdfc20f8c2db6d86d0f82cfe4405cd7344b5ef7ef910e9a6aa9b7efe63c7 535d9361db43e4a72719770f6d4aeb332d31af54c547a7cd95335f28daf7355b
CLIENT_TRAFFIC_SECRET_0 5acfcdfc20f8c2db6d86d0f82cfe4405cd7344b5ef7ef910e9a6aa9b7efe63c7 c05d46a02cfbec3198758ece5cb1a6ab8744419707bbc61eb8a0784fc10182b3
SERVER_TRAFFIC_SECRET_0 5acfcdfc20f8c2db6d86d0f82cfe4405cd7344b5ef7ef910e9a6aa9b7efe63c7 c7f3b3df08bec2c0570f29b3a46bd7d633c8ebd40d009e63404f82182c86a8b7
CLIENT_HANDSHAKE_TRAFFIC_SECRET 681198589cbd931a42f1b742cbdce080e1df350cbda21e27d94fbbafe58cbddc e17b69d788882b5a2819891950971cc67af647facec5b45d27a838bffa89ef08
SERVER_HANDSHAKE_TRAFFIC_SECRET 681198589cbd931a42f1b742cbdce080e1df350cbda21e27d94fbbafe58cbddc fd8fa7864c6cbab8f8a8ce986cb5c7c458978e80a2a3713c8fdf85fe32142687
CLIENT_TRAFFIC_SECRET_0 681198589cbd931a42f1b742cbdce080e1df350cbda21e27d94fbbafe58cbddc 147abbf386675972dcea652bcf017c5a41845919cfefbcb89f73d3e826215eee
SERVER_TRAFFIC_SECRET_0 681198589cbd931a42f1b742cbdce080e1df350cbda21e27d94fbbafe58cbddc 5d82c4aaf60eee21c21396fc882cb02950e21ee10c7d954e24d48811c631071f
CLIENT_HANDSHAKE_TRAFFIC_SECRET acfd6190f86dd222f1bcedd49deb1174bd3a9665e64202172206b76d422e3f20 2c5ff2dffce63b6d401edb0c3ca9a202e3182b50eb34f10012269177f204d0fc
SERVER_HANDSHAKE_TRAFFIC_SECRET acfd6190f86dd222f1bcedd49deb1174bd3a9665e64202172206b76d422e3f20 83b9680137f009160866e9fa9d1c6a77e5df0c3dbe77ea1b18a37a1d33023205
CLIENT_TRAFFIC_SECRET_0 acfd6190f86dd222f1bcedd49deb1174bd3a9665e64202172206b76d422e3f20 75bb2b7e3c2aa59107cbba54324ecf57e1fc5ae6a4aac1edef0ce7d203d93f07
SERVER_TRAFFIC_SECRET_0 acfd6190f86dd222f1bcedd49deb1174bd3a9665e64202172206b76d422e3f20 d0f1d507e26cab7cab3750acbaa7ad3a0808943ff85d934f77b25d389188155f
CLIENT_HANDSHAKE_TRAFFIC_SECRET a6c729256bd8d1f167c87d5ae743aca11d8d72a994c1d8c852c05f78dc6d2890 019461b58c10514e1a2df6caac27d45a165eb87b7daecba2490a1d4dd65652e5
SERVER_HANDSHAKE_TRAFFIC_SECRET a6c729256bd8d1f167c87d5ae743aca11d8d72a994c1d8c852c05f78dc6d2890 0ba6871e556e2f20d5e3b5e9e3fd20649978c4479706bc3d9c876856cfded636
CLIENT_TRAFFIC_SECRET_0 a6c729256bd8d1f167c87d5ae743aca11d8d72a994c1d8c852c05f78dc6d2890 17e8750410de178b26b6072b5cde3d3ac8f56c365e728517563e5550263f20ff
SERVER_TRAFFIC_SECRET_0 a6c729256bd8d1f167c87d5ae743aca11d8d72a994c1d8c852c05f78dc6d2890 a515300424a6918b34722d90ad6b280095b38878783f68ce96f39a79556dfcba
CLIENT_HANDSHAKE_TRAFFIC_SECRET 691448e0e2c83160a34a43dde8c579390ee67b591556b1ae3ccbfef4e4775c9b fde79083931813c0f25703bd27e7a6fc5d3100b253ca448e45dce70f8a6df305
SERVER_HANDSHAKE_TRAFFIC_SECRET 691448e0e2c83160a34a43dde8c579390ee67b591556b1ae3ccbfef4e4775c9b 4400bed0cdbb0dfc3ee1771e2434af9c80362a97a0899dc2f2255eab50faff65
CLIENT_TRAFFIC_SECRET_0 691448e0e2c83160a34a43dde8c579390ee67b591556b1ae3ccbfef4e4775c9b 942549c990e6edd0af9de3faf7cd2cb40dfa7957502a186b26e2d479f953068e
SERVER_TRAFFIC_SECRET_0 691448e0e2c83160a34a43dde8c579390ee67b591556b1ae3ccbfef4e4775c9b c2a3e9f115d879eeae3532187bc35078eb2dbeef3d62088cbd41b7f59b79b2bb
CLIENT_HANDSHAKE_TRAFFIC_SECRET cdb815a4f4ffe39785482f69bb61bc21c350947d70abb236fc04f8c5d799b128 c03f0f8ded77b7ff3ab436f814b9ff5b290afc18a341d96df450ce7468241d4f
SERVER_HANDSHAKE_TRAFFIC_SECRET cdb815a4f4ffe39785482f69bb61bc21c350947d70abb236fc04f8c5d799b128 3e3a0d2543f941e9126b10fb547c68016d1937af59ab27a57090137d74129e23
CLIENT_TRAFFIC_SECRET_0 cdb815a4f4ffe39785482f69bb61bc21c350947d70abb236fc04f8c5d799b128 c9bb59f650ae16750f97bd27a85dbf77629a6104aeb762ecf7fc9aad624fa762
SERVER_TRAFFIC_SECRET_0 cdb815a4f4ffe39785482f69bb61bc21c350947d70abb236fc04f8c5d799b128 c6109ca5cc8c6722aa90101d04daf944479f74fe791961c56ac3a562b333d7bf
CLIENT_HANDSHAKE_TRAFFIC_SECRET 137324bb46c4cf7815f95e64148b4eee41d3255f93138d394ee7df0222ff7fa0 43fefa985ae41774da783dcc5d6a5020929768b0c3bf4550b3df61c4a38521db
SERVER_HANDSHAKE_TRAFFIC_SECRET 137324bb46c4cf7815f95e64148b4eee41d3255f93138d394ee7df0222ff7fa0 362e9ec8913c4d33897dfb2ea3524913769a7af51066bcac4f136206e6a1b14e
CLIENT_TRAFFIC_SECRET_0 137324bb46c4cf7815f95e64148b4eee41d3255f93138d394ee7df0222ff7fa0 157c9d0ab70fd128c2e455ebcb1e085e0ccb70049a3e83daacece0c87194e56a
SERVER_TRAFFIC_SECRET_0 137324bb46c4cf7815f95e64148b4eee41d3255f93138d394ee7df0222ff7fa0 e6b8fa84490adb2ad0fb023aeadb4d0900230b99de0fec314dbcf60206c6a1ea
CLIENT_HANDSHAKE_TRAFFIC_SECRET 608ae4cb8ab3018c0e8e915990a9e297eba6fa1792bc644b22572e1276ecee97 16c9a860c3034b5da54b282f2751b0cf2d6cc9a30c14fd230af5b4e47967a90b
SERVER_HANDSHAKE_TRAFFIC_SECRET 608ae4cb8ab3018c0e8e915990a9e297eba6fa1792bc644b22572e1276ecee97 db9faedacae72e93ee58f7bba2a5e07905e3a09207174124151cbcfacc0fb781
CLIENT_TRAFFIC_SECRET_0 608ae4cb8ab3018c0e8e915990a9e297eba6fa1792bc644b22572e1276ecee97 8020491b3c43c96638e54c50651330d7f63dc468fc3505a478e29e50ddf3df86
SERVER_TRAFFIC_SECRET_0 608ae4cb8ab3018c0e8e915990a9e297eba6fa1792bc644b22572e1276ecee97 f877e20995029616a37b6563e61e479b7ea5897003647364edfec972917d723d
CLIENT_HANDSHAKE_TRAFFIC_SECRET 70f582e61d12c5ccba16ac696eac5bb559dc35405aa98c2a905aa784ddc1b1ed 95a76cf839c5e998659e50c75cc26d3a7d7fa8c983d484c459c3455c8cb7eae3
SERVER_HANDSHAKE_TRAFFIC_SECRET 70f582e61d12c5ccba16ac696eac5bb559dc35405aa98c2a905aa784ddc1b1ed 4482c91c70b8926144792f7d662d2dd74ea52dfae05c9071b458639d91804701
CLIENT_TRAFFIC_SECRET_0 70f582e61d12c5ccba16ac696eac5bb559dc35405aa98c2a905aa784ddc1b1ed b1c509e74bcffde9b8209d85c5c5bcb1cd13ac5bdb937e1f81cde24f9cad1ba3
SERVER_TRAFFIC_SECRET_0 70f582e61d12c5ccba16ac696eac5bb559dc35405aa98c2a905aa784ddc1b1ed 87acce086e12eeccc20e4fb6ea48ca5ead2c3aeea5e291ebd6cde16a15cb0926
CLIENT_HANDSHAKE_TRAFFIC_SECRET a570371525de8fd895a68663fe700bc07a594c244ad095cf644a661816c7a161 bd9c1f2bd1674ba5b58d18cdf1892960d1dc7aeafae5f262019c7d5819dc42cb
SERVER_HANDSHAKE_TRAFFIC_SECRET a570371525de8fd895a68663fe700bc07a594c244ad095cf644a661816c7a161 83ccbe54e7569329e6a311ddccbf9cd6b6b0ee11220f8951249e7d5ed21059a2
CLIENT_TRAFFIC_SECRET_0 a570371525de8fd895a68663fe700bc07a594c244ad095cf644a661816c7a161 ec8905ac04677efc5cdeb2590ded6b572fd5e9f7a7d34643e78800d1287ac956
SERVER_TRAFFIC_SECRET_0 a570371525de8fd895a68663fe700bc07a594c244ad095cf644a661816c7a161 af1fb74bf4843a69c74498738026eb171bd822f7b6763ad5cec93ee959592c03
CLIENT_HANDSHAKE_TRAFFIC_SECRET b23192448d9fc34d1c970182b720a5328718a06d91c9e04676cbf031a8d43a21 aa7078ba8dfb86d558164edbc8a099d2c6f962c01b35774898ff36ee42ffc7c0
SERVER_HANDSHAKE_TRAFFIC_SECRET b23192448d9fc34d1c970182b720a5328718a06d91c9e04676cbf031a8d43a21 4e447e44a1e9899a403e052de04e388a0e4c8628f4f78f716488cdb74ac07f91
CLIENT_TRAFFIC_SECRET_0 b23192448d9fc34d1c970182b720a5328718a06d91c9e04676cbf031a8d43a21 d73d2e06d649d0942c276fb099b641ed9ade319f176788cf52f690be93c0f358
SERVER_TRAFFIC_SECRET_0 b23192448d9fc34d1c970182b720a5328718a06d91c9e04676cbf031a8d43a21 c52e3c3c4723816b01d4c72e187aca68beeb08e0c1ae2e65cc13c13319e80895
CLIENT_HANDSHAKE_TRAFFIC_SECRET a7154ebbf47fb76399931fd4d7afd255ff994ba65d236b4bd5524faf940c5b29 5017721bb108a580e9e238d101458498561f98eedc23313ecfe86a0055a2770f
SERVER_HANDSHAKE_TRAFFIC_SECRET a7154ebbf47fb76399931fd4d7afd255ff994ba65d236b4bd5524faf940c5b29 ac97ba35e66887bf2e336b26ebc6a01f290875e9163664fef137d0208df0dc2c
CLIENT_TRAFFIC_SECRET_0 a7154ebbf47fb76399931fd4d7afd255ff994ba65d236b4bd5524faf940c5b29 fb1e63b059f4d3fd0d3f0aabac1ff58d4fe21d75a1b4b59a17fa6d3091567985
SERVER_TRAFFIC_SECRET_0 a7154ebbf47fb76399931fd4d7afd255ff994ba65d236b4bd5524faf940c5b29 15c8fdc4c3fa5626c17b1fcf3f9cc1ae2259110ccc49dce575357027513f21ba
CLIENT_HANDSHAKE_TRAFFIC_SECRET e584ffbb6fd20e1f894e336da3dd3f0b38a8db5a1395245a3745a6fadab30909 e1377da853faf6bbd211a4f4065f92565b32f00ce1059641b133285c90cb8951
SERVER_HANDSHAKE_TRAFFIC_SECRET e584ffbb6fd20e1f894e336da3dd3f0b38a8db5a1395245a3745a6fadab30909 58808bc69949c7ff635ba04bdb03bc72edbeb6423f11ce1a5218f4a1952a5218
CLIENT_TRAFFIC_SECRET_0 e584ffbb6fd20e1f894e336da3dd3f0b38a8db5a1395245a3745a6fadab30909 cc44b8fa81e52018f4f89f05a7796855ab54f395a52c86f6dfb7845a823dfdd6
SERVER_TRAFFIC_SECRET_0 e584ffbb6fd20e1f894e336da3dd3f0b38a8db5a1395245a3745a6fadab30909 b550cc682135f27c193987d78f7f9491fade9321956c8fbe23e16e7d2c452d01
CLIENT_HANDSHAKE_TRAFFIC_SECRET 2e22a295bcaa18b22bb4cf6b7f91e1da01d21e0c2257920c09ed26e189d62a09 f18cd3c517ae5d1516b52ef59a1a1a684bb66139d2ab42e4808937ad81997558
SERVER_HANDSHAKE_TRAFFIC_SECRET 2e22a295bcaa18b22bb4cf6b7f91e1da01d21e0c2257920c09ed26e189d62a09 ce3133de99016d48ecc2134b3fd8b8fd408828d95a812120560c5f79910f355c
CLIENT_TRAFFIC_SECRET_0 2e22a295bcaa18b22bb4cf6b7f91e1da01d21e0c2257920c09ed26e189d62a09 6c3936da328352af726f2d222e8dd9d72d11296d3212de77b3746b0789f8ca1d
SERVER_TRAFFIC_SECRET_0 2e22a295bcaa18b22bb4cf6b7f91e1da01d21e0c2257920c09ed26e189d62a09 1104f006a0fc0e136d96d76dffd402418fba4e9d0ce78f49a270ecf531d73134
CLIENT_HANDSHAKE_TRAFFIC_SECRET fee0ec0326ca03fd910e332739a8f374fa21da7f64e27897251e125719aa0d83 68dfbf8a2e407bb66b9c03422ce3c22abe13b5c42288e1ef02629a616d51e6fa
SERVER_HANDSHAKE_TRAFFIC_SECRET fee0ec0326ca03fd910e332739a8f374fa21da7f64e27897251e125719aa0d83 6009e0bc24877f5f61fe7ce3740e1aa05dd7cb7e6aaa616bb75079b9cf12c8b7
CLIENT_TRAFFIC_SECRET_0 fee0ec0326ca03fd910e332739a8f374fa21da7f64e27897251e125719aa0d83 50cc89206c88e07a98522272ec124be6fcecb113578850f2d8e6beb9ab6f3860
SERVER_TRAFFIC_SECRET_0 fee0ec0326ca03fd910e332739a8f374fa21da7f64e27897251e125719aa0d83 7f72e0f30d872251286352500818f6c4fd503543de83f788a793129b0499195a
CLIENT_HANDSHAKE_TRAFFIC_SECRET 450abae5854cabb2422fff8c6608883a0e0212abdaed6d27b8dc06fe488b55b6 d7ebb62e7a03a3fe2d93152fb31d370ab47d63a446bae5aa2b11eb00361e9a48
SERVER_HANDSHAKE_TRAFFIC_SECRET 450abae5854cabb2422fff8c6608883a0e0212abdaed6d27b8dc06fe488b55b6 6cf46a926599c6514956b5aaa1182512c075b3014b0e88091d0fcc06e77ebf4b
CLIENT_TRAFFIC_SECRET_0 450abae5854cabb2422fff8c6608883a0e0212abdaed6d27b8dc06fe488b55b6 8956c94dec3d919480193636b1168bd29d701c8c01d86cbece2ef812f4b7a77b
SERVER_TRAFFIC_SECRET_0 450abae5854cabb2422fff8c6608883a0e0212abdaed6d27b8dc06fe488b55b6 73ec3a9fd04d3f18cc821fb5b7d1715542cd658b589e79667c42872346cd8f63
CLIENT_HANDSHAKE_TRAFFIC_SECRET a203206d4b5d20d08cf6e439090ae3d4072cda4dabada1bd56c3592d02e26ea6 e124e0d6097703ccb821514abb9e9f3255b957890e761dee2b9c36c16e1b9c62
SERVER_HANDSHAKE_TRAFFIC_SECRET a203206d4b5d20d08cf6e439090ae3d4072cda4dabada1bd56c3592d02e26ea6 0c4ec3336b89019926ce376ccc04fb9edc3a86ebb8723cf201e9ffcaa2701d21
CLIENT_TRAFFIC_SECRET_0 a203206d4b5d20d08cf6e439090ae3d4072cda4dabada1bd56c3592d02e26ea6 300989777fee74f7e4fb049453ef14da2dc48e0282ab063bf3105b791245a819
SERVER_TRAFFIC_SECRET_0 a203206d4b5d20d08cf6e439090ae3d4072cda4dabada1bd56c3592d02e26ea6 26c5d5dd3365564ec289843fdfd513b329774df3028c36d2fd1413fe9b7963b6
CLIENT_HANDSHAKE_TRAFFIC_SECRET d6f0e90ed5f1744ba21e5cf78438e381e17ab4f48859563661a44c7ee5556005 cdd3bf16a799012747df5b142e8a118e68d6703d379f292146d8b83c14a4072e
SERVER_HANDSHAKE_TRAFFIC_SECRET d6f0e90ed5f1744ba21e5cf78438e381e17ab4f48859563661a44c7ee5556005 661f7b11e07c0beafe7f37c46efea29cd905056cd9e101cbc5167ef1c8ab7744
CLIENT_TRAFFIC_SECRET_0 d6f0e90ed5f1744ba21e5cf78438e381e17ab4f48859563661a44c7ee5556005 d1479918e9f6d93598c973c374967b7a6f30bb7aaab1d57c694889260031823f
SERVER_TRAFFIC_SECRET_0 d6f0e90ed5f1744ba21e5cf78438e381e17ab4f48859563661a44c7ee5556005 bd6dc52e2b5583e613b90f9b01da667719d250ee76e4d3a953c8c251518827cd
CLIENT_HANDSHAKE_TRAFFIC_SECRET b80963ab9b594c756bb416dd04bdae67aff260fcd404d41ca0b363ad3684ca39 12cccb41c57e3201c9fe2a60ba4f794b9a9b80efdf203dc697c76da4bef2d99b
SERVER_HANDSHAKE_TRAFFIC_SECRET b80963ab9b594c756bb416dd04bdae67aff260fcd404d41ca0b363ad3684ca39 5a7e57d5b3a943758aca38634b86e7411a47498cb44a0fe6d22bf02ede8566d0
CLIENT_TRAFFIC_SECRET_0 b80963ab9b594c756bb416dd04bdae67aff260fcd404d41ca0b363ad3684ca39 9d7e4dd7d69efd9f7b733319f46db8a5442a9802c42a9cf41eb37dde44c8dbbb
SERVER_TRAFFIC_SECRET_0 b80963ab9b594c756bb416dd04bdae67aff260fcd404d41ca0b363ad3684ca39 9fde454a4f6d006ac3c5a3e8e6aaf99b4b7fc87bd537e88d9abe2c8af5fa06db
CLIENT_HANDSHAKE_TRAFFIC_SECRET 844997e39fac83819d7e3243dfb870b62621c452d0e3f91ab46ce4a2ccee3524 03f00685323b92bbd3bbfc5805530108864ac897ad5b7d22761d589679ed1b37
SERVER_HANDSHAKE_TRAFFIC_SECRET 844997e39fac83819d7e3243dfb870b62621c452d0e3f91ab46ce4a2ccee3524 21394c4b02557b052e53ce4c142c1d28fae37404f593f443d6ed83910da319c1
CLIENT_TRAFFIC_SECRET_0 844997e39fac83819d7e3243dfb870b62621c452d0e3f91ab46ce4a2ccee3524 1b1b6f4058d11a9d5bfd0a97ead861d2ef6d35758940a19160665485f4daf689
SERVER_TRAFFIC_SECRET_0 844997e39fac83819d7e3243dfb870b62621c452d0e3f91ab46ce4a2ccee3524 6b12a3801d7db4621c9e1f7663db36a9a1a7a0db9becd37e1d6a4fcc56315e1a
CLIENT_HANDSHAKE_TRAFFIC_SECRET 0b668e33870890143f129a6aa9e0c9949802a502b634bba29dd4c80ff154496d 46504daf6bd98dd774c3e5f27eed1da5f90d5169de3314234098c50d50170efa
SERVER_HANDSHAKE_TRAFFIC_SECRET 0b668e33870890143f129a6aa9e0c9949802a502b634bba29dd4c80ff154496d d07aa33f63f4d9a64d4716079163a19fa55cb88a3d41950c08e4edff561b3c71
CLIENT_TRAFFIC_SECRET_0 0b668e33870890143f129a6aa9e0c9949802a502b634bba29dd4c80ff154496d 335505d4a118c99c8d4256bba855a6aa1bfb6722029df9e5b6c7efc1593e24c4
SERVER_TRAFFIC_SECRET_0 0b668e33870890143f129a6aa9e0c9949802a502b634bba29dd4c80ff154496d 87683b4230de3f79f73fef8cce41d493a9b5114647d65326211c8eab5f1432ea
CLIENT_HANDSHAKE_TRAFFIC_SECRET 6111c71d358403d8a90b27bca9bc22f8f8c67879f82fa94d5037c81072098928 3aaade9eb5d241a8f35cf7399eeee82b7ea82d2b8b1173bc0b181eb3f1ff91b3
SERVER_HANDSHAKE_TRAFFIC_SECRET 6111c71d358403d8a90b27bca9bc22f8f8c67879f82fa94d5037c81072098928 1400e2ae02620aca3358b27817467bea83ddc777946d91d097e15b5c2f0b1eb1
CLIENT_TRAFFIC_SECRET_0 6111c71d358403d8a90b27bca9bc22f8f8c67879f82fa94d5037c81072098928 b5da844d18ed7a6987c6f76749b384547625cdfb335b795a984d883535305f3b
SERVER_TRAFFIC_SECRET_0 6111c71d358403d8a90b27bca9bc22f8f8c67879f82fa94d5037c81072098928 21d967239998575277a1d6f71b708d49d80839b97e808f753615ffbf9da74c1a
CLIENT_HANDSHAKE_TRAFFIC_SECRET 02f67b6a3d2ed0a8203ccce509d27c4b5318d36fee002138f5f5c3914d61fcc3 f7e1d43afae955dd0fcb9650ff30df7f2f907da4261a569c5df25879e2540b37
SERVER_HANDSHAKE_TRAFFIC_SECRET 02f67b6a3d2ed0a8203ccce509d27c4b5318d36fee002138f5f5c3914d61fcc3 342eb3d1a0f6e92e51c1b57eade18d0eb5d258490d588eddafae2a1f64e936af
CLIENT_TRAFFIC_SECRET_0 02f67b6a3d2ed0a8203ccce509d27c4b5318d36fee002138f5f5c3914d61fcc3 1a6d47e13dadba2e1b1c197d1cc88fa639cb84dc75d81fc89d25fd8d8f4d2a50
SERVER_TRAFFIC_SECRET_0 02f67b6a3d2ed0a8203ccce509d27c4b5318d36fee002138f5f5c3914d61fcc3 7a5d45a8bd2aaa2488d2cbe39d4b3503c77ef36ade615b141dfb64f900e17af9
CLIENT_HANDSHAKE_TRAFFIC_SECRET f83b0fbedd953bcd0b701073b620ee57a61984833af636760f2cb0f7ad8f4b2d 8ae9b8cf389736195186f35848947e4cd1a932dc41993eaac01bb0d0c495ae5d
SERVER_HANDSHAKE_TRAFFIC_SECRET f83b0fbedd953bcd0b701073b620ee57a61984833af636760f2cb0f7ad8f4b2d 753ebbd8149cf5cb8dd7c3bc46bf2536f3f07dcd75839bac7a715ae4e6bdfdcc
CLIENT_TRAFFIC_SECRET_0 f83b0fbedd953bcd0b701073b620ee57a61984833af636760f2cb0f7ad8f4b2d 33e186dc329f56e15034c3d701d11d05419a7908050568551e006f31b79de5d8
SERVER_TRAFFIC_SECRET_0 f83b0fbedd953bcd0b701073b620ee57a61984833af636760f2cb0f7ad8f4b2d 53570842f30d361b7df5062f094f4c4ea533096c5edd4d5d5d7eb5864e3afec0
CLIENT_HANDSHAKE_TRAFFIC_SECRET 43234ce9bb3e3436ed01d5d934b4087e86cf0bfb43bab98f20129e1c667c2fa6 0ae9852b0b83ad7586f319c326d71a45177d32f70531f1bff9e2b025e9f29663
SERVER_HANDSHAKE_TRAFFIC_SECRET 43234ce9bb3e3436ed01d5d934b4087e86cf0bfb43bab98f20129e1c667c2fa6 8fdbe81a9102b800c52a67dc9930b0f28f6188fd5b0563e026b7a6edd6b5ea42
CLIENT_TRAFFIC_SECRET_0 43234ce9bb3e3436ed01d5d934b4087e86cf0bfb43bab98f20129e1c667c2fa6 f64a8a03699f5bcaa4b9b0b7fb5bc593b7c0ddab7d1b6a8f0e43ba4185a0e6ae
SERVER_TRAFFIC_SECRET_0 43234ce9bb3e3436ed01d5d934b4087e86cf0bfb43bab98f20129e1c667c2fa6 f33838c6b1b5e3b41156ecac40b7596c7fc73780df19fe0855f33e0c42a882b3
CLIENT_HANDSHAKE_TRAFFIC_SECRET 605889c875c46992e744496cfd5b4fea2056beefc7a5e46ebe32b9671d2c102c 23ba07c27cbfd710738df9d3064a4ed5fc935f361ee4dfb751ec04a2dcc97b4a
SERVER_HANDSHAKE_TRAFFIC_SECRET 605889c875c46992e744496cfd5b4fea2056beefc7a5e46ebe32b9671d2c102c fc768e6e910373c91d76833e1d2edc91845e83417a426422fad8b3b732ff908b
CLIENT_TRAFFIC_SECRET_0 605889c875c46992e744496cfd5b4fea2056beefc7a5e46ebe32b9671d2c102c a35e85b12a0b13afd8f23f4c725b971fed128e25a7fa01762cc1fe6c73ce118f
SERVER_TRAFFIC_SECRET_0 605889c875c46992e744496cfd5b4fea2056beefc7a5e46ebe32b9671d2c102c ade999f0f3e07cfeee51b60c62a65c4a5c11366d9dfb3b5bf162524bb41bb621
CLIENT_HANDSHAKE_TRAFFIC_SECRET e1deb76cd83cea8711fca5d0303bb88a51e2769903b32658dbcd978af6740bea f0027691a3dc9669b0b1d0cedc4944d28e6d1bf347519b491f85cd09e3294bf7
SERVER_HANDSHAKE_TRAFFIC_SECRET e1deb76cd83cea8711fca5d0303bb88a51e2769903b32658dbcd978af6740bea fe15ad15d55d5a6450c9e110f2cb049de60fbc699df1c65ac91039e5060f49bc
CLIENT_TRAFFIC_SECRET_0 e1deb76cd83cea8711fca5d0303bb88a51e2769903b32658dbcd978af6740bea 80f2b183b150a8fc3d58d554ef344000f3f46dd69ee232d451398ea7dea83cb8
SERVER_TRAFFIC_SECRET_0 e1deb76cd83cea8711fca5d0303bb88a51e2769903b32658dbcd978af6740bea 11a37af325d26de894e7a65af32bcbd4c3f815b1894f4ef1fc5a136fde36c972
CLIENT_HANDSHAKE_TRAFFIC_SECRET 69e908cd2fc7fb1d978ed4a9580c042c268c6c9b23ff35f50a03966079f3da80 78031c9210edbe8e7962755f77883e631ba86d6741c8a2c5ed8defc4aba6a2df
SERVER_HANDSHAKE_TRAFFIC_SECRET 69e908cd2fc7fb1d978ed4a9580c042c268c6c9b23ff35f50a03966079f3da80 c838a64ad67eae2accbdf266b2f76ab56b8646fb3d02c8e6e010431b9b04e2cf
CLIENT_TRAFFIC_SECRET_0 69e908cd2fc7fb1d978ed4a9580c042c268c6c9b23ff35f50a03966079f3da80 10420448aa9767f7244c4f096c375ba038e186b5159fd71392de4e0063ec5fec
SERVER_TRAFFIC_SECRET_0 69e908cd2fc7fb1d978ed4a9580c042c268c6c9b23ff35f50a03966079f3da80 ba0289a25838ad85b26849b42c0b3e439a92e98797d09e7da8b10a4c8613d302
CLIENT_HANDSHAKE_TRAFFIC_SECRET 08b5efbfc246029efa48c33812f209edb8ec3dfb74cb39bb4189d245e23bd5f7 098afc63d9621ed1bead225ec4e021182599be2515ad86c974d6d61b1345a276
SERVER_HANDSHAKE_TRAFFIC_SECRET 08b5efbfc246029efa48c33812f209edb8ec3dfb74cb39bb4189d245e23bd5f7 d7f41a4bf3e3985bdb1260c780672811129a15dc950de9dd7ca0faca67df0cc8
CLIENT_TRAFFIC_SECRET_0 08b5efbfc246029efa48c33812f209edb8ec3dfb74cb39bb4189d245e23bd5f7 c235a988ff70b64af2aa0cc8b8a1558cff12a25855f7310d945476b63fd52b45
SERVER_TRAFFIC_SECRET_0 08b5efbfc246029efa48c33812f209edb8ec3dfb74cb39bb4189d245e23bd5f7 f700d820479fdc42629ee6eae28c80ebb9749092204918542108bbcd58ab27e9
CLIENT_HANDSHAKE_TRAFFIC_SECRET dca5352b077b776409a4b203f996f5d1faa396eafb6b658dc982a59a17cfa95a 32b602aef06408d2686b9391d1eba364255ed62df9284c5223fdc628ef22560c
SERVER_HANDSHAKE_TRAFFIC_SECRET dca5352b077b776409a4b203f996f5d1faa396eafb6b658dc982a59a17cfa95a 60472c51f0fbfb07e1573eae5396131c5aae1b020a876648989d5cfddbe03b90
CLIENT_TRAFFIC_SECRET_0 dca5352b077b776409a4b203f996f5d1faa396eafb6b658dc982a59a17cfa95a 82ed48bb4e3c79cbc9518399a6d1f4091cbdc305103a32adf71b3ae88b2b0750
SERVER_TRAFFIC_SECRET_0 dca5352b077b776409a4b203f996f5d1faa396eafb6b658dc982a59a17cfa95a 5f13544865b8918d2520669704451b48ea4f27218af38d9a92501ff12d7eb572
CLIENT_HANDSHAKE_TRAFFIC_SECRET 669edca4a8aff511bf29d54d94e5a1a8aad61448f8965e39cb87bb2513650fcc e32b12136a1428c7feac6ed46dd1542f90e342d30f018f7cf49b3811e6e93c23
SERVER_HANDSHAKE_TRAFFIC_SECRET 669edca4a8aff511bf29d54d94e5a1a8aad61448f8965e39cb87bb2513650fcc 4cff0dfcd3cbc69b48898d512a191bc67a66b4c997c6f17acb49a8555481d391
CLIENT_TRAFFIC_SECRET_0 669edca4a8aff511bf29d54d94e5a1a8aad61448f8965e39cb87bb2513650fcc f8c8383cdf31a1e759d124c3fdb65dd792a76c9bff43773a38fc8a2c9f5f262f
SERVER_TRAFFIC_SECRET_0 669edca4a8aff511bf29d54d94e5a1a8aad61448f8965e39cb87bb2513650fcc e1af0684030b90aec6f270353aa01db117d0adf7a85f533b874f80acc5134af3
CLIENT_HANDSHAKE_TRAFFIC_SECRET 3673c5910b1625cae98ebb557f09eebbc690afb86845e824017c4f96ddb38eb0 179d4a3862967eaaf704b42e9bac66ca3dd283628e7d915ab56db830bdce60a5
SERVER_HANDSHAKE_TRAFFIC_SECRET 3673c5910b1625cae98ebb557f09eebbc690afb86845e824017c4f96ddb38eb0 93e3732ed338613ca2e066ec457836dac391b30fbf75c797369f1c92582e5225
CLIENT_TRAFFIC_SECRET_0 3673c5910b1625cae98ebb557f09eebbc690afb86845e824017c4f96ddb38eb0 affb3b253c5de05e6c8805a9c53f7f65d2ab17900d518020dbd00bcdab59653a
SERVER_TRAFFIC_SECRET_0 3673c5910b1625cae98ebb557f09eebbc690afb86845e824017c4f96ddb38eb0 21d0937c243a00db38a513e39f85628cc588516a3b952a745f936fbbc698c5ad
CLIENT_HANDSHAKE_TRAFFIC_SECRET 17207c7a20302b132265ae60de54c7b7a1a29e7d6d327557dde9594c75fd5a19 6b5af3d77958a2eeafc699112788d94f9fd0feb1ec9200c9158867c7de500261
SERVER_HANDSHAKE_TRAFFIC_SECRET 17207c7a20302b132265ae60de54c7b7a1a29e7d6d327557dde9594c75fd5a19 ffb8424a073a17279d342d530d6ef974506a22123b2323941b518fe32a901a31
CLIENT_TRAFFIC_SECRET_0 17207c7a20302b132265ae60de54c7b7a1a29e7d6d327557dde9594c75fd5a19 cfe9199a0ca805f87bd36c68ae91eee700e6631534207083cee91acc3288d263
SERVER_TRAFFIC_SECRET_0 17207c7a20302b132265ae60de54c7b7a1a29e7d6d327557dde9594c75fd5a19 f71a4a1401d05c882246a22927a618b5aab464f1cddae9098712fca69f08137a
CLIENT_HANDSHAKE_TRAFFIC_SECRET 72d258d5cf31c9910dd95549adb1d231db123bc665801225a2067a25110686eb 9df44bff009c4b36613d638450bd58efcee5e0e41c29ca40ef5d01185dcbc450
SERVER_HANDSHAKE_TRAFFIC_SECRET 72d258d5cf31c9910dd95549adb1d231db123bc665801225a2067a25110686eb ca5291cc4515b1e1a2fe8f215dd9b573a3945f3cbfb9fb9f176c9f26eb5c2c9c
CLIENT_TRAFFIC_SECRET_0 72d258d5cf31c9910dd95549adb1d231db123bc665801225a2067a25110686eb b5652ef6029039dda85acc380ce19d90bdb366c2c9d9ced8a900d168899ad7d8
SERVER_TRAFFIC_SECRET_0 72d258d5cf31c9910dd95549adb1d231db123bc665801225a2067a25110686eb 93cffc6af285ac40bc82b6054fda5c5f770195ef8e7a1cf459fb03a27eef9ee3
CLIENT_HANDSHAKE_TRAFFIC_SECRET 6eef71b800748cb0b70fae4d1a3dcef51f656d185154c17fc214b5a8a180d8b3 04d7c879e255cd675af89590e8c61ab2964ea3ba15330ee975208885377e4ec6
SERVER_HANDSHAKE_TRAFFIC_SECRET 6eef71b800748cb0b70fae4d1a3dcef51f656d185154c17fc214b5a8a180d8b3 6dae735723a2adeb0634a88caac8eea8673f34aab9efd505f0c16f790b989c57
CLIENT_TRAFFIC_SECRET_0 6eef71b800748cb0b70fae4d1a3dcef51f656d185154c17fc214b5a8a180d8b3 3582dbd8aac5c4abaf0f6a46ea4f0f2c09af6c8ea44b476844d937e18e00c026
SERVER_TRAFFIC_SECRET_0 6eef71b800748cb0b70fae4d1a3dcef51f656d185154c17fc214b5a8a180d8b3 d6edf37332fb2d82f206183fc7fe755e19638c614f67aa92470196b778e198a8
CLIENT_HANDSHAKE_TRAFFIC_SECRET 94c7d19d96b64c49efa640081c5725a746c8e42d6e35de00064d0354eaaaf1c1 3bff34ebe07fa698b11d6a74021cff362f9699ee34519defe13ad959a37da063
SERVER_HANDSHAKE_TRAFFIC_SECRET 94c7d19d96b64c49efa640081c5725a746c8e42d6e35de00064d0354eaaaf1c1 d543cd0be68d11f827440eb5e8b1df4a2617277277a618a564429273952a0d0a
CLIENT_TRAFFIC_SECRET_0 94c7d19d96b64c49efa640081c5725a746c8e42d6e35de00064d0354eaaaf1c1 e792fffc190bc247abc90158ba0214c705880e122ec519eb493ab63b4a6c2987
SERVER_TRAFFIC_SECRET_0 94c7d19d96b64c49efa640081c5725a746c8e42d6e35de00064d0354eaaaf1c1 c8dee9b2a418daa770a593ca097a9254fa0de9cb059ea90b14d82b2f0439f3dd
CLIENT_HANDSHAKE_TRAFFIC_SECRET 0ed8ad566792e218efbfa0676497cb98619119767f2fdcfa2d05a7011ef9f06f 81d679d34b82011372910540f70a7c5070506373ac7249218149fec8cd490e61
SERVER_HANDSHAKE_TRAFFIC_SECRET 0ed8ad566792e218efbfa0676497cb98619119767f2fdcfa2d05a7011ef9f06f d0d12dff124bbb2ef0cb0151e8fb4929a0d092f57cc72c654dafc3bc48a620b1
CLIENT_TRAFFIC_SECRET_0 0ed8ad566792e218efbfa0676497cb98619119767f2fdcfa2d05a7011ef9f06f e1817f52c7468e1e6f33d527cff30215c6143f716fc247d4f102ca748bb10431
SERVER_TRAFFIC_SECRET_0 0ed8ad566792e218efbfa0676497cb98619119767f2fdcfa2d05a7011ef9f06f a19424b7bc7850029d48bc11c0f35ef271f9422a81c105fe94fed590ba5ac261
CLIENT_HANDSHAKE_TRAFFIC_SECRET 1740d979dde2240ffebc728b018c2bb017ebd4ef74817ace53633ef6046d91d7 dc2adb5363d6d3d8b86d0ab302cdc112c7ca03806f69d490ed3e3b01160b5368
SERVER_HANDSHAKE_TRAFFIC_SECRET 1740d979dde2240ffebc728b018c2bb017ebd4ef74817ace53633ef6046d91d7 4b460e9defe549ab1a34aa8cc370313f5bd916acf32297cf5e7f25fe6af4530c
CLIENT_TRAFFIC_SECRET_0 1740d979dde2240ffebc728b018c2bb017ebd4ef74817ace53633ef6046d91d7 4d761aa3683cd385f7e84f84cd4e0d7cf80a75a5c07ea3acef290efa477390b9
SERVER_TRAFFIC_SECRET_0 1740d979dde2240ffebc728b018c2bb017ebd4ef74817ace53633ef6046d91d7 443bd785102dcdb7e43a7ad0ee646f805095b38aede3d53d7d060ceb452cebab
CLIENT_HANDSHAKE_TRAFFIC_SECRET 961a6c736884a3026c52dc927bf791d9002ff76958354f828100d812a0f1baf9 7476e392dc87642cfd70dd007cb9f6b1d83ddc56614ea349b704be29a0a4caac
SERVER_HANDSHAKE_TRAFFIC_SECRET 961a6c736884a3026c52dc927bf791d9002ff76958354f828100d812a0f1baf9 0782f0d4186b91dd1fed5235c2ab22a9e54a0087e7e40a52452e66febea05b35
CLIENT_TRAFFIC_SECRET_0 961a6c736884a3026c52dc927bf791d9002ff76958354f828100d812a0f1baf9 ba30b497b824f75915ef80ecb921d5248cd343cf3405aee42cf250a5ccde59a6
SERVER_TRAFFIC_SECRET_0 961a6c736884a3026c52dc927bf791d9002ff76958354f828100d812a0f1baf9 f91b2838bf92a267275d7b9fa913f8de1e9c108561f32679c98ace4db9c5e936
CLIENT_HANDSHAKE_TRAFFIC_SECRET 3301b49ded3164a29e355ecb237ae0576915309161913fafb8df97c29d371568 e0c2ae9bce519e31c3721c802f4d566387800b13f4cfef62ffe17de02c07fda3
SERVER_HANDSHAKE_TRAFFIC_SECRET 3301b49ded3164a29e355ecb237ae0576915309161913fafb8df97c29d371568 193a462ae4fa81ef13cda47da3df6d633e201b468a3c57e5905dfe71427053a6
CLIENT_TRAFFIC_SECRET_0 3301b49ded3164a29e355ecb237ae0576915309161913fafb8df97c29d371568 853a037424706ef17b4f3dd8d488ae5d4a7c77d418d3f80c6530a8633e82b6c7
SERVER_TRAFFIC_SECRET_0 3301b49ded3164a29e355ecb237ae0576915309161913fafb8df97c29d371568 6823f04b1769ed98f2ab99bdbc0664a4b254527c13be651359a0cb6cbe18122e
CLIENT_HANDSHAKE_TRAFFIC_SECRET e9a7c4877be43fa76f79c9c31aaaed1bd4baead5a3086817e2dd10ec19dd7db7 35ffcffa9fa7bdfa3a361a5f73578c2920b26581429f7d6c61a533449f0ee977
SERVER_HANDSHAKE_TRAFFIC_SECRET e9a7c4877be43fa76f79c9c31aaaed1bd4baead5a3086817e2dd10ec19dd7db7 f1c35bf35503044d6746ec0f1f36af3cbcba285757508e85b3a455e185b0d2c8
CLIENT_TRAFFIC_SECRET_0 e9a7c4877be43fa76f79c9c31aaaed1bd4baead5a3086817e2dd10ec19dd7db7 5e55de5c7f3e9f76e80a8915ec2dfa53ed03ebb6d3b2bcdf0efca2d77ebe9a5d
SERVER_TRAFFIC_SECRET_0 e9a7c4877be43fa76f79c9c31aaaed1bd4baead5a3086817e2dd10ec19dd7db7 6b3845b2c1368260963d95188bda2294030e4a6d625a7bc9f89ff69b5a2bff49
CLIENT_HANDSHAKE_TRAFFIC_SECRET 0ab6ca795915bd8dcffd18d2d2580d5a56bccc5db35db3ce03018677129f636e 72c4a94e7a7d25d53a87c195bd308853e1ed1d66917b6b8102a2ab033fcd4060
SERVER_HANDSHAKE_TRAFFIC_SECRET 0ab6ca795915bd8dcffd18d2d2580d5a56bccc5db35db3ce03018677129f636e 96cc1aecdac6adc566d2537f04316ae76f391f351195ccbf8b7f9b3f95c4abca
CLIENT_TRAFFIC_SECRET_0 0ab6ca795915bd8dcffd18d2d2580d5a56bccc5db35db3ce03018677129f636e df4fb11c6e69bddd61adbeb599bf951598ae92138caeeb92fe12f9616067314c
SERVER_TRAFFIC_SECRET_0 0ab6ca795915bd8dcffd18d2d2580d5a56bccc5db35db3ce03018677129f636e 66059a0cd8f77dcf7c2b57a91c60b8403e1cee4f5f8e8340a32955c3c469dcca
CLIENT_HANDSHAKE_TRAFFIC_SECRET 4b5604137393bb9ccdc4daf851142ebc84017345d427b61529f330f4795dc347 b2873c21dfe6d5381bced3b8723d80d49ea081647173f5321668e6dd5fe7a050
SERVER_HANDSHAKE_TRAFFIC_SECRET 4b5604137393bb9ccdc4daf851142ebc84017345d427b61529f330f4795dc347 ae8037b854e3f5b79c748e493a5eac7316c9f8432be8287d70e87acd681059db
CLIENT_TRAFFIC_SECRET_0 4b5604137393bb9ccdc4daf851142ebc84017345d427b61529f330f4795dc347 ee5bf47c3b3ffafb71166214bd7d58f75a05b9c8f5be87ec2c5eca0d15a31072
SERVER_TRAFFIC_SECRET_0 4b5604137393bb9ccdc4daf851142ebc84017345d427b61529f330f4795dc347 6d08cc9b64d4811a1c3d9fae2c15c69773edc58a0856e88765435373be461d9f
CLIENT_HANDSHAKE_TRAFFIC_SECRET b890ca8669d51d5bd6543eb4c7a1fb72ffb447f786d6b310f9c47f1291478c32 cd0e97ecdae9b0ec5713a5a55a6b5a54fcde2bfb6b5cf79f6994441f3281ef28
SERVER_HANDSHAKE_TRAFFIC_SECRET b890ca8669d51d5bd6543eb4c7a1fb72ffb447f786d6b310f9c47f1291478c32 0c2752e019d4c6715ea0a4ebc7ef5e5e70ef93dea68c8547cc85a2a07bda10af
CLIENT_TRAFFIC_SECRET_0 b890ca8669d51d5bd6543eb4c7a1fb72ffb447f786d6b310f9c47f1291478c32 f43c172167b92de37af57049cb719ca29603d571757cae39b4bb48cf70b92700
SERVER_TRAFFIC_SECRET_0 b890ca8669d51d5bd6543eb4c7a1fb72ffb447f786d6b310f9c47f1291478c32 1c8cb5cfc11b06fc4db56bf93001e65d8b92e9f253521d956ae28d157732ef82
CLIENT_HANDSHAKE_TRAFFIC_SECRET 2d0b396b3f3f0ed41e556545ee9954ec3c7aa79610f756f4e16d42489be85207 a04ae75cd8bef9b3b962d55dfdc49b43d7b360bdbd884fe6c75465509187d53d
SERVER_HANDSHAKE_TRAFFIC_SECRET 2d0b396b3f3f0ed41e556545ee9954ec3c7aa79610f756f4e16d42489be85207 a4e1fd4563fba3b20959e5d6f8f6b171d9d252533633d936f0857f291f726650
CLIENT_TRAFFIC_SECRET_0 2d0b396b3f3f0ed41e556545ee9954ec3c7aa79610f756f4e16d42489be85207 88b0e8359bc1f6ef7561d428de53cebc74f7fe4e27c24dc6d57020c233ff578f
SERVER_TRAFFIC_SECRET_0 2d0b396b3f3f0ed41e556545ee9954ec3c7aa79610f756f4e16d42489be85207 f1c9fb04a5e2be384d767f7a0e8bd2aa68dfb4cd51b02eb97ef87276b5b990b1
CLIENT_HANDSHAKE_TRAFFIC_SECRET 2f3714e6bfbe72f0f3b26b943c194eb03a23558609043942418db38a4a0d8594 dc50c61dde9e58f391f96cc2617f2b4c131ace2cb98f957a4b3f67e71c8e65bd
SERVER_HANDSHAKE_TRAFFIC_SECRET 2f3714e6bfbe72f0f3b26b943c194eb03a23558609043942418db38a4a0d8594 258651437669ef3845e5e59c38e13abba835d6b4d5643aedac0f32c3ed144340
CLIENT_TRAFFIC_SECRET_0 2f3714e6bfbe72f0f3b26b943c194eb03a23558609043942418db38a4a0d8594 1bc92792426f84b9e1b37d6862fa7e6e675604429071d6d3fdb331ca361147e1
SERVER_TRAFFIC_SECRET_0 2f3714e6bfbe72f0f3b26b943c194eb03a23558609043942418db38a4a0d8594 8b11f4ef6fb18b5c373eebcc87296dde7a6ddf5a7ef236879f63f98ae321836b
CLIENT_HANDSHAKE_TRAFFIC_SECRET c5d3455eb7114bcea98f5e81be0c8a376d407532861960a2899dee4175944a17 dec47c17ad40dde52ba4dc51c3eebede7b02fdc625ede1df7c4c91f9cf554ade
SERVER_HANDSHAKE_TRAFFIC_SECRET c5d3455eb7114bcea98f5e81be0c8a376d407532861960a2899dee4175944a17 f9b93c58531e07dd676d953a3088a86e3b2c2c70cde5d770a87c5c0c0b9651d1
CLIENT_TRAFFIC_SECRET_0 c5d3455eb7114bcea98f5e81be0c8a376d407532861960a2899dee4175944a17 ca057b79f05913ac29acb22fb0f2abab49881275fd776ee34eb22d827bf8c417
SERVER_TRAFFIC_SECRET_0 c5d3455eb7114bcea98f5e81be0c8a376d407532861960a2899dee4175944a17 15fbfcfbe1148503878473ca7da8ef67ec198f9e2b76e496ddb4beea5b36c5b0
CLIENT_HANDSHAKE_TRAFFIC_SECRET 9efdeb7a237240a6cb560d20b6b888c372162c991c33fb698afbf180f3394aab 58de8d22c6ccdb1e2d6893f00d1ff1f6700e91ce7765f7fca165b266800a2351
SERVER_HANDSHAKE_TRAFFIC_SECRET 9efdeb7a237240a6cb560d20b6b888c372162c991c33fb698afbf180f3394aab e95b0ca1643003c2b6e9753184a08c795b762690ef13b96eb91f098c79745807
CLIENT_TRAFFIC_SECRET_0 9efdeb7a237240a6cb560d20b6b888c372162c991c33fb698afbf180f3394aab d55001d0977036256f989a9bc0c442d02b6c6f6e1f3b4f9b2f63f33dff50ca93
SERVER_TRAFFIC_SECRET_0 9efdeb7a237240a6cb560d20b6b888c372162c991c33fb698afbf180f3394aab 6ef28e6707c893eeee172580f4c3947bd5395acbc40a51d9219e2219d789f76d
CLIENT_HANDSHAKE_TRAFFIC_SECRET 642e4f99a567531b74ce90589fef1aa307b0647989d9037add7d3fba7b9e6af3 1eca832e0979b0b33a0872fa8e517cba4753577b46103bf165efa4441b36b9ca
SERVER_HANDSHAKE_TRAFFIC_SECRET 642e4f99a567531b74ce90589fef1aa307b0647989d9037add7d3fba7b9e6af3 fe0c4511aa52404847de78afeb7e057620573d8a50682f6e0efacebd858060d0
CLIENT_TRAFFIC_SECRET_0 642e4f99a567531b74ce90589fef1aa307b0647989d9037add7d3fba7b9e6af3 e01904716ac750224c7baeb6e84dccc039dfa99688221781f90571c358cd080b
SERVER_TRAFFIC_SECRET_0 642e4f99a567531b74ce90589fef1aa307b0647989d9037add7d3fba7b9e6af3 e6989d38930d55a079c70fbe42898ef6ab8fdbfcfee3a650aabb44eaa2dd8160
CLIENT_HANDSHAKE_TRAFFIC_SECRET 8a4531dd2c09e7a321c428d00243fa9a849347a1040ed3c4bb9c6847a58d3ad9 d2218665f3a567a83d2f3b7558f804ce64b1d7c345dbeeaaba252f6603978615
SERVER_HANDSHAKE_TRAFFIC_SECRET 8a4531dd2c09e7a321c428d00243fa9a849347a1040ed3c4bb9c6847a58d3ad9 8e72efcf8c7e5c3485a48ec188d209fd4b85dfb14734d4489711278dc755fd19
CLIENT_TRAFFIC_SECRET_0 8a4531dd2c09e7a321c428d00243fa9a849347a1040ed3c4bb9c6847a58d3ad9 56303362548460ac2ab9f4cb74a3d2f1b8ce161fa61a85d2286f1a3a40c84c82
SERVER_TRAFFIC_SECRET_0 8a4531dd2c09e7a321c428d00243fa9a849347a1040ed3c4bb9c6847a58d3ad9 14659378b1cd254a50f2f5e0778127a2376b97a3d9f80365a5ca814d99f2a656
CLIENT_HANDSHAKE_TRAFFIC_SECRET ab70ce4e747cec8c872bfc9c2443ce4780ae2fd6a437381121b556e004ae1e31 c5132efeb794c9aba61d08c9c6a0ad65777595ec7cbb29903774539ad58f619d
SERVER_HANDSHAKE_TRAFFIC_SECRET ab70ce4e747cec8c872bfc9c2443ce4780ae2fd6a437381121b556e004ae1e31 76bab5a3b7fd1cab669bd8cc915bd5cc1e49d79cf3091dd991c3a1e9f67cb880
CLIENT_TRAFFIC_SECRET_0 ab70ce4e747cec8c872bfc9c2443ce4780ae2fd6a437381121b556e004ae1e31 b5ad08eb26cdd3aa37f5b24ed967d99a8ccc06ab94b8191ccf2af8423eb10720
SERVER_TRAFFIC_SECRET_0 ab70ce4e747cec8c872bfc9c2443ce4780ae2fd6a437381121b556e004ae1e31 6e081be504b6e69acbee1009559e21a111a4f953c90d0c315f69564098a6820f
CLIENT_HANDSHAKE_TRAFFIC_SECRET a85d61bde65461d8bd7cdf4848dc4b3993e0dbda3b38cca87e508e595ecb6cb1 82689f55a029ac1d421cbe012ca051735810a6aef3e5102af7111fd471d2c5c2
SERVER_HANDSHAKE_TRAFFIC_SECRET a85d61bde65461d8bd7cdf4848dc4b3993e0dbda3b38cca87e508e595ecb6cb1 5728dd640b0865dd4154b1463018ca0be9d0b51bfe93df1d100085b2555ef615
CLIENT_TRAFFIC_SECRET_0 a85d61bde65461d8bd7cdf4848dc4b3993e0dbda3b38cca87e508e595ecb6cb1 7504944719f1a1d42533ccc59aad07f68fe9e3e5a8e4d9c61da68b4ae9d3a912
SERVER_TRAFFIC_SECRET_0 a85d61bde65461d8bd7cdf4848dc4b3993e0dbda3b38cca87e508e595ecb6cb1 ac774d854caec04b175c3b5c8bcffd65bb69eb4b25e4db949d2f77c46225cf6e
CLIENT_HANDSHAKE_TRAFFIC_SECRET 9b099bc910fd5bcbb9732566893140a8fb295653a02f34ecb616b511d14692a2 68ae3c90da65f4005584c968d47d5cdf915dffab160c70a5b246e4d8b7dfc5ee
SERVER_HANDSHAKE_TRAFFIC_SECRET 9b099bc910fd5bcbb9732566893140a8fb295653a02f34ecb616b511d14692a2 bd15fbf9d792cb009fd44417f07abb2caab7ef374f47783078010f579ddbd802
CLIENT_TRAFFIC_SECRET_0 9b099bc910fd5bcbb9732566893140a8fb295653a02f34ecb616b511d14692a2 3d9b905fce83620f7226d292639ede0f24e96d890aea72d58fd10832888d3770
SERVER_TRAFFIC_SECRET_0 9b099bc910fd5bcbb9732566893140a8fb295653a02f34ecb616b511d14692a2 eb55adf8617b1e10c06f0989ec3a66ac67737edfd8277bc505958eb554790792
CLIENT_HANDSHAKE_TRAFFIC_SECRET 2abb249d56d9212e93e297d2abc00dbf6847aaddd5fa02c1bd66f67b89032084 4db0e3c8c40347bddc2f348d1bebaabdc525f803d75138d6bb2e0d0291e8b6d2
SERVER_HANDSHAKE_TRAFFIC_SECRET 2abb249d56d9212e93e297d2abc00dbf6847aaddd5fa02c1bd66f67b89032084 7444e0e841c6a56d597d148163b1374f68047652d1977dc904648a03452acb36
CLIENT_TRAFFIC_SECRET_0 2abb249d56d9212e93e297d2abc00dbf6847aaddd5fa02c1bd66f67b89032084 9423cdffb287bde5d3ffca13634c70581d0fb9ae3e40c8f8e29b5baa93c50823
SERVER_TRAFFIC_SECRET_0 2abb249d56d9212e93e297d2abc00dbf6847aaddd5fa02c1bd66f67b89032084 11329e804cef14cea1e2a788a178a5bf109645789034e72e7c7a622ee3ea8cf2
CLIENT_HANDSHAKE_TRAFFIC_SECRET f6d2a57e50fbe806f476793873cd2769996e2a458e557855912d4042cd9aa775 cd945a291c35edd142bf2e9c22b077d2c30c21830f920ef157d0ffeb0aabd0f5
SERVER_HANDSHAKE_TRAFFIC_SECRET f6d2a57e50fbe806f476793873cd2769996e2a458e557855912d4042cd9aa775 f25c4e0797321b799acb7faa1f8a9d389c51625eec2343778bbf1ad2006b5155
CLIENT_TRAFFIC_SECRET_0 f6d2a57e50fbe806f476793873cd2769996e2a458e557855912d4042cd9aa775 1b6e5a4b1d6d29c43ff99f1386d5d313025921a18748871a9a46035fe5396c1c
SERVER_TRAFFIC_SECRET_0 f6d2a57e50fbe806f476793873cd2769996e2a458e557855912d4042cd9aa775 724691930d9c676943a6c9568a5f435b39223c445201bf8a583f5eeac2d325cd
CLIENT_HANDSHAKE_TRAFFIC_SECRET eca263673567e6149de18c46bcd201e2ab3d1cf1c41f1370f6dbff567ffaacb0 c29d980fa4b733646bef16eb49eb732167acfbfa169d36e0b3bc90ef406ed3d4
SERVER_HANDSHAKE_TRAFFIC_SECRET eca263673567e6149de18c46bcd201e2ab3d1cf1c41f1370f6dbff567ffaacb0 cc8e8738de5788ced216cfff123e2f9ec6ddc078aa3dc93321d80a5c7dd56da2
CLIENT_TRAFFIC_SECRET_0 eca263673567e6149de18c46bcd201e2ab3d1cf1c41f1370f6dbff567ffaacb0 b520dca41f0824a2480ba24a82e6c035afa12d2d2c3e4362df7fff68a953f6ed
SERVER_TRAFFIC_SECRET_0 eca263673567e6149de18c46bcd201e2ab3d1cf1c41f1370f6dbff567ffaacb0 c565e64f01c01e786bf2115e7d30978fee4aec28adf0fbaeacbf2dcc0a0751b5
CLIENT_HANDSHAKE_TRAFFIC_SECRET fc6697bc1bb9808d168736f2ecd78a5a93e0f686fd6888266e50da363714c888 47a43e28ab6c1377f04ead35c494d41ec022390c984128123b9a926745dc1e4a
SERVER_HANDSHAKE_TRAFFIC_SECRET fc6697bc1bb9808d168736f2ecd78a5a93e0f686fd6888266e50da363714c888 f6cd9de4fa977b085da56d7fc862eddbb17df2a642139fe5a47f3937313df4a4
CLIENT_TRAFFIC_SECRET_0 fc6697bc1bb9808d168736f2ecd78a5a93e0f686fd6888266e50da363714c888 8e85f6aee25a6e3d4423f3f7e2b415d809d0d56acb0df523eab02d99b345f6e0
SERVER_TRAFFIC_SECRET_0 fc6697bc1bb9808d168736f2ecd78a5a93e0f686fd6888266e50da363714c888 61d0d833b149fd642ea9d47836a3599dafb05781e2f2905120c38c20a7a87749
CLIENT_HANDSHAKE_TRAFFIC_SECRET 05d2739c4e67995dcf2c9700e00e3ba457e9074539de97f8b5bf65c549bbafca 0f11880f73f3e4e24fe5ae0ae6fa3ba562a3a391debd3d37073fd058f1ec5613
SERVER_HANDSHAKE_TRAFFIC_SECRET 05d2739c4e67995dcf2c9700e00e3ba457e9074539de97f8b5bf65c549bbafca 6aae443c1584189cf5c4dba731086de2e4b452499e59549d27787f171d90ea0f
CLIENT_TRAFFIC_SECRET_0 05d2739c4e67995dcf2c9700e00e3ba457e9074539de97f8b5bf65c549bbafca f31a4c85398bc71a88a0f4a8e45dca14eefcaba96c7681877ae4a7d9fa60c19e
SERVER_TRAFFIC_SECRET_0 05d2739c4e67995dcf2c9700e00e3ba457e9074539de97f8b5bf65c549bbafca 52ec71df4d9c236c032e2d9202e0ecb3a63d04a53fe70566ef250ec0efb3d11b
CLIENT_HANDSHAKE_TRAFFIC_SECRET 0c49ad2df5cd4d5072d8001f645ff8b5e45b968300074463f29f470c7aace44a 133452a866eb1e20af0f2f9191e24166e93d3e0202d3f66029bc0d04e07bf552
SERVER_HANDSHAKE_TRAFFIC_SECRET 0c49ad2df5cd4d5072d8001f645ff8b5e45b968300074463f29f470c7aace44a 6b1a3cb64212a447fc5f617552e61df31515999c07f624e00f50c4d4bbaee56e
CLIENT_TRAFFIC_SECRET_0 0c49ad2df5cd4d5072d8001f645ff8b5e45b968300074463f29f470c7aace44a 8c4489b18b731d392de1b90f62b9123f6b61067c02b0495778bac275b63b06bd
SERVER_TRAFFIC_SECRET_0 0c49ad2df5cd4d5072d8001f645ff8b5e45b968300074463f29f470c7aace44a 9699d88cf8b22ba3d12787787e1776c20d4022666a51ff7203f821a67b761244
CLIENT_HANDSHAKE_TRAFFIC_SECRET ef48a7ad36c0a686f200dd2a1cc32f366685957d95d2bd5a3367f9ef032992cb ba0060dd566886b692c9a51112af7922f12b7dbca1e371e3205d1c9d3a8830ba
SERVER_HANDSHAKE_TRAFFIC_SECRET ef48a7ad36c0a686f200dd2a1cc32f366685957d95d2bd5a3367f9ef032992cb 644fb61ce3ad4e8734dedfcd699b25869a2faa3d3acb76ad013bd4aef0e00f93
CLIENT_TRAFFIC_SECRET_0 ef48a7ad36c0a686f200dd2a1cc32f366685957d95d2bd5a3367f9ef032992cb 412e2797b1502b59c60f032682df92fd3dc289f9129eba66ef40c181f4ec7747
SERVER_TRAFFIC_SECRET_0 ef48a7ad36c0a686f200dd2a1cc32f366685957d95d2bd5a3367f9ef032992cb 735de76b95046cfc89f3cc00328268b993b6a083f9bf5fb432e336b49bd278a0
CLIENT_HANDSHAKE_TRAFFIC_SECRET 6df9b2cd392dbf48838344c5063ba600a7651f9756fdc91f2c0754a4f30a0180 c55223465d146ef2bec3d07d5002419f162082e6880026761aee97607d53d5fc
SERVER_HANDSHAKE_TRAFFIC_SECRET 6df9b2cd392dbf48838344c5063ba600a7651f9756fdc91f2c0754a4f30a0180 0466446a95c2816f4aef1fc5869f55cd9650459f14e932120e555f31cf04cc15
CLIENT_TRAFFIC_SECRET_0 6df9b2cd392dbf48838344c5063ba600a7651f9756fdc91f2c0754a4f30a0180 45eef1c570b20f201a12f69e3638567e56fdd51b5532c67b537608dfaff6b6dc
SERVER_TRAFFIC_SECRET_0 6df9b2cd392dbf48838344c5063ba600a7651f9756fdc91f2c0754a4f30a0180 9ceb7165ec33aee96af78c5be3ac39de10b15be39f4780477ddbba5b49c2119a
CLIENT_HANDSHAKE_TRAFFIC_SECRET 9078bc937aba4de664d2a26296eee0a30b14b0c716227d27c90fb8a059e3cd73 5ae6d3a0103f03e8019f4cae0b6cc0afa223cb0a06f53437c07f7c1ecc9ba5f3
SERVER_HANDSHAKE_TRAFFIC_SECRET 9078bc937aba4de664d2a26296eee0a30b14b0c716227d27c90fb8a059e3cd73 b73f8b2eaf77570eda397846f25fc96b1b3bee373888f50917417a2101026e69
CLIENT_TRAFFIC_SECRET_0 9078bc937aba4de664d2a26296eee0a30b14b0c716227d27c90fb8a059e3cd73 7000cd92e1b0ad8a471feaaa49cdec28d95405ac4a2913512a56970dee87b3bb
SERVER_TRAFFIC_SECRET_0 9078bc937aba4de664d2a26296eee0a30b14b0c716227d27c90fb8a059e3cd73 2fc58e5955c956d3c1d37456eabfbcc67c0d816daa1aeac80c47a29bc30c9b63
CLIENT_HANDSHAKE_TRAFFIC_SECRET e94d011be95fd4ea812cc962d75e719bb8612d87b6c92a882d9ba5628dcb7d81 702b918bd87b4b7b3fe17be1cc4413d18e48a84cebe5a63f163face1aa0566c3
SERVER_HANDSHAKE_TRAFFIC_SECRET e94d011be95fd4ea812cc962d75e719bb8612d87b6c92a882d9ba5628dcb7d81 a595b2c0eb58297860dd5345061e3c477c7db36c44daa51a0dac176393c6152b
CLIENT_TRAFFIC_SECRET_0 e94d011be95fd4ea812cc962d75e719bb8612d87b6c92a882d9ba5628dcb7d81 53aac75242cc7066e8c6a073c102be04e6414dc5744a4d2b022b61bf5449272d
SERVER_TRAFFIC_SECRET_0 e94d011be95fd4ea812cc962d75e719bb8612d87b6c92a882d9ba5628dcb7d81 f9a7af3ad9ec158c145e7c1f632af7af6fa0a4a643ce117a09066d74c2045991
CLIENT_HANDSHAKE_TRAFFIC_SECRET fb66f8a3316fd9a1b21bc6559c65fdca05fd2698c6e036f821d35def00f205ec 30062c12ca368753f384f0b18c0f9eed2aa32163c6fea3fb3702ec4d77392da2
SERVER_HANDSHAKE_TRAFFIC_SECRET fb66f8a3316fd9a1b21bc6559c65fdca05fd2698c6e036f821d35def00f205ec 4b6051640790b59a7f3d6167133492590bdec543f42b1b170ce36e6d46bea097
CLIENT_TRAFFIC_SECRET_0 fb66f8a3316fd9a1b21bc6559c65fdca05fd2698c6e036f821d35def00f205ec ca5c247a76254dc2839690127bac792796b501c75dcfa0ec36bc0dbbc63ec3d4
SERVER_TRAFFIC_SECRET_0 fb66f8a3316fd9a1b21bc6559c65fdca05fd2698c6e036f821d35def00f205ec e9435dbeea67b9dbebee0b741e563d0e3a654c81a84750b7e253a7a6a286902b
CLIENT_HANDSHAKE_TRAFFIC_SECRET 7f453b3cfba60a0329b7f2e280f7f46ee31515c4f882b6395d098f9a44ccb38d fbbac26d033713fbb6ac1b982d750f399c98ed22c18b4d47cbfddac5112b277a
SERVER_HANDSHAKE_TRAFFIC_SECRET 7f453b3cfba60a0329b7f2e280f7f46ee31515c4f882b6395d098f9a44ccb38d 3351d49cd6f8b483d6f5292326a19a5bc019d3051c5d5cae012746d215a29a3d
CLIENT_TRAFFIC_SECRET_0 7f453b3cfba60a0329b7f2e280f7f46ee31515c4f882b6395d098f9a44ccb38d 0b6643d34c5ce12ddce17cfadd6812bb09210226c23ea375a94dc0dd3472eebb
SERVER_TRAFFIC_SECRET_0 7f453b3cfba60a0329b7f2e280f7f46ee31515c4f882b6395d098f9a44ccb38d d3e3c6b16f86dc3e5045f82a984258fa9c60f60d82f51995cf432c95a92152c2
CLIENT_HANDSHAKE_TRAFFIC_SECRET 46ea63e6d5ed2ce5ff84c76fc9ec4874b02942657c2ad1c32e3915cdb3c0871d 8797b239a5fd9fb57be5ea8b6b293099390e78f1f9b11078f40e49ea59049046
SERVER_HANDSHAKE_TRAFFIC_SECRET 46ea63e6d5ed2ce5ff84c76fc9ec4874b02942657c2ad1c32e3915cdb3c0871d 97a1c794cd2bad7b1a5750a62a58bd4ec228c2ce7fa1645ccd539b260aa60f92
CLIENT_TRAFFIC_SECRET_0 46ea63e6d5ed2ce5ff84c76fc9ec4874b02942657c2ad1c32e3915cdb3c0871d f04ea803a75edf5db0c8d77fe13d9eb9b3126c6dcacfa7c10026297dbd5160d8
SERVER_TRAFFIC_SECRET_0 46ea63e6d5ed2ce5ff84c76fc9ec4874b02942657c2ad1c32e3915cdb3c0871d b88f2f780fcd2f2e6f2d8216b71dee5e607bc4547fede4c8a9b1df23428581f0
CLIENT_HANDSHAKE_TRAFFIC_SECRET eeabbec992a36987d0c253e5c5352731946f4874a9729a9be014beaceda1c0d7 f6821bc518f4528740997f69b349b2ae746ea45e540ae5571023d4ee80035b2e
SERVER_HANDSHAKE_TRAFFIC_SECRET eeabbec992a36987d0c253e5c5352731946f4874a9729a9be014beaceda1c0d7 be121a9997f8c9d505704babb27622ec4b6d3d1dd3cc3557cb5cf5253d99d2f7
CLIENT_TRAFFIC_SECRET_0 eeabbec992a36987d0c253e5c5352731946f4874a9729a9be014beaceda1c0d7 743b36464dfa7c408796ec1fc39aa0a13ca0daf476ff82d2baf87dbdbbe06b67
SERVER_TRAFFIC_SECRET_0 eeabbec992a36987d0c253e5c5352731946f4874a9729a9be014beaceda1c0d7 c730e179c65ef3637203b12dede213ef878a4472aae601ae87ae8570a6626405
CLIENT_HANDSHAKE_TRAFFIC_SECRET 790f09de4ae69c0ce60683473253998e766278da8a77d534dbcde4ecf513fe58 c801dc55dbeb8489d52fdc48d24847cda74b13664fc5eb2b011125d3c6782a01
SERVER_HANDSHAKE_TRAFFIC_SECRET 790f09de4ae69c0ce60683473253998e766278da8a77d534dbcde4ecf513fe58 155642b1304ebc6076120463ecedc686a37253e76f77755110777c1816d6a72c
CLIENT_TRAFFIC_SECRET_0 790f09de4ae69c0ce60683473253998e766278da8a77d534dbcde4ecf513fe58 afba191e750a20134d15d59c249d034464a020d80077185c75e173e55ae288b1
SERVER_TRAFFIC_SECRET_0 790f09de4ae69c0ce60683473253998e766278da8a77d534dbcde4ecf513fe58 99f98d1425fa497bc581c30a49cc0f5b15be99acba6c0a0a777fc4b1adbe617e
CLIENT_HANDSHAKE_TRAFFIC_SECRET b2178bdfea40ef9720d33dc2769865ab143361658214f47fc78618c168876186 1f3a269da6981c71185aee7ee3a7cc76684feb52dab689e3d72f768069b114b4
SERVER_HANDSHAKE_TRAFFIC_SECRET b2178bdfea40ef9720d33dc2769865ab143361658214f47fc78618c168876186 a3cbb9f91afa10d777f3429336650d2106814bab9cdb6d3624e26454df0083ac
CLIENT_TRAFFIC_SECRET_0 b2178bdfea40ef9720d33dc2769865ab143361658214f47fc78618c168876186 6644cfbaa45dfa552bf336c753f87be8f5d3043e9f4821a79ef6491c739311e4
SERVER_TRAFFIC_SECRET_0 b2178bdfea40ef9720d33dc2769865ab143361658214f47fc78618c168876186 9dabe00be8e0741137f5a95ff9e0c576e67eafbe021e1c6df84434f08d54a308
CLIENT_HANDSHAKE_TRAFFIC_SECRET bb2dbece693049f2d1e2451490aa9cbda1eceb1058f97f2ce4d36192eaa98b54 ecdee43dfbccfdacb7288219db67475b23e41e45f69d419bf0d2915588e25b97
SERVER_HANDSHAKE_TRAFFIC_SECRET bb2dbece693049f2d1e2451490aa9cbda1eceb1058f97f2ce4d36192eaa98b54 9d9aecbfda91ff0a620d32caee309e15be8ea15d5d9c7d79e9623eb4b75b7fff
CLIENT_TRAFFIC_SECRET_0 bb2dbece693049f2d1e2451490aa9cbda1eceb1058f97f2ce4d36192eaa98b54 342e1edc8952ef0640578f2bdbc603c644a875a7f884759ca6a14515076a1e6f
SERVER_TRAFFIC_SECRET_0 bb2dbece693049f2d1e2451490aa9cbda1eceb1058f97f2ce4d36192eaa98b54 57a9c1f3a7caa28435cdaa3bf033f29e1c85717c034c7180ee528263318d759b
CLIENT_HANDSHAKE_TRAFFIC_SECRET a7884aaaa5c59cb195827c5672c0a7369c1f9e1b73b39098cc14c9e82c42f392 b525c5ba440aa30c23a941d11e6ede73310af2595b48663f18d558b03f2043ce
SERVER_HANDSHAKE_TRAFFIC_SECRET a7884aaaa5c59cb195827c5672c0a7369c1f9e1b73b39098cc14c9e82c42f392 0dad0b537505fc8e2eb8fdffcccb6d89708bcff46e31b20bc83725b1657c4d46
CLIENT_TRAFFIC_SECRET_0 a7884aaaa5c59cb195827c5672c0a7369c1f9e1b73b39098cc14c9e82c42f392 a023d6f70a52d847032b97e55011e97f88ae59d3c0a9870e5e55d5fec01c4d93
SERVER_TRAFFIC_SECRET_0 a7884aaaa5c59cb195827c5672c0a7369c1f9e1b73b39098cc14c9e82c42f392 c565511cf252da8f78edf985e5aff720282a4e23226a4ee743a056d654b995e4
CLIENT_HANDSHAKE_TRAFFIC_SECRET 7d8840a975d136b1fb839ee024ab3b67328c2427eee1e9413be4f36a895ec841 ac1dd1fc01497300b23ed9e0b12f57541485b8176b65ca48a4403512e508a3e9
SERVER_HANDSHAKE_TRAFFIC_SECRET 7d8840a975d136b1fb839ee024ab3b67328c2427eee1e9413be4f36a895ec841 a678f4207e0fe8cc3356fc67dbce72702483538c0d268e3f354825acbabee70d
CLIENT_TRAFFIC_SECRET_0 7d8840a975d136b1fb839ee024ab3b67328c2427eee1e9413be4f36a895ec841 8d1b9f1ef2667735d5fa6c0c9c807641e03bb5cbf9d049cf0deff57072c801b3
SERVER_TRAFFIC_SECRET_0 7d8840a975d136b1fb839ee024ab3b67328c2427eee1e9413be4f36a895ec841 44ab449aa8f9a362a65921d1dbcdf7a3065ff7316fa0cc98b632b0572cbe2e0b
CLIENT_HANDSHAKE_TRAFFIC_SECRET e793a466ba45667d03f37beb49003b38ba193a8d133c28c2a1c01ccc331ad5df b13bc06ba71741717251953f4e2862b9a66df864143eec708a890674fb67a5ac
SERVER_HANDSHAKE_TRAFFIC_SECRET e793a466ba45667d03f37beb49003b38ba193a8d133c28c2a1c01ccc331ad5df fd35ad3951db8b967b14cb4fd294e96019cef91af511633fe59574209b9b090f
CLIENT_TRAFFIC_SECRET_0 e793a466ba45667d03f37beb49003b38ba193a8d133c28c2a1c01ccc331ad5df 4bed0c63b6266064cc3263e3440eeebaec4c85ab1aa69582c22182a39e760cb7
SERVER_TRAFFIC_SECRET_0 e793a466ba45667d03f37beb49003b38ba193a8d133c28c2a1c01ccc331ad5df ac0ba7cb73766789fc4c376efed24c268f69ea625de2ed522dfc4e6a91cc224d
CLIENT_HANDSHAKE_TRAFFIC_SECRET 4c4c3402f46afd7defc4d51b9567d3647089f0dd4d30e36a6228e215a2314e75 fae475893d60352d01354a1fadcc88866130f5a53197233ca6f34d67e53a084a
SERVER_HANDSHAKE_TRAFFIC_SECRET 4c4c3402f46afd7defc4d51b9567d3647089f0dd4d30e36a6228e215a2314e75 166ec4cda1a59ed0f8467f1f00a4256d1e9b04a1cac31fda1a2c104c77b6416e
CLIENT_TRAFFIC_SECRET_0 4c4c3402f46afd7defc4d51b9567d3647089f0dd4d30e36a6228e215a2314e75 1dd0df8cabb12a7f36ee139507918846d87704f27c63abd656406e793c252ddd
SERVER_TRAFFIC_SECRET_0 4c4c3402f46afd7defc4d51b9567d3647089f0dd4d30e36a6228e215a2314e75 67aded762b6684fd042201faad6c42a2bc4b927e0adf288b6cc377bba131df7b
CLIENT_HANDSHAKE_TRAFFIC_SECRET d4f62b7d16551c40641da76428879c48e556b0345ea5d40fbd6088d25ef3fe88 bacddd1490d87726fbdcc1a7b10421e8ec37d848d91b24fc4d22010f5f6d44b1
SERVER_HANDSHAKE_TRAFFIC_SECRET d4f62b7d16551c40641da76428879c48e556b0345ea5d40fbd6088d25ef3fe88 e631b02a43d15c715057b5b5eeee3b0f9c3e84a28a71ace2fb9a28ed2f713752
CLIENT_TRAFFIC_SECRET_0 d4f62b7d16551c40641da76428879c48e556b0345ea5d40fbd6088d25ef3fe88 1ba16a28c7f501b7fae59f8186caa5ee504b19d405b37d7d7b6bd878733e09d4
SERVER_TRAFFIC_SECRET_0 d4f62b7d16551c40641da76428879c48e556b0345ea5d40fbd6088d25ef3fe88 68a6f546a4699b4691a33326d30e5081af9071a9cb89934793558e977862d4e9
CLIENT_HANDSHAKE_TRAFFIC_SECRET 98c3d1c999dffc26370a3023589986753c76b0713ffc915319cba29179d1e185 2f0677663e7e0e425da571e296aff1a8029eaffc040e4e8f437e47272fa7b9b7
SERVER_HANDSHAKE_TRAFFIC_SECRET 98c3d1c999dffc26370a3023589986753c76b0713ffc915319cba29179d1e185 f95e53600799d4bbddfbc369619e1d3f7b0ff2035e80b749ad957937a38c9783
CLIENT_TRAFFIC_SECRET_0 98c3d1c999dffc26370a3023589986753c76b0713ffc915319cba29179d1e185 abfcf83ec7d471c01ee0d23b9187efb1918e875ce8bd9aae3bd231bfedafbbcc
SERVER_TRAFFIC_SECRET_0 98c3d1c999dffc26370a3023589986753c76b0713ffc915319cba29179d1e185 2329170191dcd089b9fd4afc937368f473c0feccba441326740cb327a6339ac3
CLIENT_HANDSHAKE_TRAFFIC_SECRET dedbfac1ac03cfc0f39b67c93daa98e28edd9cac1737ce1e6b684c7f4d9770d3 c865973554f412e9cf85cbd00d6b0c1ed6106d7727b6b391e7c0acad59d39b8e
SERVER_HANDSHAKE_TRAFFIC_SECRET dedbfac1ac03cfc0f39b67c93daa98e28edd9cac1737ce1e6b684c7f4d9770d3 ae1666afc8e26cecc81e5b20318716b587167699363f9d3fde41fa704f7801ef
CLIENT_TRAFFIC_SECRET_0 dedbfac1ac03cfc0f39b67c93daa98e28edd9cac1737ce1e6b684c7f4d9770d3 c14c6f96f62d8a29169070c65febdb7a07ff5e0f220f93efb96bfcf3f591e134
SERVER_TRAFFIC_SECRET_0 dedbfac1ac03cfc0f39b67c93daa98e28edd9cac1737ce1e6b684c7f4d9770d3 4c6bde89f7f5440d2c0a824dbd0c66ad3780b7588cc5a65c119c892f1e15943f
CLIENT_HANDSHAKE_TRAFFIC_SECRET cc7a2d63410c7cbb1f6d3b9a06ab315d253f56030364210c1bb54d8debcbac6e dfbc8dab520af774121c226e5526b41d8e31a3c907b7712ba0f41ebca2d1e1af
SERVER_HANDSHAKE_TRAFFIC_SECRET cc7a2d63410c7cbb1f6d3b9a06ab315d253f56030364210c1bb54d8debcbac6e 32d0cf7e64c54b9571271071794edf85bef8c8d076370a5e9f932da55eeefb05
CLIENT_TRAFFIC_SECRET_0 cc7a2d63410c7cbb1f6d3b9a06ab315d253f56030364210c1bb54d8debcbac6e 4f912fd55c42f6f7dacb0655bc75b6f781ed99b48effccf197a2d059a3196b70
SERVER_TRAFFIC_SECRET_0 cc7a2d63410c7cbb1f6d3b9a06ab315d253f56030364210c1bb54d8debcbac6e e98d80cef9ffdcaf8fbf5b6e3d22e25af3d46d7dcd890d58457166e7ce2ff2ec
CLIENT_HANDSHAKE_TRAFFIC_SECRET 6970255f8ec85e470342be62c3495f9f7cecce138464e4e6f224941f69ff17f2 6d60ab58acf69552be0fe34b191fb5e2cfb30d79214f4b966f3621dbcd76b22c
SERVER_HANDSHAKE_TRAFFIC_SECRET 6970255f8ec85e470342be62c3495f9f7cecce138464e4e6f224941f69ff17f2 e32619e56a303024d005f6ea5e49fe7782f7d3569c5a11fe31de65c116036a11
CLIENT_TRAFFIC_SECRET_0 6970255f8ec85e470342be62c3495f9f7cecce138464e4e6f224941f69ff17f2 7c83d880b53251bcd832d4348b96905a7713d64875e9f7e31989540e3af1636c
SERVER_TRAFFIC_SECRET_0 6970255f8ec85e470342be62c3495f9f7cecce138464e4e6f224941f69ff17f2 55edb701a7cf08fd414902d495512900b3d0d499ce8c3a3f0966fa9b709c4069
CLIENT_HANDSHAKE_TRAFFIC_SECRET a505ac4c644bbb304f63d453c078983f8173b3dffb091edf4f370ef6e723dfeb 8166b4f3c0d3adc11c4adb1e9c5054a526d106095af77dd770a78f7a824b7994
SERVER_HANDSHAKE_TRAFFIC_SECRET a505ac4c644bbb304f63d453c078983f8173b3dffb091edf4f370ef6e723dfeb 558d063df1c50e3e801e6265c3cd0f8d7135f03e7ebae6593bfdc547713f1602
CLIENT_TRAFFIC_SECRET_0 a505ac4c644bbb304f63d453c078983f8173b3dffb091edf4f370ef6e723dfeb 59c3d115f4c690d274224f4e23e62e89fa11b5dfbc26580b7290f0c27bdad4a0
SERVER_TRAFFIC_SECRET_0 a505ac4c644bbb304f63d453c078983f8173b3dffb091edf4f370ef6e723dfeb 4460261b4b26ffb843fb7c54a3b1a4aefc172640014a34f0564cee74f81792c8
CLIENT_HANDSHAKE_TRAFFIC_SECRET 41df4647c4c9efc6a086e51078a765deeca4b70b63f2bcaf17244b355480834f 7e05009d057de7197ef206edb0213ba629bce48091dc0e6214e8782f422183a1
SERVER_HANDSHAKE_TRAFFIC_SECRET 41df4647c4c9efc6a086e51078a765deeca4b70b63f2bcaf17244b355480834f 77408d03b460113ab3b1ee012cea74751a6f80bf7d2d3c8f7d9f0320cc9d84e0
CLIENT_TRAFFIC_SECRET_0 41df4647c4c9efc6a086e51078a765deeca4b70b63f2bcaf17244b355480834f 0bc4a0c55df30958d260cdb29169652ba9bec70f2ffd3d38545216af0640a838
SERVER_TRAFFIC_SECRET_0 41df4647c4c9efc6a086e51078a765deeca4b70b63f2bcaf17244b355480834f 7ecf609dfc0155940f984c540fd996d67bbc09b69d8ac43edc0b54ad46ed6d33
CLIENT_HANDSHAKE_TRAFFIC_SECRET ed9c6f47f09c6a78be3a3313de7f43087a67e274dcc3b6513a3d86bfb1046de1 2b05fa74bfa0e153e882c6329514f6acad05f3dfbc442fc913ba9d9269b17075
SERVER_HANDSHAKE_TRAFFIC_SECRET ed9c6f47f09c6a78be3a3313de7f43087a67e274dcc3b6513a3d86bfb1046de1 c69064b285ed3b9ae084fd90eb512e805c85f805eb37bbbab1e6c234710bda98
CLIENT_TRAFFIC_SECRET_0 ed9c6f47f09c6a78be3a3313de7f43087a67e274dcc3b6513a3d86bfb1046de1 f871451a6307e028001695c2c951f5e8854a89c8017c97677fe9bd4f49331dc1
SERVER_TRAFFIC_SECRET_0 ed9c6f47f09c6a78be3a3313de7f43087a67e274dcc3b6513a3d86bfb1046de1 ad7ab0cd9c389dfcf7e6384ecf2e218825adb512ffe3515f3e202ec9a548e2c5
CLIENT_HANDSHAKE_TRAFFIC_SECRET bdeefea1cbf9612d01faa29130ba5442dde092e7ab1b2e4643bfbc2253cf3575 7e21b55e71ea585ba43fc7bc332508bd2b250b31f6136cbf3ebd98701224fa9e
SERVER_HANDSHAKE_TRAFFIC_SECRET bdeefea1cbf9612d01faa29130ba5442dde092e7ab1b2e4643bfbc2253cf3575 daac38a0e1c57fabc3e3b3717c30e19921d649a12fc9d6936fd5720ce5c7b295
CLIENT_TRAFFIC_SECRET_0 bdeefea1cbf9612d01faa29130ba5442dde092e7ab1b2e4643bfbc2253cf3575 5b5745d5e863f5a0a90dec32d4b8df9e73a80d1b41adcd12db000dc10f06c6d3
SERVER_TRAFFIC_SECRET_0 bdeefea1cbf9612d01faa29130ba5442dde092e7ab1b2e4643bfbc2253cf3575 4ff58e630eb6a18060a6c85fcdedfb9502af7c4d0b9a8e1dfc84cd0344576479
CLIENT_HANDSHAKE_TRAFFIC_SECRET 12d4ed225dd617d22c6891eb2f43f52196f58c6577306ebe64e0be63030875fc 31da7d43df4d291df0683318aaddf1ac6dfbf94043115631c5b7c6a6c99516f0
SERVER_HANDSHAKE_TRAFFIC_SECRET 12d4ed225dd617d22c6891eb2f43f52196f58c6577306ebe64e0be63030875fc ec3289c3a76b6f821abd4962ee5ee9bb48904362a747fff0ed7d0ad5fd393ec4
CLIENT_TRAFFIC_SECRET_0 12d4ed225dd617d22c6891eb2f43f52196f58c6577306ebe64e0be63030875fc 752e954889cfab0c63b26257ccb6d077d916ca89301143cc98b191f9b40c6392
SERVER_TRAFFIC_SECRET_0 12d4ed225dd617d22c6891eb2f43f52196f58c6577306ebe64e0be63030875fc 5381e24a575b2a66ae1b9fdfcb36df5359af02bbce5591630b349729eceedc9d
CLIENT_HANDSHAKE_TRAFFIC_SECRET b8d694d4d0d76d21fc5177fdf283c3694d5dd04024d8ab33914184c52e9421f0 8c01e4c57f92814701dd37d7aa7a3c61738af3ac44f42dad1a3de7f1833c84fe
SERVER_HANDSHAKE_TRAFFIC_SECRET b8d694d4d0d76d21fc5177fdf283c3694d5dd04024d8ab33914184c52e9421f0 5ee1929c2ffc2b77918f6082be5c62615702c0c1cad9e5821e7c29c6864f3e91
CLIENT_TRAFFIC_SECRET_0 b8d694d4d0d76d21fc5177fdf283c3694d5dd04024d8ab33914184c52e9421f0 a252616d2b324fd9adde9481ef9ebf0a085a339dd0ec26e1719c44c1e0982c40
SERVER_TRAFFIC_SECRET_0 b8d694d4d0d76d21fc5177fdf283c3694d5dd04024d8ab33914184c52e9421f0 c4a001f552239364dc2fe6217c1bac173d7d551ed92088c16d680e6ebf434621
CLIENT_HANDSHAKE_TRAFFIC_SECRET 168450dd03cec085f7e352d1efe2c381e3e78f798402300100dd7a067d9cb704 7f5533f1a82326a719c938dcd63993e730cc7ab12e550f21f68afbe05956ec40
SERVER_HANDSHAKE_TRAFFIC_SECRET 168450dd03cec085f7e352d1efe2c381e3e78f798402300100dd7a067d9cb704 5ce18330919ac00a4ecddb336912ad53336a333acfddb2705b1e563058795008
CLIENT_TRAFFIC_SECRET_0 168450dd03cec085f7e352d1efe2c381e3e78f798402300100dd7a067d9cb704 5a5cbd5c670679f531e6a24e212d40586504264129fdcac32da3f50091723ae5
SERVER_TRAFFIC_SECRET_0 168450dd03cec085f7e352d1efe2c381e3e78f798402300100dd7a067d9cb704 29d6a9840a49b3f5527d38b13674b346b8a8e25b627efe0a35c9790fa6f36dbb
CLIENT_HANDSHAKE_TRAFFIC_SECRET 37178975fe8826d8cadb633e1913bc2fb290b6fd456354f4246e355f28c7f1f5 c1bc22683f579c8997403b66666aa9955e3cbd1294e27d6da745c3556579a71c
SERVER_HANDSHAKE_TRAFFIC_SECRET 37178975fe8826d8cadb633e1913bc2fb290b6fd456354f4246e355f28c7f1f5 65c456995dacd6f4f234bc2958e2289c65c13afba860bc6ff45e9776262c4fb4
CLIENT_TRAFFIC_SECRET_0 37178975fe8826d8cadb633e1913bc2fb290b6fd456354f4246e355f28c7f1f5 9948c14604d7bea8f45c9b9130ac0213d7e650094d36076672cdb9dacb5eb0d2
SERVER_TRAFFIC_SECRET_0 37178975fe8826d8cadb633e1913bc2fb290b6fd456354f4246e355f28c7f1f5 9d5101885706b15be110718f13b96563a05830e2a5572074cd6a508b7b2f3ab0
CLIENT_HANDSHAKE_TRAFFIC_SECRET d31d4bfca7a518ed012967f15cfcecd69ef4e061fb9f7514ab0d4f829e3b2eba f036a986f48f72131de966c92085bbfbe398c71828c4603a8886680b61af16ac
SERVER_HANDSHAKE_TRAFFIC_SECRET d31d4bfca7a518ed012967f15cfcecd69ef4e061fb9f7514ab0d4f829e3b2eba eaa22916634345346912deedfd3c9fc98caac9f4d7e4b1b0d26631b323306b72
CLIENT_TRAFFIC_SECRET_0 d31d4bfca7a518ed012967f15cfcecd69ef4e061fb9f7514ab0d4f829e3b2eba e9d67259558e4391e527cfce79a02eebe2d1fc957b3ee6e53fa451812d04ba17
SERVER_TRAFFIC_SECRET_0 d31d4bfca7a518ed012967f15cfcecd69ef4e061fb9f7514ab0d4f829e3b2eba e86628006a97ea6ec0bf699ee98175b420f1d62f434fe6fa28a8cb011fb97f2e
CLIENT_HANDSHAKE_TRAFFIC_SECRET 7a66e95bcf408995ba0075ae1a5617704b08eaa01b4a706aa4a35e1cc0af60e5 3660ae17eb61944aaa35a9ec21fc4ae12a9238154735ee783e3d7ad3a4297daa
SERVER_HANDSHAKE_TRAFFIC_SECRET 7a66e95bcf408995ba0075ae1a5617704b08eaa01b4a706aa4a35e1cc0af60e5 6baa9ecfaa5c24660284194066549b41e6a973dbc01f40c46d10b38335f0f8b6
CLIENT_TRAFFIC_SECRET_0 7a66e95bcf408995ba0075ae1a5617704b08eaa01b4a706aa4a35e1cc0af60e5 528d7fd37aac25f27b2fd36ea05e4ff3588615cbc16da4abf24787da54f870a3
SERVER_TRAFFIC_SECRET_0 7a66e95bcf408995ba0075ae1a5617704b08eaa01b4a706aa4a35e1cc0af60e5 237d60b602987648cebe3b63b4a852c4c16defbe733a7a19f2ffc730e8f90695
CLIENT_HANDSHAKE_TRAFFIC_SECRET 23e86f46a4958694d521e66591a64458a911b1bbe4295e8381d5760073382ca0 65e680395a9c3e2e07d6836e8e6406ade5dfd435ef8d253a83c0646f3d023c0e
SERVER_HANDSHAKE_TRAFFIC_SECRET 23e86f46a4958694d521e66591a64458a911b1bbe4295e8381d5760073382ca0 762e02d8f9825f5c77c5d7e18af38997579d1e0e4d950e895e0231ef915b1803
CLIENT_TRAFFIC_SECRET_0 23e86f46a4958694d521e66591a64458a911b1bbe4295e8381d5760073382ca0 5474fd6b4568be3de2c11caf7a3d9a9f35583b81c9f0e22b73ea5757817ce1cc
SERVER_TRAFFIC_SECRET_0 23e86f46a4958694d521e66591a64458a911b1bbe4295e8381d5760073382ca0 f39794fc6fe6ff7cddaa2eb5b6dc8a289b0d462ac86aa3c0bb755cffe134fd95
CLIENT_HANDSHAKE_TRAFFIC_SECRET d3c5c1d91a91d817d35f7b5c530193601834d1a40b88df69200e7697357f1ff1 e306b53a4498f3dc232cf8b0c7b6509997b77905e9ab7d783b1f734ba6bc9e57
SERVER_HANDSHAKE_TRAFFIC_SECRET d3c5c1d91a91d817d35f7b5c530193601834d1a40b88df69200e7697357f1ff1 254bf76c0f87b8b2f50af5956f36d5c0b880de830827ae2c0fe67b3238fe2c33
CLIENT_TRAFFIC_SECRET_0 d3c5c1d91a91d817d35f7b5c530193601834d1a40b88df69200e7697357f1ff1 f3fb551f25af3a0601975250f4db7bebf31d08d77508db7d1139bb0284c89602
SERVER_TRAFFIC_SECRET_0 d3c5c1d91a91d817d35f7b5c530193601834d1a40b88df69200e7697357f1ff1 4b5db36e1d78b2170948ee26cebf47a31a394fea2f00067d874571e76a8f3bf2
CLIENT_HANDSHAKE_TRAFFIC_SECRET e36677ed6d7984b672679f930fc68aeaffbb63bced48c5f3c3e871a9e68b8780 9ffd2dadb57caf3f1bc68ee9b1022608c568afe7fc7527a4d42061fad3c8e528
SERVER_HANDSHAKE_TRAFFIC_SECRET e36677ed6d7984b672679f930fc68aeaffbb63bced48c5f3c3e871a9e68b8780 479429beccb83df1583c85e06a0d8871e49f10aae3fd87259d911d69b929cd9c
CLIENT_TRAFFIC_SECRET_0 e36677ed6d7984b672679f930fc68aeaffbb63bced48c5f3c3e871a9e68b8780 0e61466ead4c3d5a31ba0f7878512be1db7cc1c3a8d1bbcc4fee6c93ddc54ac8
SERVER_TRAFFIC_SECRET_0 e36677ed6d7984b672679f930fc68aeaffbb63bced48c5f3c3e871a9e68b8780 fcb0242a812e564609589288e9cc4b33a366b4eaa3706f3c91f0022e23b59a3b
CLIENT_HANDSHAKE_TRAFFIC_SECRET 17ae6f3386a929fb156481432655009bf9fec9229c31cb440af5cb7d6bd9c65a e759fe1cc89c59d89663c0a1dd60345f08dc289a28117d05c85aee6b396e4f60
SERVER_HANDSHAKE_TRAFFIC_SECRET 17ae6f3386a929fb156481432655009bf9fec9229c31cb440af5cb7d6bd9c65a 49356dc5c13309ad31ff20c96b16a8a6c0e9dcc1c4a28b4ba561f76e3dfc7e41
CLIENT_TRAFFIC_SECRET_0 17ae6f3386a929fb156481432655009bf9fec9229c31cb440af5cb7d6bd9c65a b093e070bc7dfc2f4aa6f91125b5d9390ae89f186dd48ae3b7bb8d5bfe30deeb
SERVER_TRAFFIC_SECRET_0 17ae6f3386a929fb156481432655009bf9fec9229c31cb440af5cb7d6bd9c65a 3adad8dfc684ae91fdd5b1e0447ec2f2632aaaa580d75d4a51cee192cb7ab5db
CLIENT_HANDSHAKE_TRAFFIC_SECRET 66ca9da175b62c5b5ae7a1f3612a2c3f612c2619f6c51fa69b94bc55e82fb5e2 2ec6da9dced2a919cd56bcdc3d445591150e2bc6900b8d8d3d5935c2ac00ced5
SERVER_HANDSHAKE_TRAFFIC_SECRET 66ca9da175b62c5b5ae7a1f3612a2c3f612c2619f6c51fa69b94bc55e82fb5e2 64fc2592b45dfa77378ac80bde7ea1687c38f658724acfca558fe7a3128aad27
CLIENT_TRAFFIC_SECRET_0 66ca9da175b62c5b5ae7a1f3612a2c3f612c2619f6c51fa69b94bc55e82fb5e2 7f5d896e8f7f0c71dff98cb990fac227651c8a777ac90834c19decec45a03084
SERVER_TRAFFIC_SECRET_0 66ca9da175b62c5b5ae7a1f3612a2c3f612c2619f6c51fa69b94bc55e82fb5e2 d9e1bb8d07600b37275c128988fbed74c3ff038334071c19aa0d1e3991359b3a
CLIENT_HANDSHAKE_TRAFFIC_SECRET d6a0bad2f8a4021fbd1272c9268b0ae819824d3b1d4196d01aa8a107b90569dc 5fd610018f2affe02fea6390a4148a5c8f1d2fffaa3a0117fc240c7bfce6af05
SERVER_HANDSHAKE_TRAFFIC_SECRET d6a0bad2f8a4021fbd1272c9268b0ae819824d3b1d4196d01aa8a107b90569dc dcff24d9b8c4d0867c1a26a4700a9a2ed25b170d0d35fec8061fcfca12554603
CLIENT_TRAFFIC_SECRET_0 d6a0bad2f8a4021fbd1272c9268b0ae819824d3b1d4196d01aa8a107b90569dc 86bfc8467f2fa840547271bba46a85a68e6a8f0ca1035a69696a8008f97defb6
SERVER_TRAFFIC_SECRET_0 d6a0bad2f8a4021fbd1272c9268b0ae819824d3b1d4196d01aa8a107b90569dc 4363ef8d21c60c0e92f00d871feaaba2c8b02ff783e10d7a08e1592ad1967db3
CLIENT_HANDSHAKE_TRAFFIC_SECRET 8752ccbd54992f4d25356ec1c9a248ca1790dd8b15acaa55b12cc96056bda0fc ffd2717b76e11b2ca163103ec4e903a677a4f78cca3e387bca7e4f9a804c59e7
SERVER_HANDSHAKE_TRAFFIC_SECRET 8752ccbd54992f4d25356ec1c9a248ca1790dd8b15acaa55b12cc96056bda0fc 72a31181d95464b8e3db8bdf07100b2c3ed11991269da0443f51ef5062b8ca59
CLIENT_TRAFFIC_SECRET_0 8752ccbd54992f4d25356ec1c9a248ca1790dd8b15acaa55b12cc96056bda0fc e179511357ccf0e26f970aa90092709627d60f316452e1716475aaec67e184b8
SERVER_TRAFFIC_SECRET_0 8752ccbd54992f4d25356ec1c9a248ca1790dd8b15acaa55b12cc96056bda0fc 8436cd1e8cef7b9bcff95dbd51bb225e68acbd582e9361fabea0c95c861166f0
CLIENT_HANDSHAKE_TRAFFIC_SECRET 1a3d953fa8386f6a7369a6412860eb77ffecda66577878eedfcb15db67c3f01f 37e0fc4d0fddbbe7e469946750b1aad771654357336941a9a9fc458cf6046182
SERVER_HANDSHAKE_TRAFFIC_SECRET 1a3d953fa8386f6a7369a6412860eb77ffecda66577878eedfcb15db67c3f01f b7342c432deee25905a34e40d7edf3050f859d3313b2937c09b0aa110a8ce49c
CLIENT_TRAFFIC_SECRET_0 1a3d953fa8386f6a7369a6412860eb77ffecda66577878eedfcb15db67c3f01f 25dc72fb2cc027004f5e3bd2111d9a5f438cb8cca4dbb2ad8275fa3ab57ba0a5
SERVER_TRAFFIC_SECRET_0 1a3d953fa8386f6a7369a6412860eb77ffecda66577878eedfcb15db67c3f01f cea82a9048130ba46efbfb91e88ff5f901324d416ea29bdbff36ef247d714dcd
CLIENT_HANDSHAKE_TRAFFIC_SECRET cb308a8923afa2ea0b862ee04345e2df755ac57465d30bce767c4b5b1a1b0631 31a5f452fde6b258af6738197f23cd888bdd2978e5d624925f2d3aeed2a8d8e5
SERVER_HANDSHAKE_TRAFFIC_SECRET cb308a8923afa2ea0b862ee04345e2df755ac57465d30bce767c4b5b1a1b0631 372d25ee93527d48441279580f2638b34e48f78989cf6ad972da77660dc803ff
CLIENT_TRAFFIC_SECRET_0 cb308a8923afa2ea0b862ee04345e2df755ac57465d30bce767c4b5b1a1b0631 b0915b0a55016216de5f59b5f74ac9baa0e1eb81e6e4a6dac6873a6e82055673
SERVER_TRAFFIC_SECRET_0 cb308a8923afa2ea0b862ee04345e2df755ac57465d30bce767c4b5b1a1b0631 7d8349be27c8fe246ee0e72c04936267d4b6f7e253b161edd0cd8023314f2c30
CLIENT_HANDSHAKE_TRAFFIC_SECRET dcd7247909373c91454bf110d3d00fd44a8aa7220569e3b8f704bb7c0d7cd9c6 a46982a8d97f32a0b3fc5a7b1aeb35b61a95d2480c21fa27b4314fe3b609ebd9
SERVER_HANDSHAKE_TRAFFIC_SECRET dcd7247909373c91454bf110d3d00fd44a8aa7220569e3b8f704bb7c0d7cd9c6 09555230d91c98e45abf5b77fbecdc1ae743177f7fab07308ea14afb15c31c92
CLIENT_TRAFFIC_SECRET_0 dcd7247909373c91454bf110d3d00fd44a8aa7220569e3b8f704bb7c0d7cd9c6 9b24af78372385d5b0b0b40f04fcbd68da5b6d18690528474108dcb8ab547591
SERVER_TRAFFIC_SECRET_0 dcd7247909373c91454bf110d3d00fd44a8aa7220569e3b8f704bb7c0d7cd9c6 9413d38b20e80b1a4b5dcf5b619c147ca7cc5540c8a79f8ff8d87efa3a9cd896
CLIENT_HANDSHAKE_TRAFFIC_SECRET aedf08c3b1d61de085f4ef4a7586defc4ddfb8b44804712fada0ce49d323af1d 63c30a6c2152a7c9782fd055464c91acfc58109403cd42d110add6fda9792250
SERVER_HANDSHAKE_TRAFFIC_SECRET aedf08c3b1d61de085f4ef4a7586defc4ddfb8b44804712fada0ce49d323af1d 890fefacc01cb46906a8754aaa56745334f0c1101c4c2094ca56e68c4b69fcbe
CLIENT_TRAFFIC_SECRET_0 aedf08c3b1d61de085f4ef4a7586defc4ddfb8b44804712fada0ce49d323af1d 890fd37cfa572e26ce58b6d183339571313f70a878138b003cce788a47a6638c
SERVER_TRAFFIC_SECRET_0 aedf08c3b1d61de085f4ef4a7586defc4ddfb8b44804712fada0ce49d323af1d a1a689bdadaa9fe6985565b57458dc9761b68f594f9100f7a51b78df28f4027c
CLIENT_HANDSHAKE_TRAFFIC_SECRET 4e29eb3ac32737a7f19ab8e7e3db8e4ea7a79b17932087727c8c018995e111b4 75c9028d579045f5a7b1c06ebb7ac455756a263590b67c1e74c9a1c48cb72679
SERVER_HANDSHAKE_TRAFFIC_SECRET 4e29eb3ac32737a7f19ab8e7e3db8e4ea7a79b17932087727c8c018995e111b4 a13a5319be1a593ae7261a1a597885de90ea44a7ee148f82b2828ccc9326f358
CLIENT_TRAFFIC_SECRET_0 4e29eb3ac32737a7f19ab8e7e3db8e4ea7a79b17932087727c8c018995e111b4 c76872a4c5c79d571fa75d14aceb0a6f6bb5340e4334d6bc5295b510ee3ecc96
SERVER_TRAFFIC_SECRET_0 4e29eb3ac32737a7f19ab8e7e3db8e4ea7a79b17932087727c8c018995e111b4 02a1312427b2e7aab756fecc5182cae4045a0589872d658053a0626c372c0c07
CLIENT_HANDSHAKE_TRAFFIC_SECRET 83e78803d0c48a72478f8f0561448b0bbf9f2d2de06a67bccd24db8f49276218 c85fae5b5980eeb6fbc73172e394a0e3460264ab2bba4751ec74e5471c197d75
SERVER_HANDSHAKE_TRAFFIC_SECRET 83e78803d0c48a72478f8f0561448b0bbf9f2d2de06a67bccd24db8f49276218 f90963bf266ef4af48cba52562a068b68c2ae99f43faa13b3ae02089416b5e7b
CLIENT_TRAFFIC_SECRET_0 83e78803d0c48a72478f8f0561448b0bbf9f2d2de06a67bccd24db8f49276218 e721acd9e5c4ea69b77ebc9945b5df57447bf0ea922f8e79191fd5b5ec5666e1
SERVER_TRAFFIC_SECRET_0 83e78803d0c48a72478f8f0561448b0bbf9f2d2de06a67bccd24db8f49276218 28464af689d6311955c6a71a620bd90eeca27bf5e9478f98ab4f5bed50dace45
CLIENT_HANDSHAKE_TRAFFIC_SECRET 4f3f288b6536be784ebedd54159741c19fcbeb26fade7e00d998c2ec3126896e cabe83b6d315abbf67df1207383c353af60366a3cb846d2d408e0479dd61b49a
SERVER_HANDSHAKE_TRAFFIC_SECRET 4f3f288b6536be784ebedd54159741c19fcbeb26fade7e00d998c2ec3126896e bb60ff70b573d6fe9684f975b5ecd9fe43b77c72880ae80b8eb6c8b7ffb0b75c
CLIENT_TRAFFIC_SECRET_0 4f3f288b6536be784ebedd54159741c19fcbeb26fade7e00d998c2ec3126896e 0999ecd4dcdb9eb1d6fd6c0acbd1e0b37c5f6aa0da40d9e9cb6d7f1cf67019dc
SERVER_TRAFFIC_SECRET_0 4f3f288b6536be784ebedd54159741c19fcbeb26fade7e00d998c2ec3126896e 3d08767ffd5cd4b3fb453cb781126cf9bd1e7e58fa9f41fbba7b271deef15c71
CLIENT_HANDSHAKE_TRAFFIC_SECRET e9aa6423a6e583ef096870046ce496b0c085bf2c60b2929dc8171dab3d565c59 7058704bfb3a1b44cd87d4a6d124921bdca9ad4ebab76c5a32445fc8bfcbe46a
SERVER_HANDSHAKE_TRAFFIC_SECRET e9aa6423a6e583ef096870046ce496b0c085bf2c60b2929dc8171dab3d565c59 b938b744eae0529a54f836e9c9a8fd61d15ade9543bb3cc9a5bd9063075275d9
CLIENT_TRAFFIC_SECRET_0 e9aa6423a6e583ef096870046ce496b0c085bf2c60b2929dc8171dab3d565c59 76cc8b42a82abbca2863b07fedd666c7327f3626eed0487d41a99a8090631edb
SERVER_TRAFFIC_SECRET_0 e9aa6423a6e583ef096870046ce496b0c085bf2c60b2929dc8171dab3d565c59 58583f2c753b8f5f03252a05d752f4547406d219340dff400b1d84f387ace5e3
CLIENT_HANDSHAKE_TRAFFIC_SECRET 69988d2b85cc5781e893a37369fb413bb1532bba83753d1a2a1b839de4f9dd24 0e54570aa4d988c24c8460d7bf68b0a8eb8d9d9c64c164df67f7559330da4139
SERVER_HANDSHAKE_TRAFFIC_SECRET 69988d2b85cc5781e893a37369fb413bb1532bba83753d1a2a1b839de4f9dd24 f96271124c38e5dc5a063bb012fcc19037f518333e6d9c9ce1e1ec6663b5c3a3
CLIENT_TRAFFIC_SECRET_0 69988d2b85cc5781e893a37369fb413bb1532bba83753d1a2a1b839de4f9dd24 f9d19a37cbb92b60e17c3c2c54f580a21415c9825f7596502b2e8e3770f2de71
SERVER_TRAFFIC_SECRET_0 69988d2b85cc5781e893a37369fb413bb1532bba83753d1a2a1b839de4f9dd24 356981867de57e6f5807a99ebc67173ccd4fdf3173353b14514a2b2ca7e4890d
CLIENT_HANDSHAKE_TRAFFIC_SECRET 24047135c61163e2f6d5af9d729443245ab82d297f396aa983755f29193c00b0 b8a32d928d26a7f44ac4b9edd8d9d26f22020153ab6ec63311277acd24920814
SERVER_HANDSHAKE_TRAFFIC_SECRET 24047135c61163e2f6d5af9d729443245ab82d297f396aa983755f29193c00b0 425d62066306a8e76d4aa1af4d104e0328928d6a7788e053e56c56318f6810a2
CLIENT_TRAFFIC_SECRET_0 24047135c61163e2f6d5af9d729443245ab82d297f396aa983755f29193c00b0 d9c58f5ccc085023195e91cbefab56f8073a8dc6507338df41af15ed642ff413
SERVER_TRAFFIC_SECRET_0 24047135c61163e2f6d5af9d729443245ab82d297f396aa983755f29193c00b0 cff3a86245b0b8e096de696dbc15c082ddb9c904c1a1fcf6f171747eb437b46b
CLIENT_HANDSHAKE_TRAFFIC_SECRET 322a1ce3b28808650c77932742a3a606835a788390c5a942a0bc962bf545a367 715108e75d32f31bf0a440cb9364e7e58bfb65022249e3d2f200ef661d0e2a16
SERVER_HANDSHAKE_TRAFFIC_SECRET 322a1ce3b28808650c77932742a3a606835a788390c5a942a0bc962bf545a367 843cc3bc81ff5e3a5b5c0218e4ae978ef26cddb9a1453ad5a4c703b8f7ba2317
CLIENT_TRAFFIC_SECRET_0 322a1ce3b28808650c77932742a3a606835a788390c5a942a0bc962bf545a367 ae589f4c19b8ffeda043ecb7b15fd50c3de5c92458d45c6beff69cca91bbc242
SERVER_TRAFFIC_SECRET_0 322a1ce3b28808650c77932742a3a606835a788390c5a942a0bc962bf545a367 5f14c5e8ce0e97d3c9377ef87b78274ab64d79f7baea78331e3f0a86af394b37
CLIENT_HANDSHAKE_TRAFFIC_SECRET 8115ae8de91edef7ad52b6ecec21dd51cc4111277de787a54016dc001d75e6e1 a5f5f53b7e59433c8fbe35a86b4fe1891be5698767e48a73280e1b71014b125f
SERVER_HANDSHAKE_TRAFFIC_SECRET 8115ae8de91edef7ad52b6ecec21dd51cc4111277de787a54016dc001d75e6e1 31579c7e79600aea71cb73c92b384dd9627c24a45010c1bcf23b0557133b7774
CLIENT_TRAFFIC_SECRET_0 8115ae8de91edef7ad52b6ecec21dd51cc4111277de787a54016dc001d75e6e1 6c839eec6ae064f9a85239efef53753b6a38f26a8c722292edb9f816a0c882df
SERVER_TRAFFIC_SECRET_0 8115ae8de91edef7ad52b6ecec21dd51cc4111277de787a54016dc001d75e6e1 36c31114dc4f3f2d46f366708c04a774f34db89344b4fa050739a4372d4b0b93
CLIENT_HANDSHAKE_TRAFFIC_SECRET c5123363d60eaf27e69112c7551b9c41ec8ae478d962860ab4c773422105caf8 2ef78b850d94dddd26bb4bd53ac7c4ddd5367852a758f0138b7b7b83b1a747ba
SERVER_HANDSHAKE_TRAFFIC_SECRET c5123363d60eaf27e69112c7551b9c41ec8ae478d962860ab4c773422105caf8 c9c95000cb4638e38987cebb403fac3f90638c2d66ec225e623bd1d3d4960f2a
CLIENT_TRAFFIC_SECRET_0 c5123363d60eaf27e69112c7551b9c41ec8ae478d962860ab4c773422105caf8 9ab3fdb1b81a2d7e784a8a54dee35cc147667e0b09b36a7505ecd90a050a976f
SERVER_TRAFFIC_SECRET_0 c5123363d60eaf27e69112c7551b9c41ec8ae478d962860ab4c773422105caf8 fc34d6e79b2b96283b4db0077ffb048d34bb4010c4f784aa31c53c858c7add03
CLIENT_HANDSHAKE_TRAFFIC_SECRET a19e5b1745408850bbee4282bef719751a96eb7c8c5383598cd506f283616b78 c7191406d302bc47f4113008c0c48df3b672ffc391a83c0fba23c8c318c87efe
SERVER_HANDSHAKE_TRAFFIC_SECRET a19e5b1745408850bbee4282bef719751a96eb7c8c5383598cd506f283616b78 571adf4c2dbc0badd62335254be7894bb714641a64b4272529172ef8e5fb7fc7
CLIENT_TRAFFIC_SECRET_0 a19e5b1745408850bbee4282bef719751a96eb7c8c5383598cd506f283616b78 e193f63c1317eacf18b244e02827f22d3ae18b30620d4a989b8fd4e69af0290c
SERVER_TRAFFIC_SECRET_0 a19e5b1745408850bbee4282bef719751a96eb7c8c5383598cd506f283616b78 351ca34921569138ec4633fa90a34bb1710f94f1da89df34fea1332fa547ab6f
CLIENT_HANDSHAKE_TRAFFIC_SECRET fe5bd4b738d2663bd91f7d35786ca077325d17ed07ae6a460757d093c7f69694 e5d02d141646fe599e9b2bf52a00f940521b8864b84f0a5a9069ea5a8775b382
SERVER_HANDSHAKE_TRAFFIC_SECRET fe5bd4b738d2663bd91f7d35786ca077325d17ed07ae6a460757d093c7f69694 7141406cb97f4cd3251a1a9d14529d01ebb5ef32ed8a8512eb23cbe9bfc95fd1
CLIENT_TRAFFIC_SECRET_0 fe5bd4b738d2663bd91f7d35786ca077325d17ed07ae6a460757d093c7f69694 47affdd49ded37f2e686d3fc449207725afbdf137be04a1f3e30841f218ef7af
SERVER_TRAFFIC_SECRET_0 fe5bd4b738d2663bd91f7d35786ca077325d17ed07ae6a460757d093c7f69694 a9c2937d55d847bd07d5ce7b8050bfca632536f719a03bbe0a93bbdbd345905b
CLIENT_HANDSHAKE_TRAFFIC_SECRET a123d0380befdf67ca77f9610e87ee9c2c68ffc23cc0b503a6d36d63d28e08c7 983192b815c4e11a0d7177ca715e567413d9558420f20050dc634b150be707d2
SERVER_HANDSHAKE_TRAFFIC_SECRET a123d0380befdf67ca77f9610e87ee9c2c68ffc23cc0b503a6d36d63d28e08c7 bd6c8f9c18603a8b618208dbabc122ffce06f21cc404f5b0e54081e8f77ae712
CLIENT_TRAFFIC_SECRET_0 a123d0380befdf67ca77f9610e87ee9c2c68ffc23cc0b503a6d36d63d28e08c7 ff2173fdfbeea312ea8ba18be5892d9361a40a841af366653b4007a6b8fac7bb
SERVER_TRAFFIC_SECRET_0 a123d0380befdf67ca77f9610e87ee9c2c68ffc23cc0b503a6d36d63d28e08c7 4f8874b0f3fcf7864cc7d552b52a81d32ef5b76b8a805e2c188408c070b9d0ab
CLIENT_HANDSHAKE_TRAFFIC_SECRET 93c06b5c283556a72e2ef575cf1ed8ac72d33dcc08e4fce50ff0f8bd432f668f c2d22f1fbc270810e8f56e3c553d688759eef319c4b54b40d0038de4163fcf14
SERVER_HANDSHAKE_TRAFFIC_SECRET 93c06b5c283556a72e2ef575cf1ed8ac72d33dcc08e4fce50ff0f8bd432f668f 5dd6da55c6079a96ca15aafaf28db2e264c6dc282b0834330eaf6fc1a6d2a946
CLIENT_TRAFFIC_SECRET_0 93c06b5c283556a72e2ef575cf1ed8ac72d33dcc08e4fce50ff0f8bd432f668f 47838d1ee64f42f9ce8e79eecf0f5ca8c3a5cf3b44e616e0e6b85c438c811f2f
SERVER_TRAFFIC_SECRET_0 93c06b5c283556a72e2ef575cf1ed8ac72d33dcc08e4fce50ff0f8bd432f668f f70f9a1a92d62d1953c75eda44a24a7d3df16b243ea59828bd0f9fb1bce04421
CLIENT_HANDSHAKE_TRAFFIC_SECRET 7c9bbf822480de52fd45b95ffffbdc0ecd40fd5520da0210a7cf07d991ac478c b415a24573abd74f887c2e90debf15488f4c7bd90a9d260537862c960f600fa1
SERVER_HANDSHAKE_TRAFFIC_SECRET 7c9bbf822480de52fd45b95ffffbdc0ecd40fd5520da0210a7cf07d991ac478c 591b2526eef52a975b19b77bf006aef6b8773096e21d95faeb7e7b46e4c271ae
CLIENT_TRAFFIC_SECRET_0 7c9bbf822480de52fd45b95ffffbdc0ecd40fd5520da0210a7cf07d991ac478c 039e8ea89be64fe642e82199f8ac7cdc41563e9667b773df7ce82b8f1a338b4c
SERVER_TRAFFIC_SECRET_0 7c9bbf822480de52fd45b95ffffbdc0ecd40fd5520da0210a7cf07d991ac478c c384b3249e2a9708a8270c23b95fa3cb9bf9b0e9490c28c5a0422aea6cd35f26
CLIENT_HANDSHAKE_TRAFFIC_SECRET 98b612f8c2cf6e040e161f6fff2092ecbac562f6e4fb99c60cc6010e2cf83ff2 d89411d73423d77c09a90739c19427239fbdbf7369bac99c404d37beef86879e
SERVER_HANDSHAKE_TRAFFIC_SECRET 98b612f8c2cf6e040e161f6fff2092ecbac562f6e4fb99c60cc6010e2cf83ff2 e17ff760ce90c44bb14ad1b3aad0994772ed79d5d5275b8cfe00b44d4172ff82
CLIENT_TRAFFIC_SECRET_0 98b612f8c2cf6e040e161f6fff2092ecbac562f6e4fb99c60cc6010e2cf83ff2 3f254156ae40f79291184622741a31f47f0dc4b5a493732e5cd7be7bce10c800
SERVER_TRAFFIC_SECRET_0 98b612f8c2cf6e040e161f6fff2092ecbac562f6e4fb99c60cc6010e2cf83ff2 551694864f589b7e8d58e623daf795f878414db90ce63095d157d7689829f985
CLIENT_HANDSHAKE_TRAFFIC_SECRET 4ba7be278f0441672b6eaf530b6a9072dfa7a03072a78746a25f9c72e4849cca d971316db7185831f90641b106438d0f7d71711c3b6b425d2c7b4d8c3c604aee
SERVER_HANDSHAKE_TRAFFIC_SECRET 4ba7be278f0441672b6eaf530b6a9072dfa7a03072a78746a25f9c72e4849cca e026d2675da9120afa42d57dfb806ff46fd98b91968f42771a6ac7142397e8e4
CLIENT_TRAFFIC_SECRET_0 4ba7be278f0441672b6eaf530b6a9072dfa7a03072a78746a25f9c72e4849cca cc120e78c7a3a70b17626433abb1aabb218a3dc0d6498abf0eadf99d928ec91b
SERVER_TRAFFIC_SECRET_0 4ba7be278f0441672b6eaf530b6a9072dfa7a03072a78746a25f9c72e4849cca f5258e98b3d8bb369ad2a8305cb909aa2a055e5545ff3d5b4c20914f7dda7aa8
CLIENT_HANDSHAKE_TRAFFIC_SECRET 4a85614329cf2eb3c68bb9af6cf2e9f89a17486c9d48145bbe9f2f30cb0236cb 3bd3af16b983ba1e3f842231cda98cd9a44f213ee25954f8e42068499e000c81
SERVER_HANDSHAKE_TRAFFIC_SECRET 4a85614329cf2eb3c68bb9af6cf2e9f89a17486c9d48145bbe9f2f30cb0236cb 3b38f8a281af8c650f43345d61206103f0f2a99a8caaf7bc0cbc95c93880c76d
CLIENT_TRAFFIC_SECRET_0 4a85614329cf2eb3c68bb9af6cf2e9f89a17486c9d48145bbe9f2f30cb0236cb 5723b6e6e30e3a7bb76c6a561d9edc51fb83e1d50a81d76a97014e0424d1001a
SERVER_TRAFFIC_SECRET_0 4a85614329cf2eb3c68bb9af6cf2e9f89a17486c9d48145bbe9f2f30cb0236cb a8487771550ab0b431d7752b60ee43944c1ccc5c4b7ea07c21a4249fbd40a067
CLIENT_HANDSHAKE_TRAFFIC_SECRET d3ade0585f1a59cac531fb262ef705358d66802a92cb567e486ebebf4358383c 3e54cf6e56bac9305386ee18418632dff7e100c4f7a854960a74493a650da8eb
SERVER_HANDSHAKE_TRAFFIC_SECRET d3ade0585f1a59cac531fb262ef705358d66802a92cb567e486ebebf4358383c 267f4274a7940e9645c3bd8ea2923be677d791b36c997b8c5644380fbaa50179
CLIENT_TRAFFIC_SECRET_0 d3ade0585f1a59cac531fb262ef705358d66802a92cb567e486ebebf4358383c 27f5fc38e1f28b4b6d80091502a7208e40a471b6e360ac4181209fb4584dc0a0
SERVER_TRAFFIC_SECRET_0 d3ade0585f1a59cac531fb262ef705358d66802a92cb567e486ebebf4358383c eba932cabc0ed20b15c751dec1613526a9dcf5c2950b49546fbc712e8385f04e
CLIENT_HANDSHAKE_TRAFFIC_SECRET 073390ee4444ebddc346761cb88ba0f8650896a2cbe01189907ce4e3be189823 0b0feef4337b0929b667ef927fbbf0f05479e3dcfd1329b2d1e3eb74ac7e5f01
SERVER_HANDSHAKE_TRAFFIC_SECRET 073390ee4444ebddc346761cb88ba0f8650896a2cbe01189907ce4e3be189823 aa084c17c33cd1ba42c85bb00d5a6f0e2a8f32536a35309ddf3e1cee47f7590a
CLIENT_TRAFFIC_SECRET_0 073390ee4444ebddc346761cb88ba0f8650896a2cbe01189907ce4e3be189823 1c6c5d10e98361e49fe85746dca4c257e74c9bb00f70934f3c512ce3e60e61ea
SERVER_TRAFFIC_SECRET_0 073390ee4444ebddc346761cb88ba0f8650896a2cbe01189907ce4e3be189823 a705fe0a7359fc3f75ab51b26ca7fa5f7111ee1701d254bbead5ec69caaac52d
CLIENT_HANDSHAKE_TRAFFIC_SECRET 6b04022e212f66fee6b2cf35eaad0c46020e23eb16007dbf79e6ae89be9e6376 03071a925faf6478844a8c8a0ecc6ef977253e549a92998dbfd3e9b3a9e3e9a3
SERVER_HANDSHAKE_TRAFFIC_SECRET 6b04022e212f66fee6b2cf35eaad0c46020e23eb16007dbf79e6ae89be9e6376 34e9ad8dd95ab234d8d0eb6994680159f39646c0ac2f2d2344a9e18c787d02c9
CLIENT_TRAFFIC_SECRET_0 6b04022e212f66fee6b2cf35eaad0c46020e23eb16007dbf79e6ae89be9e6376 5ac8965e05de8431651c964ae7882b7a25ddf2bd9affac4c97633996c5be7bd4
SERVER_TRAFFIC_SECRET_0 6b04022e212f66fee6b2cf35eaad0c46020e23eb16007dbf79e6ae89be9e6376 ccb7e2af7fa4cbb22f10b9ff6e7bf6d5a3e987a91638a66e4680c90967162310
CLIENT_HANDSHAKE_TRAFFIC_SECRET 431cb5570e12072b07f0e5cca788e058d1da431159abbe7668554045c3c5aa37 9ef4754cc846cbf47bb1a0850602ad2b4035e428d39e51f60e7046a05b63fb09
SERVER_HANDSHAKE_TRAFFIC_SECRET 431cb5570e12072b07f0e5cca788e058d1da431159abbe7668554045c3c5aa37 6aa8f7ad0910d797e1c0f6d3fcc60efcbaf4e6ccd555a199fe4f911992e8bd03
CLIENT_TRAFFIC_SECRET_0 431cb5570e12072b07f0e5cca788e058d1da431159abbe7668554045c3c5aa37 b2a7b90db816bd4d69789f10c8ead95961ddeecf5c97acbbf8ba94cde251af42
SERVER_TRAFFIC_SECRET_0 431cb5570e12072b07f0e5cca788e058d1da431159abbe7668554045c3c5aa37 25cc9741668d3c69fa56dd3c2107d3687f41990e573b4e1b438f4ff2d9f05e40
CLIENT_HANDSHAKE_TRAFFIC_SECRET abe55b5ff811ad375aa6a3ed7b1fb8a2dbbd35b42923025c9e064fb14e95c29c 46c3d870836e8e9923e5e7a3ca0c1b219784d23bfc0323cd43a40daaabaeb7b1
SERVER_HANDSHAKE_TRAFFIC_SECRET abe55b5ff811ad375aa6a3ed7b1fb8a2dbbd35b42923025c9e064fb14e95c29c 448d201fecb5a8afb52dc49a4da2cb816495724c62898809b676e9d3dc1fc135
CLIENT_TRAFFIC_SECRET_0 abe55b5ff811ad375aa6a3ed7b1fb8a2dbbd35b42923025c9e064fb14e95c29c 8a82aa0e208b2e6ea09e9cf6fbb5e433191682c18b3cb22964956e10c6e5ee26
SERVER_TRAFFIC_SECRET_0 abe55b5ff811ad375aa6a3ed7b1fb8a2dbbd35b42923025c9e064fb14e95c29c 245ba1c64d66eb823b53259e23fe5424d851456542915109cb3022e970a3cc35
CLIENT_HANDSHAKE_TRAFFIC_SECRET b9245ba3de4ba3e69b726617e7a10ec3da5a921487a912e99f3892b6ab5e35af e2f6be7a176a95826e3eebc62aae8ce5f8d67391dad8875f6bb16fb10682ca23
SERVER_HANDSHAKE_TRAFFIC_SECRET b9245ba3de4ba3e69b726617e7a10ec3da5a921487a912e99f3892b6ab5e35af 67420d1ff2fc6caa21cf400d185a2403ffebad793dc1712ca78d8f7653b34cd3
CLIENT_TRAFFIC_SECRET_0 b9245ba3de4ba3e69b726617e7a10ec3da5a921487a912e99f3892b6ab5e35af 1ba87be60433e53b1f4f1a6ccfcd002b42ace1c01305100621dbb6880e876aae
SERVER_TRAFFIC_SECRET_0 b9245ba3de4ba3e69b726617e7a10ec3da5a921487a912e99f3892b6ab5e35af 7cd5bdbaf18cd0b8fb85fb16013ed8d28c3c03998f25b489e66080498ffeff35
CLIENT_HANDSHAKE_TRAFFIC_SECRET cf62c77b8489e105084800554e154ef88562473736459b7ee6e2ad2aac29bad7 c396b3194038d0a0576cc263a8c8ca46c299070b1d11487a6e13bb71ca9aeb6d
SERVER_HANDSHAKE_TRAFFIC_SECRET cf62c77b8489e105084800554e154ef88562473736459b7ee6e2ad2aac29bad7 6797ce5ec547cc83304bd081fe1d4ca517ed0a7b6ef19913630e29b636265780
CLIENT_TRAFFIC_SECRET_0 cf62c77b8489e105084800554e154ef88562473736459b7ee6e2ad2aac29bad7 5892897be322435f9b94754ca072cd500e32cfeb291b9ea38ff333a3071dbe3a
SERVER_TRAFFIC_SECRET_0 cf62c77b8489e105084800554e154ef88562473736459b7ee6e2ad2aac29bad7 aea76b2d5a491019105a995a9cda5df56fce17fbae5475359a7043514d6365d6
CLIENT_HANDSHAKE_TRAFFIC_SECRET d996331722836321eecfba971b25b3d14627c51fe2f812c6b90752cebbcedab7 f1f2c9693f5ae23ceced6c469c24e1b6f69930812b3fd9fe82f05bc9b8d56079
SERVER_HANDSHAKE_TRAFFIC_SECRET d996331722836321eecfba971b25b3d14627c51fe2f812c6b90752cebbcedab7 a8e1efc03b9345743f95b21499183426a7dff0fecd401cf758a980ec51df16e4
CLIENT_TRAFFIC_SECRET_0 d996331722836321eecfba971b25b3d14627c51fe2f812c6b90752cebbcedab7 06269355bf4e06e2048a934192b75fa3a4796f60476a722cb5ea6645daf06837
SERVER_TRAFFIC_SECRET_0 d996331722836321eecfba971b25b3d14627c51fe2f812c6b90752cebbcedab7 12e938a2ea672d71a266d832bb1b4b17282f438468161015e28c4161ca553f70
CLIENT_HANDSHAKE_TRAFFIC_SECRET 9286e08064012dbb5b02d880492074b3bef5314bd7f49d822d645d6c03329c03 9f1b7cb10ebfb78539e453af14f4b883915354331fa17c30639fc61418b05023
SERVER_HANDSHAKE_TRAFFIC_SECRET 9286e08064012dbb5b02d880492074b3bef5314bd7f49d822d645d6c03329c03 883807cbea55984883afb317f544507ef919a2c355e4c0ae13178504f97c8ea4
CLIENT_TRAFFIC_SECRET_0 9286e08064012dbb5b02d880492074b3bef5314bd7f49d822d645d6c03329c03 bb6ead7d5565895d769cb48d36d1c8a7a830bfb7e05cc0687a20da0270a129a5
SERVER_TRAFFIC_SECRET_0 9286e08064012dbb5b02d880492074b3bef5314bd7f49d822d645d6c03329c03 3a395932f3467481e36609f3d123147ff43d0f7ac54821b0f4eab549ca8d4fae
CLIENT_HANDSHAKE_TRAFFIC_SECRET c91551eb760fcdb6bc051457e5bcf5d60d11eeff7442978daaf9b4eb8891b3dc faca4b6c24a7e398ce3a16ab15b589d4e90dcc28ffa8d4241a198d9cb74d6852
SERVER_HANDSHAKE_TRAFFIC_SECRET c91551eb760fcdb6bc051457e5bcf5d60d11eeff7442978daaf9b4eb8891b3dc d2b2c8355f60429f79a33a4fdc661f62cfa694cb693ab803be7e60a08709b95a
CLIENT_TRAFFIC_SECRET_0 c91551eb760fcdb6bc051457e5bcf5d60d11eeff7442978daaf9b4eb8891b3dc a9d0dffefbc9cacd1796b6b3d01d264a03d529ea24d461568e745760965ae5c4
SERVER_TRAFFIC_SECRET_0 c91551eb760fcdb6bc051457e5bcf5d60d11eeff7442978daaf9b4eb8891b3dc cb67892fd25ee8e5bf9b7a6a49bf2e309c9b7684fe671e2ce98c44fb9550c510
CLIENT_HANDSHAKE_TRAFFIC_SECRET f304d4c2479a832cdaee80acf094c4241c144ff3ea5df07660ae57ec7ab89cba 3465f8b922a843a8cb448d618b0322f816da0ec849861f3eb0cfd375579e5818
SERVER_HANDSHAKE_TRAFFIC_SECRET f304d4c2479a832cdaee80acf094c4241c144ff3ea5df07660ae57ec7ab89cba 8ca0909e6151e648d873b251c304c267a6914406049f6c747eceeafa9b607625
CLIENT_TRAFFIC_SECRET_0 f304d4c2479a832cdaee80acf094c4241c144ff3ea5df07660ae57ec7ab89cba 6dd5d34277482ae5a6482733b1715515da78ce515a14ed1ed701ec06f5404952
SERVER_TRAFFIC_SECRET_0 f304d4c2479a832cdaee80acf094c4241c144ff3ea5df07660ae57ec7ab89cba c49d4e20af54f3ee4a0a39f48bb22147d1934391659762656e5023e5156c524c
CLIENT_HANDSHAKE_TRAFFIC_SECRET 5af4e7404e9475a4d1398a9c213c44bb56164d9ec0d8ccde3085402d2821ad43 6f1f6bd3fb51eff79c09c3a513af01226cf171b6846733cdcd8a586e6e523fc3
SERVER_HANDSHAKE_TRAFFIC_SECRET 5af4e7404e9475a4d1398a9c213c44bb56164d9ec0d8ccde3085402d2821ad43 af29b4b394ce502876b55874697ab1a8174d63dcc7c0bb594c93dcc0c823a790
CLIENT_TRAFFIC_SECRET_0 5af4e7404e9475a4d1398a9c213c44bb56164d9ec0d8ccde3085402d2821ad43 0f3fafc176098f4aacff77704a3f64d4061ac41e796593bf54778194394f4deb
SERVER_TRAFFIC_SECRET_0 5af4e7404e9475a4d1398a9c213c44bb56164d9ec0d8ccde3085402d2821ad43 c618b90d91459dac8ec2e0f5c7235464e088808b3b28d2f810487487614643f2
CLIENT_HANDSHAKE_TRAFFIC_SECRET 99e219a2e876b84502082937ac3c6732c8d8e67cb92280304053da0bd6e37b36 77a254c0000739aa4dfa1e2341aa61de57fd51c891d0b498de9d6bbda11864d8
SERVER_HANDSHAKE_TRAFFIC_SECRET 99e219a2e876b84502082937ac3c6732c8d8e67cb92280304053da0bd6e37b36 c8e956a90b25d7502e38f0f35989ce500a522c7a2dae4fc049d2db185a2f6f2f
CLIENT_TRAFFIC_SECRET_0 99e219a2e876b84502082937ac3c6732c8d8e67cb92280304053da0bd6e37b36 36d6fdcfa9a4557e54953b5d8b2c39ef02a461bf210f53288cadee838325830e
SERVER_TRAFFIC_SECRET_0 99e219a2e876b84502082937ac3c6732c8d8e67cb92280304053da0bd6e37b36 d864d1596e5134d422659623f21286619b2b4a0effa857b92c472d17c28e0b5b
CLIENT_HANDSHAKE_TRAFFIC_SECRET a38b31b76e516902cd5225a5923c6d60b3916c046c2bbe5a8989442da2a749ad fbd2b9c860140026179ec95e90f72a13806d136903c42bdc80382f5c45235b36
SERVER_HANDSHAKE_TRAFFIC_SECRET a38b31b76e516902cd5225a5923c6d60b3916c046c2bbe5a8989442da2a749ad ff45c18b876d94072dfebb23d21a89c06d40cc1ab7f66635a17e4e26b620fce3
CLIENT_TRAFFIC_SECRET_0 a38b31b76e516902cd5225a5923c6d60b3916c046c2bbe5a8989442da2a749ad e52cd7f4407ba7a06fc132128b759f64b5bbcb391422e0ff4321c2fb576a7f6e
SERVER_TRAFFIC_SECRET_0 a38b31b76e516902cd5225a5923c6d60b3916c046c2bbe5a8989442da2a749ad 28d3cb99e9adb778d495161d75e1de1f780f75855115f9fd6a550b749bad78bd
CLIENT_HANDSHAKE_TRAFFIC_SECRET 47a6d6ab91ff276b0d525298b860740fc4d834c2186189011a0afa29f373f745 0c003c38d9d4bd4be0b63a6956d5ad64a3f94e27d2496097829e95ac64c16db6
SERVER_HANDSHAKE_TRAFFIC_SECRET 47a6d6ab91ff276b0d525298b860740fc4d834c2186189011a0afa29f373f745 2ab3aef6105b60aeb05f88a76c2a3ebecb78280d6670692411becec4c886036b
CLIENT_TRAFFIC_SECRET_0 47a6d6ab91ff276b0d525298b860740fc4d834c2186189011a0afa29f373f745 c922e6755e2e9ef0826476d80c8e7d04395815eaea4fb47925c04b1b28b73d67
SERVER_TRAFFIC_SECRET_0 47a6d6ab91ff276b0d525298b860740fc4d834c2186189011a0afa29f373f745 a7d8637a3a97ddf2d796fccb24f9ec9b2e5d63d1b253382fc4d864dd9d492164
CLIENT_HANDSHAKE_TRAFFIC_SECRET b659adb3ae7b53ca0ae2f078d04b2e47fc037db88506b6684f0ee2dff7f6666e f1d0829fbe79683fdab04cf548f0cabf85f40a159bd4ba424c780e2d62dd5a96
SERVER_HANDSHAKE_TRAFFIC_SECRET b659adb3ae7b53ca0ae2f078d04b2e47fc037db88506b6684f0ee2dff7f6666e 86f3775a21c2e9c79117f29f8af972db11a6523a78d5f92148429e282817eeb4
CLIENT_TRAFFIC_SECRET_0 b659adb3ae7b53ca0ae2f078d04b2e47fc037db88506b6684f0ee2dff7f6666e c5ed46b9437148e651f8ae5ee635bdc471e87fcc650c06602c41f55011413aad
SERVER_TRAFFIC_SECRET_0 b659adb3ae7b53ca0ae2f078d04b2e47fc037db88506b6684f0ee2dff7f6666e b564ac7591b131d0357565c3168ba9372692a76a95f38b1ac702635e703392dc
CLIENT_HANDSHAKE_TRAFFIC_SECRET 35a3d4bb26a3bd304032dbd2afcd4d69cae560d8d8a51344ac10ba83e046c562 958b22f42b1c07a7ab119a21e1564fd3484ffab5e5fa0480c154f2bd185b2ee3
SERVER_HANDSHAKE_TRAFFIC_SECRET 35a3d4bb26a3bd304032dbd2afcd4d69cae560d8d8a51344ac10ba83e046c562 464f14f0a00df1b7cd98b82935c46105fae2598323362c0a9be8ae1f6780676e
CLIENT_TRAFFIC_SECRET_0 35a3d4bb26a3bd304032dbd2afcd4d69cae560d8d8a51344ac10ba83e046c562 70f4b97fe8dafb97b2a54ef404521c728504122696db4bb735babb0c17b823fc
SERVER_TRAFFIC_SECRET_0 35a3d4bb26a3bd304032dbd2afcd4d69cae560d8d8a51344ac10ba83e046c562 4110c99f28b86e557e386ce2c61f12e512e659031c322ca5f42312247349000a
CLIENT_HANDSHAKE_TRAFFIC_SECRET 2715a594c05e8de906f05b5e243c88045305e32b85c0be9823142a9f5caca800 2e152e4fa23b0461a73f47947eafe572b6aa1f9d19d4f8994b8ebff33ac2426d
SERVER_HANDSHAKE_TRAFFIC_SECRET 2715a594c05e8de906f05b5e243c88045305e32b85c0be9823142a9f5caca800 2532f3b541f1c4cd8e015e1a536feb43476afa2f1f23909262e839e3169fe6f1
CLIENT_TRAFFIC_SECRET_0 2715a594c05e8de906f05b5e243c88045305e32b85c0be9823142a9f5caca800 cdb47e0f4fb99c64770e2db8bfbe3d78a29e5fada19709bd5a5e182ac4d6698d
SERVER_TRAFFIC_SECRET_0 2715a594c05e8de906f05b5e243c88045305e32b85c0be9823142a9f5caca800 174f1e271bf257d9612a7f515111b305974982ab5855ee35426503fa07f6226a
CLIENT_HANDSHAKE_TRAFFIC_SECRET c58a274a444b75be3bf36ac5ec6cca279be41b6d747d4b0e85cd0ea4b397037c 74384b3517ffcc152d1e1a7944eb4ba5e25902f187a34c66682a9022cf4609d4
SERVER_HANDSHAKE_TRAFFIC_SECRET c58a274a444b75be3bf36ac5ec6cca279be41b6d747d4b0e85cd0ea4b397037c f1982f79454dd0ce0ed8c7263cfdf3e2bf3fb94510abb0310dfaa2bfb66c01bb
CLIENT_TRAFFIC_SECRET_0 c58a274a444b75be3bf36ac5ec6cca279be41b6d747d4b0e85cd0ea4b397037c 4c4ca5f134a108ad6763fef6f1a9ae0f938c683414c9a43f85060395b2f9f62a
SERVER_TRAFFIC_SECRET_0 c58a274a444b75be3bf36ac5ec6cca279be41b6d747d4b0e85cd0ea4b397037c e25787e018f311bda32ac3d5f1b4d06d88898993487a4d6620a318b743594a07
CLIENT_HANDSHAKE_TRAFFIC_SECRET cb1b72aeb959077abf50c93563d96c390d2c1a7834dfffb663fb37740be5b747 eec50db0fa32e5c68d1eb12fe61de78710f9e324cf152976bb263a2c0f1db9c5
SERVER_HANDSHAKE_TRAFFIC_SECRET cb1b72aeb959077abf50c93563d96c390d2c1a7834dfffb663fb37740be5b747 bf75c9d6b63ec2d328fce083ea3b62e3ffb54fb05fe63496e41fecbefcefffc2
CLIENT_TRAFFIC_SECRET_0 cb1b72aeb959077abf50c93563d96c390d2c1a7834dfffb663fb37740be5b747 f4f08d99a5096326f61941a6145bb962022eca4f05a58c6129297ed2b4c84600
SERVER_TRAFFIC_SECRET_0 cb1b72aeb959077abf50c93563d96c390d2c1a7834dfffb663fb37740be5b747 4ecf658be8cdd038716d15b22b14593d5ac66e402fbadead40daf60aca7dbef7
CLIENT_HANDSHAKE_TRAFFIC_SECRET f60e31b4b73f27700b49e655a3d47b5f63be46d872ddb92707dde567a95fd012 ef3cd5db1fc2f662ba90e091de0ea1aaf2c09705fd27bdd692e813f81aa9420e
SERVER_HANDSHAKE_TRAFFIC_SECRET f60e31b4b73f27700b49e655a3d47b5f63be46d872ddb92707dde567a95fd012 acaac33a73d360a25fc97537a747301f5322bc128a546c85020114779b4e75c4
CLIENT_TRAFFIC_SECRET_0 f60e31b4b73f27700b49e655a3d47b5f63be46d872ddb92707dde567a95fd012 c1ed98f633339eb7327fa44c1b46152ca0c576b3f2fbfe2ec92b2333887872c1
SERVER_TRAFFIC_SECRET_0 f60e31b4b73f27700b49e655a3d47b5f63be46d872ddb92707dde567a95fd012 b7f74f326e8207a543a63cf6d4b6f539450ac007ec1df7d96fbbe003440a2f09
CLIENT_HANDSHAKE_TRAFFIC_SECRET b84d35c9a925f68ee258dd83a67cebff2e3df53067d8c292d58f2beb66814a77 72f6f853f9cb149f369ea5c077775286d9893d3ed23e5004e2430603e35b4cad
SERVER_HANDSHAKE_TRAFFIC_SECRET b84d35c9a925f68ee258dd83a67cebff2e3df53067d8c292d58f2beb66814a77 4568951ae83c22063e7e6d63268b16c1e7ff166ef141bbd0edea1b9c68153557
CLIENT_TRAFFIC_SECRET_0 b84d35c9a925f68ee258dd83a67cebff2e3df53067d8c292d58f2beb66814a77 8ba7e7fa830a8f6484a6fd8863580ea3e013c1d3bf1d994f8ed3153ee353659b
SERVER_TRAFFIC_SECRET_0 b84d35c9a925f68ee258dd83a67cebff2e3df53067d8c292d58f2beb66814a77 3cc352177b9301ff076872b63205f575991d8f1a4e7c1b5fe9794eede51c0e16
CLIENT_HANDSHAKE_TRAFFIC_SECRET db14ed1e171c6200e071e93f2ae7ebfb7386f566ce6081a7f05016d4d7f31846 bdb0d3ce07ac38648d2b4e35ab02680edfa57a8f9905129b280d9179f46c56e2
SERVER_HANDSHAKE_TRAFFIC_SECRET db14ed1e171c6200e071e93f2ae7ebfb7386f566ce6081a7f05016d4d7f31846 634a91c054142a2952be9957a4db8ae7be7d98da23cb2c0e2b2dc57a95d01c29
CLIENT_TRAFFIC_SECRET_0 db14ed1e171c6200e071e93f2ae7ebfb7386f566ce6081a7f05016d4d7f31846 77be319bfa0201787c904df493b31da5b2fa68675f829dbec3b4bd0fde4c8e82
SERVER_TRAFFIC_SECRET_0 db14ed1e171c6200e071e93f2ae7ebfb7386f566ce6081a7f05016d4d7f31846 3d4bb3dce3a89671ae8b00544e1e6483069ab54d67ed2b8ecad5f50ab141a44e
CLIENT_HANDSHAKE_TRAFFIC_SECRET 09106bd4381c688f473dff8ba7ba57818169e2cb1c7892d07cffc668f4887b5c 2509f571b0db53cfc3994e2697e3a0068d0bf843cfbad30b5d54ecfa543e0485
SERVER_HANDSHAKE_TRAFFIC_SECRET 09106bd4381c688f473dff8ba7ba57818169e2cb1c7892d07cffc668f4887b5c 3b604cd9615dc81382b3bc2b29fee800e501d342e05b3dee621a58b439261273
CLIENT_TRAFFIC_SECRET_0 09106bd4381c688f473dff8ba7ba57818169e2cb1c7892d07cffc668f4887b5c 31e5451cbb56e0e521d2b77fba7526036ad62f864612f4d1fafb6d29ae63cebb
SERVER_TRAFFIC_SECRET_0 09106bd4381c688f473dff8ba7ba57818169e2cb1c7892d07cffc668f4887b5c e9ffb7df23da4c1a8203c7e90334fac995f8d070e151aee39dcda18f64c9e310
CLIENT_HANDSHAKE_TRAFFIC_SECRET 55b69b26bc66e71f1c516a171c775e423487dac2dd900c2d0a15459d2a59144a d88928052d4029eca6d7f2e2bd92a2edd3fcc6563f8b5ab18d311054f22bac14
SERVER_HANDSHAKE_TRAFFIC_SECRET 55b69b26bc66e71f1c516a171c775e423487dac2dd900c2d0a15459d2a59144a 589b1a94b39ced9bf157d4bfc127ea95c45580bb1f9ae02137e9b9d641812b51
CLIENT_TRAFFIC_SECRET_0 55b69b26bc66e71f1c516a171c775e423487dac2dd900c2d0a15459d2a59144a ed2be74b397ac7b7b85631a78f19a39c6039d0293de63bfd0679765980c71d41
SERVER_TRAFFIC_SECRET_0 55b69b26bc66e71f1c516a171c775e423487dac2dd900c2d0a15459d2a59144a e79a9b34b07c72488cb4403ca9909cc8210b6f77b183a69f2db76ff563c64e0c
CLIENT_HANDSHAKE_TRAFFIC_SECRET 12897048315cbbcf542a131e379d3aedf6a6189bcee9ebfa2647c68fa8c643eb b04f0c28d00ac72e30d667c81cf11eb3dfd4e2de6f24765fc365bd00f0cf5ebd
SERVER_HANDSHAKE_TRAFFIC_SECRET 12897048315cbbcf542a131e379d3aedf6a6189bcee9ebfa2647c68fa8c643eb cd39ecdc77ee1983ac8ad42bd304edb6cf79931bd59d3340276461a9b7d0e92b
CLIENT_TRAFFIC_SECRET_0 12897048315cbbcf542a131e379d3aedf6a6189bcee9ebfa2647c68fa8c643eb 368d9c12836d415c5f3e393f2234b70bf8dc9a9c18c852126076aeb988bcbbcc
SERVER_TRAFFIC_SECRET_0 12897048315cbbcf542a131e379d3aedf6a6189bcee9ebfa2647c68fa8c643eb bad52d0a2f1426ec6458ede51c1a78e90adcfbec8337453511f8a684e1516e1d
CLIENT_HANDSHAKE_TRAFFIC_SECRET 0fed9f3ee84feb7dd6c34619855b4364821df3f58563c715d47129c69a3728fc e9f439b6ab67b33231e0edf4e50a404e355d7062b9c51613f2741b2701a53da5
SERVER_HANDSHAKE_TRAFFIC_SECRET 0fed9f3ee84feb7dd6c34619855b4364821df3f58563c715d47129c69a3728fc 8b9c034040cd17aa08a869c94e438db68ae65ff51888657c909110db52e96c4d
CLIENT_TRAFFIC_SECRET_0 0fed9f3ee84feb7dd6c34619855b4364821df3f58563c715d47129c69a3728fc a672173152332c425ba1398d7f56f035434d5be82a6ecacbd582da5bcdb84fa6
SERVER_TRAFFIC_SECRET_0 0fed9f3ee84feb7dd6c34619855b4364821df3f58563c715d47129c69a3728fc adf8ba0bf396ca9dda8d0cb5797f56714a9cc3e5af0f863f04ea5c3c88aa516f
CLIENT_HANDSHAKE_TRAFFIC_SECRET 1526dbe09c6167978261c6aa83249c7f339ce09d3467dafb3e7e65f090ec847f f44f99755e26b3791f4dff0b1af892649a5a074a51915d7dbe799d68ebddb43a
SERVER_HANDSHAKE_TRAFFIC_SECRET 1526dbe09c6167978261c6aa83249c7f339ce09d3467dafb3e7e65f090ec847f 2ed13b88c4f7820bda2b4bd06e417e36eb11757967a8412095537391b2a22f5e
CLIENT_TRAFFIC_SECRET_0 1526dbe09c6167978261c6aa83249c7f339ce09d3467dafb3e7e65f090ec847f 79d95301d6f781048c3b5fdef8892f36dcd4db8a221f43a6584f0f8c269002b2
SERVER_TRAFFIC_SECRET_0 1526dbe09c6167978261c6aa83249c7f339ce09d3467dafb3e7e65f090ec847f 5a339018a74f4de1a38713d6613239e77cb098e4255ef17c013f90164ef4f305
CLIENT_HANDSHAKE_TRAFFIC_SECRET a49294a841a453a4d41b88b71671cd944471a4ace81957634ea9657389815249 d3b119cfaab2dee8599be87241724285435ca08c21f141ba36e00cbc385c8f47
SERVER_HANDSHAKE_TRAFFIC_SECRET a49294a841a453a4d41b88b71671cd944471a4ace81957634ea9657389815249 e19dddef3fa33b5acf0934c4fad147b109f35fa57a0a0a07c6a6575ef2a0c18f
CLIENT_TRAFFIC_SECRET_0 a49294a841a453a4d41b88b71671cd944471a4ace81957634ea9657389815249 35d5847ae0077caef45978db466f6100d3b1eedd61f2ecaf085405dbb1bb8c96
SERVER_TRAFFIC_SECRET_0 a49294a841a453a4d41b88b71671cd944471a4ace81957634ea9657389815249 b4bd3f710f2890071e919296eee1c86e72438e57ac4e8944b12c6831e78aa2bf
CLIENT_HANDSHAKE_TRAFFIC_SECRET c431adf0f4f911b5c1620d9a5831f0517385d9e8c932f7343e572d8e80a56b70 6884c77c5c18670df72167579c779ccbf306d641745a645d2456da1c7f8b1e1d
SERVER_HANDSHAKE_TRAFFIC_SECRET c431adf0f4f911b5c1620d9a5831f0517385d9e8c932f7343e572d8e80a56b70 85446e5928e99cd278ef53ae55c6ce46a2d2f7fa0b21e4dfbb3b7d08fb8f4897
CLIENT_TRAFFIC_SECRET_0 c431adf0f4f911b5c1620d9a5831f0517385d9e8c932f7343e572d8e80a56b70 d9804db7a58c2d460df3da781ed190400fe3fe8404ce0ebdad17a705374bdfac
SERVER_TRAFFIC_SECRET_0 c431adf0f4f911b5c1620d9a5831f0517385d9e8c932f7343e572d8e80a56b70 6543ae395e21551224f482fb2425152ee13681e3bdeeb502a0f8a135bd43439b
CLIENT_HANDSHAKE_TRAFFIC_SECRET 4251bc4e95101ce52928d3e654ad8c98ffb8dd8d356fcae46ccf60543bfad137 bcbf28f34109c15cb99b7c3ff5b3f850fad7e72cb55bc259d42f3d7f8b305e92
SERVER_HANDSHAKE_TRAFFIC_SECRET 4251bc4e95101ce52928d3e654ad8c98ffb8dd8d356fcae46ccf60543bfad137 3e90276e62fd9370d1434d5c38757597308eb6b25d8970601ac79966a15624ab
CLIENT_TRAFFIC_SECRET_0 4251bc4e95101ce52928d3e654ad8c98ffb8dd8d356fcae46ccf60543bfad137 1fc4887509e147c667ab8cd4c54d9db0b034b71e69a836bb6ed6584a4b68aaed
SERVER_TRAFFIC_SECRET_0 4251bc4e95101ce52928d3e654ad8c98ffb8dd8d356fcae46ccf60543bfad137 e9c2813d3cf0ef84e916bf06dfd464a3b923cec67d26b088f9450b94b3d2afb6
CLIENT_HANDSHAKE_TRAFFIC_SECRET 80baf40c34bb8e75b19f0d4d7fe73edf76adeb22b9abea488f83f9a17f85904d 55d0406562595e7abe988210ca0c18399c00db9ce90df395717ab9077270d66a
SERVER_HANDSHAKE_TRAFFIC_SECRET 80baf40c34bb8e75b19f0d4d7fe73edf76adeb22b9abea488f83f9a17f85904d ed97fc29b738fc99e58780e0ea6b0cc49eb4cb765faf412099e0c9efdc377ea7
CLIENT_TRAFFIC_SECRET_0 80baf40c34bb8e75b19f0d4d7fe73edf76adeb22b9abea488f83f9a17f85904d caebc2cd3eb55462bf2b0e94cc7178c6cf03f037792895f9e88b6e67191143e4
SERVER_TRAFFIC_SECRET_0 80baf40c34bb8e75b19f0d4d7fe73edf76adeb22b9abea488f83f9a17f85904d b9d601229a95b28ee1702c74d63f8550750af5a4b84dfb795f144d3aa7fa9dd4
CLIENT_HANDSHAKE_TRAFFIC_SECRET d12d31b00e2eef328bd3a047bbd3b05f24f09bf146dbe51d12aa926f898e22b4 9d697813f525004ec799a3bcd838beb40cc36257afa23a4dabdcf33dae9d566e
SERVER_HANDSHAKE_TRAFFIC_SECRET d12d31b00e2eef328bd3a047bbd3b05f24f09bf146dbe51d12aa926f898e22b4 28484601adc277393daa41b9d32be2d408f6c827dadcece4220486aa477dc001
CLIENT_TRAFFIC_SECRET_0 d12d31b00e2eef328bd3a047bbd3b05f24f09bf146dbe51d12aa926f898e22b4 acd992053b2192b6829cf4e554e499d213e3908bfbdf6e7e6003f08ab8f82675
SERVER_TRAFFIC_SECRET_0 d12d31b00e2eef328bd3a047bbd3b05f24f09bf146dbe51d12aa926f898e22b4 faa7bfa8d4c0a6527a9281334e558d7ab0026f346b9eb995dca2449aef0502aa
CLIENT_HANDSHAKE_TRAFFIC_SECRET d6b9d9636d4b8785013e433f86c3fe274d8fe9bb66c2bf7f743a1ff2f0327aa6 cd76fd0083e877267f8599c289c00b6b7754902fdf5ec3ef1dc67b35541164da
SERVER_HANDSHAKE_TRAFFIC_SECRET d6b9d9636d4b8785013e433f86c3fe274d8fe9bb66c2bf7f743a1ff2f0327aa6 6c325ed4af2064f3e3cd7db4f3e28c8203e0950974edd3b938586795dff6a016
CLIENT_TRAFFIC_SECRET_0 d6b9d9636d4b8785013e433f86c3fe274d8fe9bb66c2bf7f743a1ff2f0327aa6 9deb6c4572c98a46bad08f0c74320b855f0f60b1ed6252cb77c88f7caa003a2f
SERVER_TRAFFIC_SECRET_0 d6b9d9636d4b8785013e433f86c3fe274d8fe9bb66c2bf7f743a1ff2f0327aa6 77baea2b81c7634b076e62bdf6061fbb0e3f7a05acd827b70a4479a3ba8ccf15
CLIENT_HANDSHAKE_TRAFFIC_SECRET 5bd485d0f12d51af61362e9ba17e18a8502af69f1d0ed9095e6086559c621a11 2d845a2a617d17becb557c008456c87bb161ac2b2cc3b24c0f933f09676e8df4
SERVER_HANDSHAKE_TRAFFIC_SECRET 5bd485d0f12d51af61362e9ba17e18a8502af69f1d0ed9095e6086559c621a11 faf9bfbb3921fdd8f43f96a675e0b2fca4e68d98943fdfb5cfe12290b51a6339
CLIENT_TRAFFIC_SECRET_0 5bd485d0f12d51af61362e9ba17e18a8502af69f1d0ed9095e6086559c621a11 ca0f0cec1ee1eeb9d35269650374654a988d14d4379927a3786a86d17cff6b22
SERVER_TRAFFIC_SECRET_0 5bd485d0f12d51af61362e9ba17e18a8502af69f1d0ed9095e6086559c621a11 783a2f9f748f47ca9facd85a33a30d4f629c8e652e7fdc07dcb681629832785a
CLIENT_HANDSHAKE_TRAFFIC_SECRET 27b170d523163d5b81196058975ee891289d34dc5aba5dc5e4b83a52375fa978 9a896fcfd00f16242ab152b15bd882b423c4b11355abdd9c25b8e7462c5e0661
SERVER_HANDSHAKE_TRAFFIC_SECRET 27b170d523163d5b81196058975ee891289d34dc5aba5dc5e4b83a52375fa978 ddbca6f35ba31444f332b6770acfd428d75df68287284a44f0afcecd9600ef4c
CLIENT_TRAFFIC_SECRET_0 27b170d523163d5b81196058975ee891289d34dc5aba5dc5e4b83a52375fa978 7a64dcf3178ddf48b53156232e718dc8948e28bc7b46623d9c626fa2819fe4d7
SERVER_TRAFFIC_SECRET_0 27b170d523163d5b81196058975ee891289d34dc5aba5dc5e4b83a52375fa978 ab958a56eb3a2240bcab39815de77088ae7644b559dfaf345a063aa67cfa8f04
CLIENT_HANDSHAKE_TRAFFIC_SECRET bcfa2cd2f65bfe5b9e05537fc1ed4eda123b8911befe92d5de98c5015a79c8c7 745b872717838614f751d342cc2299902c36af91ce9d4885a0ad695d8c47ca05
SERVER_HANDSHAKE_TRAFFIC_SECRET bcfa2cd2f65bfe5b9e05537fc1ed4eda123b8911befe92d5de98c5015a79c8c7 d482fc977af488486ea5274736adde361bcf992372fad5dc7bd46b6eb31133f1
CLIENT_TRAFFIC_SECRET_0 bcfa2cd2f65bfe5b9e05537fc1ed4eda123b8911befe92d5de98c5015a79c8c7 f87b814c98cf5f3a4b33c572d39e3c7b821453c8aef8158707a539ba7e2ea780
SERVER_TRAFFIC_SECRET_0 bcfa2cd2f65bfe5b9e05537fc1ed4eda123b8911befe92d5de98c5015a79c8c7 e557641d97506ad72e46c07b461f60deb9cd5af0c180ec1795c074ea4bb42d64
CLIENT_HANDSHAKE_TRAFFIC_SECRET 563b832207ae771dc0fa4a6c857178af047233cd1a089af7fc85302ef4f49f9d 34de8acc740ceb606ebf9e86c044381bb74f55ac56e9170f1e2f6520321db73f
SERVER_HANDSHAKE_TRAFFIC_SECRET 563b832207ae771dc0fa4a6c857178af047233cd1a089af7fc85302ef4f49f9d f4cae632847986473b5b8067a7be82fabf32dd38528c7b842561d32b61234ad0
CLIENT_TRAFFIC_SECRET_0 563b832207ae771dc0fa4a6c857178af047233cd1a089af7fc85302ef4f49f9d 7218d3bbf975fb186dd9d66c209b508c171d664a7f920adbb24d6aab161ea79c
SERVER_TRAFFIC_SECRET_0 563b832207ae771dc0fa4a6c857178af047233cd1a089af7fc85302ef4f49f9d bb16c94abf8fc36d60d71fbee97bfc7740b3b4f0a9e824712530c768168ac617
CLIENT_HANDSHAKE_TRAFFIC_SECRET 35810822ca31b7232f29281ff8782e74819ca3f32203153c08b78132457b6664 caa790ca21502cf5cddf0deb7c03baf070138f01feacb8bb111280f9ff1bf0c0
SERVER_HANDSHAKE_TRAFFIC_SECRET 35810822ca31b7232f29281ff8782e74819ca3f32203153c08b78132457b6664 b39bfc778860d9cb06bd182c19189aea57eace4aef06618aafe4adc935057f03
CLIENT_TRAFFIC_SECRET_0 35810822ca31b7232f29281ff8782e74819ca3f32203153c08b78132457b6664 7943a5e39a352533a3e8536592687614a8907cbbea092a76ee02a5a588ec5197
SERVER_TRAFFIC_SECRET_0 35810822ca31b7232f29281ff8782e74819ca3f32203153c08b78132457b6664 631e8b026e940db3f3b8750b558cba703a3cb7cf77d912c2867c75512f61af4b
CLIENT_HANDSHAKE_TRAFFIC_SECRET 53329b156a3ae707047090f9b027650bed8deeb2fa002c370f786aff3476542c bc120d15533bfc2dfc8fea05fb3841cd965bb61e7ad64745807b0afeae979268
SERVER_HANDSHAKE_TRAFFIC_SECRET 53329b156a3ae707047090f9b027650bed8deeb2fa002c370f786aff3476542c ccf06372e6e3a5003a4044893dcb289adbe4178264117757e4a9644fef8f49de
CLIENT_TRAFFIC_SECRET_0 53329b156a3ae707047090f9b027650bed8deeb2fa002c370f786aff3476542c b030e300aad490ee36b8255fdfdfa638824ce1ced70530909b34d95f875e5e8b
SERVER_TRAFFIC_SECRET_0 53329b156a3ae707047090f9b027650bed8deeb2fa002c370f786aff3476542c d2a3a79630fadf059fbb8eff0600dfa6e4d7bb880f961f19ce53942ef29fff07
CLIENT_HANDSHAKE_TRAFFIC_SECRET 22cefc324c30a6aa19b8c064b48cc76f7a2522423c3b935321ce826225c39429 62c9b1d6fca3f14375d002cceed26e2552d99dc1123daccb98ed4cefa42d0c6f
SERVER_HANDSHAKE_TRAFFIC_SECRET 22cefc324c30a6aa19b8c064b48cc76f7a2522423c3b935321ce826225c39429 43dd040eb28b4f8d1579bf0fbf3e5d3c250acc860fe5f042fc6610ebed6013e1
CLIENT_TRAFFIC_SECRET_0 22cefc324c30a6aa19b8c064b48cc76f7a2522423c3b935321ce826225c39429 a09c0972e13583e2f74ed447b5e2ae99e853e393a427590187d286b4374aa281
SERVER_TRAFFIC_SECRET_0 22cefc324c30a6aa19b8c064b48cc76f7a2522423c3b935321ce826225c39429 0257ecf28d27f0cb8d3818e0b7290ff31b919253f6ab927e42617e3da7532cfb
CLIENT_HANDSHAKE_TRAFFIC_SECRET 4b435fbde98dbd5d1ca1ba0f83bc917e4878f2c8345c6f8420f6c841bc3df8ce 71387bb320addcd8969d6e885651a870c5fdbcaf4e25b2d1e27d3af8dd103948
SERVER_HANDSHAKE_TRAFFIC_SECRET 4b435fbde98dbd5d1ca1ba0f83bc917e4878f2c8345c6f8420f6c841bc3df8ce 42863e457f037fa345ad1cda0db798816eb9f117872e0df9461f525196d5b12b
CLIENT_TRAFFIC_SECRET_0 4b435fbde98dbd5d1ca1ba0f83bc917e4878f2c8345c6f8420f6c841bc3df8ce 24c94fcc942fdd8a47d06490cc899c3600291e1ebab353bd7a051a7f84bd9c2d
SERVER_TRAFFIC_SECRET_0 4b435fbde98dbd5d1ca1ba0f83bc917e4878f2c8345c6f8420f6c841bc3df8ce b0548e067077b0e36fe0a6eb591bd0dbc2135ea8b01e78aa5397a66d260c8a15
CLIENT_HANDSHAKE_TRAFFIC_SECRET 6abef9e28a984ead63d929cb6c940a5a6991417df857112851f2b88f336cab80 dcc913ce14c4b094129f0409560805fb04b61ce03c0c5920efce4179b12ff1db
SERVER_HANDSHAKE_TRAFFIC_SECRET 6abef9e28a984ead63d929cb6c940a5a6991417df857112851f2b88f336cab80 499b30a0f511dc068fe770dba9a101b6b1eacdca6e6dfb26ff00a539d64633a0
CLIENT_TRAFFIC_SECRET_0 6abef9e28a984ead63d929cb6c940a5a6991417df857112851f2b88f336cab80 2d6e879af2fa934f07b91107bf3f0596d5cc5fda9d99dd1562c079d077288a8d
SERVER_TRAFFIC_SECRET_0 6abef9e28a984ead63d929cb6c940a5a6991417df857112851f2b88f336cab80 d08d88d893a9dce2693482b5559674309013a3f7cd4f83dedcfebd4fd937b34d
CLIENT_HANDSHAKE_TRAFFIC_SECRET 7980c35c031f4b8f45630b1d085a645bd755f1f53fbe9b6df2493eff2fc38216 d8a2b9a1c5a5790e5d7525f1bcd3e572e4ed63a119aafa70cb2e70b2b3b6e175
SERVER_HANDSHAKE_TRAFFIC_SECRET 7980c35c031f4b8f45630b1d085a645bd755f1f53fbe9b6df2493eff2fc38216 f754dae8f54f3403bc5de48c2db97806691cbe446e6506dca29c07e49217ae3f
CLIENT_TRAFFIC_SECRET_0 7980c35c031f4b8f45630b1d085a645bd755f1f53fbe9b6df2493eff2fc38216 4a631f09deba45532796dacf26fff5a0077f609e5f3beb250a5f1cf6af0d6862
SERVER_TRAFFIC_SECRET_0 7980c35c031f4b8f45630b1d085a645bd755f1f53fbe9b6df2493eff2fc38216 49829332da36f59dbf75a0030f9345380b2cfe91cf4b3f52ba29573ff0f093ff
CLIENT_HANDSHAKE_TRAFFIC_SECRET 94e4d0c18fc43c38785174ce3bac048aa5ae86663210f2ee4ebf2d7bbb0016f8 272e1412d5c80581962a5a05c807138e61d8e5e7839f8bba4dbcee39194d386d
SERVER_HANDSHAKE_TRAFFIC_SECRET 94e4d0c18fc43c38785174ce3bac048aa5ae86663210f2ee4ebf2d7bbb0016f8 167cc6339963574ef4b9d96257ec8d7d2140669ba5e897ef6bc7ea6cdd550c23
CLIENT_TRAFFIC_SECRET_0 94e4d0c18fc43c38785174ce3bac048aa5ae86663210f2ee4ebf2d7bbb0016f8 55e60985bafe36f18394eb6e0113dc75c5f658b78395def58eb19f6862698349
SERVER_TRAFFIC_SECRET_0 94e4d0c18fc43c38785174ce3bac048aa5ae86663210f2ee4ebf2d7bbb0016f8 95078d3f70a4e6392ee72e400a3c87ac1b7de98d4b65e2982be576f5d8282d39
CLIENT_HANDSHAKE_TRAFFIC_SECRET ac88bbd2b704ed93dfaf1c9bf7661b9649ced43b9d367807d65c51937fe3a385 0525e77ebc1c81737541980955b0306fd15a77a86ce97ebf57865369c57e2852
SERVER_HANDSHAKE_TRAFFIC_SECRET ac88bbd2b704ed93dfaf1c9bf7661b9649ced43b9d367807d65c51937fe3a385 7df20772790ec62d8d1b0a69b427f968a76183ece29ce73951bfa1cf501c3a6f
CLIENT_TRAFFIC_SECRET_0 ac88bbd2b704ed93dfaf1c9bf7661b9649ced43b9d367807d65c51937fe3a385 f44a0c9f6a8a77461bdff022d51c45d560edc85de649b8e119a07069c9141034
SERVER_TRAFFIC_SECRET_0 ac88bbd2b704ed93dfaf1c9bf7661b9649ced43b9d367807d65c51937fe3a385 8a4d385a2892e9edaba4cdc57e3a0d42e08aab2daf3024f2bf23addbbb5873e3
CLIENT_HANDSHAKE_TRAFFIC_SECRET 365bd920c434cb816101b29a7d28c5ce71c3bdcc4d0b4ef863f807c77181a17f e1920b028e9ead0be3eb9514c7ca2d89b2ae4e7f3fe98be0f917a6285c31614c
SERVER_HANDSHAKE_TRAFFIC_SECRET 365bd920c434cb816101b29a7d28c5ce71c3bdcc4d0b4ef863f807c77181a17f 530d3d2f09c8fc47c8eae55f2fdcbbf9e2636dcc9c19acd5042e13c4cab4b526
CLIENT_TRAFFIC_SECRET_0 365bd920c434cb816101b29a7d28c5ce71c3bdcc4d0b4ef863f807c77181a17f b4b93a6a88fc381fae06538bbbb8b40c7be6786594db5be98a1adeae479f2d22
SERVER_TRAFFIC_SECRET_0 365bd920c434cb816101b29a7d28c5ce71c3bdcc4d0b4ef863f807c77181a17f 16eec16ad69c7dadd1da4a042796bf99e2836506f3329f2432c34476a1389a72
CLIENT_HANDSHAKE_TRAFFIC_SECRET 60b0630c8125be09b746651574da80572ca6b4a9f94a228d876c38fb5422f759 94bdea3a81e7b4165bd3451260ba064c153de51fbc93ed4312b571c2824f732d
SERVER_HANDSHAKE_TRAFFIC_SECRET 60b0630c8125be09b746651574da80572ca6b4a9f94a228d876c38fb5422f759 0437327208b94bd5330d37b161073d022301e5a5fab128593bd234aed987a10c
CLIENT_TRAFFIC_SECRET_0 60b0630c8125be09b746651574da80572ca6b4a9f94a228d876c38fb5422f759 62e9fffaed24978bdd5d9653593da4f66a69b2b26ee9d450e4c905b9ffd3ff43
SERVER_TRAFFIC_SECRET_0 60b0630c8125be09b746651574da80572ca6b4a9f94a228d876c38fb5422f759 b672dc89a19d14925f46d137270197accbbac44f5f64a9ef287c7934d01f03be
CLIENT_HANDSHAKE_TRAFFIC_SECRET d6f9ffcb1969828193f1e535c2140e2d0812a908818a4e3001c4a757b644612d d368e15cf595dd11c1d19055750adeaabde1ef87db237cca088aa162a287ec7a
SERVER_HANDSHAKE_TRAFFIC_SECRET d6f9ffcb1969828193f1e535c2140e2d0812a908818a4e3001c4a757b644612d 9bc8f346e281ac1c3eeeadb06858ceb2cec6ba71104df13106b9c361707684d9
CLIENT_TRAFFIC_SECRET_0 d6f9ffcb1969828193f1e535c2140e2d0812a908818a4e3001c4a757b644612d 6d50ab7ec228b716a8dfc82612b31a806a328c3b02599a91142b5698fe70e3ac
SERVER_TRAFFIC_SECRET_0 d6f9ffcb1969828193f1e535c2140e2d0812a908818a4e3001c4a757b644612d edc5bf2974c493dc0c62367022820d14a6cd376b0711ef5544a1ccf86769cede
CLIENT_HANDSHAKE_TRAFFIC_SECRET 6bfd9d0f6c3a813beefd6895b2653e979693fa57935a3b4f6c597c36d7fa7605 d71d1cf2f0bdb456a59b61258d28dd38451fbbd80a952e3f5dc8d3c29c590d83
SERVER_HANDSHAKE_TRAFFIC_SECRET 6bfd9d0f6c3a813beefd6895b2653e979693fa57935a3b4f6c597c36d7fa7605 e0feacf918fb6207354aa753acd4e8d8404f3bad21414d6531015b5833021880
CLIENT_TRAFFIC_SECRET_0 6bfd9d0f6c3a813beefd6895b2653e979693fa57935a3b4f6c597c36d7fa7605 17feddadc6093b6248e29b576e4ff9e5c212c0319e2f2e90cdba32e279147fe5
SERVER_TRAFFIC_SECRET_0 6bfd9d0f6c3a813beefd6895b2653e979693fa57935a3b4f6c597c36d7fa7605 2a27c603fbf367a8f77d12639e2cba9dc7d180e3f0e624f1321c97379410bb48
CLIENT_HANDSHAKE_TRAFFIC_SECRET 73bc7d66cc0fb498f00d47bfadbbca382a681419441258e40372ebee539c64b5 c655e5ffbc00f66b019a7bd29119392844c8f588aa7e3a48078c5099ef0b4078
SERVER_HANDSHAKE_TRAFFIC_SECRET 73bc7d66cc0fb498f00d47bfadbbca382a681419441258e40372ebee539c64b5 df58ed3cda0ba93aa808dd8f228c43458d1e7fd3d70767365a5aeccd31d5ba57
CLIENT_TRAFFIC_SECRET_0 73bc7d66cc0fb498f00d47bfadbbca382a681419441258e40372ebee539c64b5 2c3e42462cd1383dc12e4304268eb7d76abf880ce2ddb616f4146b549cf3455f
SERVER_TRAFFIC_SECRET_0 73bc7d66cc0fb498f00d47bfadbbca382a681419441258e40372ebee539c64b5 af17f95ad7aff6400eacce1c9f50727d6690120c7f70231056cea4c79e8d0989
CLIENT_HANDSHAKE_TRAFFIC_SECRET f8bd45317618c5faf634cbe3e6ac7ab91b4347d8c1d75d9deed69f11d151c9b6 417bf382a831f705097f0ede13cf67b596edc5aef20710a26c4b1ae6fd7f616e
SERVER_HANDSHAKE_TRAFFIC_SECRET f8bd45317618c5faf634cbe3e6ac7ab91b4347d8c1d75d9deed69f11d151c9b6 24c4033ee1c8c6d2373af472776e874b5df1b7362640fda0a7b5949a486f2f90
CLIENT_TRAFFIC_SECRET_0 f8bd45317618c5faf634cbe3e6ac7ab91b4347d8c1d75d9deed69f11d151c9b6 e1b317e2075af035212a74a86b27101c5ee4d02d5959eff1db2cfd64766514c2
SERVER_TRAFFIC_SECRET_0 f8bd45317618c5faf634cbe3e6ac7ab91b4347d8c1d75d9deed69f11d151c9b6 94c23bdf3eca85db0713bdb208924791bcb130a5561e0699cd5123a796878262
CLIENT_HANDSHAKE_TRAFFIC_SECRET 044cc8592c1699a67c3099484b040628115b21d72dd1159cbe2c0ae295334b24 4bcd1616dbcc5d0a42f0e53cbee5a6d444f456828770b86d0a73893ea8d808b2
SERVER_HANDSHAKE_TRAFFIC_SECRET 044cc8592c1699a67c3099484b040628115b21d72dd1159cbe2c0ae295334b24 daa77b45ce826a142d2a56abb21ab70533b65691398c97e999253ad2e6dd743a
CLIENT_TRAFFIC_SECRET_0 044cc8592c1699a67c3099484b040628115b21d72dd1159cbe2c0ae295334b24 12b215f3c2501ff428a06b0eed1a88aaedc02a17c8a8d5e156b3b4d8a862f7cf
SERVER_TRAFFIC_SECRET_0 044cc8592c1699a67c3099484b040628115b21d72dd1159cbe2c0ae295334b24 ef874c7273c78dccdab3c08776775d9ce576538fa823f240694a65dd2d286503
CLIENT_HANDSHAKE_TRAFFIC_SECRET 93af16cba827dc3be8a356c2cd17591c80f7dbe6546e40e1c82e13afdcb0ecc7 69a0a914f4aa1448a7e471cd2d01f50447e1ab9dab46584e4230ddaeba2d0adb
SERVER_HANDSHAKE_TRAFFIC_SECRET 93af16cba827dc3be8a356c2cd17591c80f7dbe6546e40e1c82e13afdcb0ecc7 910b2079df794c15630b560a1ea17ec2dc9b121845abaa00bf89259e14cc75b7
CLIENT_TRAFFIC_SECRET_0 93af16cba827dc3be8a356c2cd17591c80f7dbe6546e40e1c82e13afdcb0ecc7 1a782ebe541f4915d1a1d97647593bf5ea7df2d7822fa6792b8cb38979c45395
SERVER_TRAFFIC_SECRET_0 93af16cba827dc3be8a356c2cd17591c80f7dbe6546e40e1c82e13afdcb0ecc7 45650c90f6e45f733afafeb237ab8e5a85c34fc095d4b88ef826c2ba8d2aa94a
CLIENT_HANDSHAKE_TRAFFIC_SECRET 8839b165d0afd51d5e059762c9d31ddfd4d346a098a3fd885dd7e9bb4f8abf92 eca3f0ef79d97b24018a28dfa01f251408e7e6742e433c33aa222cf95b196297
SERVER_HANDSHAKE_TRAFFIC_SECRET 8839b165d0afd51d5e059762c9d31ddfd4d346a098a3fd885dd7e9bb4f8abf92 a371d1dc929f980ba8bd86c98fac7b518ea1de2f8266421044ff8b8b5ac84baa
CLIENT_TRAFFIC_SECRET_0 8839b165d0afd51d5e059762c9d31ddfd4d346a098a3fd885dd7e9bb4f8abf92 17fa53fca2ae9c9d66c5de7d3f9203db794d74a3896d1b499be3bc27cdbe3b4c
SERVER_TRAFFIC_SECRET_0 8839b165d0afd51d5e059762c9d31ddfd4d346a098a3fd885dd7e9bb4f8abf92 a97e645971b09728430f74e0443f5ce561c18432d3cb48847019ae25ae306906
CLIENT_HANDSHAKE_TRAFFIC_SECRET ecaa3c7f642e109a50145908a33d1d356eb18b772e80ccb8550af82e210a2b6a ac3d663787fdc4fa086f3de937264c3d2df963b71e64851cb572e327a7ff87a3
SERVER_HANDSHAKE_TRAFFIC_SECRET ecaa3c7f642e109a50145908a33d1d356eb18b772e80ccb8550af82e210a2b6a 244c53629155c96f9508cb246a115f2b78a74dcfa9be0f97becf36cb26618aa2
CLIENT_TRAFFIC_SECRET_0 ecaa3c7f642e109a50145908a33d1d356eb18b772e80ccb8550af82e210a2b6a 1b3b087cb03549e678ca74b2398947d97cdc521ab4544ee8cd1363f8295c86d0
SERVER_TRAFFIC_SECRET_0 ecaa3c7f642e109a50145908a33d1d356eb18b772e80ccb8550af82e210a2b6a 6ee16ab61f6929eee2457afff0d3c4e072c079867357fba6320275b78449eac3
CLIENT_HANDSHAKE_TRAFFIC_SECRET e6e09eca021ad01fa7a23e5b0cfe635aedfe28f75a54dee33c924dc0d0e4042a 096a52de8195baafc75210b9ebee687474956a27cc3fdf599e07b6d6701aebd9
SERVER_HANDSHAKE_TRAFFIC_SECRET e6e09eca021ad01fa7a23e5b0cfe635aedfe28f75a54dee33c924dc0d0e4042a 9d7b77e3c9f34ede7fe3e32840b4e753247bafeadcd6fca43ddbfbd71bf21637
CLIENT_TRAFFIC_SECRET_0 e6e09eca021ad01fa7a23e5b0cfe635aedfe28f75a54dee33c924dc0d0e4042a abdee7ee7240efeddaaba2e486cd10ed5ab3e5741bbffc1dd5d5142e00a93c62
SERVER_TRAFFIC_SECRET_0 e6e09eca021ad01fa7a23e5b0cfe635aedfe28f75a54dee33c924dc0d0e4042a 391a362f5566395fa74df7ab6f45d53346b80b8a7e89c55f212d88d52ddd0d3c
CLIENT_HANDSHAKE_TRAFFIC_SECRET a6dda2cce1a7d16d1651004ebb508b0e42259448f8417f59a2c4f5e51ff36dac 75ad25bae5ecfe2f7269dc57edfe94e5df9609ab848351e2bd989043e6193272
SERVER_HANDSHAKE_TRAFFIC_SECRET a6dda2cce1a7d16d1651004ebb508b0e42259448f8417f59a2c4f5e51ff36dac ec2c881700643d5d241f80f431198bd4aae6aa1f3e7cef98b0fe1168ca0d729e
CLIENT_TRAFFIC_SECRET_0 a6dda2cce1a7d16d1651004ebb508b0e42259448f8417f59a2c4f5e51ff36dac 7858ee14a0b95129d5579fcfe90630fd2e3d712ee0bfdde2311676ff9bad7405
SERVER_TRAFFIC_SECRET_0 a6dda2cce1a7d16d1651004ebb508b0e42259448f8417f59a2c4f5e51ff36dac 92f3acdd16394be5f1a432282090fc40f7e833fc0fb50e65a46ea436f520d9f4
CLIENT_HANDSHAKE_TRAFFIC_SECRET f717ca2c9e9c459dab45903ad42f21eb661d71c2a28ab51bcec65e9d7a47f955 b4fbe7c6762d21f9a9644b0eb49e3ced966187853fefd1bf07aeff514cd46a42
SERVER_HANDSHAKE_TRAFFIC_SECRET f717ca2c9e9c459dab45903ad42f21eb661d71c2a28ab51bcec65e9d7a47f955 f77556e97694527b0e2843908d5d05ec216e7cce509b59c47767555bbce38747
CLIENT_TRAFFIC_SECRET_0 f717ca2c9e9c459dab45903ad42f21eb661d71c2a28ab51bcec65e9d7a47f955 fb855667a84650bb046933fbf22749083966319ba8fd8d9421f637d220c29def
SERVER_TRAFFIC_SECRET_0 f717ca2c9e9c459dab45903ad42f21eb661d71c2a28ab51bcec65e9d7a47f955 a4292fa8944555e9a1e419d2298fc67918edc70ff35573537c1593857bfb4333
CLIENT_HANDSHAKE_TRAFFIC_SECRET b293778463ed20874166825e37d3ccd863ad6036b6718fcf03be3151e1e4b894 dcfa8226a988f1a472f34395c0164a8bfe2bda9255a571300475ebfd856b86d1
SERVER_HANDSHAKE_TRAFFIC_SECRET b293778463ed20874166825e37d3ccd863ad6036b6718fcf03be3151e1e4b894 cfeadc575192b1518b30d8a1a405d1ccd33f79b0a498db0d47521ae0dd0b3a3f
CLIENT_TRAFFIC_SECRET_0 b293778463ed20874166825e37d3ccd863ad6036b6718fcf03be3151e1e4b894 c8ba839d473b6f3ac2d6dc1787374dbb7ae25a0e5a0f2b7b474e25d7875f3571
SERVER_TRAFFIC_SECRET_0 b293778463ed20874166825e37d3ccd863ad6036b6718fcf03be3151e1e4b894 e281ab6ab153e28cdc95b2cf5e21295be7a06b5c624bbbe5fdb9e5566b8e66c9
CLIENT_HANDSHAKE_TRAFFIC_SECRET 297c77ab1e4b5eb77e4b5eb53f9a3a328e5afcf670d73552103ab4030de99133 c4b02350a06e19be1323f4719ba23198a8980e3af049fd22ba9ac647d06b1baa
SERVER_HANDSHAKE_TRAFFIC_SECRET 297c77ab1e4b5eb77e4b5eb53f9a3a328e5afcf670d73552103ab4030de99133 d1358ed5be9a2b89e0c78c45608d470405e49070867360504f2ed4570d9bbf09
CLIENT_TRAFFIC_SECRET_0 297c77ab1e4b5eb77e4b5eb53f9a3a328e5afcf670d73552103ab4030de99133 09bf62f9463c67495e050fb309ec8ba00d89eebd69119fc00ea7d6b785417d71
SERVER_TRAFFIC_SECRET_0 297c77ab1e4b5eb77e4b5eb53f9a3a328e5afcf670d73552103ab4030de99133 c47af588a275f762953b91df6b156339f86c2e062951ac8f1c41ac5d7c76f537
CLIENT_HANDSHAKE_TRAFFIC_SECRET 2ff511baa69274e754e8c5430eb36faa6a6e64ccbca4627da3b6b2e051652de3 e54e3b49d218737f1f92dee8f1b8e472dbb8f9a21a50850056ce35dd19112508
SERVER_HANDSHAKE_TRAFFIC_SECRET 2ff511baa69274e754e8c5430eb36faa6a6e64ccbca4627da3b6b2e051652de3 2fcefb3f7002eccdac5268cc6874a07325c18734dfd4076a3784ef0968c3549e
CLIENT_TRAFFIC_SECRET_0 2ff511baa69274e754e8c5430eb36faa6a6e64ccbca4627da3b6b2e051652de3 f0ea6a6abb9a53ef16dfbbf846ac9ab1cefd16faafcd1473c16f413c3cd2c512
SERVER_TRAFFIC_SECRET_0 2ff511baa69274e754e8c5430eb36faa6a6e64ccbca4627da3b6b2e051652de3 d52612ac9d9676ba2f07b1692c92835993800cd5708fe991c0ea4e8bdd2b04f0
CLIENT_HANDSHAKE_TRAFFIC_SECRET e5b309e8c91e42eaf3895b66a5ba21a6f3a855fe48b334d44853821f92dc222e 047f986ed46eed9a347b7ff9afd6b18c241f87517502f28006a2e053cd464b18
SERVER_HANDSHAKE_TRAFFIC_SECRET e5b309e8c91e42eaf3895b66a5ba21a6f3a855fe48b334d44853821f92dc222e e0680f2f1961fccc9b67095d44ec4ae45e27cdf891ec0c19e6d9f79768d3996b
CLIENT_TRAFFIC_SECRET_0 e5b309e8c91e42eaf3895b66a5ba21a6f3a855fe48b334d44853821f92dc222e 431cd758b5c92516918f2fea4d1f7b5d761d210442b4b6784a975851da6c6f86
SERVER_TRAFFIC_SECRET_0 e5b309e8c91e42eaf3895b66a5ba21a6f3a855fe48b334d44853821f92dc222e 9f02eeb937b9c7fbf2db59c4b0a614fd66e741174916002ac5ee467beff9b5d2
CLIENT_HANDSHAKE_TRAFFIC_SECRET c3c7d084a0c998d5051b3e4137ac08a003236ddbcf31d48bb12d31f06d074990 05b75d46c7799d3d461997e977071e9c8cab94ee173fe5fac140de58d5b5befa
SERVER_HANDSHAKE_TRAFFIC_SECRET c3c7d084a0c998d5051b3e4137ac08a003236ddbcf31d48bb12d31f06d074990 cd5f8eb8b3e3b6a440234ba34444ea3694520fbf0b4e45dda42f44a937ad6aa7
CLIENT_TRAFFIC_SECRET_0 c3c7d084a0c998d5051b3e4137ac08a003236ddbcf31d48bb12d31f06d074990 dfc8a28064f6c10eeb6afe3f8bcddec43093d12d538639f1d0930b61674289fb
SERVER_TRAFFIC_SECRET_0 c3c7d084a0c998d5051b3e4137ac08a003236ddbcf31d48bb12d31f06d074990 517cf8b38695e35f88e1c91b34f995c67e3f0ae6fe220bc4212c14fda3d89ba3
CLIENT_HANDSHAKE_TRAFFIC_SECRET 7fcb0b448489a9f80479652f3d6f72760c8408b1b833b51f21282c660d5f7044 11173d4bf07e0e3fabd6ec9719427c907f00bcb6f15045a9b5a16e8b2307ea11
SERVER_HANDSHAKE_TRAFFIC_SECRET 7fcb0b448489a9f80479652f3d6f72760c8408b1b833b51f21282c660d5f7044 08fcdcec463db00a5a4dcd4f986eb829c2d8237fb948dc711505377bb206146f
CLIENT_TRAFFIC_SECRET_0 7fcb0b448489a9f80479652f3d6f72760c8408b1b833b51f21282c660d5f7044 9558efcc6cdeebca9858efc8e4107142f8309e6bcf1990b0df383f254ee25db2
SERVER_TRAFFIC_SECRET_0 7fcb0b448489a9f80479652f3d6f72760c8408b1b833b51f21282c660d5f7044 a0ce7bcaeb264d9ca681604f1392818bc896797254cf4ad0e2d31669aa7c8376
CLIENT_HANDSHAKE_TRAFFIC_SECRET 1a6e2349469201f4ad1b8183a477cbfaa1a082dc3820307fc0c1ab753c573280 69e082bbd46a2d02a0f79c31ea3bbc06cba2e32f53feb2b6e3b06bb62a1e0a19
SERVER_HANDSHAKE_TRAFFIC_SECRET 1a6e2349469201f4ad1b8183a477cbfaa1a082dc3820307fc0c1ab753c573280 6ae0eec38307e483f5605de3a00daec590a3218eb3f1b64c393d9d095f3052cc
CLIENT_TRAFFIC_SECRET_0 1a6e2349469201f4ad1b8183a477cbfaa1a082dc3820307fc0c1ab753c573280 be1ed600ae6d28cabea22867d5554f461cedd1873a257eb0525bded23ee2e852
SERVER_TRAFFIC_SECRET_0 1a6e2349469201f4ad1b8183a477cbfaa1a082dc3820307fc0c1ab753c573280 781d4c23bcb596628eba01b8972c376ece425a340d52fae2ec224fe7a9d3ef68
CLIENT_HANDSHAKE_TRAFFIC_SECRET 62d5239aa17bc8556f45fa6d20bd52dd514cec8274464f5ff4eca23c5b21ba41 ad72ecf70c2e09ebb8c7c21e3b3de1987a56b96573fec96c06139b66d489e880
SERVER_HANDSHAKE_TRAFFIC_SECRET 62d5239aa17bc8556f45fa6d20bd52dd514cec8274464f5ff4eca23c5b21ba41 a100e2387cdc19f04aa82e338f11331b4aabd97a5de50d045696a41cc068452c
CLIENT_TRAFFIC_SECRET_0 62d5239aa17bc8556f45fa6d20bd52dd514cec8274464f5ff4eca23c5b21ba41 6d48eb9108fdfeeed8bcb936e5cd203c5cf1b501eba6815c59ae612e9e885221
SERVER_TRAFFIC_SECRET_0 62d5239aa17bc8556f45fa6d20bd52dd514cec8274464f5ff4eca23c5b21ba41 95409d9789950694e283ba164f2e9b605b022691d23df7b8bd8063f1adf4280d
CLIENT_HANDSHAKE_TRAFFIC_SECRET ac090f7d7f342269ab5006c76bfe3e6a4e07b7727dd7e0749fede4ab00b7d5e6 debb5de28ddaf17d2b251e823ee02dd346621ecbc2cbf591f3a7e1ac3782e62a
SERVER_HANDSHAKE_TRAFFIC_SECRET ac090f7d7f342269ab5006c76bfe3e6a4e07b7727dd7e0749fede4ab00b7d5e6 97f2e91b18fbf90348b17e9012f968d86edef581f8a3a2d626eb3133a0c3273b
CLIENT_TRAFFIC_SECRET_0 ac090f7d7f342269ab5006c76bfe3e6a4e07b7727dd7e0749fede4ab00b7d5e6 ed8cfb97481763131c669dcdc0599fe40da0c89ad9e8be7f055d3c11988caf0c
SERVER_TRAFFIC_SECRET_0 ac090f7d7f342269ab5006c76bfe3e6a4e07b7727dd7e0749fede4ab00b7d5e6 dfb284cdded25948956ca403ae92e1303ba6a63f48d62f5ff721a7976c415778
CLIENT_HANDSHAKE_TRAFFIC_SECRET 95e69db30623497d54ede4c8e33091a1a2eb9456e86a6d9022600ea628924cce 522928ff5bb753921fcb51edfe2a605b2bfcf2a884bae12b96a0d4facbcefd6b
SERVER_HANDSHAKE_TRAFFIC_SECRET 95e69db30623497d54ede4c8e33091a1a2eb9456e86a6d9022600ea628924cce 383cc0f862e490b5cdcd17a044b6ff9c30d9c51c1274eb2728dde4e0f0f8e7a7
CLIENT_TRAFFIC_SECRET_0 95e69db30623497d54ede4c8e33091a1a2eb9456e86a6d9022600ea628924cce b11ffc0307af4e224980def037878b49315cdc2ca35691d4174e9b9c409be2a3
SERVER_TRAFFIC_SECRET_0 95e69db30623497d54ede4c8e33091a1a2eb9456e86a6d9022600ea628924cce d46ab495e94ff956e3556f68b5b87be161126822038ed87c45fb5f84af485a68
CLIENT_HANDSHAKE_TRAFFIC_SECRET 0abd906a92f276ddecbeedd1b7d9ef158ff3c65cdf6cc9d900a702642c4e0388 d2db8db1b6589b395d96674369a1c8e1fb1cab1e8da434ead79f7d3e95d9078e
SERVER_HANDSHAKE_TRAFFIC_SECRET 0abd906a92f276ddecbeedd1b7d9ef158ff3c65cdf6cc9d900a702642c4e0388 9bb19de5d61887ee3df0befafd5c79ec2eb2f952849176fcc76ede82541a08ec
CLIENT_TRAFFIC_SECRET_0 0abd906a92f276ddecbeedd1b7d9ef158ff3c65cdf6cc9d900a702642c4e0388 81551a537a4823956fd8910c9a173c0dfe072f5f74732d196fa47c19288ff899
SERVER_TRAFFIC_SECRET_0 0abd906a92f276ddecbeedd1b7d9ef158ff3c65cdf6cc9d900a702642c4e0388 3041523ffe22d781e633497f6aef0b98fbb4b36e36ce307f590473bfbe70957c
CLIENT_HANDSHAKE_TRAFFIC_SECRET 100b710a862a83d69ee1c7910bbb3d5094fbf145550bcb820c67542bd598a118 20db668ca3cce4af07b6ebc873c8fb85ab270aa5b4c28bb940cc5ad6cdc4efe5
SERVER_HANDSHAKE_TRAFFIC_SECRET 100b710a862a83d69ee1c7910bbb3d5094fbf145550bcb820c67542bd598a118 a9b403f3d4f6ceacbe9d6d76263ddff10f55b7fea941e084bcb8da2de0f86b2a
CLIENT_TRAFFIC_SECRET_0 100b710a862a83d69ee1c7910bbb3d5094fbf145550bcb820c67542bd598a118 f73d82ba589b1a80edc2ee0a8674f00f67e8c89e8f730cb3d8aebc4159fc589e
SERVER_TRAFFIC_SECRET_0 100b710a862a83d69ee1c7910bbb3d5094fbf145550bcb820c67542bd598a118 30aa368e24389b6e3db11d6fba0e888b4e469775edabb7f7dc65f1c608b2a44a
CLIENT_HANDSHAKE_TRAFFIC_SECRET b3305e4c07fcf1e0caf2ca4c227fc4b221050d6190d5ad8e6098aa0c4f8a2b07 13366505891800d12cdf848bfd7d7dc7a47bd5172377fdc11f2f25769742720b
SERVER_HANDSHAKE_TRAFFIC_SECRET b3305e4c07fcf1e0caf2ca4c227fc4b221050d6190d5ad8e6098aa0c4f8a2b07 babd39a1ffe4524038062f974623a7b5098e2a7909f2c769904c1fee8bbfe167
CLIENT_TRAFFIC_SECRET_0 b3305e4c07fcf1e0caf2ca4c227fc4b221050d6190d5ad8e6098aa0c4f8a2b07 74329744d41329e0c498e07700a110604b5f013bd80ecfff646023e9e450302a
SERVER_TRAFFIC_SECRET_0 b3305e4c07fcf1e0caf2ca4c227fc4b221050d6190d5ad8e6098aa0c4f8a2b07 d98eac2c2b32ad2fabd5dc47700292faa32f1cc7bbb6cf06068c4474468eaac9
CLIENT_HANDSHAKE_TRAFFIC_SECRET e285d91e425142472857842bbc2deef728b3665680974f1c4eefaea43f17ef80 4112ce0bb62b613c576a6eca68536af0b87b84f32fb90ae70a912a59b3de3ad8
SERVER_HANDSHAKE_TRAFFIC_SECRET e285d91e425142472857842bbc2deef728b3665680974f1c4eefaea43f17ef80 e60bc2f80fd85a034a2f0ffce6f249641c0a621383b5c39b16388fe7609ec4d4
CLIENT_TRAFFIC_SECRET_0 e285d91e425142472857842bbc2deef728b3665680974f1c4eefaea43f17ef80 5f9d3e97715e3a56e4b7a0341df5ee2eea6b89e24c8d5b88f6b1c26e10862e10
SERVER_TRAFFIC_SECRET_0 e285d91e425142472857842bbc2deef728b3665680974f1c4eefaea43f17ef80 c961d8a3ab21cdccde97d6c6af7c6ab0f31cbace1a433323f656d77278d3dbd8
CLIENT_HANDSHAKE_TRAFFIC_SECRET 25a60c5ab937463bf0a182342d805cb74ed4dc19cd6d72d455323f19a66a7bc2 73f9491ac92b27a40c50732f8faf79d32b7906c222919da2bc513242992e2334
SERVER_HANDSHAKE_TRAFFIC_SECRET 25a60c5ab937463bf0a182342d805cb74ed4dc19cd6d72d455323f19a66a7bc2 344ea70ce5214d0c4cf54aa54c4efd3b40c621242d883284b9b67df6e8c70c41
CLIENT_TRAFFIC_SECRET_0 25a60c5ab937463bf0a182342d805cb74ed4dc19cd6d72d455323f19a66a7bc2 1af21c55e591222fc71b2da9dc1c0f27d576336814e30a0d641510d80feea517
SERVER_TRAFFIC_SECRET_0 25a60c5ab937463bf0a182342d805cb74ed4dc19cd6d72d455323f19a66a7bc2 4db367fb1a65ec47ef3bb64b1173c8fa45aeffb3c87c47c6cccee26f4a8af04d
CLIENT_HANDSHAKE_TRAFFIC_SECRET 41a132b1020a6a4f5d8661fd5097cf54255e4d540c724ce888b53a20d38b2f3c e74a50da066e871971903451f9fd7b1c34fc670e142449704a56ffbc262e930f
SERVER_HANDSHAKE_TRAFFIC_SECRET 41a132b1020a6a4f5d8661fd5097cf54255e4d540c724ce888b53a20d38b2f3c 787b00f0f6deb6d9bdf7bf6cee985e8c82cb672acb9f7167061de25d1ed32d80
CLIENT_TRAFFIC_SECRET_0 41a132b1020a6a4f5d8661fd5097cf54255e4d540c724ce888b53a20d38b2f3c 71d4c20cb25ff276225b8f719cef5833397e0c4a62165448b9ebe4edd332c843
SERVER_TRAFFIC_SECRET_0 41a132b1020a6a4f5d8661fd5097cf54255e4d540c724ce888b53a20d38b2f3c ae4eed2898085ecdbe22e503ae248fc817e013b1db0ae19c3454535d2d5c36a5
CLIENT_HANDSHAKE_TRAFFIC_SECRET e37419333e2c091b06466d4b7280a851637b6857d643df6e2ad88c3e51eacf91 5c54f2c4991dfe55abdb8221fbd6b1378723c6cf9229a2eb59ddaf50c92b7dd6
SERVER_HANDSHAKE_TRAFFIC_SECRET e37419333e2c091b06466d4b7280a851637b6857d643df6e2ad88c3e51eacf91 7c2b6acd35568e58a2e3c16ec59afa8a5e54ca76b04efae114310e373f22820d
CLIENT_TRAFFIC_SECRET_0 e37419333e2c091b06466d4b7280a851637b6857d643df6e2ad88c3e51eacf91 991af47cfee52f5e88e9b40568664fe6edafa262f2a0c5d30b220d7857bdbd33
SERVER_TRAFFIC_SECRET_0 e37419333e2c091b06466d4b7280a851637b6857d643df6e2ad88c3e51eacf91 e974f17f8e6fad76a4bfa884e852f04b0688e9a991b1bd3c5c5b700fe84ccfd9
CLIENT_HANDSHAKE_TRAFFIC_SECRET ddf09e7d2e72d4a25990f4315ed9c3e5734097e31348f0f7d7db561df94c011c 48daa11af00135342334a51af971a64ee86204f0b2428322d08a82303623caae
SERVER_HANDSHAKE_TRAFFIC_SECRET ddf09e7d2e72d4a25990f4315ed9c3e5734097e31348f0f7d7db561df94c011c cb002dcc0d8f63de4803915ea6a7d0477e1b3af63dc86f73d9d1298ef474bbfe
CLIENT_TRAFFIC_SECRET_0 ddf09e7d2e72d4a25990f4315ed9c3e5734097e31348f0f7d7db561df94c011c d3e5cf5c64df4baaa61dc239b13e98a843ed1fc940131517245512b229dc18c4
SERVER_TRAFFIC_SECRET_0 ddf09e7d2e72d4a25990f4315ed9c3e5734097e31348f0f7d7db561df94c011c b120c0744dd980ca5c9a28e1b1dbf4db7ddd8d941dc10093e1fd50d1fb4c6804
CLIENT_HANDSHAKE_TRAFFIC_SECRET 5f23de90f5aa9372e3e7679d3313ba2eab75a2aa41ca473b24a16ab93c5d6111 b8317cfbf32d98cd3855f968d5bc11f82bda2f849c23a3029836cd69cbc88376
SERVER_HANDSHAKE_TRAFFIC_SECRET 5f23de90f5aa9372e3e7679d3313ba2eab75a2aa41ca473b24a16ab93c5d6111 0e1beeb1224b0869576cb030a498a1092c6f8eeabc57cf9e52198e938f9db1e6
CLIENT_TRAFFIC_SECRET_0 5f23de90f5aa9372e3e7679d3313ba2eab75a2aa41ca473b24a16ab93c5d6111 3844c6c3fc661f3761857855897d1c38d905151120940e2573bab01ae762ed87
SERVER_TRAFFIC_SECRET_0 5f23de90f5aa9372e3e7679d3313ba2eab75a2aa41ca473b24a16ab93c5d6111 60c8ac147630a054fca4d4f77b314cf2a05851ce36e0a55ad56e5cc7f153bc2a
CLIENT_HANDSHAKE_TRAFFIC_SECRET 11b838ea64729ef34e1812c837e4ad842a8a36489acedc2d26faa6594170a002 be6cc4013ce5bf6af246670a8268b58ffab8bf9d15f9f8e2d4371198edb4156f
SERVER_HANDSHAKE_TRAFFIC_SECRET 11b838ea64729ef34e1812c837e4ad842a8a36489acedc2d26faa6594170a002 0ff0709544ba522b5314580930e780f931ef499bdc7d669ad418d08476d8b0cd
CLIENT_TRAFFIC_SECRET_0 11b838ea64729ef34e1812c837e4ad842a8a36489acedc2d26faa6594170a002 35ef39d1162e9eb1d426e8e8ab00357ab15cac2e6337181a9b46e353b67fd5ad
SERVER_TRAFFIC_SECRET_0 11b838ea64729ef34e1812c837e4ad842a8a36489acedc2d26faa6594170a002 e49a1408af53a92824ba3664bfc121d6e0b70aaf9df37409697555e21eb53efb
CLIENT_HANDSHAKE_TRAFFIC_SECRET bee09d94a9dea5b87a7613fbab4d64a354b6716fc2ce0b7581144104dd063428 46ac2e43bdd581b5a12139e726c7d261b65c78710afd31ddb228a760283c6146
SERVER_HANDSHAKE_TRAFFIC_SECRET bee09d94a9dea5b87a7613fbab4d64a354b6716fc2ce0b7581144104dd063428 70a80c3228390c19a7dbaa04ec13c37308f144be1afb5adff2973e800bfebbe2
CLIENT_TRAFFIC_SECRET_0 bee09d94a9dea5b87a7613fbab4d64a354b6716fc2ce0b7581144104dd063428 80a5336221b56826890c1df5cabb3251d34d17bff77049c7a09f60dae46f3d95
SERVER_TRAFFIC_SECRET_0 bee09d94a9dea5b87a7613fbab4d64a354b6716fc2ce0b7581144104dd063428 3c2592ff04efc4a76299bac3421f85703a00c8ddf09b755543381bab68aba54d
CLIENT_HANDSHAKE_TRAFFIC_SECRET 297b88ea85de25f8097fc856f3f13d148dc1c405bd0cba128c615e2834abcde9 a56c870cc1cefbd777e2586371946ee1b56e552458af140003051ae8a44962d5
SERVER_HANDSHAKE_TRAFFIC_SECRET 297b88ea85de25f8097fc856f3f13d148dc1c405bd0cba128c615e2834abcde9 f5ce8bd0da4eae6f89c0b3f2d1584c792c81b3a8befb200fd08e34d7890fe880
CLIENT_TRAFFIC_SECRET_0 297b88ea85de25f8097fc856f3f13d148dc1c405bd0cba128c615e2834abcde9 0e4f4d5c1cc520ebedd626766af0dc55cb765658b0cb4949c3e0407f9364afba
SERVER_TRAFFIC_SECRET_0 297b88ea85de25f8097fc856f3f13d148dc1c405bd0cba128c615e2834abcde9 281bff1a8b998636b824d2fe68ef7b7334e3b7c070bd353aa2e8bcb1781c05ab
CLIENT_HANDSHAKE_TRAFFIC_SECRET 4b821f56cbcf5459bafe72d0de1b917c27101fa5ae0bbae986bfb37b97f71ef7 a1c9fab1c20a1ed3ed6ace521ba090082764e2f69797a15bea1e4c299d64de47
SERVER_HANDSHAKE_TRAFFIC_SECRET 4b821f56cbcf5459bafe72d0de1b917c27101fa5ae0bbae986bfb37b97f71ef7 4b05552c4b64a1ca673549a56e1059bd4b2270b8efd4d161989fded73e8aae99
CLIENT_TRAFFIC_SECRET_0 4b821f56cbcf5459bafe72d0de1b917c27101fa5ae0bbae986bfb37b97f71ef7 b8b4a12dc2b0516ffa89003341a6f3e9fb455527ad9f610f3586b9d39030d5f8
SERVER_TRAFFIC_SECRET_0 4b821f56cbcf5459bafe72d0de1b917c27101fa5ae0bbae986bfb37b97f71ef7 95eb1c8fc7e8a2bdf3e90493d6ca8a8862b75aeded16145e75b70adf6fb566eb
CLIENT_HANDSHAKE_TRAFFIC_SECRET 7c72af5736cd741be06daf1a0c4cf81b5513209e4231c41a59c372853e7c9ca4 b425b3c592a69e2ad4bcdd71207c1d7998ce1cbfbad959895d3a5293fa0c4caa
SERVER_HANDSHAKE_TRAFFIC_SECRET 7c72af5736cd741be06daf1a0c4cf81b5513209e4231c41a59c372853e7c9ca4 61504eeaed432a22a9acf5d7c7ecba220de2459874a2b13934806c1c5ce0c4ed
CLIENT_TRAFFIC_SECRET_0 7c72af5736cd741be06daf1a0c4cf81b5513209e4231c41a59c372853e7c9ca4 5eb6a6429e4ebe9b7beb38d67b328ea53cc986b265ff1ccc7a244bdca6ecc22c
SERVER_TRAFFIC_SECRET_0 7c72af5736cd741be06daf1a0c4cf81b5513209e4231c41a59c372853e7c9ca4 f7da3225548a3d227ebb13ecc986659197bac4059806032f51c883d753d7fc02
CLIENT_HANDSHAKE_TRAFFIC_SECRET ee598e0341715f0e06444ede62bb13702d61c3defc36da0f7b5cb561ba2160ca bfaf2a238321c6994637ce02ea6a7c5c9114121e8cfc6edd476bea7611055708
SERVER_HANDSHAKE_TRAFFIC_SECRET ee598e0341715f0e06444ede62bb13702d61c3defc36da0f7b5cb561ba2160ca b47ef5790661899fc1bcad3f1c6b3ac637b05d260692cc54178fcdf980ff7f34
CLIENT_TRAFFIC_SECRET_0 ee598e0341715f0e06444ede62bb13702d61c3defc36da0f7b5cb561ba2160ca 4e3bf10d33d4e90bebc5e9e23d0280f9d83f15a79477b317c942c8bd40e4d724
SERVER_TRAFFIC_SECRET_0 ee598e0341715f0e06444ede62bb13702d61c3defc36da0f7b5cb561ba2160ca f486dd1411205d5015e88e76b7634bf316921bbf78a7f000998f21c624b6c95c
CLIENT_HANDSHAKE_TRAFFIC_SECRET fc2d26ea4de545239fe702baa15b119a50300c91518c3060f05a2c0cf8bc1a38 65f20d37b952a9ebc748c279453e0dd234ece9d35547dbc93b6ea3b92fe42881
SERVER_HANDSHAKE_TRAFFIC_SECRET fc2d26ea4de545239fe702baa15b119a50300c91518c3060f05a2c0cf8bc1a38 1f48abb7af7126ca767e3c3fca3dce4d623321b64cca8910b7ab0f02b6c9e164
CLIENT_TRAFFIC_SECRET_0 fc2d26ea4de545239fe702baa15b119a50300c91518c3060f05a2c0cf8bc1a38 bcb55b11b44172cd62b4b7e1073abd01ef16efe407c20be381c16b1601986b91
SERVER_TRAFFIC_SECRET_0 fc2d26ea4de545239fe702baa15b119a50300c91518c3060f05a2c0cf8bc1a38 8b411d49cc152d371ed9963e649dc735ebaf6bd805df7b8078bb939dd7fb69b5
CLIENT_HANDSHAKE_TRAFFIC_SECRET cf1d8c4bf5bc64b7e420c538fc1507535ba92c6f2988a0c2ac006708b6dabc36 fda71ebef2b826a327c4b8d832421c0358c919bb2e6fc6de15f84bea64b5a953
SERVER_HANDSHAKE_TRAFFIC_SECRET cf1d8c4bf5bc64b7e420c538fc1507535ba92c6f2988a0c2ac006708b6dabc36 178c2e2012ae6a930fde21f53475822c1d46fb075656661671fcc247b1a49569
CLIENT_TRAFFIC_SECRET_0 cf1d8c4bf5bc64b7e420c538fc1507535ba92c6f2988a0c2ac006708b6dabc36 329a9e8cf81d3aa6ed18180dd1d2c6f88705e57dc17b897c15a704e045754e86
SERVER_TRAFFIC_SECRET_0 cf1d8c4bf5bc64b7e420c538fc1507535ba92c6f2988a0c2ac006708b6dabc36 8b8dca373e487ea734a68aea26d477346ac907f2dd25b4dec02c8024baa6c699
CLIENT_HANDSHAKE_TRAFFIC_SECRET dcb04f0f176b40f620a5d67df44d87831de4df943220bd92170a4a735dd4fbdf d9f5d2379895facd5491d30f7bcc892f945122eed60ba1798ef09b049f6e02d3
SERVER_HANDSHAKE_TRAFFIC_SECRET dcb04f0f176b40f620a5d67df44d87831de4df943220bd92170a4a735dd4fbdf ac707fbefb352b34005d5f56e01f872751e4735cfe750d8df6a407c2541d7667
CLIENT_TRAFFIC_SECRET_0 dcb04f0f176b40f620a5d67df44d87831de4df943220bd92170a4a735dd4fbdf 02362535cb1c283c68b1a19fd81739044f990682f8aacbc418212c787b8f327e
SERVER_TRAFFIC_SECRET_0 dcb04f0f176b40f620a5d67df44d87831de4df943220bd92170a4a735dd4fbdf 35dd256ca62e93d373264bd535aee93bee9451889c4cf47f00131c2de22370d7
CLIENT_HANDSHAKE_TRAFFIC_SECRET 668d6d1cb62fc2e280ac9b5b3c4e1fc9ae7e7386007cfa11f142aeda19cca083 cc7582ffd282f9e0e44b93ca29595c5ca76fe8368fd4b75033e5629a69cd4b7c
SERVER_HANDSHAKE_TRAFFIC_SECRET 668d6d1cb62fc2e280ac9b5b3c4e1fc9ae7e7386007cfa11f142aeda19cca083 8c8b4681e5155e3e2d343ea81e902670bfd41271f1f1fa87864ba5c53ce1591d
CLIENT_TRAFFIC_SECRET_0 668d6d1cb62fc2e280ac9b5b3c4e1fc9ae7e7386007cfa11f142aeda19cca083 d12dc43d18051677ca0c1ca137e6b3e618ee29b1768022acc7c2d5435a9b1cda
SERVER_TRAFFIC_SECRET_0 668d6d1cb62fc2e280ac9b5b3c4e1fc9ae7e7386007cfa11f142aeda19cca083 c7e2693b1813a3b66fb203952e1611cf037abca06fe179a3626b42c87cd8b825
CLIENT_HANDSHAKE_TRAFFIC_SECRET 9c6d66944198e7f7e5128f9f90b8873540790bddc4757c557726095860c9fa79 96d41eee7113c746f0be480921f69786d760b067b5408fb10b5c349acffdf57b
SERVER_HANDSHAKE_TRAFFIC_SECRET 9c6d66944198e7f7e5128f9f90b8873540790bddc4757c557726095860c9fa79 cf9d1e8ab4d2cf55a0b59337e7536e154c691436d76ceae8d5c717a1d26a90ca
CLIENT_TRAFFIC_SECRET_0 9c6d66944198e7f7e5128f9f90b8873540790bddc4757c557726095860c9fa79 816cef7dec76732a44653edf4692860193e16da7ea5375f2948a8f4ec91bc416
SERVER_TRAFFIC_SECRET_0 9c6d66944198e7f7e5128f9f90b8873540790bddc4757c557726095860c9fa79 e21eeb96c44c6e52e9df05072356209cedeb6cb2e1572eec50b6ff662ce5032a
CLIENT_HANDSHAKE_TRAFFIC_SECRET 6dd12c1dace486e5bebe0bcd1a2d7568a93c0ebedc91efb81d73fda463c67210 0b91854f0b4aa305a724ba354dace2be7b62a6ba01ea66caa5a01faeb2e0bb3d
SERVER_HANDSHAKE_TRAFFIC_SECRET 6dd12c1dace486e5bebe0bcd1a2d7568a93c0ebedc91efb81d73fda463c67210 99a666fd67e6b4d590293ce4df82c40a65bb25d2253ccec2c802f6fcc7f0b879
CLIENT_TRAFFIC_SECRET_0 6dd12c1dace486e5bebe0bcd1a2d7568a93c0ebedc91efb81d73fda463c67210 ebd791b2c26ffb3d39cbd24fdd550b145560ff4b001eee394d059d7ce7ee831d
SERVER_TRAFFIC_SECRET_0 6dd12c1dace486e5bebe0bcd1a2d7568a93c0ebedc91efb81d73fda463c67210 2a97673562c0b131f9fa97a88612bf3cecd07830034028efd7737d460c3532bd
CLIENT_HANDSHAKE_TRAFFIC_SECRET f5a9da8c98ad058199e9404983e88e906b70f8e931665e6c7956554ae6914395 03467597c98f2a5dde372cbd2f396ffca5d64fc377eb9dcc072bd6e192ebe961
SERVER_HANDSHAKE_TRAFFIC_SECRET f5a9da8c98ad058199e9404983e88e906b70f8e931665e6c7956554ae6914395 1d8ec985f6cdacc9f9e2274528672b13aa87e5dc2ec8ff3ebffdea06750bd8c6
CLIENT_TRAFFIC_SECRET_0 f5a9da8c98ad058199e9404983e88e906b70f8e931665e6c7956554ae6914395 89576ed6f5d8b047d25901b5da1e429bd446d69c6c497a31a7fc2b3a15cee126
SERVER_TRAFFIC_SECRET_0 f5a9da8c98ad058199e9404983e88e906b70f8e931665e6c7956554ae6914395 55377df8d983f56027ee45b1aa0c3095ca4f9da65c80c7fcb83333e7a3f2dc92
CLIENT_HANDSHAKE_TRAFFIC_SECRET a0ba97eb3f7d0c61594c5b15d4280b470dd66f7e594d46d20c71c508a39a4c49 e517f54e24181eb8109ef1bc9d1036e8e9929edda4488c38b099c15148b15b4f
SERVER_HANDSHAKE_TRAFFIC_SECRET a0ba97eb3f7d0c61594c5b15d4280b470dd66f7e594d46d20c71c508a39a4c49 9e76be6fa464943329ed0ac99682f9971252245eb938362a5a62c28ff0fa182c
CLIENT_TRAFFIC_SECRET_0 a0ba97eb3f7d0c61594c5b15d4280b470dd66f7e594d46d20c71c508a39a4c49 499f4ede6fe3fd73b6178da6de8ee9783910a4a9841cb0dc38e932f3bd46767e
SERVER_TRAFFIC_SECRET_0 a0ba97eb3f7d0c61594c5b15d4280b470dd66f7e594d46d20c71c508a39a4c49 1d8417465ab564d54542a623197ddeeb42b0c4a5555c5374419e4bc2b484d4d1
CLIENT_HANDSHAKE_TRAFFIC_SECRET 2c2cbd12ae64ba78e365a1abea7a4e2fa696c6508b099310c3b63c752b59b13a 3b9188210f8067ba3b5e890c633def1913013c55792b6e86bead02e71f04aca7
SERVER_HANDSHAKE_TRAFFIC_SECRET 2c2cbd12ae64ba78e365a1abea7a4e2fa696c6508b099310c3b63c752b59b13a 355bdbe3d17fcc7769c9a1e122213c0d328506f80dd643e700aae56018e8797b
CLIENT_TRAFFIC_SECRET_0 2c2cbd12ae64ba78e365a1abea7a4e2fa696c6508b099310c3b63c752b59b13a 67bdb45330b00c5f3fdcba6a54b49ec13d320b8970a2b03874a476d292c19e99
SERVER_TRAFFIC_SECRET_0 2c2cbd12ae64ba78e365a1abea7a4e2fa696c6508b099310c3b63c752b59b13a ac5131922083f213eadd253fb485cac7189c54b0c6a1d9cf65b484f5ab2eb3b5
CLIENT_HANDSHAKE_TRAFFIC_SECRET ea19845ef9d75ac63759357a1af666227f0ebb64a6690ac31af82987f7f11ab5 4c2245b6bc9c563ad5826bd298a9590cfaf4292048dbb50f9d36979a75c87b45
SERVER_HANDSHAKE_TRAFFIC_SECRET ea19845ef9d75ac63759357a1af666227f0ebb64a6690ac31af82987f7f11ab5 1a4ec4e7a8b4d543cb0b16345dd04cdae99c288f9fac50cc8d1cf6f5839f2504
CLIENT_TRAFFIC_SECRET_0 ea19845ef9d75ac63759357a1af666227f0ebb64a6690ac31af82987f7f11ab5 37bdf54430df8af806324906d47c83aaf2333c8deaaa8f4fcc60c6159f95e2b2
SERVER_TRAFFIC_SECRET_0 ea19845ef9d75ac63759357a1af666227f0ebb64a6690ac31af82987f7f11ab5 57eb4d5a8a24b0702b4835a9e3a935db0a5d0be13a02f07718d1ca664c633265
CLIENT_HANDSHAKE_TRAFFIC_SECRET 8e1e9be4b464b4e37e9fc67e2578f6dd4ed5c1231bad8047ffa23e70d58dd722 e65de84b0d6e0c7995c056b8a0bf4f35a2d3847cc1bc2e2d5d91f8250e433757
SERVER_HANDSHAKE_TRAFFIC_SECRET 8e1e9be4b464b4e37e9fc67e2578f6dd4ed5c1231bad8047ffa23e70d58dd722 5d29571606e067d869f995a340fe4050f106e9fb956020ab4e5c6ca38811a42c
CLIENT_TRAFFIC_SECRET_0 8e1e9be4b464b4e37e9fc67e2578f6dd4ed5c1231bad8047ffa23e70d58dd722 04d42ee189e6c4c7408848a4f8572cebdc0f16f84c3d9d6a5027102e39e038d5
SERVER_TRAFFIC_SECRET_0 8e1e9be4b464b4e37e9fc67e2578f6dd4ed5c1231bad8047ffa23e70d58dd722 32544cec52382ba1af764f77aaf1024d464e278f1ebd74a769a97b7dc4af0252
CLIENT_HANDSHAKE_TRAFFIC_SECRET 1c32d8ab8d53c0dce840682a41a81a565ccb61953d41fdb9a20eaf276a124f4f 335cabd9fb338a073344224d4ea0ba0a7de690176e72c164189a0c99f81b1338
SERVER_HANDSHAKE_TRAFFIC_SECRET 1c32d8ab8d53c0dce840682a41a81a565ccb61953d41fdb9a20eaf276a124f4f 1b74c04145065f1be0ff2201a52a1ed3e29212433e00297cb36e85df96635b4e
CLIENT_TRAFFIC_SECRET_0 1c32d8ab8d53c0dce840682a41a81a565ccb61953d41fdb9a20eaf276a124f4f 82f790981be3065af8ad7ce8be9837569767f707b9af5cc370d612788bff8e69
SERVER_TRAFFIC_SECRET_0 1c32d8ab8d53c0dce840682a41a81a565ccb61953d41fdb9a20eaf276a124f4f a8534066fc5e65c56eea3e1048dd71df34bfa6f6f0caf0d900f66332862dcfb1
CLIENT_HANDSHAKE_TRAFFIC_SECRET 07d01b23fda92384aa899bd203393105c5ebfbdf96e4d180844ef19b03aa444d 78bba793baafb047cccdb83acaa0113f1907c77990d5d6deb0258229bc63051e
SERVER_HANDSHAKE_TRAFFIC_SECRET 07d01b23fda92384aa899bd203393105c5ebfbdf96e4d180844ef19b03aa444d 6de31f70f614f2d3909186dc524cebbd1e6121277013edcc14c3ee81f29ba4d3
CLIENT_TRAFFIC_SECRET_0 07d01b23fda92384aa899bd203393105c5ebfbdf96e4d180844ef19b03aa444d ee50dfb018ca50ee4b33f3e54209ca6a7b89419569178a44196a9ba349822335
SERVER_TRAFFIC_SECRET_0 07d01b23fda92384aa899bd203393105c5ebfbdf96e4d180844ef19b03aa444d f144e328a5deb840618ecb697ca9b947f648067cc7ef842e94dc285552129279
CLIENT_HANDSHAKE_TRAFFIC_SECRET cc78e6fbe23a925c6af6a6e49ddabcdeb931b017d35c3337e45421c1b3ac650e 65f35e2946a357ef184e0af3d8cb028880508ec76bf5d5b0a6cf5fa6bace02bb
SERVER_HANDSHAKE_TRAFFIC_SECRET cc78e6fbe23a925c6af6a6e49ddabcdeb931b017d35c3337e45421c1b3ac650e 5fd977f136ece789264f24b2fa2f1502016c4ea3375a1bdd39fc8b206216a6b2
CLIENT_TRAFFIC_SECRET_0 cc78e6fbe23a925c6af6a6e49ddabcdeb931b017d35c3337e45421c1b3ac650e e7f4b043b4916e98c91647f203bd38b301d19b000094d375700c549d021ae6c1
SERVER_TRAFFIC_SECRET_0 cc78e6fbe23a925c6af6a6e49ddabcdeb931b017d35c3337e45421c1b3ac650e 05ed01f6c9172e67b51e0c85e91e45e9f826b3f2560f8c204dd24a07f41e7f6e
CLIENT_HANDSHAKE_TRAFFIC_SECRET d2357144d09cdb741854b8346279acb9579fadc5d2754dffd576d92145ccc37e abce9ffb1473ca11dc128dd2558229612d2ad04cb4b590bafd89fe2417403d3a
SERVER_HANDSHAKE_TRAFFIC_SECRET d2357144d09cdb741854b8346279acb9579fadc5d2754dffd576d92145ccc37e b7f56ebb143a885495d59b6da5b8ba9058fde9cd2e4276b93d5d89f0c546dd35
CLIENT_TRAFFIC_SECRET_0 d2357144d09cdb741854b8346279acb9579fadc5d2754dffd576d92145ccc37e ad5062d424b0b9e9b5524f8550a7aafce66e7a32bf72f789902149bf50c21832
SERVER_TRAFFIC_SECRET_0 d2357144d09cdb741854b8346279acb9579fadc5d2754dffd576d92145ccc37e 4badb50bbc9122afc8ecc3d288340cc63d0f29d079a5a861ed59221122376cb3
CLIENT_HANDSHAKE_TRAFFIC_SECRET d6234a8d1f310c63c7bcab95114049a0feea2a38f3775019fd406bc6e4bf8a90 1f1ae0563aeab19bbf5427773497fd1a375baf68bd4317be70ec7b6e90db385b
SERVER_HANDSHAKE_TRAFFIC_SECRET d6234a8d1f310c63c7bcab95114049a0feea2a38f3775019fd406bc6e4bf8a90 58a17bdc2c232b7fb35ea690f35997db5ce68af15f886121cf334c15d2468730
CLIENT_TRAFFIC_SECRET_0 d6234a8d1f310c63c7bcab95114049a0feea2a38f3775019fd406bc6e4bf8a90 d8d3369973f9f3b045e5f8ee3d97621789053bc3272e8bf43532ce1c44f8f01f
SERVER_TRAFFIC_SECRET_0 d6234a8d1f310c63c7bcab95114049a0feea2a38f3775019fd406bc6e4bf8a90 d07c943d31100fa409c5f843b9b5f0eeaa59c0a4c1b943eb3f019295763b8f9b
CLIENT_HANDSHAKE_TRAFFIC_SECRET 59e0d42846a88664cfc5bec8df55ec3e15c66b59fa4b7686e3d0959627c113d5 e9058b2ef8b27c5142e6ab601f781e55939a4dbbba6eb9ed11376da24fc1b8d7
SERVER_HANDSHAKE_TRAFFIC_SECRET 59e0d42846a88664cfc5bec8df55ec3e15c66b59fa4b7686e3d0959627c113d5 d63abed5ff85004d0792af4c0093b3663e4329fcff22818c239429a831b9337f
CLIENT_TRAFFIC_SECRET_0 59e0d42846a88664cfc5bec8df55ec3e15c66b59fa4b7686e3d0959627c113d5 383b88751af23fbb3cdd2d7653d622e8782c398c188a231816030ec274c5e9eb
SERVER_TRAFFIC_SECRET_0 59e0d42846a88664cfc5bec8df55ec3e15c66b59fa4b7686e3d0959627c113d5 514933bd1dcdc0dcd83043910622b862d98a757ac4d8b85d0b329a054590f11f
CLIENT_HANDSHAKE_TRAFFIC_SECRET 6ca63197ca26e54d795a557df1aa5940716dd39b31cf61b9a9dbf507f1e27f5a 3d87f1177c1baf36f7dce9347847a62d6b01b11e1deb4d1a6d950e621c15842b
SERVER_HANDSHAKE_TRAFFIC_SECRET 6ca63197ca26e54d795a557df1aa5940716dd39b31cf61b9a9dbf507f1e27f5a 2208f67130d4dc02af6f13baab7d5db9543e65577b6a085112a417a32b6c2865
CLIENT_TRAFFIC_SECRET_0 6ca63197ca26e54d795a557df1aa5940716dd39b31cf61b9a9dbf507f1e27f5a 01ca1a39e91adcf9c05bca27470cdaa15cd89b3a07c48ccd14b467cfed071eb7
SERVER_TRAFFIC_SECRET_0 6ca63197ca26e54d795a557df1aa5940716dd39b31cf61b9a9dbf507f1e27f5a 461b2a4dd560832d6609b505597e78d6efa4a67ac29e447a600817bbcc9e3f4f
CLIENT_HANDSHAKE_TRAFFIC_SECRET 501f4d6ac53b02180d958383d0807185b4796e044e58b1fe6861483e88bea4d3 ec74300775a6cd6e1defeca0a5822af0284b2653187fb907cf9f40c6b6bd24d9
SERVER_HANDSHAKE_TRAFFIC_SECRET 501f4d6ac53b02180d958383d0807185b4796e044e58b1fe6861483e88bea4d3 8410a84fca7b4f919066894350f02cfa09accde24e3ce3b81a116418e01a46ff
CLIENT_TRAFFIC_SECRET_0 501f4d6ac53b02180d958383d0807185b4796e044e58b1fe6861483e88bea4d3 6d3ed19570fe24cd78e12ef8331b3d4196a9c26f3d2aff07926b82e625a3eb31
SERVER_TRAFFIC_SECRET_0 501f4d6ac53b02180d958383d0807185b4796e044e58b1fe6861483e88bea4d3 3c6b9a7a9dcded45933271345584c8cba938ac6d31535a2251c7cd8ab0241473
CLIENT_HANDSHAKE_TRAFFIC_SECRET 55926810f6e9708f49ebb5d6ac0c912a0f3aad9fc3a587e8b83a2918ac006c43 576fded927d57af8f4a34a6594532894d19f81976dad8353052840ad15cf13b7
SERVER_HANDSHAKE_TRAFFIC_SECRET 55926810f6e9708f49ebb5d6ac0c912a0f3aad9fc3a587e8b83a2918ac006c43 fc8f139fd9eb65e9fc45b61bd293f34c2cdbffcb4834485a9bb64dd92cc89c57
CLIENT_TRAFFIC_SECRET_0 55926810f6e9708f49ebb5d6ac0c912a0f3aad9fc3a587e8b83a2918ac006c43 096451c410427085e6c1d24612dc6d5db11663598cac059ba864f685f7534afe
SERVER_TRAFFIC_SECRET_0 55926810f6e9708f49ebb5d6ac0c912a0f3aad9fc3a587e8b83a2918ac006c43 534f0cd5b7b303a95a23c8537939ac2152a38523056b4a5984986e8bdf0d87bb
CLIENT_HANDSHAKE_TRAFFIC_SECRET b4a5e80d94b33a0cb47f7b4f5d021f98a70946134607f14bc00f219c575fd4df 27b162318a8c69f2a197c96fe9108cd4a3101bb31cf66569e56fa3ffaa4d1c74
SERVER_HANDSHAKE_TRAFFIC_SECRET b4a5e80d94b33a0cb47f7b4f5d021f98a70946134607f14bc00f219c575fd4df d46e20fd51bfd7d20edf89e70feaec6393fcd741176ae809e618222989751774
CLIENT_TRAFFIC_SECRET_0 b4a5e80d94b33a0cb47f7b4f5d021f98a70946134607f14bc00f219c575fd4df 4fd015ff73e74eed50f37d9ba99879825dbefe1a9a48cf40c64545e19d201601
SERVER_TRAFFIC_SECRET_0 b4a5e80d94b33a0cb47f7b4f5d021f98a70946134607f14bc00f219c575fd4df 07e168739ade6d143a77a541dea76a4fd5f17449fb4377cdfe6d94ecad1b85c3
CLIENT_HANDSHAKE_TRAFFIC_SECRET 6414c0b4e1eb10ebdbb6666d43dece1e319e1c08292533d703bba39cc0a7901a ea90c213691ba6d55ffac3964cc59fa05b03c21afdc5b8a8323dcecc913fd627
SERVER_HANDSHAKE_TRAFFIC_SECRET 6414c0b4e1eb10ebdbb6666d43dece1e319e1c08292533d703bba39cc0a7901a 71e277c59790126cd5dd79cecc6c48f74d9f45ce7801618baddfc48b64cae9a9
CLIENT_TRAFFIC_SECRET_0 6414c0b4e1eb10ebdbb6666d43dece1e319e1c08292533d703bba39cc0a7901a 538c9dc6f27b4125276238b695e4eaa1e8a8daa558c1c537721ecb0fce140a30
SERVER_TRAFFIC_SECRET_0 6414c0b4e1eb10ebdbb6666d43dece1e319e1c08292533d703bba39cc0a7901a 796b2fb4b006da39d701ab6b8d43a7e369e086571710c4da9db8ff8755dac02b
CLIENT_HANDSHAKE_TRAFFIC_SECRET 2929dc7f23f4db3187b2dc198e01896d8670d90bf267873ba8a07a8276a7b181 daf48ce5d3a034503bcd777847580ad89377eac709b4ad4793e37b0afcc17b87
SERVER_HANDSHAKE_TRAFFIC_SECRET 2929dc7f23f4db3187b2dc198e01896d8670d90bf267873ba8a07a8276a7b181 5d065b3cbe3a308c842018f0666e285ac61f95389e81477b0fc7412effdf2615
CLIENT_TRAFFIC_SECRET_0 2929dc7f23f4db3187b2dc198e01896d8670d90bf267873ba8a07a8276a7b181 15bd3cd53b3a3ae6923a65114447c73ac99f32199e4effe6f0d24ebf99ae1149
SERVER_TRAFFIC_SECRET_0 2929dc7f23f4db3187b2dc198e01896d8670d90bf267873ba8a07a8276a7b181 9f6a618cf68d5df67151dbcf4ce30276e7353ae13d7f22577baef3d29bae4423
CLIENT_HANDSHAKE_TRAFFIC_SECRET b548aa448f8f2b837dbb8e9f7a8afe7d9c8354a35b72bc84d0385ab07388e31c c7360be96d31daae2c1d2eb5e710189e1e560ad817336270a8074fe2735b2c83
SERVER_HANDSHAKE_TRAFFIC_SECRET b548aa448f8f2b837dbb8e9f7a8afe7d9c8354a35b72bc84d0385ab07388e31c 9d97a84cf87f7a6b1d2fb21ea84a4da7f1bf9ecec5366c0810d79c193d397b3c
CLIENT_TRAFFIC_SECRET_0 b548aa448f8f2b837dbb8e9f7a8afe7d9c8354a35b72bc84d0385ab07388e31c a78f9f2af411f5fb546173027c3b02e7f6d4a2e21107d2bf4fe29663f21a5d1d
SERVER_TRAFFIC_SECRET_0 b548aa448f8f2b837dbb8e9f7a8afe7d9c8354a35b72bc84d0385ab07388e31c 6d640eb12c7aa86e971125e11a2ee4ba1eb52ac2c5789fd1fe1aebabdb80d144
CLIENT_HANDSHAKE_TRAFFIC_SECRET 18621fe9a1569fd4d9436811303057986a32fe65587a3daf5ed45839fd79926f 6f7bcd044790fc906a7238e69814487381b7af05a74eeae4b5eaceec2214ed4c
SERVER_HANDSHAKE_TRAFFIC_SECRET 18621fe9a1569fd4d9436811303057986a32fe65587a3daf5ed45839fd79926f 18c72064b4c528eba873b327760e1225f9f359b9cc350f2c3a496515b6b2d517
CLIENT_TRAFFIC_SECRET_0 18621fe9a1569fd4d9436811303057986a32fe65587a3daf5ed45839fd79926f 808de032a8804cb3a341fe69e70ca29bd37ab6b1a9924952b0c666c832b1a0b7
SERVER_TRAFFIC_SECRET_0 18621fe9a1569fd4d9436811303057986a32fe65587a3daf5ed45839fd79926f d835d4255f4d890de0c50b654e86e53e988a9cbfb41b5f41de2ffbc2b9ecc221
CLIENT_HANDSHAKE_TRAFFIC_SECRET 349bb8cdca9bdf239f54476b42b3de23594da34cbf18df2a1b741cebe82fb257 d19b81735291dea64cf9e413df196415754c8be352746f7bcec83ccf67025667
SERVER_HANDSHAKE_TRAFFIC_SECRET 349bb8cdca9bdf239f54476b42b3de23594da34cbf18df2a1b741cebe82fb257 12fa32d9e90925da814e7ae1d407e56e2837a75f1e84d7919f96232356812c47
CLIENT_TRAFFIC_SECRET_0 349bb8cdca9bdf239f54476b42b3de23594da34cbf18df2a1b741cebe82fb257 ead4622b1bf44d413d997773defa509990698f82008a630473b4261f25b96670
SERVER_TRAFFIC_SECRET_0 349bb8cdca9bdf239f54476b42b3de23594da34cbf18df2a1b741cebe82fb257 c25a742d97462cf46f14ceb798f177b81bd9e5c99f9398fe12b84b6dad4063c6
CLIENT_HANDSHAKE_TRAFFIC_SECRET b4ced83d3e27f2d9034a83b18718ea508a8aadc0a0d208d05ade94d2ed12d22c ac431c1980bc31a65cbee9011f7ae34e021da693943dc8628e66b2bdc9467453
SERVER_HANDSHAKE_TRAFFIC_SECRET b4ced83d3e27f2d9034a83b18718ea508a8aadc0a0d208d05ade94d2ed12d22c f52aab570ff80f20cb93daae36f50b2b271ed5feb71fb0436796580a402abe9a
CLIENT_TRAFFIC_SECRET_0 b4ced83d3e27f2d9034a83b18718ea508a8aadc0a0d208d05ade94d2ed12d22c eb5948af7e515db94fc99e34e618da9b706989ded0ecf61a2a823124804cd3fc
SERVER_TRAFFIC_SECRET_0 b4ced83d3e27f2d9034a83b18718ea508a8aadc0a0d208d05ade94d2ed12d22c 474cb2d22989a7ec26cd118e238661abfcb9773c24fcf577ff800c576682e1cc
CLIENT_HANDSHAKE_TRAFFIC_SECRET 2f278d4fca247eccde1289d68707335bc037904f8ec034501e73f99e58b52caf 12ca5eead3fab682704453020d541e40241701cbb02a1741842e606aedeffd8d
SERVER_HANDSHAKE_TRAFFIC_SECRET 2f278d4fca247eccde1289d68707335bc037904f8ec034501e73f99e58b52caf a55f676150dccaa72fc127e9874b6202d341b6103046065633519db824c3c12b
CLIENT_TRAFFIC_SECRET_0 2f278d4fca247eccde1289d68707335bc037904f8ec034501e73f99e58b52caf a7ed5c08d8926225a77fb2d987235063357238b89b981206c6e207d3d1e86907
SERVER_TRAFFIC_SECRET_0 2f278d4fca247eccde1289d68707335bc037904f8ec034501e73f99e58b52caf f65056c75f282946c356cbe2233eacb1ff4e9292fb2f7d78fe871b83e9b4f0cf
CLIENT_HANDSHAKE_TRAFFIC_SECRET 3adfbe1b7dc731180c74e267292ad09a3dc68346b3ef4b84dcb713e250349374 0d52ca29cb6f6463fea9d6bb533357a9a3372b78d64812076471f4b5516b12fc
SERVER_HANDSHAKE_TRAFFIC_SECRET 3adfbe1b7dc731180c74e267292ad09a3dc68346b3ef4b84dcb713e250349374 3453fed1099fa612b424cc67bfdf9863e80fa5c197f14b9b5cec75e3cdf11372
CLIENT_TRAFFIC_SECRET_0 3adfbe1b7dc731180c74e267292ad09a3dc68346b3ef4b84dcb713e250349374 cddeae7cc642187a737853dab127114799f3a022aa793442b8073c34553b3ab6
SERVER_TRAFFIC_SECRET_0 3adfbe1b7dc731180c74e267292ad09a3dc68346b3ef4b84dcb713e250349374 63e8251d20061841f8d4feb41f0401fcc87a097fdc96a618a6088131c717ac40
CLIENT_HANDSHAKE_TRAFFIC_SECRET 9cb40f9dd4830e6a9366682a34f25495430e5ab02c03277204dc750eb27068f4 89cfb1d979f25d4b184cea53a15de40e6dfb8a23e256c90a10f237ec774abe7c
SERVER_HANDSHAKE_TRAFFIC_SECRET 9cb40f9dd4830e6a9366682a34f25495430e5ab02c03277204dc750eb27068f4 ad9fe6d119f33bb676a7080fd1272ac80badaa4b890cc40f3f37f488f2b15dda
CLIENT_TRAFFIC_SECRET_0 9cb40f9dd4830e6a9366682a34f25495430e5ab02c03277204dc750eb27068f4 eea15f9e74f776a45ffcc2e2cacbc212179d97b62c1eb5323331db0291b88d31
SERVER_TRAFFIC_SECRET_0 9cb40f9dd4830e6a9366682a34f25495430e5ab02c03277204dc750eb27068f4 20a80c72fb4c9beeaacc81a4a3be0184261f6debffda73c61a50adfecaf2ba9c
CLIENT_HANDSHAKE_TRAFFIC_SECRET 4dff431cf4c5bb477e087bed16e22b9d2e11d960ee50f4d85017f943caa707b2 517f6d689036bde204d8d4a8716fa7d7fdefe0c6c3d170b3ed0589a43911926d
SERVER_HANDSHAKE_TRAFFIC_SECRET 4dff431cf4c5bb477e087bed16e22b9d2e11d960ee50f4d85017f943caa707b2 1bc895d6a2501ad2401463a63227c31f7d5c2edfa51cd210a65319ca35836deb
CLIENT_TRAFFIC_SECRET_0 4dff431cf4c5bb477e087bed16e22b9d2e11d960ee50f4d85017f943caa707b2 ac336b8f5edbdeb8dab3e0022dfacd1a6a2dab22131797d367e5a7ebf05d1343
SERVER_TRAFFIC_SECRET_0 4dff431cf4c5bb477e087bed16e22b9d2e11d960ee50f4d85017f943caa707b2 bfa8c3367b3d8d85392c3a00083bb9533adcf94321f531377adfd9fe49421f5d
CLIENT_HANDSHAKE_TRAFFIC_SECRET 59d520b5c8f892e13cf54bcce1cff58b9100118ec435360d0447afc374b40f04 a8fd7971c2b7f030df4cdcdf0fac3cb1877756a717e205154474406184d826a8
SERVER_HANDSHAKE_TRAFFIC_SECRET 59d520b5c8f892e13cf54bcce1cff58b9100118ec435360d0447afc374b40f04 9ed5d57228deb18c048488968997a07542be398248360d964e0eced58beaa350
CLIENT_TRAFFIC_SECRET_0 59d520b5c8f892e13cf54bcce1cff58b9100118ec435360d0447afc374b40f04 6086ee1fa23d0a772d053132e218f0a3b241ddd0c265607b3bfb74af65cad945
SERVER_TRAFFIC_SECRET_0 59d520b5c8f892e13cf54bcce1cff58b9100118ec435360d0447afc374b40f04 aa913248b4b95f4a9c16bf29410895335de99306c3d9535da096b4f0a44bc23e
CLIENT_HANDSHAKE_TRAFFIC_SECRET 709736556fe3f5444059f6751cbab202bea79a90a34476d8c19aa06789b0e3bf 48d2f11bcf1ce5073be117e31b8f9be641d705d584e1027096881d98933fafb8
SERVER_HANDSHAKE_TRAFFIC_SECRET 709736556fe3f5444059f6751cbab202bea79a90a34476d8c19aa06789b0e3bf ccc3978da9d4ccd1f9f9fe6695847743746ffe9979a604d9cb6b7d4c57a9cd29
CLIENT_TRAFFIC_SECRET_0 709736556fe3f5444059f6751cbab202bea79a90a34476d8c19aa06789b0e3bf c5a19eb46ecd7b338ed3c100e43bc3c100d12b3b975ce837bf12c0479fab4d98
SERVER_TRAFFIC_SECRET_0 709736556fe3f5444059f6751cbab202bea79a90a34476d8c19aa06789b0e3bf e51e45143552290e5bc6876342348e9622e1f00f2dfb352c565781f0a6f9c785
CLIENT_HANDSHAKE_TRAFFIC_SECRET f251a5b04409a36a94c4db40a0fa35e27b428a1f8719d4a6dd985a8dd21fe730 1ea2ec3090d53521f04b057fd3349a3fcdc50f905f991a09ee51e49336be1faf
SERVER_HANDSHAKE_TRAFFIC_SECRET f251a5b04409a36a94c4db40a0fa35e27b428a1f8719d4a6dd985a8dd21fe730 3a57f8a4f9ca9b5d6000fddc393206de4fadba4a39c33df796809013426420a0
CLIENT_TRAFFIC_SECRET_0 f251a5b04409a36a94c4db40a0fa35e27b428a1f8719d4a6dd985a8dd21fe730 92ef65816b9d317f6f756c9eeff16c1323cfdab647cb6ba0e635c5c05b8b337d
SERVER_TRAFFIC_SECRET_0 f251a5b04409a36a94c4db40a0fa35e27b428a1f8719d4a6dd985a8dd21fe730 5715c058c668fc274630648bfc33d53958fe4dd44dc5e187d340aec4d53c4a61
CLIENT_HANDSHAKE_TRAFFIC_SECRET d93cbb1e4d7eaa6bd7ad363a9eb7cdd2f41bb97224f4aba968ebbb58013d0186 7a5b1d2ec829566e0f2806b70c7d8e29494f34f765d9679c814cfec996fc3151
SERVER_HANDSHAKE_TRAFFIC_SECRET d93cbb1e4d7eaa6bd7ad363a9eb7cdd2f41bb97224f4aba968ebbb58013d0186 aa3ea29a406dbbc399680b8fc9b6e5e6688d1b75a6e0912b1be832480ff1e889
CLIENT_TRAFFIC_SECRET_0 d93cbb1e4d7eaa6bd7ad363a9eb7cdd2f41bb97224f4aba968ebbb58013d0186 582f2c7c3dfd6f28ce6c1c27d759d4db08db9bb5f9583081555b231a6b7f93ab
SERVER_TRAFFIC_SECRET_0 d93cbb1e4d7eaa6bd7ad363a9eb7cdd2f41bb97224f4aba968ebbb58013d0186 8fec8b3c26199dab0db0ee79c5018f656668e4e75f0f437135695b95048a74d4
CLIENT_HANDSHAKE_TRAFFIC_SECRET b523c7670f6b46e7bc343ffe8fd02625e8b8dd7a3b11b2f2e4778f947a3f4ec7 13124fe6c741dd1248cb2b86d54417292d764f967471c9dd0bd634c8b0285a9e
SERVER_HANDSHAKE_TRAFFIC_SECRET b523c7670f6b46e7bc343ffe8fd02625e8b8dd7a3b11b2f2e4778f947a3f4ec7 d87389c091a93a95b5b85157d3eb0519d5f885a8fb98199a979d74eb504cb078
CLIENT_TRAFFIC_SECRET_0 b523c7670f6b46e7bc343ffe8fd02625e8b8dd7a3b11b2f2e4778f947a3f4ec7 2f9fe25bb7e8c8ff37587aa8ed1428a290e18ab498fcc0260a8ef72635d9f677
SERVER_TRAFFIC_SECRET_0 b523c7670f6b46e7bc343ffe8fd02625e8b8dd7a3b11b2f2e4778f947a3f4ec7 a1298c8cf883ccfcfaae3e9608f425a160528502cdf295a4ad79ad6d5a5877ed
CLIENT_HANDSHAKE_TRAFFIC_SECRET 9d75a4616191eab6ea8123ecc441a405954183bc5ceee9bf7f2d6ad3d74c4770 cf41ea87e409e9a04f239d9ddd1e84581b0752d1a15a7b0fcda3b1982de7ff7e
SERVER_HANDSHAKE_TRAFFIC_SECRET 9d75a4616191eab6ea8123ecc441a405954183bc5ceee9bf7f2d6ad3d74c4770 d22761b959a8dba45d910c7a949d9aa8108e9a618f2b2cdddf0259beaebe9066
CLIENT_TRAFFIC_SECRET_0 9d75a4616191eab6ea8123ecc441a405954183bc5ceee9bf7f2d6ad3d74c4770 cac863dab0dbdd02588e799c2b13a031a5a1cbbae664ed9cb8d442d1d32bcd58
SERVER_TRAFFIC_SECRET_0 9d75a4616191eab6ea8123ecc441a405954183bc5ceee9bf7f2d6ad3d74c4770 db123921c3ea74b189e49554bb36e311a66f9e49e822350992755652153d53d1
CLIENT_HANDSHAKE_TRAFFIC_SECRET d98bfc801f66817c72ad2712f828f2d29e09942f2234c7757522bfd7b3459a07 fe9b2bd367b4d1b81963d0c15f756dbba6cc4cf579742325c7841b13a792cda8
SERVER_HANDSHAKE_TRAFFIC_SECRET d98bfc801f66817c72ad2712f828f2d29e09942f2234c7757522bfd7b3459a07 1bd437b5b5a474160750f7bf19c5a3e5b2665a60f2c06724f5085f46863adab3
CLIENT_TRAFFIC_SECRET_0 d98bfc801f66817c72ad2712f828f2d29e09942f2234c7757522bfd7b3459a07 d9244f0390a5c6b6ebc2bc0b6a9df1e985000737493841ba5d5bbaeba8b0df99
SERVER_TRAFFIC_SECRET_0 d98bfc801f66817c72ad2712f828f2d29e09942f2234c7757522bfd7b3459a07 fa38ac7d1245a25de5cfb06bf8fc5b8267be50ab3ec41f95741bb38303e7b1bc
CLIENT_HANDSHAKE_TRAFFIC_SECRET e3bfa3b6e0c695dd0ea0f34a8ef75fb9f60e54c535c242d2abdfd066b78b895c 89131edd41a42dca99759861e59c4d427d0a2dcd5ecf69f90e66137d8950a90b
SERVER_HANDSHAKE_TRAFFIC_SECRET e3bfa3b6e0c695dd0ea0f34a8ef75fb9f60e54c535c242d2abdfd066b78b895c 802593a3c24537392afa3dac3234fa2d8af97fbfa7ef505c7f8f20f6d68e609a
CLIENT_TRAFFIC_SECRET_0 e3bfa3b6e0c695dd0ea0f34a8ef75fb9f60e54c535c242d2abdfd066b78b895c bb4df94878110b18f850c99d082e224fceec1af2069292c03699f5c208fe2389
SERVER_TRAFFIC_SECRET_0 e3bfa3b6e0c695dd0ea0f34a8ef75fb9f60e54c535c242d2abdfd066b78b895c 59d0a91cac9e297de0a225073290ff109b5ddfdec7987f6ab5e07c3efe5a3327
CLIENT_HANDSHAKE_TRAFFIC_SECRET 8ab1570242d22aa23f8fe04809a88802333eb2213599c8980bcb33e77a7ccd78 b5b61e85e4d2e1c1a3af717a8257652af287f9594137ad733710ba065a338e5c
SERVER_HANDSHAKE_TRAFFIC_SECRET 8ab1570242d22aa23f8fe04809a88802333eb2213599c8980bcb33e77a7ccd78 7511f3ab42834f10a94f10bf60067ed2ccff6ca20556ac4aaae06f331c0e60a8
CLIENT_TRAFFIC_SECRET_0 8ab1570242d22aa23f8fe04809a88802333eb2213599c8980bcb33e77a7ccd78 bebf3704fabb0577adcbe866337628183d1df0ede04367ac62685028a3bd5597
SERVER_TRAFFIC_SECRET_0 8ab1570242d22aa23f8fe04809a88802333eb2213599c8980bcb33e77a7ccd78 f09c04b2eb7b701cb19ed6750cb7c49a7d2b4c126a1bdf17049287542658120e
CLIENT_HANDSHAKE_TRAFFIC_SECRET 2dfa94f12dc4f5a790c54a16ae0ac01d412b6d79fb6a29a2b798a76be2f1f04b a05d7a8d9a688627241d84ac8cc518d821bec2456de2fb4661a5ab7ac1b4edb3
SERVER_HANDSHAKE_TRAFFIC_SECRET 2dfa94f12dc4f5a790c54a16ae0ac01d412b6d79fb6a29a2b798a76be2f1f04b 20869c64306b8c71a0d2c83b05aa669e34f7df306cea4b19a562898f810f5c2f
CLIENT_TRAFFIC_SECRET_0 2dfa94f12dc4f5a790c54a16ae0ac01d412b6d79fb6a29a2b798a76be2f1f04b e2a84c0f8d296fc7063060d51622d9eca3453efbcd9dd695cf650a648f707889
SERVER_TRAFFIC_SECRET_0 2dfa94f12dc4f5a790c54a16ae0ac01d412b6d79fb6a29a2b798a76be2f1f04b 634237c493a80535d4a853350f165931fdbfed8ee79c208ea336ecfa2b524b7a
CLIENT_HANDSHAKE_TRAFFIC_SECRET 6a0d23663a8a4861f3a8f1b3aaf88c7d6a6bb4b8ee1bbc349f3c935f54d5126f 367ffb596963d035243698b9757bc99c70714e7f6ba09daa2742fa6c7f86f7bb
SERVER_HANDSHAKE_TRAFFIC_SECRET 6a0d23663a8a4861f3a8f1b3aaf88c7d6a6bb4b8ee1bbc349f3c935f54d5126f 4089af99384fff6059190bf301db1bac0d6d7825e459c24e9596efa4d362d504
CLIENT_TRAFFIC_SECRET_0 6a0d23663a8a4861f3a8f1b3aaf88c7d6a6bb4b8ee1bbc349f3c935f54d5126f ba6aa0be75d1fdc576805ccd88637011bbd605d2c394a1de28b8af9c286054fe
SERVER_TRAFFIC_SECRET_0 6a0d23663a8a4861f3a8f1b3aaf88c7d6a6bb4b8ee1bbc349f3c935f54d5126f a745af7e5cd5d0927b17e3e8133ccb3fa47c53a78b095ec18513e38c95e4c968
CLIENT_HANDSHAKE_TRAFFIC_SECRET aceedcc04af746fe25c734c49fa5916871f6d0ec6c559bd97e9bdf0fdba95d71 862b051739b9c73025e87d86c60576679e97b1df0418b996d468cfff8d689378
SERVER_HANDSHAKE_TRAFFIC_SECRET aceedcc04af746fe25c734c49fa5916871f6d0ec6c559bd97e9bdf0fdba95d71 f3feab6c6753de6bb08969439eb85ea9a28a01d9cbbe29bfecaf3a20e5057965
CLIENT_TRAFFIC_SECRET_0 aceedcc04af746fe25c734c49fa5916871f6d0ec6c559bd97e9bdf0fdba95d71 b2d4bfc2a910ec293f9634deedfca8b4c208408143bfef1a6d0233ea5ceb05ac
SERVER_TRAFFIC_SECRET_0 aceedcc04af746fe25c734c49fa5916871f6d0ec6c559bd97e9bdf0fdba95d71 a4fe65b76f3d57330922071d1c8dedeead0de0a06527af36dd5e591abef8b240
CLIENT_HANDSHAKE_TRAFFIC_SECRET f8c8b569ddf48a6432d2e71e2677ee1c628fa0b89d67ae783d0d1989b271e7b8 4b1bafda96bdf7c146621a7e84a9cb7dfbb9252690c191bc6e6ab6f03089fb6b
SERVER_HANDSHAKE_TRAFFIC_SECRET f8c8b569ddf48a6432d2e71e2677ee1c628fa0b89d67ae783d0d1989b271e7b8 7321f6e8fc3684198c6dbcf192cf063e629faa0f34491aae75b23c5367718846
CLIENT_TRAFFIC_SECRET_0 f8c8b569ddf48a6432d2e71e2677ee1c628fa0b89d67ae783d0d1989b271e7b8 d9f0e815d4f90004989d9e45db1ab0438f398324e030353d42c722722075e019
SERVER_TRAFFIC_SECRET_0 f8c8b569ddf48a6432d2e71e2677ee1c628fa0b89d67ae783d0d1989b271e7b8 1fb93fe153dbccb7f1a94dfc88e2b29dd539f07d58359fc5dad0bd5a29578211
CLIENT_HANDSHAKE_TRAFFIC_SECRET 6f6f1335bf7a45ee96663601a009d64e7cf46fe907c15443c58a235b8d26a578 e09657d4700118fff94cb727ee301fad09a8c8f0d8fdb866c95f7325198fdd72
SERVER_HANDSHAKE_TRAFFIC_SECRET 6f6f1335bf7a45ee96663601a009d64e7cf46fe907c15443c58a235b8d26a578 c13dc6194b2ed2b3357cde33627d03de74b5495992a353331b3e3bc55127782f
CLIENT_TRAFFIC_SECRET_0 6f6f1335bf7a45ee96663601a009d64e7cf46fe907c15443c58a235b8d26a578 ea42a64e40d96e17a828e06fc4b3fee8b3505ff39f39bb267d53ea2789e7867f
SERVER_TRAFFIC_SECRET_0 6f6f1335bf7a45ee96663601a009d64e7cf46fe907c15443c58a235b8d26a578 957da6e6a5e14c0707483f51f37ce43c0a2f28b484b89d944d7810fcb0a14903
CLIENT_HANDSHAKE_TRAFFIC_SECRET d6ef6763006e70dd6f54d494c2646dc28ed0d760c5746fb38f6a3e85571d2100 be3fe547df9b9d4e5adeb0b3fc1537af4305b1f027a7e24f4066a707b1f4d04a
SERVER_HANDSHAKE_TRAFFIC_SECRET d6ef6763006e70dd6f54d494c2646dc28ed0d760c5746fb38f6a3e85571d2100 d83a04d55452245aac43ac27bfb10306bea65e0d375c332793597595f19e6a5b
CLIENT_TRAFFIC_SECRET_0 d6ef6763006e70dd6f54d494c2646dc28ed0d760c5746fb38f6a3e85571d2100 956a9583ea65608365f0e032958d3aab5edf5aff73488aaf7de6341ac2aa9ae1
SERVER_TRAFFIC_SECRET_0 d6ef6763006e70dd6f54d494c2646dc28ed0d760c5746fb38f6a3e85571d2100 b7a17d0d563ad1d3e046e50ef34ea09e4d237c09dd30c248707313de2c234043
CLIENT_HANDSHAKE_TRAFFIC_SECRET a533d13cff8a8b3b54c790ca4bb5784b39f21002407e8d1a1d7fd7ebe5e17499 f396017373a5f75909384c5105718f7196ac9f998a0704db92987f9eba5ce71c
SERVER_HANDSHAKE_TRAFFIC_SECRET a533d13cff8a8b3b54c790ca4bb5784b39f21002407e8d1a1d7fd7ebe5e17499 eca5a7467ff8730cbf21fd3a59a8c2cd9d3c630673b1581e050e59ca0ebbcfe7
CLIENT_TRAFFIC_SECRET_0 a533d13cff8a8b3b54c790ca4bb5784b39f21002407e8d1a1d7fd7ebe5e17499 774374aa2857f040adece985f8b9f7cfd9a1bcf6f1922447856cccd929413cdf
SERVER_TRAFFIC_SECRET_0 a533d13cff8a8b3b54c790ca4bb5784b39f21002407e8d1a1d7fd7ebe5e17499 091350ec61dfda6a82759e4e5686c345c6a078c75be1a2708285845025523926
CLIENT_HANDSHAKE_TRAFFIC_SECRET 108bb5de056799646dd8a92d83b276b530e2d480682f868e16b9bd59616ecff7 3888a48128e842d21d2493bb9ab5bad47711988d4cc8b16d9fe2cc95cc272410
SERVER_HANDSHAKE_TRAFFIC_SECRET 108bb5de056799646dd8a92d83b276b530e2d480682f868e16b9bd59616ecff7 be78a278d4f8750d1b48c9a707c07722e6db74b7d5205c01d83a514356db165a
CLIENT_TRAFFIC_SECRET_0 108bb5de056799646dd8a92d83b276b530e2d480682f868e16b9bd59616ecff7 ae50e4cf2202d7dab1f46a7710be789e3c1bdb96f6dca69e1193d25b080cd9d4
SERVER_TRAFFIC_SECRET_0 108bb5de056799646dd8a92d83b276b530e2d480682f868e16b9bd59616ecff7 bc42fb464d719e7de51f4994948bf9dc6d0dbe634e5a1e9cf5878878746060b4
CLIENT_HANDSHAKE_TRAFFIC_SECRET 17e88dcbddd23724725cd542b231033dbc100b3d1fc4d6287ea6aa10480088a7 f72de352a5c75069b818751942c7819e7af44709e39c1d9204a678dd4ac452c4
SERVER_HANDSHAKE_TRAFFIC_SECRET 17e88dcbddd23724725cd542b231033dbc100b3d1fc4d6287ea6aa10480088a7 0873bcfe1c9ec8063d5f01b0aca2189e1835c11b302ad30de2c3325b83f89039
CLIENT_TRAFFIC_SECRET_0 17e88dcbddd23724725cd542b231033dbc100b3d1fc4d6287ea6aa10480088a7 fc39f39f66d3fe67b542fd6e5516c904b80a15ba2c204ce2a450a3e90662f428
SERVER_TRAFFIC_SECRET_0 17e88dcbddd23724725cd542b231033dbc100b3d1fc4d6287ea6aa10480088a7 9a6f43b1a377bdc8c2e0804b944b5a4f407b31208d3e1ac08a5fe1fdfda6dd2f
CLIENT_HANDSHAKE_TRAFFIC_SECRET 3a8452a516ee89bf9afe28c38edc0d801a95b53d9e046312e4741df2b81f5c11 5a0b3cb15ae2883f0ace2bbaa42a3e33200b44a90986324675e152c399d212ba
SERVER_HANDSHAKE_TRAFFIC_SECRET 3a8452a516ee89bf9afe28c38edc0d801a95b53d9e046312e4741df2b81f5c11 8c7bec7b5b9e8f962151dab5d436600781111d29c4e3fda249c5ea2f12ac4dbb
CLIENT_TRAFFIC_SECRET_0 3a8452a516ee89bf9afe28c38edc0d801a95b53d9e046312e4741df2b81f5c11 58f845e988d2f58fa65fdd9d267cd52dc737c40f1a1b96c9e84a1ef133b037e5
SERVER_TRAFFIC_SECRET_0 3a8452a516ee89bf9afe28c38edc0d801a95b53d9e046312e4741df2b81f5c11 2429902828c0047a5d2abbe604a96ec4da0033736138c66702ba9eda4024b9c4
CLIENT_HANDSHAKE_TRAFFIC_SECRET 9fdaa58df11bbbab45785bb3c746432db5167dc601a970a87b823db03d2bdfeb 27a070f96fc03aeb2cccd6d2a6ad7a188ef0c95e4d825f450eadd4b7be2e0c6c
SERVER_HANDSHAKE_TRAFFIC_SECRET 9fdaa58df11bbbab45785bb3c746432db5167dc601a970a87b823db03d2bdfeb 57e82b6a18d726908888a585c4766693f76ecfde6cedc99831967e0d52cce326
CLIENT_TRAFFIC_SECRET_0 9fdaa58df11bbbab45785bb3c746432db5167dc601a970a87b823db03d2bdfeb ec5d22ebbf90ec3b239ada09e565a450fa0f24c183d6da2add8191384114e2ab
SERVER_TRAFFIC_SECRET_0 9fdaa58df11bbbab45785bb3c746432db5167dc601a970a87b823db03d2bdfeb ec66b063fed52af1f5308daa1e89bbb195dc7b7d3301022763c7792916a9bbd8
CLIENT_HANDSHAKE_TRAFFIC_SECRET 5bb8f84822ab6b5e0ad17fc49a25184d3ea76f016c41992d0eba8383cf213cf0 ac6c7aa1f668215f3259487c3e677406444593ffd07b5bcecb59fd6ed71568dc
SERVER_HANDSHAKE_TRAFFIC_SECRET 5bb8f84822ab6b5e0ad17fc49a25184d3ea76f016c41992d0eba8383cf213cf0 e8c13eeaf80ce6f0a3a983a986ec76894d92fa0106d0d0e1741a73cf0ef27c52
CLIENT_TRAFFIC_SECRET_0 5bb8f84822ab6b5e0ad17fc49a25184d3ea76f016c41992d0eba8383cf213cf0 b99fe303f1578b429fede637f90e31503f48b8479f309c99cdddb22acad0edaf
SERVER_TRAFFIC_SECRET_0 5bb8f84822ab6b5e0ad17fc49a25184d3ea76f016c41992d0eba8383cf213cf0 33688fde67a1b03949637b59cdaea03b90e4a6be6383b77436f8d9b5373c8d5d
CLIENT_HANDSHAKE_TRAFFIC_SECRET d6eaf568bfa417e0c14dee564d7f507cc4e799a5dd08a34bf32f416065fbd8d3 f9fb1d5d3fa0bf27bcc16745c3099b2dbf7310be0a53bfb25cc7faaad7b281fc
SERVER_HANDSHAKE_TRAFFIC_SECRET d6eaf568bfa417e0c14dee564d7f507cc4e799a5dd08a34bf32f416065fbd8d3 700a15c20ea1fb68fb131b86bd0012e2c2c529bf6bdcbf3ccbd2292c818fe105
CLIENT_TRAFFIC_SECRET_0 d6eaf568bfa417e0c14dee564d7f507cc4e799a5dd08a34bf32f416065fbd8d3 830e070efefb2de60e91d6b8fdeafbfbf30c9d70f93361c10abf1d143e83e6be
SERVER_TRAFFIC_SECRET_0 d6eaf568bfa417e0c14dee564d7f507cc4e799a5dd08a34bf32f416065fbd8d3 ebcb81bacf887102ddb88eaad5e86a5b1e85fcfba838e0ab2ed8ab146e0d70b6
CLIENT_HANDSHAKE_TRAFFIC_SECRET 12e69f04ee05a091f9a4153a1c5f9b27fc03d1e84c2820190221eb9ffe6ef4e3 e52072673f8cffb0cc7d8a6426c0e8f7d8b9acaac44c184eec28c5659c0c2fba
SERVER_HANDSHAKE_TRAFFIC_SECRET 12e69f04ee05a091f9a4153a1c5f9b27fc03d1e84c2820190221eb9ffe6ef4e3 f33b1e79547a29b3595c6ee681924776d57967c994dc84e0bdf5c921b64f58ab
CLIENT_TRAFFIC_SECRET_0 12e69f04ee05a091f9a4153a1c5f9b27fc03d1e84c2820190221eb9ffe6ef4e3 1db02492dfc9660471674cb1e8a93a0285746b420ccd41fbf0ba7b7c904cd60a
SERVER_TRAFFIC_SECRET_0 12e69f04ee05a091f9a4153a1c5f9b27fc03d1e84c2820190221eb9ffe6ef4e3 7c295e8d6d10a657a6d89c688690b5cc7808f180d33e65d8915c8557ebb2c7ba
CLIENT_HANDSHAKE_TRAFFIC_SECRET 5a074da680d47855ec3cfb5d06a7f822f6a9d825320cafc897a519b9aa6a162c 62a46a187ed7ea4680071daf0af9c10b67079fff2e21dd42beae133f682f8c94
SERVER_HANDSHAKE_TRAFFIC_SECRET 5a074da680d47855ec3cfb5d06a7f822f6a9d825320cafc897a519b9aa6a162c f42e11db62a8a13dbaec6bae1a7d7ffae35d5016bcaf4cfd5d86051ff4ea243f
CLIENT_TRAFFIC_SECRET_0 5a074da680d47855ec3cfb5d06a7f822f6a9d825320cafc897a519b9aa6a162c 67b6c22e9a258a05f48ad9e98df142dd848329d772e22c1edfe19bc8fe1e6e68
SERVER_TRAFFIC_SECRET_0 5a074da680d47855ec3cfb5d06a7f822f6a9d825320cafc897a519b9aa6a162c be881add680aca85dfc65b4983b9c6f400a1da7ce25c2bcecf299fc4fa0811b9
CLIENT_HANDSHAKE_TRAFFIC_SECRET 423cf93751c7f2d157419fc5b7d2eb860d620e5a5ab3b2a63a1a37d4b5877ffc ca1abdce404e045740a455f84582320ffdc47d88ca63d1247b753292ab339eae
SERVER_HANDSHAKE_TRAFFIC_SECRET 423cf93751c7f2d157419fc5b7d2eb860d620e5a5ab3b2a63a1a37d4b5877ffc da75eab21eb0ad2940d5709ee85f35186fd12b42ac8478c7278cad0f2dec659e
CLIENT_TRAFFIC_SECRET_0 423cf93751c7f2d157419fc5b7d2eb860d620e5a5ab3b2a63a1a37d4b5877ffc 7111b0f693c11cc987a3446ce6390d21e29c948ddea7e5e717e7559b0967eb11
SERVER_TRAFFIC_SECRET_0 423cf93751c7f2d157419fc5b7d2eb860d620e5a5ab3b2a63a1a37d4b5877ffc 2dc53803d894e102a5ca2061f57523c70ae3c34b65625d44ff776b37be0667da
CLIENT_HANDSHAKE_TRAFFIC_SECRET 436bbb3106f16b5a1a514d97a76ddda08407689be864ea4df58eea1af41feabd 2c85fa1794270dc937af86aa0377313840bb9e594753aa759f6f61833979b8a8
SERVER_HANDSHAKE_TRAFFIC_SECRET 436bbb3106f16b5a1a514d97a76ddda08407689be864ea4df58eea1af41feabd 4f8fa2487c2243d940a700af0bfb25f2c6026e6e768557dcce10fe8645b9abc7
CLIENT_TRAFFIC_SECRET_0 436bbb3106f16b5a1a514d97a76ddda08407689be864ea4df58eea1af41feabd e74a2e748a43bd7050c0a44c297eb506be24d0fdc419aa902083c4b9d0702289
SERVER_TRAFFIC_SECRET_0 436bbb3106f16b5a1a514d97a76ddda08407689be864ea4df58eea1af41feabd 9c0306f718c678e79e8e5fec534bfc0152e54ca6e198e4117d7ac5e9d752c3e4
CLIENT_HANDSHAKE_TRAFFIC_SECRET d96fe3c9040fb480d3b517cd8b542b7af53790543b6d6391249740d315915011 a5b067f797b865321c8cc2c7345a314849b09cef46fc450cfeff123e3e5561a2
SERVER_HANDSHAKE_TRAFFIC_SECRET d96fe3c9040fb480d3b517cd8b542b7af53790543b6d6391249740d315915011 268402b802b1a472708ea1c7899d2aabd74deaffb950687320baadbc217946e3
CLIENT_TRAFFIC_SECRET_0 d96fe3c9040fb480d3b517cd8b542b7af53790543b6d6391249740d315915011 978c287f552f8d68accc81980e6e470161bba08b0297954230c0b8ece3a83b5b
SERVER_TRAFFIC_SECRET_0 d96fe3c9040fb480d3b517cd8b542b7af53790543b6d6391249740d315915011 edc6f8cf8dc3cb5d1fd1ee6aa754582c8ad319279738ec030500628277d951fb
CLIENT_HANDSHAKE_TRAFFIC_SECRET 12276b3b0b44d37401dffb38c1bcd681c4481d29c2c8b7d9423acbcf76cc559f acf4d5b64ae000f4a619a060b9c78539c0559e362b950980b64545aa3d610c3f
SERVER_HANDSHAKE_TRAFFIC_SECRET 12276b3b0b44d37401dffb38c1bcd681c4481d29c2c8b7d9423acbcf76cc559f 07f946e6a94d5246895791b86fdf676665d0471f66b060994cd80decd96949b6
CLIENT_TRAFFIC_SECRET_0 12276b3b0b44d37401dffb38c1bcd681c4481d29c2c8b7d9423acbcf76cc559f 7d5e083fb25bca46b7212f9d417966e17f6b6822eec0f7e17b76213c6b219cce
SERVER_TRAFFIC_SECRET_0 12276b3b0b44d37401dffb38c1bcd681c4481d29c2c8b7d9423acbcf76cc559f 065785142a28ba8941c5877bee0ab392e0534d2a3ca46406e262e1865ea0cec7
CLIENT_HANDSHAKE_TRAFFIC_SECRET 4a36a9d0d1de87180e91bca8b8877957018ed83f6ef69731e391780f1dc3ff0d da8b91009b6885f633ca4cad2924e130b280065a49c4f7d554950ba4070f08e1
SERVER_HANDSHAKE_TRAFFIC_SECRET 4a36a9d0d1de87180e91bca8b8877957018ed83f6ef69731e391780f1dc3ff0d b0b92e1093e2941aaadd390dc18f4791556665c6899de679211388d23f55aafe
CLIENT_TRAFFIC_SECRET_0 4a36a9d0d1de87180e91bca8b8877957018ed83f6ef69731e391780f1dc3ff0d 972a357a01ca2a045f071413777412bf8837f156aa12a98bfcdce8810fd28199
SERVER_TRAFFIC_SECRET_0 4a36a9d0d1de87180e91bca8b8877957018ed83f6ef69731e391780f1dc3ff0d efb006ec190d7e6d6a0cc8e8bbc08bfcc0b28282c996d79dcc7d35f578580602
CLIENT_HANDSHAKE_TRAFFIC_SECRET cf0279970411553fec8d69995a7fef27ed7a5c85a8a76047315643c04f29aba2 d499b45009f6b1590e90e228d5e9b309c7e4a5f17518a2e8b114d9b7ae52774a
SERVER_HANDSHAKE_TRAFFIC_SECRET cf0279970411553fec8d69995a7fef27ed7a5c85a8a76047315643c04f29aba2 e78edd24f0354fbd96d82628470eccf861fc24f696710387c1b0da2d88eced77
CLIENT_TRAFFIC_SECRET_0 cf0279970411553fec8d69995a7fef27ed7a5c85a8a76047315643c04f29aba2 b9a9fcae2f0cf79bc4b13e9de462b933685d08c6e368fcd17ee677a117256f34
SERVER_TRAFFIC_SECRET_0 cf0279970411553fec8d69995a7fef27ed7a5c85a8a76047315643c04f29aba2 e78098d448c7bd478e1eb7632a48b60f1df83ed22744152ad87151815ef10f69
CLIENT_HANDSHAKE_TRAFFIC_SECRET e3017a8d88921c27f0db361f397ebe5d65104cb65c27c81827683b3a02b70e00 7546e1f20bfe02d5a3e574984f917e7bba7d6002489bee78bc593d670ce7dbd5
SERVER_HANDSHAKE_TRAFFIC_SECRET e3017a8d88921c27f0db361f397ebe5d65104cb65c27c81827683b3a02b70e00 edd62e7c4ba7875f789432f9993b839c893e41ef5759666154e562bf7592fc7b
CLIENT_TRAFFIC_SECRET_0 e3017a8d88921c27f0db361f397ebe5d65104cb65c27c81827683b3a02b70e00 21bfef0fe2caf2a1606be960a46cc39557a0764480db01da66049aedd4af5fd3
SERVER_TRAFFIC_SECRET_0 e3017a8d88921c27f0db361f397ebe5d65104cb65c27c81827683b3a02b70e00 e826a16bca3ff91335032072e9ee5325131c74d4414d4514e4fcbce665d857a1
CLIENT_HANDSHAKE_TRAFFIC_SECRET 3efa90af07661467e2b490f5955efbbe0a7b5af75de6c697f27b519ec06893b3 f27c6521a89337086b6be2390167d0aec8596813a6cce59e1bffdfb324a19825
SERVER_HANDSHAKE_TRAFFIC_SECRET 3efa90af07661467e2b490f5955efbbe0a7b5af75de6c697f27b519ec06893b3 b9b8e3623cb9bf9e9cd1ec27a50270f440b0f31d41c70d2ee03a85c5155c4311
CLIENT_TRAFFIC_SECRET_0 3efa90af07661467e2b490f5955efbbe0a7b5af75de6c697f27b519ec06893b3 e7aa7b9ade518c0eaf4d7a47c352e9d67e2524c8306f218430ca6c5d4638e8ee
SERVER_TRAFFIC_SECRET_0 3efa90af07661467e2b490f5955efbbe0a7b5af75de6c697f27b519ec06893b3 7e16883665699703f4f835e41e7647943f5ebca2c6d21dd21d7f2ceb2ffc9612
CLIENT_HANDSHAKE_TRAFFIC_SECRET 3a4f5a50c84b838d140a40614f578fbcc0758b9e71d74328b9156e12c761d276 a00a52ad315cb20c8747ef26314652f4694c5c45408a838af96d84d7e9c59d65
SERVER_HANDSHAKE_TRAFFIC_SECRET 3a4f5a50c84b838d140a40614f578fbcc0758b9e71d74328b9156e12c761d276 4d6d9a156d7989341205b55c9f69714f84cc53357a27141c4731c9a9e65fcfc7
CLIENT_TRAFFIC_SECRET_0 3a4f5a50c84b838d140a40614f578fbcc0758b9e71d74328b9156e12c761d276 c64392f912b595f076600157c7e502a471a5678ee9595c0460552a96b8935de7
SERVER_TRAFFIC_SECRET_0 3a4f5a50c84b838d140a40614f578fbcc0758b9e71d74328b9156e12c761d276 0d19ac5f2f81e1c6ff90fb1c39f63fec6e8b6e5e16a5dda62d62c9c904db7b55
CLIENT_HANDSHAKE_TRAFFIC_SECRET 48f8d8e8dbcec16dcda97d90420a76e74ea6eedc285ae0c3f33e3308a916e565 8bc9df54518d80ef5b0c3c9ec91eb873269ba3c1d869bdec6f58d84b8a219719
SERVER_HANDSHAKE_TRAFFIC_SECRET 48f8d8e8dbcec16dcda97d90420a76e74ea6eedc285ae0c3f33e3308a916e565 cabd36a37e25a817e56798ae01d01d24b340e320ebf33dac907a3887b1c5eba9
CLIENT_TRAFFIC_SECRET_0 48f8d8e8dbcec16dcda97d90420a76e74ea6eedc285ae0c3f33e3308a916e565 f5c394d34c9fd21be467546926a41693a4a5a7a9517932d878a574684e5f8393
SERVER_TRAFFIC_SECRET_0 48f8d8e8dbcec16dcda97d90420a76e74ea6eedc285ae0c3f33e3308a916e565 b035e84cfdca5722c3c77f56b40ab6f15b0fc07a7c92d3a51fb40ffcf602ade9
CLIENT_HANDSHAKE_TRAFFIC_SECRET 2535a66779bc49602fa32d9fcad71794bbc80a69dfdf94d9596a8a3f68244b14 6d2564dae8e6730624e6f946974ef03a4abfb35d6fdea9a06132118f97f248e6
SERVER_HANDSHAKE_TRAFFIC_SECRET 2535a66779bc49602fa32d9fcad71794bbc80a69dfdf94d9596a8a3f68244b14 ccf61b87a5447082e40a69de0c774d2b2dd917cb39903fae3d43bd7998fd749e
CLIENT_TRAFFIC_SECRET_0 2535a66779bc49602fa32d9fcad71794bbc80a69dfdf94d9596a8a3f68244b14 270e07c9418a4a6bd0e1434dba479915f6f49f5f01914de75fce5dd00af1acb0
SERVER_TRAFFIC_SECRET_0 2535a66779bc49602fa32d9fcad71794bbc80a69dfdf94d9596a8a3f68244b14 90f6cad67d67888958ccb4675f5156983f8c521f046285a10fac3c1e07e53086
CLIENT_HANDSHAKE_TRAFFIC_SECRET a9c3bb3f4bde2d4aa824b94336a80b100ddb39506c411ca8ad92512da25895ad 2e04064a6d68991de630a39be458c2ef35f95513dc59a847f05d7b0fe61463c7
SERVER_HANDSHAKE_TRAFFIC_SECRET a9c3bb3f4bde2d4aa824b94336a80b100ddb39506c411ca8ad92512da25895ad 4344677b6d53743bef4f83d4fe5254ebe853ebb4b3c70905a221ab143f6d4aca
CLIENT_TRAFFIC_SECRET_0 a9c3bb3f4bde2d4aa824b94336a80b100ddb39506c411ca8ad92512da25895ad 390bc9f7fd3d189767c6825a1528f078d10c97450f3d7fea6e279ffb8e6823c3
SERVER_TRAFFIC_SECRET_0 a9c3bb3f4bde2d4aa824b94336a80b100ddb39506c411ca8ad92512da25895ad 48ea36ee8b24e6af6ac304ab9b31753dc2293712f52f786b0a2ef14f5eceebcf
CLIENT_HANDSHAKE_TRAFFIC_SECRET 4ffa4ed90fb33453cae3799c81e7b5c5ace27e3ba9f69c5a9ed025fa8e3fc20c 7eba31890cf792e73fcadf357c10e0ef711135a7da2dc764f399aa637ff7c83e
SERVER_HANDSHAKE_TRAFFIC_SECRET 4ffa4ed90fb33453cae3799c81e7b5c5ace27e3ba9f69c5a9ed025fa8e3fc20c 2dd5cff65d9f2fadb3acc47d52d2abbd093aa1ac222ca2a1ab55dc86182a09f5
CLIENT_TRAFFIC_SECRET_0 4ffa4ed90fb33453cae3799c81e7b5c5ace27e3ba9f69c5a9ed025fa8e3fc20c b89235a8f12597ab0cc107d2eddbbeea32e8581e0e040b2718934eda521f7d44
SERVER_TRAFFIC_SECRET_0 4ffa4ed90fb33453cae3799c81e7b5c5ace27e3ba9f69c5a9ed025fa8e3fc20c 907800474c90c53cd028ff5b751cd8f0ddcecf9340e4ec182140554240e01db1
CLIENT_HANDSHAKE_TRAFFIC_SECRET b5f113e494267826b6811675005bf116d471a2a501e19c995d44c7a6b5b25584 f624dcaca73796c676c67b9bd2339e8285d5b391738a9248df95ad6161187df4
SERVER_HANDSHAKE_TRAFFIC_SECRET b5f113e494267826b6811675005bf116d471a2a501e19c995d44c7a6b5b25584 cf03bddeb696c8ff5b5d9c771b7b2c5251f4f41bb73d8f77730514a8c15231de
CLIENT_TRAFFIC_SECRET_0 b5f113e494267826b6811675005bf116d471a2a501e19c995d44c7a6b5b25584 9cfe3eb3ac6c96db9fa2017bfea8972a5414c94606ccbdffd663d5bcfde46be6
SERVER_TRAFFIC_SECRET_0 b5f113e494267826b6811675005bf116d471a2a501e19c995d44c7a6b5b25584 07e2b7a67408fbc94402c6a3059c455108271689cae5596e7fd68aa6bc063ae4
CLIENT_HANDSHAKE_TRAFFIC_SECRET d2172e924a34854f6613cc356f071be1d66927a22824a0b623acac6850d09549 1d8ed1567ecc5a3547cc052d0842cc452c5e8a957f22ea12af6b6501495f7742
SERVER_HANDSHAKE_TRAFFIC_SECRET d2172e924a34854f6613cc356f071be1d66927a22824a0b623acac6850d09549 b689534cdf23c660691df266547e8548e39b06a77a6a350390ecb4c1746aa1b9
CLIENT_TRAFFIC_SECRET_0 d2172e924a34854f6613cc356f071be1d66927a22824a0b623acac6850d09549 64f28e2ba0eef7b2af891d875217c51df3511b03fdb5598660405c31ff3f10e5
SERVER_TRAFFIC_SECRET_0 d2172e924a34854f6613cc356f071be1d66927a22824a0b623acac6850d09549 22771cfc127b2fce73f1565ea2d7ae718b9aa3ab8051b34894a296a072e4b016
CLIENT_HANDSHAKE_TRAFFIC_SECRET a86fc85c50caffdeda5a219a7331c10ca4d0376d463ca4f0a76e70d46dfc89e0 dd7eecac9a0e3fa3003891f681035b2a46a4aaf48e4454e2906c4500c0f30342
SERVER_HANDSHAKE_TRAFFIC_SECRET a86fc85c50caffdeda5a219a7331c10ca4d0376d463ca4f0a76e70d46dfc89e0 06caf6ba373183e1bf503408d80a95dc2f9de8950ebe8cb14459b51cf0f87b71
CLIENT_TRAFFIC_SECRET_0 a86fc85c50caffdeda5a219a7331c10ca4d0376d463ca4f0a76e70d46dfc89e0 d40a08a326ed41363dacfd687d067aa4bf11108b3a66af1868b7e5aab65c7941
SERVER_TRAFFIC_SECRET_0 a86fc85c50caffdeda5a219a7331c10ca4d0376d463ca4f0a76e70d46dfc89e0 d5366e41a955e47413ce26d3b0f855b8c9fbfaabe39b3e6289f9e760bbe496f5
CLIENT_HANDSHAKE_TRAFFIC_SECRET 78e68354556c16142ec04dfd64e57a311f789253f9ad2bb493a575e62d150b90 190b094f6c2047b33f11bb79a7c84f66bed8749284ed2087ccec64b4f3c0edb2
SERVER_HANDSHAKE_TRAFFIC_SECRET 78e68354556c16142ec04dfd64e57a311f789253f9ad2bb493a575e62d150b90 5c73fddb9b912d1f2dda97b88f57868b09ddc4fdc0887bc692cd30b70d1caea7
CLIENT_TRAFFIC_SECRET_0 78e68354556c16142ec04dfd64e57a311f789253f9ad2bb493a575e62d150b90 c4336eca666f7cdd01d1b38f9e56db4720455d1dfabb1d0436f9614de599e76d
SERVER_TRAFFIC_SECRET_0 78e68354556c16142ec04dfd64e57a311f789253f9ad2bb493a575e62d150b90 f930d101592a2d11e3f6dfbd1b6a8a4fa2c61083f7688d1bb9725785153f8949
CLIENT_HANDSHAKE_TRAFFIC_SECRET b5305fd0e2eb0871a4b632837fc558b7f35e1074e89e76c2948b892da34bd8f2 4637ffaa38aa585f92726c17aeffb870488f84e3676891efa5a49b798fcc83c6
SERVER_HANDSHAKE_TRAFFIC_SECRET b5305fd0e2eb0871a4b632837fc558b7f35e1074e89e76c2948b892da34bd8f2 2b7d284c806c3703e002455b40e66ecd107e9a0563e6ca3fb05927f14a18f0b9
CLIENT_TRAFFIC_SECRET_0 b5305fd0e2eb0871a4b632837fc558b7f35e1074e89e76c2948b892da34bd8f2 207de2f40c8977b3edcdb3753632683586f8d30365b71ef72226f950d283a113
SERVER_TRAFFIC_SECRET_0 b5305fd0e2eb0871a4b632837fc558b7f35e1074e89e76c2948b892da34bd8f2 c7ad650bce97363ef889ffb2144a0b258e19e0cc68994b585c9c04fdcb3fa25f
CLIENT_HANDSHAKE_TRAFFIC_SECRET f742764756308c28582445dbe992105fe6d15ad1c499c4bec01ced2579cab082 2cc18638aa7eda66e93b0c019d3e81232a168aad22507673f965d1f7c2b0698e
SERVER_HANDSHAKE_TRAFFIC_SECRET f742764756308c28582445dbe992105fe6d15ad1c499c4bec01ced2579cab082 5f8b32902fb18d974492b02f5f23daa4a649e693b76ca26dedcc3bd94d557c4a
CLIENT_TRAFFIC_SECRET_0 f742764756308c28582445dbe992105fe6d15ad1c499c4bec01ced2579cab082 42f2e28cb99bebd99d928f9c6a55169286a71520b422e1a9a6e17aa0e9b37f5a
SERVER_TRAFFIC_SECRET_0 f742764756308c28582445dbe992105fe6d15ad1c499c4bec01ced2579cab082 75b6a82b20544787ec02564261bf59f776145c7ae9e343b34eb31367807fa743
CLIENT_HANDSHAKE_TRAFFIC_SECRET 52e4e9e568c791285c9bbbfa5c05e25abdc954e38cba0cde7f09914a743d8c4e c81707859e9da4dc65eb3b08b634ff6a337f246148b098f89e25407709a3ede9
SERVER_HANDSHAKE_TRAFFIC_SECRET 52e4e9e568c791285c9bbbfa5c05e25abdc954e38cba0cde7f09914a743d8c4e 41413e4a1b79bce447d33289b8abf9d8b33eac7c0a1cac0b18faf5a83069938d
CLIENT_TRAFFIC_SECRET_0 52e4e9e568c791285c9bbbfa5c05e25abdc954e38cba0cde7f09914a743d8c4e 65a6bde80a048d413616891fd0ffd3b931d10a6117c104d6ad54ecf671520c97
SERVER_TRAFFIC_SECRET_0 52e4e9e568c791285c9bbbfa5c05e25abdc954e38cba0cde7f09914a743d8c4e 824c8cbc4cf558df9dc551167985f11d7678b135e684d01f8f0a1692945d5712
CLIENT_HANDSHAKE_TRAFFIC_SECRET 7f7bfa177e19b1e41822679b58c7427112376ec339ade97eab78b147fed8b694 3e0987bc75f33e713d73fcaf75374cfc332a4166417362d207df3833ca1d9bf8
SERVER_HANDSHAKE_TRAFFIC_SECRET 7f7bfa177e19b1e41822679b58c7427112376ec339ade97eab78b147fed8b694 a9388814a4ed64f0ecf080f1de8974ed52343d07f2d99747ea79d4e6b9f9f82f
CLIENT_TRAFFIC_SECRET_0 7f7bfa177e19b1e41822679b58c7427112376ec339ade97eab78b147fed8b694 fbcf8d75e6f07dca41b473daf5304224263e6e0c2d7bc7e1ce4d000f7d1070c3
SERVER_TRAFFIC_SECRET_0 7f7bfa177e19b1e41822679b58c7427112376ec339ade97eab78b147fed8b694 cf410d1158b3ee5f855bdf2c990bdaea84083b722c1ee42949dce63f01d5ae26
CLIENT_HANDSHAKE_TRAFFIC_SECRET 4d6e915fb71399798609003eb035055a91d61101a1bfe2877b797e27c3a794b8 f4984bdd869b73a4eae578b48bea3ba068d566af2e7440e604b277cb35a443ca
SERVER_HANDSHAKE_TRAFFIC_SECRET 4d6e915fb71399798609003eb035055a91d61101a1bfe2877b797e27c3a794b8 5af4db019eae939ab1a79f33d277f56f962c54436c602bf66fc36543bfaf48ec
CLIENT_TRAFFIC_SECRET_0 4d6e915fb71399798609003eb035055a91d61101a1bfe2877b797e27c3a794b8 20885451408a638953a2bd88ef04a7872e3b4ac234772bef12b166d9724c18d7
SERVER_TRAFFIC_SECRET_0 4d6e915fb71399798609003eb035055a91d61101a1bfe2877b797e27c3a794b8 22b9d5c98d377c28b8f8356bade6f06ed8dc1b52ef85fdf9f5c79d33c3fe8106
CLIENT_HANDSHAKE_TRAFFIC_SECRET 170b9eade386a4179b077331471cb2a38b32d6d78e356063c62af0e407087c07 5dcdb241f790444411705f65701305d3cef766526e95341f84bd881799f86652
SERVER_HANDSHAKE_TRAFFIC_SECRET 170b9eade386a4179b077331471cb2a38b32d6d78e356063c62af0e407087c07 ecd085fbb4bf69c714015f87fbcc57f22ff6f986b73f8decaf786e40b9ae33f7
CLIENT_TRAFFIC_SECRET_0 170b9eade386a4179b077331471cb2a38b32d6d78e356063c62af0e407087c07 1efe187ecd7c93c70110d999e3a9be0b1fa29aae1838f070c2bf9c5d4dbfc7d1
SERVER_TRAFFIC_SECRET_0 170b9eade386a4179b077331471cb2a38b32d6d78e356063c62af0e407087c07 d24157f520d08d390f185a452f66b623b27345bfb172d6eb39429ca166b2df1b
CLIENT_HANDSHAKE_TRAFFIC_SECRET dbf773c94ecb8316be2519afed11edc4785c78da8361b26b9de8294de7c12344 b7ceec463784b3e20fe914a9d6e307963349a65d79e45c3cd6bab44823ad4c3f
SERVER_HANDSHAKE_TRAFFIC_SECRET dbf773c94ecb8316be2519afed11edc4785c78da8361b26b9de8294de7c12344 c6a1d5b4963e19aa3e6d26db85bce13c7e1a01620ddee1e8119cd30707075d17
CLIENT_TRAFFIC_SECRET_0 dbf773c94ecb8316be2519afed11edc4785c78da8361b26b9de8294de7c12344 f0330b94a0ec1cdb5b687618e2b507cd214da22c2e5e8e653bf4c61aa86e615d
SERVER_TRAFFIC_SECRET_0 dbf773c94ecb8316be2519afed11edc4785c78da8361b26b9de8294de7c12344 f590626cbd160a9e6a9ad34ecbed19042ef00381bae7de984f8be3853af0ad1e
CLIENT_HANDSHAKE_TRAFFIC_SECRET 81ec97e42d71f1949b23cf7a13f363f10ed86e1942aaca6606ef825f9ce8faac b4019f43b65e89fce2c3dfd37d4a01696d665ab8072cac6a77a1432824e77669
SERVER_HANDSHAKE_TRAFFIC_SECRET 81ec97e42d71f1949b23cf7a13f363f10ed86e1942aaca6606ef825f9ce8faac 55164f3289167063b302a04e414348b2eaa3cbd4d87172234075d0ed3d53b75a
CLIENT_TRAFFIC_SECRET_0 81ec97e42d71f1949b23cf7a13f363f10ed86e1942aaca6606ef825f9ce8faac 20f6a9a63433609e7e87ecc17d99c340f4d4a2a96b8ee92bfd8989f866566d62
SERVER_TRAFFIC_SECRET_0 81ec97e42d71f1949b23cf7a13f363f10ed86e1942aaca6606ef825f9ce8faac 2410f4ddcdbc122fe27eed741b5ea6c3cf005f808e65b94c19b25d7c86f8187a
CLIENT_HANDSHAKE_TRAFFIC_SECRET 31042600af68d4524fb84afc506a9c23dece7c36bb77e8150dc816ef8ea65e99 ebe12b1617b3d4823dcab485ca3524f17d70b1f61e3392b3b14ed48e360cbfae
SERVER_HANDSHAKE_TRAFFIC_SECRET 31042600af68d4524fb84afc506a9c23dece7c36bb77e8150dc816ef8ea65e99 5d78ba427e6ccead12407416acd84e3305306bf44bbde1b024155ec4cff5b8f8
CLIENT_TRAFFIC_SECRET_0 31042600af68d4524fb84afc506a9c23dece7c36bb77e8150dc816ef8ea65e99 7d4e6572c2c7369b4c1d85508b8ce78ddfa855ede1175ec92ec93d560b99f508
SERVER_TRAFFIC_SECRET_0 31042600af68d4524fb84afc506a9c23dece7c36bb77e8150dc816ef8ea65e99 a9a3915f788ec88913ed4b76d1b6290149fc1676846f0b1c16b73a849be84c0c
CLIENT_HANDSHAKE_TRAFFIC_SECRET 171ce94127c6c5f17417b7ba3452f32750c6f64475ce9af43e14f170b690d981 44564b54d43565350d541f3791e8c0af0f9f2bc0f8e00063108f462c66e124e5
SERVER_HANDSHAKE_TRAFFIC_SECRET 171ce94127c6c5f17417b7ba3452f32750c6f64475ce9af43e14f170b690d981 d1866e8a4073c7371036d75fb6f04f2fd3b456d91cde6ec1e01141d868dfc5ed
CLIENT_TRAFFIC_SECRET_0 171ce94127c6c5f17417b7ba3452f32750c6f64475ce9af43e14f170b690d981 690ffb4432e406e358160103fa31416c6ebdca952c66487e6fe54008bfe4439a
SERVER_TRAFFIC_SECRET_0 171ce94127c6c5f17417b7ba3452f32750c6f64475ce9af43e14f170b690d981 f20bdeebbd840966071558c9b4bdeb362f88018ad1aa1f3f83f7706cbcc811ed
CLIENT_HANDSHAKE_TRAFFIC_SECRET 5a17e1ba4b69c9ce53771d4e16468256aab3b91076934c1277d2104d37c5aae6 a2c16c40b31cb9f938e9983dc325865b8db3548e321e768410843d57ae612c32
SERVER_HANDSHAKE_TRAFFIC_SECRET 5a17e1ba4b69c9ce53771d4e16468256aab3b91076934c1277d2104d37c5aae6 3771040bf056e1ef3735e86ea35e0c09607f7360fcb15e4cafd77a3982212913
CLIENT_TRAFFIC_SECRET_0 5a17e1ba4b69c9ce53771d4e16468256aab3b91076934c1277d2104d37c5aae6 d2593656939a8108b9ba95980ab8b2158d2fc69d97b2bd1e364ab125c19955bd
SERVER_TRAFFIC_SECRET_0 5a17e1ba4b69c9ce53771d4e16468256aab3b91076934c1277d2104d37c5aae6 5d6738b076df9422560045edd1714b908a922ef521b2f38e678265c8bb4b8715
CLIENT_HANDSHAKE_TRAFFIC_SECRET 7b95c74c69970d8c87aabfefc91bd2da0dc2317c62f5ed80581aaec8a07c5c35 b3cc66c8f9ea3ddc210d14800e06d5a66c9272de67f616b4c3a021506147bdb2
SERVER_HANDSHAKE_TRAFFIC_SECRET 7b95c74c69970d8c87aabfefc91bd2da0dc2317c62f5ed80581aaec8a07c5c35 5ad437b8a005abcd2eb08ca09ca54687370e3a762764e6f8167493a69a25bf8f
CLIENT_TRAFFIC_SECRET_0 7b95c74c69970d8c87aabfefc91bd2da0dc2317c62f5ed80581aaec8a07c5c35 135780e1f5eafb7ecb20dfbea19de5cc1587ac3912c362b189279038ddb4a759
SERVER_TRAFFIC_SECRET_0 7b95c74c69970d8c87aabfefc91bd2da0dc2317c62f5ed80581aaec8a07c5c35 a04c823fd79c04ab40243a8887e03966493b0143473267092c7f4927b89c7c83
CLIENT_HANDSHAKE_TRAFFIC_SECRET 9a6d14a8f203ab358a785ed8e7bda42eed46b472650856ae896caa9280770711 80b4382077a1e4f0e5e08c139e919b60441dd993ee25eb4d4944d8c63a174e66
SERVER_HANDSHAKE_TRAFFIC_SECRET 9a6d14a8f203ab358a785ed8e7bda42eed46b472650856ae896caa9280770711 0c52785294b1fd1516f1c189d3fa5e1106d2963c80f3b59a8f87a3e9432928a4
CLIENT_TRAFFIC_SECRET_0 9a6d14a8f203ab358a785ed8e7bda42eed46b472650856ae896caa9280770711 edd5cb047fc4188d668e4aef57d2f5c0053cf525103838a2e13f802c7d982871
SERVER_TRAFFIC_SECRET_0 9a6d14a8f203ab358a785ed8e7bda42eed46b472650856ae896caa9280770711 b2f237f8a21a83c184259e0b8387247345d200644dcc1627002412f97b091083
CLIENT_HANDSHAKE_TRAFFIC_SECRET dab3205c9375922cecd4ba8b861a30ae067eedb71466621bbf65407148922bd8 7a277cd1ff2a8da4186fff4568996d937387ef358e6cfee1dceedb53e81c436b
SERVER_HANDSHAKE_TRAFFIC_SECRET dab3205c9375922cecd4ba8b861a30ae067eedb71466621bbf65407148922bd8 0321f779c45b724514df7e7315abb733b1295bbee1f5c10d6d54c610dcdc49d4
CLIENT_TRAFFIC_SECRET_0 dab3205c9375922cecd4ba8b861a30ae067eedb71466621bbf65407148922bd8 7133b9fa2718b8477de004319960182466c1a24bae8b111c224df3ff5949c078
SERVER_TRAFFIC_SECRET_0 dab3205c9375922cecd4ba8b861a30ae067eedb71466621bbf65407148922bd8 e6d6c8f50728e2eb57f9b21d661259d9a322abea3a66aa256362bfb30dd6fd6a
CLIENT_HANDSHAKE_TRAFFIC_SECRET 1e56d823393f8a539a0ab95decd7c2fc6cd2140dd764f84610ad7dab6b394d7f d50c681e496f7c8ebfd1dc5428e69891712e4b997975e053df43f8a075c22404
SERVER_HANDSHAKE_TRAFFIC_SECRET 1e56d823393f8a539a0ab95decd7c2fc6cd2140dd764f84610ad7dab6b394d7f 270ff8abcb5e2100f7a9c8d69be21a287260e488a3ced5eb653648cb6ae86ff1
CLIENT_TRAFFIC_SECRET_0 1e56d823393f8a539a0ab95decd7c2fc6cd2140dd764f84610ad7dab6b394d7f 3a5255098c4502ed1a89a2560dc025290ce56a9e8838deab917392b3193e147c
SERVER_TRAFFIC_SECRET_0 1e56d823393f8a539a0ab95decd7c2fc6cd2140dd764f84610ad7dab6b394d7f 9589cc1982cd0f010e09df7c011cd64198d7eefff7851d6de2d49fd66b405e27
CLIENT_HANDSHAKE_TRAFFIC_SECRET 9890a90aa2171e32c12d4b615dda8edc56b203d88aa0db6b61eeaade22ebd976 7c061e77d3d45015c06f2020bc8d76685a60c1abb090b5de9722a6751653f96e
SERVER_HANDSHAKE_TRAFFIC_SECRET 9890a90aa2171e32c12d4b615dda8edc56b203d88aa0db6b61eeaade22ebd976 fcb7f99449d49f0d409d51c4c88f6f1e7bf01311c875c5416343478ff23ebf2d
CLIENT_TRAFFIC_SECRET_0 9890a90aa2171e32c12d4b615dda8edc56b203d88aa0db6b61eeaade22ebd976 915c7b1721ce6370fddd4ef9be8ca40443ab74d6c7f1ffad243853d7ad9733a7
SERVER_TRAFFIC_SECRET_0 9890a90aa2171e32c12d4b615dda8edc56b203d88aa0db6b61eeaade22ebd976 51119438bafb02ce48d38ef6b94ab04b92c866917011cd0aca63096ead8ecfd0
CLIENT_HANDSHAKE_TRAFFIC_SECRET 73fc8ec53438dba8539fcebbe43ab8f507da14c2109faf2d736a8f064ddaeba1 0f656574594297cf7b3a3a58da4693f58d72358fb749545e48dca083af7a714b
SERVER_HANDSHAKE_TRAFFIC_SECRET 73fc8ec53438dba8539fcebbe43ab8f507da14c2109faf2d736a8f064ddaeba1 994e93d4a65059aab343c55e698efca0d6eacdf1995764c5e017f67dc6fbe4a5
CLIENT_TRAFFIC_SECRET_0 73fc8ec53438dba8539fcebbe43ab8f507da14c2109faf2d736a8f064ddaeba1 55317a32aa4301b4489021e413b2723ebd4c1e851947841d91bb76ad87476905
SERVER_TRAFFIC_SECRET_0 73fc8ec53438dba8539fcebbe43ab8f507da14c2109faf2d736a8f064ddaeba1 8b0a89708d5befd045adc3483935c81ac9308687fd24ad2ae1f3c3344fbccdd2
CLIENT_HANDSHAKE_TRAFFIC_SECRET f511353252bfef369e26c4a4d9cfcf4ebc3d61c12f4ddab8302d1b1e205bc455 495e3dec06048e7fe30c1bd553f3f98996282f826b4375c3834d6d17a7f46935
SERVER_HANDSHAKE_TRAFFIC_SECRET f511353252bfef369e26c4a4d9cfcf4ebc3d61c12f4ddab8302d1b1e205bc455 acf1e214da534a48462fd9e9eeee99a65967bf299d0bcfa8ecf1782d45e830f9
CLIENT_TRAFFIC_SECRET_0 f511353252bfef369e26c4a4d9cfcf4ebc3d61c12f4ddab8302d1b1e205bc455 056479f138e6e3802ab1f0ecb0db8ba1a8bd566880d5411f952e847ee0e18cbd
SERVER_TRAFFIC_SECRET_0 f511353252bfef369e26c4a4d9cfcf4ebc3d61c12f4ddab8302d1b1e205bc455 e3188e101f8e0d3e50927d67def9bdc39e9c8a7f9b7732c803e3e5788732fa30
CLIENT_HANDSHAKE_TRAFFIC_SECRET 1c1961d7d48422f52d856c1b6e6a8b5c3bd1b6057acf8d64db9c5a70b016b4bb d4e7a2efaf2a2f1c7b93f2137eabf80e4414cfa8160f56f4433adb2dd7808fee
SERVER_HANDSHAKE_TRAFFIC_SECRET 1c1961d7d48422f52d856c1b6e6a8b5c3bd1b6057acf8d64db9c5a70b016b4bb a5ef1f8a7a5ea46bc449e607db286f26527e7a375dc8488742040a0a9646ecca
CLIENT_TRAFFIC_SECRET_0 1c1961d7d48422f52d856c1b6e6a8b5c3bd1b6057acf8d64db9c5a70b016b4bb ae7ba87c7f385c57fa5250cab85956a675e08faa42db6cef9175cac4472be4a3
SERVER_TRAFFIC_SECRET_0 1c1961d7d48422f52d856c1b6e6a8b5c3bd1b6057acf8d64db9c5a70b016b4bb 366ccb6ef698c326334aef553139fe03626268374594018b807de1f56407abf8
CLIENT_HANDSHAKE_TRAFFIC_SECRET 1fbc4a07c9b96ed5907bd016415f54c971994a7c3e1b51a339cd66b5e4f2cfc9 fcebdfebbcf07b186e0ceb7007e321d9156793836d5246fdb1e22ed5f3398190
SERVER_HANDSHAKE_TRAFFIC_SECRET 1fbc4a07c9b96ed5907bd016415f54c971994a7c3e1b51a339cd66b5e4f2cfc9 d053ce86956b25be9fefd76a5f15b2c25b8b3c3b90269ed3030a10ae51aca820
CLIENT_TRAFFIC_SECRET_0 1fbc4a07c9b96ed5907bd016415f54c971994a7c3e1b51a339cd66b5e4f2cfc9 37c3128e8f9f7f5bd0ea916405a0c4eedfa16002dc5b4ef6b2b1c4e731a9e5ac
SERVER_TRAFFIC_SECRET_0 1fbc4a07c9b96ed5907bd016415f54c971994a7c3e1b51a339cd66b5e4f2cfc9 feae7634e49f13fe2d12610bddc1cfe2ea6f8c2671e7671b3b24067926a5e1bc
CLIENT_HANDSHAKE_TRAFFIC_SECRET 97f326761ea1e0a53789dd3523d6082c0c64980b11ff3eef0a44966a1d725598 741bf079aa9e8288f53c61ce685bf9c78693797e05253e1674f46c1eccd2d5db
SERVER_HANDSHAKE_TRAFFIC_SECRET 97f326761ea1e0a53789dd3523d6082c0c64980b11ff3eef0a44966a1d725598 40f4226996fe580db77b85dcc31781947befc93349bc6076618b8e99b5592eb8
CLIENT_TRAFFIC_SECRET_0 97f326761ea1e0a53789dd3523d6082c0c64980b11ff3eef0a44966a1d725598 6624bdd6b4300ffff30251cc7b7c0ea0da428354ac75c0cdcf4e111d0af06da9
SERVER_TRAFFIC_SECRET_0 97f326761ea1e0a53789dd3523d6082c0c64980b11ff3eef0a44966a1d725598 d63769d15f1c316291fdcec40bec9c86d589e4254c7dc6f675d502d0ec5cac45
CLIENT_HANDSHAKE_TRAFFIC_SECRET 6e8fd2235702d5ebbd2f9e584157ee671b8f9c87eaa385dbd0ce4593684413f3 bfe8eb169c16cd5cf945ad891232d775309b6bd0df9d5b8efd2f47bca24b0ff8
SERVER_HANDSHAKE_TRAFFIC_SECRET 6e8fd2235702d5ebbd2f9e584157ee671b8f9c87eaa385dbd0ce4593684413f3 f32df22a47a68567564239e86673805bef9913fe110f8f5af8941e9d2ccdd240
CLIENT_TRAFFIC_SECRET_0 6e8fd2235702d5ebbd2f9e584157ee671b8f9c87eaa385dbd0ce4593684413f3 8923362f3f278faef7cc3f251e57f998dc36adfa599e261f4c9e9b337043cb32
SERVER_TRAFFIC_SECRET_0 6e8fd2235702d5ebbd2f9e584157ee671b8f9c87eaa385dbd0ce4593684413f3 025d53e95743180a527f227c995b796f9b61012c10e93f5427f45cb69f787750
CLIENT_HANDSHAKE_TRAFFIC_SECRET 3ab1b1af13d937f714a518ee4df2c6baf48daa19c99fa20f8b9af0cd4e266015 a024b7eb1880f66b1fe49f9a54f81d73038fa3723941600e8f1aa8b483660c09
SERVER_HANDSHAKE_TRAFFIC_SECRET 3ab1b1af13d937f714a518ee4df2c6baf48daa19c99fa20f8b9af0cd4e266015 b38099851dfdd583b7057eaad87ec992ffc38b25fedb6b4e373211533c9fe556
CLIENT_TRAFFIC_SECRET_0 3ab1b1af13d937f714a518ee4df2c6baf48daa19c99fa20f8b9af0cd4e266015 ca997910bf478cbe0af3e28bb6c60e62af61c106cf263a38e52fd0866378ead8
SERVER_TRAFFIC_SECRET_0 3ab1b1af13d937f714a518ee4df2c6baf48daa19c99fa20f8b9af0cd4e266015 b0c6e634d2cc2fca864164af1ee3838e28f78c97cdabd202d1e5c026edee6db8
CLIENT_HANDSHAKE_TRAFFIC_SECRET 84bbf0167009cf79ff6006d844038979b17e2bfe3622c02f4eb1fdee6c06f78b 4e1d61c8c22db6c9d5a5b4622d8a20834b15d30095e1550e04e8c3673f831d5e
SERVER_HANDSHAKE_TRAFFIC_SECRET 84bbf0167009cf79ff6006d844038979b17e2bfe3622c02f4eb1fdee6c06f78b 6228194e8eb5c621c681fe7fe5a25caabfae1d13e3023c761bdfb55d9655e6b0
CLIENT_TRAFFIC_SECRET_0 84bbf0167009cf79ff6006d844038979b17e2bfe3622c02f4eb1fdee6c06f78b d801cc1b245d6b78886b616f9fff3a67be9b92d75c27704fb8a3e421f599d9d1
SERVER_TRAFFIC_SECRET_0 84bbf0167009cf79ff6006d844038979b17e2bfe3622c02f4eb1fdee6c06f78b f4a9b3b39806f0665026b4f1e71a9a867303ac47a8478b18ed2178b2064f7287
CLIENT_HANDSHAKE_TRAFFIC_SECRET a17078afe2d194fd591d38af68d814dd1ea1c638e7ab682d63c228e6956bcc0f a69e63b410a04c4cc61f1084dad0e13be290f4ace6eb1f3529e81faf1f12e660
SERVER_HANDSHAKE_TRAFFIC_SECRET a17078afe2d194fd591d38af68d814dd1ea1c638e7ab682d63c228e6956bcc0f 4d8656b04f0cb915bd33652aeaea43f3adf2d3aeeb4ddac79008994dd73d14f5
CLIENT_TRAFFIC_SECRET_0 a17078afe2d194fd591d38af68d814dd1ea1c638e7ab682d63c228e6956bcc0f b7c7d1040cfa1a0f325b9edc0f36b945c1f2be963490ef379469377411c47651
SERVER_TRAFFIC_SECRET_0 a17078afe2d194fd591d38af68d814dd1ea1c638e7ab682d63c228e6956bcc0f cf467c4de02e8c625a7cbb73c8a7f80adb61b9aaa4603358fd27ac560ace5f08
CLIENT_HANDSHAKE_TRAFFIC_SECRET 9e5da9f2f90d3aa37be73ad16d3c69bca1ea2df38775623a62928f95c1211e10 2e4efc27dfe988c2a7a54cb4d521575d7f95adbcb0379d93429e542ae798da28
SERVER_HANDSHAKE_TRAFFIC_SECRET 9e5da9f2f90d3aa37be73ad16d3c69bca1ea2df38775623a62928f95c1211e10 9c30f3dca8220e9018567d8013881aa9ded1d360fa4fed194d3c92d72be95b7f
CLIENT_TRAFFIC_SECRET_0 9e5da9f2f90d3aa37be73ad16d3c69bca1ea2df38775623a62928f95c1211e10 8dc1107201cadec6afbac5e59a9df17aa104c476cbbba55c0728de88f6363916
SERVER_TRAFFIC_SECRET_0 9e5da9f2f90d3aa37be73ad16d3c69bca1ea2df38775623a62928f95c1211e10 356e4ffb6a39781a8b7b1af50f6acbe14168210f69fc9d618f0fd245ee7e0f72
CLIENT_HANDSHAKE_TRAFFIC_SECRET 56a122caf804714001d690afc8ef3234b196769caa475be079f0db6b727bbf4e ec9e054f5fcd94cf490f9b6a88a8bd6e93d22f1b2d6b463faef34fa3a7be57f2
SERVER_HANDSHAKE_TRAFFIC_SECRET 56a122caf804714001d690afc8ef3234b196769caa475be079f0db6b727bbf4e 2e79e7d55c8c28e8b22c1e33a14a48f86a43ffa1e0abff89efab33a8fc30fa30
CLIENT_TRAFFIC_SECRET_0 56a122caf804714001d690afc8ef3234b196769caa475be079f0db6b727bbf4e d679cc6a3ab931c2c8bd3b97c8df0e2be8f565ee09101f057d632f3f87372cf4
SERVER_TRAFFIC_SECRET_0 56a122caf804714001d690afc8ef3234b196769caa475be079f0db6b727bbf4e e672c85ddda0f48a4d88911104fe0df68c563c0ec61da9ac4d4d566234fba82b
CLIENT_HANDSHAKE_TRAFFIC_SECRET 9d73e5f1238cc9e156b087c967141512f270339800007da99229b240042d43bd 4023d51807af1eb1522bc1b84475eb9e0354a708f488b40e0e003f190a28348f
SERVER_HANDSHAKE_TRAFFIC_SECRET 9d73e5f1238cc9e156b087c967141512f270339800007da99229b240042d43bd 3926ffa67197ffd9a93acfb36c7aa8f58f3accf59ab48a2ac959f142722a6ed7
CLIENT_TRAFFIC_SECRET_0 9d73e5f1238cc9e156b087c967141512f270339800007da99229b240042d43bd 6873acd5f30e081b73d68692624d6b77a73fb29476a1ca5a5b6dc09a94b92084
SERVER_TRAFFIC_SECRET_0 9d73e5f1238cc9e156b087c967141512f270339800007da99229b240042d43bd f2b6435af535122336006c010245cbb4fb47f6da5374269c2e1d5f335049a477
CLIENT_HANDSHAKE_TRAFFIC_SECRET 6ff12d208b5b17701e26b16f777b12ef2709973d8cb2ac9b97fe610426eeee15 74600ddb71428991a6de5c33fe725475e69d7a21b24eb9b75dcb4042056251bd
SERVER_HANDSHAKE_TRAFFIC_SECRET 6ff12d208b5b17701e26b16f777b12ef2709973d8cb2ac9b97fe610426eeee15 40d4ec2563c3e797b4e53737eab846b8953536d406162e0cd92960768aa8db44
CLIENT_TRAFFIC_SECRET_0 6ff12d208b5b17701e26b16f777b12ef2709973d8cb2ac9b97fe610426eeee15 2aa4767f5eafe3310f97bdb6e58e28cb5faf92c3aaff4ec556b72b684ce6bd2d
SERVER_TRAFFIC_SECRET_0 6ff12d208b5b17701e26b16f777b12ef2709973d8cb2ac9b97fe610426eeee15 970524ee74dbf048cd7a166d5823991a61b5a07290c31978b782892d47c5d975
CLIENT_HANDSHAKE_TRAFFIC_SECRET 5035e5d67dce64d6cd81b95f5862237af528b0eab9a7c0bb5115ae8fc46c4995 031fcbe3ef934c207aae2c5a2b91efe0b7b04a00ab09e07c931fb2dfc24a46c6
SERVER_HANDSHAKE_TRAFFIC_SECRET 5035e5d67dce64d6cd81b95f5862237af528b0eab9a7c0bb5115ae8fc46c4995 9608ad18e683d90d3456ae55e7274b995a2ca30c16b6e66c9a29419e52c9e06e
CLIENT_TRAFFIC_SECRET_0 5035e5d67dce64d6cd81b95f5862237af528b0eab9a7c0bb5115ae8fc46c4995 2674d353131b43ce0920ff5367bff7bb63013b567f760f7b9d2a468e8438d08b
SERVER_TRAFFIC_SECRET_0 5035e5d67dce64d6cd81b95f5862237af528b0eab9a7c0bb5115ae8fc46c4995 490dbac8552e9f7be53773baf6c79c41ee349926d5672a17227957471c9b5393
CLIENT_HANDSHAKE_TRAFFIC_SECRET 09add639dbdbc1788ce1b8790d88832676d8fbaad3ecd2dd3ed2b9bdc44707b3 709e0daec29e78526a23145bf0cc1dd376c93ee59116b50db0e6d8d072542bf6
SERVER_HANDSHAKE_TRAFFIC_SECRET 09add639dbdbc1788ce1b8790d88832676d8fbaad3ecd2dd3ed2b9bdc44707b3 41495dd4ecd90589ecdc10b39a024dd5ea1be6b4117530cf9d4efac91a2b5100
CLIENT_TRAFFIC_SECRET_0 09add639dbdbc1788ce1b8790d88832676d8fbaad3ecd2dd3ed2b9bdc44707b3 92a1bb38dc7a9ada0a8aa6037a20c43fbc0cb397a9b50f340c400d1632ea415d
SERVER_TRAFFIC_SECRET_0 09add639dbdbc1788ce1b8790d88832676d8fbaad3ecd2dd3ed2b9bdc44707b3 57cf47313ff84b8930409116e45e148c52d8c54060499626cd3de73fc3e004c1
CLIENT_HANDSHAKE_TRAFFIC_SECRET 309224cb5b0328c8c7c82b58a1678a7437676b6f3e61015dc05bec288afb4316 5c7ad61bb123d173d1951ad0fe66babe07f6109f8a43c94f97f0bd36bab6bc8a
SERVER_HANDSHAKE_TRAFFIC_SECRET 309224cb5b0328c8c7c82b58a1678a7437676b6f3e61015dc05bec288afb4316 f612a199373115f94ff77b3942fda4e0252bf804486b97f056df9ecc25878578
CLIENT_TRAFFIC_SECRET_0 309224cb5b0328c8c7c82b58a1678a7437676b6f3e61015dc05bec288afb4316 954fda156d8946e26502bd46efe86b33827cd31f91d649c520904a52c03209dc
SERVER_TRAFFIC_SECRET_0 309224cb5b0328c8c7c82b58a1678a7437676b6f3e61015dc05bec288afb4316 c99f6d7008a9d5b9568795af667de4c5fe3d37cad6aa80ee642022cee3cab98b
CLIENT_HANDSHAKE_TRAFFIC_SECRET 68dc4ec0f52ea32067550613cc5d80a8b4c1b6deb9e2ecc6de642ce7b619e625 e6624684b9158641425795aac30f44791d18625fab58f896ba79fe97b91cc0fe
SERVER_HANDSHAKE_TRAFFIC_SECRET 68dc4ec0f52ea32067550613cc5d80a8b4c1b6deb9e2ecc6de642ce7b619e625 6dd191b7bbaa5beb5b2867b3208fee8a78ab65a3ee8af6e631260b6a148fac9d
CLIENT_TRAFFIC_SECRET_0 68dc4ec0f52ea32067550613cc5d80a8b4c1b6deb9e2ecc6de642ce7b619e625 f48008f051e3df73389965ef3267f1e0106d42491d4049a449f8e2f169d76ee5
SERVER_TRAFFIC_SECRET_0 68dc4ec0f52ea32067550613cc5d80a8b4c1b6deb9e2ecc6de642ce7b619e625 d48cfbee04e099444ec1fec888bf1433125319c629354431acde3e41e3b41cef
CLIENT_HANDSHAKE_TRAFFIC_SECRET 0753d4d6c3116c915bf94be231e10c255ba910ce80ee4b70485b62043be84814 51ed4e64557f9588a90f9e82b64092b6eecb5858209097a5ce6c2fefd49209ae
SERVER_HANDSHAKE_TRAFFIC_SECRET 0753d4d6c3116c915bf94be231e10c255ba910ce80ee4b70485b62043be84814 6e9b511679cb160b15a04539e779cd55bfd07dd637998939890684c42d157412
CLIENT_TRAFFIC_SECRET_0 0753d4d6c3116c915bf94be231e10c255ba910ce80ee4b70485b62043be84814 148d93dd4d61c73bbf604b1916f432561f44dac7a9c55a418e10b893e98378bf
SERVER_TRAFFIC_SECRET_0 0753d4d6c3116c915bf94be231e10c255ba910ce80ee4b70485b62043be84814 99447fc80dfa98275d937ef0d5b6566c4672282de5f5db7038efd4f7c21c587b
CLIENT_HANDSHAKE_TRAFFIC_SECRET 004df658024677a7f57a0ccba42ae404df0bd21c9c4b08d04c6fb7cf77be8fd6 17ece2092ae9b7947ce20950a33918996d2f478d8db551be787d00c6d2d4dded
SERVER_HANDSHAKE_TRAFFIC_SECRET 004df658024677a7f57a0ccba42ae404df0bd21c9c4b08d04c6fb7cf77be8fd6 b0468280d339c2567c9b5d39f10328240d9ff28f69f17b8d22ab1ca23cfb1d2e
CLIENT_TRAFFIC_SECRET_0 004df658024677a7f57a0ccba42ae404df0bd21c9c4b08d04c6fb7cf77be8fd6 3ef79f1376096c99b18b4080b902048d08de171e00692bac4ddd696873d10f8c
SERVER_TRAFFIC_SECRET_0 004df658024677a7f57a0ccba42ae404df0bd21c9c4b08d04c6fb7cf77be8fd6 e96fe0fa7d57d6d9d90c349d9eaa6a18cb21d594a55d01c42eb4aff448860eb2
CLIENT_HANDSHAKE_TRAFFIC_SECRET c1912364a361f5600e7bbdecef0abbb6c30dde49e8d952786c4b6e650b83358b e218dd30ed9975b6c41989e1de3dff0acb289cbbff3974741ddc1ce40efdacfd
SERVER_HANDSHAKE_TRAFFIC_SECRET c1912364a361f5600e7bbdecef0abbb6c30dde49e8d952786c4b6e650b83358b 7c9ec567cec5275a3c245dcdb3e92a1e91cc965bf2ffc601778510cdc7db51ea
CLIENT_TRAFFIC_SECRET_0 c1912364a361f5600e7bbdecef0abbb6c30dde49e8d952786c4b6e650b83358b a8074699bba6c82479ab19cebf2f0a5addec34e752b4e940ef83b12a6b2cb1d3
SERVER_TRAFFIC_SECRET_0 c1912364a361f5600e7bbdecef0abbb6c30dde49e8d952786c4b6e650b83358b 10813717702409d36bbea99928681ba67133e442dee1a27fdd1399142d483b2b
CLIENT_HANDSHAKE_TRAFFIC_SECRET d4b7720bd26344f846c5240234abd7a7cc9fe551452906568e5d2157a98abfb6 4f47c81182d0464ad9230431f03530e2debfc25052ea3af78e4c9701b1795291
SERVER_HANDSHAKE_TRAFFIC_SECRET d4b7720bd26344f846c5240234abd7a7cc9fe551452906568e5d2157a98abfb6 65efb4b5c2480254dc9039f99fc4721546b51035d5cd90ff947ca7ffb0529d0d
CLIENT_TRAFFIC_SECRET_0 d4b7720bd26344f846c5240234abd7a7cc9fe551452906568e5d2157a98abfb6 97f5d6eca8c3a22bb305edb0607cd3553365d7db402f8d6694924bce2d25de8b
SERVER_TRAFFIC_SECRET_0 d4b7720bd26344f846c5240234abd7a7cc9fe551452906568e5d2157a98abfb6 b1af7952dd13cb59262ec759214039d1256cf03a34eb96d00bdb3b2dc7660eb4
CLIENT_HANDSHAKE_TRAFFIC_SECRET db5424f211bde942918deac72af9af6a9dc14885f9085e805b5cda2678267442 bd72ecd70ee033c4d959864cc7126968d83070084a4269de69f6c6d1db2e7b78
SERVER_HANDSHAKE_TRAFFIC_SECRET db5424f211bde942918deac72af9af6a9dc14885f9085e805b5cda2678267442 2bd7107f8b9f91e2e9a3889df5ec54d0dec37f0bf5b5558956d096e99a5bce17
CLIENT_TRAFFIC_SECRET_0 db5424f211bde942918deac72af9af6a9dc14885f9085e805b5cda2678267442 9207157049afdd2a2d6dfa945ce2f4c626405f3eb46bac3c939dc55bbc1f78bc
SERVER_TRAFFIC_SECRET_0 db5424f211bde942918deac72af9af6a9dc14885f9085e805b5cda2678267442 976bf88e21056a7ffd8a05569423efda1c4eee3bd851ebcf3fbdb484e994780d
CLIENT_HANDSHAKE_TRAFFIC_SECRET 43c60c2934173251ef76fa81feb5c996b57479d2cdaa4a7ba5df6e8583827c9b c17ea1b26a168fbd950ab2fce3b32a19a431ca64535ebdd43b34ec50466ca961
SERVER_HANDSHAKE_TRAFFIC_SECRET 43c60c2934173251ef76fa81feb5c996b57479d2cdaa4a7ba5df6e8583827c9b e0b99ce2fd944d8464eaa58a2cc6b6f2379835015e64082cc970f7d038f99425
CLIENT_TRAFFIC_SECRET_0 43c60c2934173251ef76fa81feb5c996b57479d2cdaa4a7ba5df6e8583827c9b 4c17ea34ec3f9263fb088e6e940fb32d89008723b0442eba2150e884d6e6ffbb
SERVER_TRAFFIC_SECRET_0 43c60c2934173251ef76fa81feb5c996b57479d2cdaa4a7ba5df6e8583827c9b c263d90b22fbf0ae1a444d8749db1897f939e739ac30a9e5b57674bfbce622a5
CLIENT_HANDSHAKE_TRAFFIC_SECRET 5e9f01bd605ff0b893e73bd692bf06130437ff46b1972dcb31925fb00775d6a0 d38c66d61e836dda015e966d987587645f426229c059c58d2cf13abdd0f33e66
SERVER_HANDSHAKE_TRAFFIC_SECRET 5e9f01bd605ff0b893e73bd692bf06130437ff46b1972dcb31925fb00775d6a0 68b92c9833c76d1b563f711928a40eab2861a85dbe341debc5429c8bf1b5e0ec
CLIENT_TRAFFIC_SECRET_0 5e9f01bd605ff0b893e73bd692bf06130437ff46b1972dcb31925fb00775d6a0 853f912ade32b7878e99fd25321645a98e96d72acd059347f1d4bddfc2b2fb46
SERVER_TRAFFIC_SECRET_0 5e9f01bd605ff0b893e73bd692bf06130437ff46b1972dcb31925fb00775d6a0 835ee72e1d3dcf9a074bb0ddadc279bdc519015044e3d66bf3d57059b47991aa
CLIENT_HANDSHAKE_TRAFFIC_SECRET 10b6488a07734cd18069094915effac1cb99f6c08bcda7b95cd180b532cca9ef 2e6c905190a889d097cdffa87f3ab66d77cb3a88a6e1baea66e401ff1f1f2697
SERVER_HANDSHAKE_TRAFFIC_SECRET 10b6488a07734cd18069094915effac1cb99f6c08bcda7b95cd180b532cca9ef 92430d80d7c532df8a26f44130324ba1ac8c25a1c616395f1b886e1ec521c3ec
CLIENT_TRAFFIC_SECRET_0 10b6488a07734cd18069094915effac1cb99f6c08bcda7b95cd180b532cca9ef 4a517f66de5afb6d3141b6fd753deb853376d93b9122eeb98226e73534cc7fa7
SERVER_TRAFFIC_SECRET_0 10b6488a07734cd18069094915effac1cb99f6c08bcda7b95cd180b532cca9ef d42df2fe5886e7daaff95c0c1419cc2495170c8ad175984147d1c0e0b3be39e8
CLIENT_HANDSHAKE_TRAFFIC_SECRET dc6da2b73f5a7feca43dc7fb352224a64b4637dc8c86c184e86d355d117a5ede 5c0bfef4dd6ea58ea222086b0b7a23b9d98c72456c005c67be60259e9e233f94
SERVER_HANDSHAKE_TRAFFIC_SECRET dc6da2b73f5a7feca43dc7fb352224a64b4637dc8c86c184e86d355d117a5ede 786f1744780b67e0fd279c706c983b2918da8f77bbb92f2eb929a86da8c99556
CLIENT_TRAFFIC_SECRET_0 dc6da2b73f5a7feca43dc7fb352224a64b4637dc8c86c184e86d355d117a5ede 65c44d8b8df6313a9a941b697a224b38be2bed6dadf0c4bbb4dce1d529f00536
SERVER_TRAFFIC_SECRET_0 dc6da2b73f5a7feca43dc7fb352224a64b4637dc8c86c184e86d355d117a5ede 4008c254a9e7d3f0a90eb8114507c62117c368190d91664e61df43de8f1a6f20
CLIENT_HANDSHAKE_TRAFFIC_SECRET 80dd2466bd1643fffdad0609dff44f0b75326e937d93fb71bc315927f9ad173c d19efb4162705772856f14e80bf47e66ec7098cc951788964d85e9e435fd0052
SERVER_HANDSHAKE_TRAFFIC_SECRET 80dd2466bd1643fffdad0609dff44f0b75326e937d93fb71bc315927f9ad173c 3a40b0d10d0485432f1e9accd7efbb31afa4180b3c3c5690006396e652d488a9
CLIENT_TRAFFIC_SECRET_0 80dd2466bd1643fffdad0609dff44f0b75326e937d93fb71bc315927f9ad173c 815b3d6d036655f2889aeba884e02449d52dcfd3fa8358f9f7c9fb9c0657f875
SERVER_TRAFFIC_SECRET_0 80dd2466bd1643fffdad0609dff44f0b75326e937d93fb71bc315927f9ad173c 69c9e00efbaa9b4cf88fe485bc6de9f58419486cf8fbf0ff00dde9b9118bdce8
CLIENT_HANDSHAKE_TRAFFIC_SECRET 3185aa9f5acb9f9f918fae76fb8b4f2cebef3e2f60e6eac538d9d966164a13d8 22469a78a33815c99e280bae875ca3bf1c317a26558abf9e441a051b17747054
SERVER_HANDSHAKE_TRAFFIC_SECRET 3185aa9f5acb9f9f918fae76fb8b4f2cebef3e2f60e6eac538d9d966164a13d8 de919aa15996df7cb85b52b4a96864e8a69da616e897c8d608c897687361e83f
CLIENT_TRAFFIC_SECRET_0 3185aa9f5acb9f9f918fae76fb8b4f2cebef3e2f60e6eac538d9d966164a13d8 ccb62041f7378903e360500874ff021a5960d3d13ccba2da5fabba2705cee646
SERVER_TRAFFIC_SECRET_0 3185aa9f5acb9f9f918fae76fb8b4f2cebef3e2f60e6eac538d9d966164a13d8 aee93bdaedb6448d03511ccf037d791ba9ba67f747ce3ce843167345780aa37b
CLIENT_HANDSHAKE_TRAFFIC_SECRET 341d93a08e11b2ec400ea0da30ec5bdae4365aecdaaebf651c17da30deb0ee91 0b36745c0d5b208740fca6e8c3c4a9d4f12f94d9744750bb7775a823e920b753
SERVER_HANDSHAKE_TRAFFIC_SECRET 341d93a08e11b2ec400ea0da30ec5bdae4365aecdaaebf651c17da30deb0ee91 885cd51aa2b2c6b80f834ca5c07fcca325d53fb41913f543bb50de56a2ca29ee
CLIENT_TRAFFIC_SECRET_0 341d93a08e11b2ec400ea0da30ec5bdae4365aecdaaebf651c17da30deb0ee91 f8b6a3cd316c029834444fc6a9e48f1f9ed98609fe118e2c39ac79b4fecd756a
SERVER_TRAFFIC_SECRET_0 341d93a08e11b2ec400ea0da30ec5bdae4365aecdaaebf651c17da30deb0ee91 65f5dea3ccbd4a139d92e5cc6f87cb721cbbffd792ff47a693008f4d2954d1c9
CLIENT_HANDSHAKE_TRAFFIC_SECRET 881b754b283adc6536499d7eae483368d2be1c326f2f7f3aa9a509192a67ec7e 6f7e278c3f92dc0bea5e8b85a3addc525eaefc9c9a4956476d4b58b6bbc0b9f3
SERVER_HANDSHAKE_TRAFFIC_SECRET 881b754b283adc6536499d7eae483368d2be1c326f2f7f3aa9a509192a67ec7e ec922f57525a499552c0c756fea2e8ae2f3f4786649438195c6e84aec7807438
CLIENT_TRAFFIC_SECRET_0 881b754b283adc6536499d7eae483368d2be1c326f2f7f3aa9a509192a67ec7e 6662a53998b635e2e09924b912174f7b2c764337748c892a6ab05743cebe7beb
SERVER_TRAFFIC_SECRET_0 881b754b283adc6536499d7eae483368d2be1c326f2f7f3aa9a509192a67ec7e 93c6245dd1785c16548def6254b3707c862961d2031ff1be6289fd650138c456
CLIENT_HANDSHAKE_TRAFFIC_SECRET 1c552d26d949854aac74a936764cf4c75b78ed41ff35fe7a2e3dcc685b9b5f97 9991ad1f46845d0d1e24301988281043c2c2c861493864c03b24c174d14784e0
SERVER_HANDSHAKE_TRAFFIC_SECRET 1c552d26d949854aac74a936764cf4c75b78ed41ff35fe7a2e3dcc685b9b5f97 52c73e1341d97c588b30eebc276b13c4c63d8cf92a5a8810fd4f712fa8e4dd63
CLIENT_TRAFFIC_SECRET_0 1c552d26d949854aac74a936764cf4c75b78ed41ff35fe7a2e3dcc685b9b5f97 056bdc2d83eb11f85b939a6d23c995859d020bcfebb95361c440cd5a208b591c
SERVER_TRAFFIC_SECRET_0 1c552d26d949854aac74a936764cf4c75b78ed41ff35fe7a2e3dcc685b9b5f97 eaf706ca9591eb9b0aa4b05d4837136cd3e6be1777a22ce0a29a3807fe8146a0
CLIENT_HANDSHAKE_TRAFFIC_SECRET c9b3ed03b53c783d25e6ecb6e910b270d04dc54d879f171d879b245e1fcd1b4f 79370d33d50127ecb86c4363407d75ce363a9fbc8b041ce434a280ffdf1d6402
SERVER_HANDSHAKE_TRAFFIC_SECRET c9b3ed03b53c783d25e6ecb6e910b270d04dc54d879f171d879b245e1fcd1b4f 53af565202a0005fc331d732af7dbaead5aa6cd66a507de917494d0247644da6
CLIENT_TRAFFIC_SECRET_0 c9b3ed03b53c783d25e6ecb6e910b270d04dc54d879f171d879b245e1fcd1b4f 44a28243e91b9c78b76b299adab3520f03de24b9c1b76c1bba95dbd2d0861ec7
SERVER_TRAFFIC_SECRET_0 c9b3ed03b53c783d25e6ecb6e910b270d04dc54d879f171d879b245e1fcd1b4f 31cb3c3c6e36f89461f73fcc5768ec5ab5afe6f5d28eaabd516e658c53288023
CLIENT_HANDSHAKE_TRAFFIC_SECRET a57497c77335c7110628b787a9e74b4827ee8092f2fd23f6d89c99292b759fd1 042948c188c11b2cf190c7029115b1c3f91ed9476b5a20496b6438952965b506
SERVER_HANDSHAKE_TRAFFIC_SECRET a57497c77335c7110628b787a9e74b4827ee8092f2fd23f6d89c99292b759fd1 cb688681823cc3b70c7a0d47ec078d5799317d9b3db705b17800c3c9c74d3f85
CLIENT_TRAFFIC_SECRET_0 a57497c77335c7110628b787a9e74b4827ee8092f2fd23f6d89c99292b759fd1 b01dedff1b3712dff80837beb09fc8c22b9ec1d16dd460b621fe565ff2be474a
SERVER_TRAFFIC_SECRET_0 a57497c77335c7110628b787a9e74b4827ee8092f2fd23f6d89c99292b759fd1 7105960bbc98489efb848075a8d2d1f6ba60d25cf0e1b1fc175b144db2c23eb1
CLIENT_HANDSHAKE_TRAFFIC_SECRET 1aa0f86e2915c70afb4a73c397da84560b632d0aa1b41f84218da4b4c0b47e73 1ef0ce8b17a822af1e00ba3f1dd6fd5c99764bbe63f4ab8ac0450c176ea9f323
SERVER_HANDSHAKE_TRAFFIC_SECRET 1aa0f86e2915c70afb4a73c397da84560b632d0aa1b41f84218da4b4c0b47e73 e876bbf98c2009a3b6e9cbea5c00e03caecec8ed06d4a68bddfd31f48a9ac289
CLIENT_TRAFFIC_SECRET_0 1aa0f86e2915c70afb4a73c397da84560b632d0aa1b41f84218da4b4c0b47e73 c36e3d6029c73f5c26ec5d2413b218d0330e2fe9c908085fc7d8963c5c40fff7
SERVER_TRAFFIC_SECRET_0 1aa0f86e2915c70afb4a73c397da84560b632d0aa1b41f84218da4b4c0b47e73 1847d854b3cb89701818baa1f093cbe06940eda8dc4e3afad7ac8b1d1a177045
CLIENT_HANDSHAKE_TRAFFIC_SECRET 828241f910d3dfb2de274c39f14275793525c4fb908157c181f902dcda375181 35921729abc1e476fec2632a0173b4f7cde90b671fe5f35d551266c76fe88ec3
SERVER_HANDSHAKE_TRAFFIC_SECRET 828241f910d3dfb2de274c39f14275793525c4fb908157c181f902dcda375181 3a8aea33f17588ef523ff91b5448ff0050bf9e0ede9017fb89106f5276f70181
CLIENT_TRAFFIC_SECRET_0 828241f910d3dfb2de274c39f14275793525c4fb908157c181f902dcda375181 7331c9a7cae20ffca84f6b48c6cef4a8160633c22422177e75c66ab1c96f1115
SERVER_TRAFFIC_SECRET_0 828241f910d3dfb2de274c39f14275793525c4fb908157c181f902dcda375181 6f4f07139b7c9325742d91a9c6189871ff64b297bb60398d3581a8dff4d8d5f3
CLIENT_HANDSHAKE_TRAFFIC_SECRET e49ceb6659469f5de03ab8f6bf45cbb8bf819d724a74e88aa77e317ede323ab0 0c8bc3b5c4b08430af6b8cbbc45776940850b1e957682fcbafdae558df77c917
SERVER_HANDSHAKE_TRAFFIC_SECRET e49ceb6659469f5de03ab8f6bf45cbb8bf819d724a74e88aa77e317ede323ab0 7cffb19b296f34cb22490d9f01c509f480618368a457803dc18a475f3a7ab7fa
CLIENT_TRAFFIC_SECRET_0 e49ceb6659469f5de03ab8f6bf45cbb8bf819d724a74e88aa77e317ede323ab0 8f88ec9635be050f30ff7eb16e4b6867c417056f0c26726140d297e22be5b9b5
SERVER_TRAFFIC_SECRET_0 e49ceb6659469f5de03ab8f6bf45cbb8bf819d724a74e88aa77e317ede323ab0 0f45574538e8abad26920f6a2d9b77983a3add5d68a475bfe4447a32a31707ab
CLIENT_HANDSHAKE_TRAFFIC_SECRET 224b39bdd63cab6c31d54f5782721676a47b63349b45a1bbb71f04eadabf9e1c 0b837fe4cde89c9fa3250682f44edaaa6841316591962d22bce30db6e73079d9
SERVER_HANDSHAKE_TRAFFIC_SECRET 224b39bdd63cab6c31d54f5782721676a47b63349b45a1bbb71f04eadabf9e1c 9a5b453af7330026e5702737745cfd36b3b1e3bddf9c1253466597c5575d752e
CLIENT_TRAFFIC_SECRET_0 224b39bdd63cab6c31d54f5782721676a47b63349b45a1bbb71f04eadabf9e1c 7850b6868b7ba725946796aeec3a2565c18d86d5ae6d858184f4c127805d6fb4
SERVER_TRAFFIC_SECRET_0 224b39bdd63cab6c31d54f5782721676a47b63349b45a1bbb71f04eadabf9e1c fef569f202826792114131d9bf36a75dbb8f52ccfcbc9f79f480d7b1790391c1
CLIENT_HANDSHAKE_TRAFFIC_SECRET 2c626e614a6c6765a574689a3ac379068850720a5e8fd64c55d3ec97f05c4899 6582122012615b9ede7ad1cc00938cd56ded9dd0ea0f9249e34cc57cb78d6afd
SERVER_HANDSHAKE_TRAFFIC_SECRET 2c626e614a6c6765a574689a3ac379068850720a5e8fd64c55d3ec97f05c4899 86cebd1f52281d39ba6ba06a7cb6f6650b57de4a7fb6a74bf4ee4f277e1a9385
CLIENT_TRAFFIC_SECRET_0 2c626e614a6c6765a574689a3ac379068850720a5e8fd64c55d3ec97f05c4899 09ab160532f9728115fc15825ad8de3eae341ee390e34a3c4c38c4d94243f34e
SERVER_TRAFFIC_SECRET_0 2c626e614a6c6765a574689a3ac379068850720a5e8fd64c55d3ec97f05c4899 9d27b3ab247b2eb51ef8fa46cf4bde46a51d91a6382936d2ace6c839a90b771d
CLIENT_HANDSHAKE_TRAFFIC_SECRET 7485b8a01f928662e2e40d2c0524674aeeb8caf430f5ca69580f5e63c2023474 4aeefa9b40fa33197643642c4ae23317d3060f5d7175339b1672304df9b73ff5
SERVER_HANDSHAKE_TRAFFIC_SECRET 7485b8a01f928662e2e40d2c0524674aeeb8caf430f5ca69580f5e63c2023474 bfcbac7f07300cd59e0ad7b26c2944fbaa54d70693cc36da432f69f00ab12762
CLIENT_TRAFFIC_SECRET_0 7485b8a01f928662e2e40d2c0524674aeeb8caf430f5ca69580f5e63c2023474 17385261422bf7540ab6c8d3346c05c42cd0861c709e91bd2c6bcab53a23b584
SERVER_TRAFFIC_SECRET_0 7485b8a01f928662e2e40d2c0524674aeeb8caf430f5ca69580f5e63c2023474 79c6caf5e1c319ce706869e12da01717032235b8b4b0f48d8a0e59b2c29d4f10
CLIENT_HANDSHAKE_TRAFFIC_SECRET 40239e896613e6f663bdd7a0d32eedfba8c91458cdda52f0eb3f7a643bd1a24c c472feb30559d8608783c404ceabd9c50117f8fafa1e5e143eb535db15ccd435
SERVER_HANDSHAKE_TRAFFIC_SECRET 40239e896613e6f663bdd7a0d32eedfba8c91458cdda52f0eb3f7a643bd1a24c ed6a08a0567fad2de86db32b2783f2a233c62909ddf2798584e511c5572030b8
CLIENT_TRAFFIC_SECRET_0 40239e896613e6f663bdd7a0d32eedfba8c91458cdda52f0eb3f7a643bd1a24c d173a37f4e33c6570554281d4eb808f009e0667f05789658dcd71ee0ce503061
SERVER_TRAFFIC_SECRET_0 40239e896613e6f663bdd7a0d32eedfba8c91458cdda52f0eb3f7a643bd1a24c ce5fbe2536e74e1e939a23344d00448039d76e9b8574870d6f87b0d6e00be90d
CLIENT_HANDSHAKE_TRAFFIC_SECRET 85c82771b7e3730df54b3236792274a513015c287f4f7484ebb430d24a80adb9 646d3e393a20e7ba28873e35cd664c0dbbfcf2c19413ec677b36a1cce2aac238
SERVER_HANDSHAKE_TRAFFIC_SECRET 85c82771b7e3730df54b3236792274a513015c287f4f7484ebb430d24a80adb9 5e638cbc0ec1e31edbc9cc85a4059f91ccf5fc56371de6a5e2812617356c0a2a
CLIENT_TRAFFIC_SECRET_0 85c82771b7e3730df54b3236792274a513015c287f4f7484ebb430d24a80adb9 2bcb664d63ac8ad47f1b2402ae08f362ca79d62645a27342401c1311135f6a3a
SERVER_TRAFFIC_SECRET_0 85c82771b7e3730df54b3236792274a513015c287f4f7484ebb430d24a80adb9 58ace0ff95294123feb82a99ef3f689558523b8efdac205f60991a72b7029c7f
CLIENT_HANDSHAKE_TRAFFIC_SECRET ba731d5777f068dfd4ce593573e1127c24be355986488fe6d4f4a048634cae4a 9a785b4b7801b06ec0b625d13b63ffc23bbf947f493d2e94908c07e6e26d93bc
SERVER_HANDSHAKE_TRAFFIC_SECRET ba731d5777f068dfd4ce593573e1127c24be355986488fe6d4f4a048634cae4a ce590fe2f8da2975bbdf3b6c36fffc1d5885c440ac1efc56007a59d153526eaf
CLIENT_TRAFFIC_SECRET_0 ba731d5777f068dfd4ce593573e1127c24be355986488fe6d4f4a048634cae4a 77093b00b0dd2ad10bce35ef7ab251d6ec57fc4dd43ac8d310e0d9b69df0f758
SERVER_TRAFFIC_SECRET_0 ba731d5777f068dfd4ce593573e1127c24be355986488fe6d4f4a048634cae4a 382b0282a44f262676413e044ad143b21bd076641c06a683cf79a6edbecf8568
CLIENT_HANDSHAKE_TRAFFIC_SECRET f96ce14ed12278ac12f430c745981aacdf2d725c28050f86ff233c451bb8f598 41b11112c84e19c9c7bf41cd45fb8fb1c9e7e9ac4532faa1956bff4ff74df7ea
SERVER_HANDSHAKE_TRAFFIC_SECRET f96ce14ed12278ac12f430c745981aacdf2d725c28050f86ff233c451bb8f598 8d855a0e075edd67b18b278343a39c5eb27145aae4e112b6dbfb986608741e44
CLIENT_TRAFFIC_SECRET_0 f96ce14ed12278ac12f430c745981aacdf2d725c28050f86ff233c451bb8f598 0f0b077dccffaf58cbdf32d993e1a72d391780664285a07e7956da43290f949b
SERVER_TRAFFIC_SECRET_0 f96ce14ed12278ac12f430c745981aacdf2d725c28050f86ff233c451bb8f598 17f2ce1489109bb9c1a71b66b99428e2423dc422dd328a8f27e93ab4842ef57b
CLIENT_HANDSHAKE_TRAFFIC_SECRET 6387ff86f68223ab30e16f7c17b81d547abcda6bca0ea762a690e300c20671fa cfa2fef216f99fdda0c7a8fe9f2db97128952fa3fa0d4e0aea60a63bfb25556b
SERVER_HANDSHAKE_TRAFFIC_SECRET 6387ff86f68223ab30e16f7c17b81d547abcda6bca0ea762a690e300c20671fa f3d3401f70b09131681ad20be8bd754fdc6dbf715b0375dc5627f7492566af82
CLIENT_TRAFFIC_SECRET_0 6387ff86f68223ab30e16f7c17b81d547abcda6bca0ea762a690e300c20671fa 2d9ce8f3e1ec1419a10ffb870c81bfae00fe0bc6c8305ea83d2d914f852760f8
SERVER_TRAFFIC_SECRET_0 6387ff86f68223ab30e16f7c17b81d547abcda6bca0ea762a690e300c20671fa 813a8a293ac6c8deffdc73b9fce442c1f131b14c91ce23767d246fb304450e69
CLIENT_HANDSHAKE_TRAFFIC_SECRET 6d033a61cd3baea4f3cc8dd80bdc22ba864e9f6797d8381d71ca0e27a3c03b06 f7d4a5b1cafa2b4365429bdcdebcd4b59ebeb2b497aa756d8c66c07ab2730feb
SERVER_HANDSHAKE_TRAFFIC_SECRET 6d033a61cd3baea4f3cc8dd80bdc22ba864e9f6797d8381d71ca0e27a3c03b06 f3dc455834ab797aebfce05015e5ee8218a7e855592c193407b4c2c7677d3ef3
CLIENT_TRAFFIC_SECRET_0 6d033a61cd3baea4f3cc8dd80bdc22ba864e9f6797d8381d71ca0e27a3c03b06 a50862323a7fdb9c77b2f0665118160aacbadfb09b4250149d443e8c1596f221
SERVER_TRAFFIC_SECRET_0 6d033a61cd3baea4f3cc8dd80bdc22ba864e9f6797d8381d71ca0e27a3c03b06 056b5c316830062277cebb075d49c074b05856683d9f67ed907fec7bfe51f954
CLIENT_HANDSHAKE_TRAFFIC_SECRET 38682bb7050922695de59e18f595673487b8aa777e08fce89f075dc7794994b2 3931bee0fb582e18fba93652762e1ddff40f4303b043bbe301bdbde03f9c1741
SERVER_HANDSHAKE_TRAFFIC_SECRET 38682bb7050922695de59e18f595673487b8aa777e08fce89f075dc7794994b2 cd9a4f2d9b0fbbd6e5f21caa840b28ab795afe371ff4ff2c47180e731017e289
CLIENT_TRAFFIC_SECRET_0 38682bb7050922695de59e18f595673487b8aa777e08fce89f075dc7794994b2 36121cb16c91926502d185b262768de4e6ed084eab909eba5106d154aa8e4adf
SERVER_TRAFFIC_SECRET_0 38682bb7050922695de59e18f595673487b8aa777e08fce89f075dc7794994b2 459b3369e62efa8262260716681567784d8bb9616262a5266a349f0ef147f4f3
CLIENT_HANDSHAKE_TRAFFIC_SECRET e0ecdb8d9bf813ad2721ed42d01f3d8731422dd6ff7dcbf3660c1d6cc9d0c3bc 3c970375242248ff926b78f51b17a7a5df87e518a1ac786dcfaff81b7736bc48
SERVER_HANDSHAKE_TRAFFIC_SECRET e0ecdb8d9bf813ad2721ed42d01f3d8731422dd6ff7dcbf3660c1d6cc9d0c3bc 71e24c198d2c14b5fc7bface79e918e98d00ae313f3b03952aae8761048e6a9b
CLIENT_TRAFFIC_SECRET_0 e0ecdb8d9bf813ad2721ed42d01f3d8731422dd6ff7dcbf3660c1d6cc9d0c3bc 78f4076ea7de72b8c533491b43c4ff287b856d81e850a11783837f453a04145c
SERVER_TRAFFIC_SECRET_0 e0ecdb8d9bf813ad2721ed42d01f3d8731422dd6ff7dcbf3660c1d6cc9d0c3bc 51b7e8de673887726ae770f7da400aa5a6e72840c35084170739265886f0772a
CLIENT_HANDSHAKE_TRAFFIC_SECRET 1d66e2d5495aec817cf37c78b853e4351c150bb83cee6f13ff17aa9eee02aa5c 84dd5538b18dc6da2b2ac0ed9eb97a073025ce606798d74fdf2bb35bfea2af58
SERVER_HANDSHAKE_TRAFFIC_SECRET 1d66e2d5495aec817cf37c78b853e4351c150bb83cee6f13ff17aa9eee02aa5c 6706a63ee3d0c541889cccef3f9c7cbfbe3d7e5fce59dae559ac6e957c9f6f2f
CLIENT_TRAFFIC_SECRET_0 1d66e2d5495aec817cf37c78b853e4351c150bb83cee6f13ff17aa9eee02aa5c fe63a68c67cc7618519fdcc3e399baee1253ac6a6bb1d65bfb07f59fbb4ae708
SERVER_TRAFFIC_SECRET_0 1d66e2d5495aec817cf37c78b853e4351c150bb83cee6f13ff17aa9eee02aa5c aab5190676b9116af07c45d12abc0784d559bcf85293adbcbe191b33661468e0
CLIENT_HANDSHAKE_TRAFFIC_SECRET a49c544cd92138b4743a4d73779733485446ca6b7a5dc592211909f29a51dbea 4ccc7b3fdea240aa3d7dc9c3320e39beb825ba311049fa8cf6be134556d735da
SERVER_HANDSHAKE_TRAFFIC_SECRET a49c544cd92138b4743a4d73779733485446ca6b7a5dc592211909f29a51dbea 193d26f5b8aefe46d9b2f03f80ca771864ef189d7a71546e091e98da74e477b4
CLIENT_TRAFFIC_SECRET_0 a49c544cd92138b4743a4d73779733485446ca6b7a5dc592211909f29a51dbea 100e67266bedc2935ba369e957c784efb967cd0293258044bf0fb00c84776345
SERVER_TRAFFIC_SECRET_0 a49c544cd92138b4743a4d73779733485446ca6b7a5dc592211909f29a51dbea b52ddf83dcb3a110e341ef850ec8fdd6365dbf29887d9fa5328ccf5257598fd8
CLIENT_HANDSHAKE_TRAFFIC_SECRET b7eb0a149b91b2f73264ff5607e642a1f0823f16e0cef766c00bdb7f4d8a54f7 e7108f845570b6d8c8ba4f22ff1ed43b88991e1d467285a655dfc8ef650aa59a
SERVER_HANDSHAKE_TRAFFIC_SECRET b7eb0a149b91b2f73264ff5607e642a1f0823f16e0cef766c00bdb7f4d8a54f7 fc1c50a19e2818992c5262bc1c3eef268300feef3ce6dd76ba0062cd8590001f
CLIENT_TRAFFIC_SECRET_0 b7eb0a149b91b2f73264ff5607e642a1f0823f16e0cef766c00bdb7f4d8a54f7 51c5c1d95423124e52e47fe3854fbcc64674a709a17e062f041bfd15e23d299e
SERVER_TRAFFIC_SECRET_0 b7eb0a149b91b2f73264ff5607e642a1f0823f16e0cef766c00bdb7f4d8a54f7 cf102194ee2cb7365b26d3ad4618bf951af89cb625b45b1804d0aa0bb72ebab5
CLIENT_HANDSHAKE_TRAFFIC_SECRET 90dfa2908f605271768eb219ef91c2463301c2932e28bba620874d8173ff53c3 176440753c808be1c9f6b586b8e1f971961c0ab9ac9c093c2aed927c70755a26
SERVER_HANDSHAKE_TRAFFIC_SECRET 90dfa2908f605271768eb219ef91c2463301c2932e28bba620874d8173ff53c3 6be5c522998ab30cfb26c40e600b9a81be0ea417e6a660d2b9fcfc685d10bde9
CLIENT_TRAFFIC_SECRET_0 90dfa2908f605271768eb219ef91c2463301c2932e28bba620874d8173ff53c3 814b17a7539a68e4e32bd419c2f3ab1f1045a70c12c2fd32e20e34b2b6b0cd37
SERVER_TRAFFIC_SECRET_0 90dfa2908f605271768eb219ef91c2463301c2932e28bba620874d8173ff53c3 7e17906d88f9e710e72083eb2064cc101e366e77d28fad2f839cae6396f31654
CLIENT_HANDSHAKE_TRAFFIC_SECRET ce4defec123982ebc2b54b88c0cb5f3175b87b954c1403eecb2e7ed074218bd6 657b101f45157776cd39d02bf596777b3ca1d3f7ce1eda85507aa928d0a38e0d
SERVER_HANDSHAKE_TRAFFIC_SECRET ce4defec123982ebc2b54b88c0cb5f3175b87b954c1403eecb2e7ed074218bd6 61b94f456c2e4e2b00d59150d06f7195d23c53e02794daf8bfe15d618c4322bd
CLIENT_TRAFFIC_SECRET_0 ce4defec123982ebc2b54b88c0cb5f3175b87b954c1403eecb2e7ed074218bd6 ff33feb946c2a449915a1668af0ab3f0675aa67ec904e8e9d558283ad303b067
SERVER_TRAFFIC_SECRET_0 ce4defec123982ebc2b54b88c0cb5f3175b87b954c1403eecb2e7ed074218bd6 32f4a3a3463c3fd8938fed520d64b9c33163d0f7c9e017af0b8ae9a386fde301
CLIENT_HANDSHAKE_TRAFFIC_SECRET 6148060c23aa3262c1f774f763cc76751103008501f239b609ece99fc00fe77c abd892d336189807240459794eb6abda2dd87fd7b508b351879dcdc8a8a51315
SERVER_HANDSHAKE_TRAFFIC_SECRET 6148060c23aa3262c1f774f763cc76751103008501f239b609ece99fc00fe77c 1985984ffe5b8f9abc706a644c234b2a123e844be2fd901c0c5608a0417d7032
CLIENT_TRAFFIC_SECRET_0 6148060c23aa3262c1f774f763cc76751103008501f239b609ece99fc00fe77c 736d5bc343edac6ab45e3d4e5a000a4d205a867bb8ed528aa6ad863b70017728
SERVER_TRAFFIC_SECRET_0 6148060c23aa3262c1f774f763cc76751103008501f239b609ece99fc00fe77c 5321d82763becf522f3f4a9acb328a35d726f1b88b6469f87ae78b75533d9fd1
CLIENT_HANDSHAKE_TRAFFIC_SECRET 9de301151b3db8fc9836e7ab71c5da2666142c489f9c678318ff27c8ab1197b4 8458b78a90ca63b7c694894f4eb86c9ff0f06e803ff98e53e7a9274dd4506781
SERVER_HANDSHAKE_TRAFFIC_SECRET 9de301151b3db8fc9836e7ab71c5da2666142c489f9c678318ff27c8ab1197b4 14d2cae51d9e0a5792560b4ad12fda12f8cd1b7c3eea65bddd898a1a9c26146a
CLIENT_TRAFFIC_SECRET_0 9de301151b3db8fc9836e7ab71c5da2666142c489f9c678318ff27c8ab1197b4 3baf54d70d2537a361906a91ae68eb735ef34b4923cf7c58c0e6b143d96acf51
SERVER_TRAFFIC_SECRET_0 9de301151b3db8fc9836e7ab71c5da2666142c489f9c678318ff27c8ab1197b4 3c18164c1cf92afcfc1128904bf5f731f6e5e591e7e6307bb801c1a2ff154e30
CLIENT_HANDSHAKE_TRAFFIC_SECRET ef9053848bea0e15cc547915a6a9cf5fc60b53272a08582f0ea56deb6741d79b 8e0aaa63fc7cfed3d9904925dc1f2ec4e502ef5a54ec4c7bdffadd3e3b779194
SERVER_HANDSHAKE_TRAFFIC_SECRET ef9053848bea0e15cc547915a6a9cf5fc60b53272a08582f0ea56deb6741d79b bed57c78c912bb123517706b84c47c296be9fa71bc0392b3d080c269686c880d
CLIENT_TRAFFIC_SECRET_0 ef9053848bea0e15cc547915a6a9cf5fc60b53272a08582f0ea56deb6741d79b da4a0ad1aa7f92f81c8a71c085d1b8d3da779ce2786910aaaa82abc35bc9355e
SERVER_TRAFFIC_SECRET_0 ef9053848bea0e15cc547915a6a9cf5fc60b53272a08582f0ea56deb6741d79b a9df5884e49f0cf2a32658aa4b89d812813533a2c0efbf4f9e0ee7cb4008c6b7
CLIENT_HANDSHAKE_TRAFFIC_SECRET 86f8e65db86ee7a3c1af21738661acae59b877d73c2e7cfbce5600ad6bf6d20e a4b6d5b678b161635d6881a6ab6f5c42a161fdcca940d7109a0ea24016718fb4
SERVER_HANDSHAKE_TRAFFIC_SECRET 86f8e65db86ee7a3c1af21738661acae59b877d73c2e7cfbce5600ad6bf6d20e dfa3c0c7feed62b3ad577e18e1703d992565629c90878afacac5ac3d87cade94
CLIENT_TRAFFIC_SECRET_0 86f8e65db86ee7a3c1af21738661acae59b877d73c2e7cfbce5600ad6bf6d20e 115b3c17dcce3b18bb89dd09dd03af51360a03fa8dc7323197ea57fe0cab886d
SERVER_TRAFFIC_SECRET_0 86f8e65db86ee7a3c1af21738661acae59b877d73c2e7cfbce5600ad6bf6d20e 482ab41e19a9af49ded618f7ad4a3c702248a4f8d08ba34e8ecb14e3e5ff84a9
CLIENT_HANDSHAKE_TRAFFIC_SECRET 45ad2e1e8513f112ca9d938e6b712373451abec6f8daa0211147a354979f1b2b c60e596b07940b310af1c8e1f309497c4391508a030eacdb0d5ebe97ed1aa7d3
SERVER_HANDSHAKE_TRAFFIC_SECRET 45ad2e1e8513f112ca9d938e6b712373451abec6f8daa0211147a354979f1b2b 371ecfa7ecefc9794a6b60c5bc133d7473bbd527949d6b1a552269555c810240
CLIENT_TRAFFIC_SECRET_0 45ad2e1e8513f112ca9d938e6b712373451abec6f8daa0211147a354979f1b2b 3e9e3d8ba5a8b0c50135d267f13b666478fcafd9fc6788fa71bc8def80207469
SERVER_TRAFFIC_SECRET_0 45ad2e1e8513f112ca9d938e6b712373451abec6f8daa0211147a354979f1b2b bd69e35e1ead3adaa2f68f1461a476c6441ef8c12c6277857bbe1465f3f68e28
CLIENT_HANDSHAKE_TRAFFIC_SECRET e655b26eb0e016903079d274e9fb0ef837d4dbaa6e7336ca5a1de6028ebc2d37 2e7501c50909e5cc8bb0f9751fb8be7daedcef02097df8aee0003fcf8c87e68b
SERVER_HANDSHAKE_TRAFFIC_SECRET e655b26eb0e016903079d274e9fb0ef837d4dbaa6e7336ca5a1de6028ebc2d37 cbd8f7c06835977eff08c825c7d6b0464abf6666b3379cf1e599a13475a87930
CLIENT_TRAFFIC_SECRET_0 e655b26eb0e016903079d274e9fb0ef837d4dbaa6e7336ca5a1de6028ebc2d37 3bd9c170fea0854fd5954b5d3b60435dcab51ee5e0ff83eb45ac7b2f55643080
SERVER_TRAFFIC_SECRET_0 e655b26eb0e016903079d274e9fb0ef837d4dbaa6e7336ca5a1de6028ebc2d37 85c32f24317faab92a8cbd10b36f998555890b5657e0d6eb2b1ee94d56f2d861
CLIENT_HANDSHAKE_TRAFFIC_SECRET eb81fa171a20d59e512a4297942d3111b2fa8268508818c5dee6f3df83feb33d 9b900ddea3d59aa65e1e5f3880b11465261283ae6cf0d0eb05fad1e31c1700cc
SERVER_HANDSHAKE_TRAFFIC_SECRET eb81fa171a20d59e512a4297942d3111b2fa8268508818c5dee6f3df83feb33d c29fab20fbfaef75d25a795fdd22d1e67a6524b9db931609b858968d657d7383
CLIENT_TRAFFIC_SECRET_0 eb81fa171a20d59e512a4297942d3111b2fa8268508818c5dee6f3df83feb33d 683b7c46873f26360bbc941948a517cc2ffb6d62021cb1963b3b4f5932dda148
SERVER_TRAFFIC_SECRET_0 eb81fa171a20d59e512a4297942d3111b2fa8268508818c5dee6f3df83feb33d d7a3e7e8acf34cba28d2a2cd1fd9d0c7b7cdfbbecfa2ef37be404344a6cffffc
CLIENT_HANDSHAKE_TRAFFIC_SECRET 5f2fa40dfd4745443108d598da8aab7c1c4d4d915e491fb0e1d471a70a564a2e d3276ef953cdc1b68b6d8c319cea551bc0e623332e438c7982f829f6b4932176
SERVER_HANDSHAKE_TRAFFIC_SECRET 5f2fa40dfd4745443108d598da8aab7c1c4d4d915e491fb0e1d471a70a564a2e 41dbb14c775c57b0f0196a4c64482a721d754b84d10e3d6d0899ff5208957042
CLIENT_TRAFFIC_SECRET_0 5f2fa40dfd4745443108d598da8aab7c1c4d4d915e491fb0e1d471a70a564a2e 41eb0de35614ef58c21e65699dc7e913f283b1b36f1d7b7ad60ccc4f877808eb
SERVER_TRAFFIC_SECRET_0 5f2fa40dfd4745443108d598da8aab7c1c4d4d915e491fb0e1d471a70a564a2e 2f35f39251406b31087e75084321aead69ffd6d1d147dce7ad077f3149791e6b
CLIENT_HANDSHAKE_TRAFFIC_SECRET 6f5b0399de325ecfa7dfcf5a16f3892e24db9d21a1ca894fc36472ae3ea405ef e75580ce9d8bc663fddc2d3a2f17ba91044ee3444acdb5f739f23d5592c5d83a
SERVER_HANDSHAKE_TRAFFIC_SECRET 6f5b0399de325ecfa7dfcf5a16f3892e24db9d21a1ca894fc36472ae3ea405ef 15f7d2337cb6a2dc16f5b290399557f7cf69014e5e134538889152cd3569e228
CLIENT_TRAFFIC_SECRET_0 6f5b0399de325ecfa7dfcf5a16f3892e24db9d21a1ca894fc36472ae3ea405ef 3421e44155479485a546ce732b8e1eba569e8f818580cd5dc2500d64f9a8ea14
SERVER_TRAFFIC_SECRET_0 6f5b0399de325ecfa7dfcf5a16f3892e24db9d21a1ca894fc36472ae3ea405ef c63b8ccf2c172836483f798c8b4711f42373d1808d42d7b04f88f3b982c4568c
CLIENT_HANDSHAKE_TRAFFIC_SECRET 767bb4230ab840a085237d7f823b464ae471bad973cba48fc83369c6ad1bab11 4fb88bd0ad414225dc2fbcd58cd5c4f09ca2003cf32d1b1cb8d0b4c11945cb0e
SERVER_HANDSHAKE_TRAFFIC_SECRET 767bb4230ab840a085237d7f823b464ae471bad973cba48fc83369c6ad1bab11 15c25863ab282afc8f2938e9798576ef411a05305ed9a328f4d05d3641815d7e
CLIENT_TRAFFIC_SECRET_0 767bb4230ab840a085237d7f823b464ae471bad973cba48fc83369c6ad1bab11 eb5415ef97f0511f4fd0d6ca639349b04b8a8c7944d78ab3707d9c3d84a6f7e8
SERVER_TRAFFIC_SECRET_0 767bb4230ab840a085237d7f823b464ae471bad973cba48fc83369c6ad1bab11 5527da053ed3278e4e6754c171dd8e245d3d31ee4d1dc00abe654b211e8c4dfd
CLIENT_HANDSHAKE_TRAFFIC_SECRET fb1179ea49ec117da1652ffaa3519089881c7107cf583a4c72d4620617fbb913 8de9c6deea30eecdda4c71229683452d3488fe8344db518d8e6982bca827ea29
SERVER_HANDSHAKE_TRAFFIC_SECRET fb1179ea49ec117da1652ffaa3519089881c7107cf583a4c72d4620617fbb913 2980758da95cd5e8615bcd22d2e03a4369a9fa443bd0c7f7272124188a2475e5
CLIENT_TRAFFIC_SECRET_0 fb1179ea49ec117da1652ffaa3519089881c7107cf583a4c72d4620617fbb913 5ce61e2d29530d0787c6f91b51536b2e679e42f7089868b80730d17c91f3bc12
SERVER_TRAFFIC_SECRET_0 fb1179ea49ec117da1652ffaa3519089881c7107cf583a4c72d4620617fbb913 aad7ae8d7299ffb333f6f9158a0ad8f010707e5c756004796abc4450beb69a9e
CLIENT_HANDSHAKE_TRAFFIC_SECRET 10bc1acf829785129ad989aa7e9f8a4a299044480173f9d14fa563c8b21259bc 5535c79c72b8dee9bde6a2a457049f40b1c262596bef79b9cc926eaa966fc1d1
SERVER_HANDSHAKE_TRAFFIC_SECRET 10bc1acf829785129ad989aa7e9f8a4a299044480173f9d14fa563c8b21259bc b7c9a7bcc5a12c5ee3ba756b9ba15661f4ffcb0e8b264aaa2581b937a1e49271
CLIENT_TRAFFIC_SECRET_0 10bc1acf829785129ad989aa7e9f8a4a299044480173f9d14fa563c8b21259bc 6ed4e717bc1bd3b974b68f3e5032142daf9a0296946928f6c938cc8ed5b2da65
SERVER_TRAFFIC_SECRET_0 10bc1acf829785129ad989aa7e9f8a4a299044480173f9d14fa563c8b21259bc 660ff70762bd8ea8273047230656f845745a20ea0b7c12940694e2f423ff63bd
CLIENT_HANDSHAKE_TRAFFIC_SECRET 13a80aea4880ea9c53e3cec981c5effeea0e8453ebb31f75363966d0d838162e 2e8eb3ee761ac7608cb95a23025cd294de0aaf5f5e146517c98cdcac025e2960
SERVER_HANDSHAKE_TRAFFIC_SECRET 13a80aea4880ea9c53e3cec981c5effeea0e8453ebb31f75363966d0d838162e bfabb3d6ab84ad5a0ed8646303a4ce3ee4adbcd284e0d9d7b9f2186ab07d5ba6
CLIENT_TRAFFIC_SECRET_0 13a80aea4880ea9c53e3cec981c5effeea0e8453ebb31f75363966d0d838162e 94058266e6f0b92a00730387727569eb83a3db7f16cd542763afa47b43ba4025
SERVER_TRAFFIC_SECRET_0 13a80aea4880ea9c53e3cec981c5effeea0e8453ebb31f75363966d0d838162e 3081d55548d9f1a9fa859e1bf1714e78347e59f6bb36e1c2685e689a58cca756
CLIENT_HANDSHAKE_TRAFFIC_SECRET 0cd2acda1bed322b42369c86a133709348f9a950ef04b8d53e9709228c57ad7d 6cd316a605839dcc3c427779ad08fc85d415b1c14512b8bbb3ec0e21914fd646
SERVER_HANDSHAKE_TRAFFIC_SECRET 0cd2acda1bed322b42369c86a133709348f9a950ef04b8d53e9709228c57ad7d a34f0936e9f106a3451d5c77ed3b128cdd984109fcdce6f08e9b51d7f4603fc3
CLIENT_TRAFFIC_SECRET_0 0cd2acda1bed322b42369c86a133709348f9a950ef04b8d53e9709228c57ad7d 57ca64b2509fd10e90c3f54932551735dc7813634dc6d4776c27b7303a0922b9
SERVER_TRAFFIC_SECRET_0 0cd2acda1bed322b42369c86a133709348f9a950ef04b8d53e9709228c57ad7d 82fb4c76ef0ca4bb8fa21474e89a4f9bb5253c9b817beb659ce98c0c200ca012
CLIENT_HANDSHAKE_TRAFFIC_SECRET b7a621884ca4f0147c56361ab715b708bd56d48153a36fc8406589af33993ce1 c9cc637e5b262a5db2ea1e565ae98cdc6f8580f4e06a64ae2019307187152bf5
SERVER_HANDSHAKE_TRAFFIC_SECRET b7a621884ca4f0147c56361ab715b708bd56d48153a36fc8406589af33993ce1 bb38c8e5b2afd2b208d99fe781bc64d95076071924adaef1d1f38d0bd0f6a07e
CLIENT_TRAFFIC_SECRET_0 b7a621884ca4f0147c56361ab715b708bd56d48153a36fc8406589af33993ce1 82d7673151087e5c3d06724397c94ea411fe02ccf8d8b78b886073c441b801a4
SERVER_TRAFFIC_SECRET_0 b7a621884ca4f0147c56361ab715b708bd56d48153a36fc8406589af33993ce1 55e409f3daa70dcd5406fc0d5dc8288036829f2c1ab054086a03a2e14b71577a
CLIENT_HANDSHAKE_TRAFFIC_SECRET 97b91d37027aed66a0fc790beb7589c70a8fd7599b31fcfd67dcfbd70d314b78 bf9a29faf25b3e77299f0d2e0022814500bb5fa7d163de5216fed3f02c084fd3
SERVER_HANDSHAKE_TRAFFIC_SECRET 97b91d37027aed66a0fc790beb7589c70a8fd7599b31fcfd67dcfbd70d314b78 57079b3264df836187c707e4c6be61dedc7db820a599d6b868265b877e3c98c9
CLIENT_TRAFFIC_SECRET_0 97b91d37027aed66a0fc790beb7589c70a8fd7599b31fcfd67dcfbd70d314b78 41a7bb7f1ef70371e575f212f65fa1b2c1e00abc15023c6e0bea3375d1df11b5
SERVER_TRAFFIC_SECRET_0 97b91d37027aed66a0fc790beb7589c70a8fd7599b31fcfd67dcfbd70d314b78 69c7c459c05b0426cc9f493a30c5eb4624264578927e573b053e3c3f9941a038
CLIENT_HANDSHAKE_TRAFFIC_SECRET 499e939914801a5117463a6b1a475621c741026d1f8258b353192091eb23e05c b55dc8967f5f66b4e469ee09e04cf1ca4ca98ce4ceb0e339327476371fe02088
SERVER_HANDSHAKE_TRAFFIC_SECRET 499e939914801a5117463a6b1a475621c741026d1f8258b353192091eb23e05c 23fa0b39bf9f95c50a3a774ce37f43e3235b1d090e9cf0514e3fc88b79f05f7c
CLIENT_TRAFFIC_SECRET_0 499e939914801a5117463a6b1a475621c741026d1f8258b353192091eb23e05c 94ef23b3bee0dbbd4274d2f9382de49e2b80a6a3ba1dd71623c3b58ca90417dc
SERVER_TRAFFIC_SECRET_0 499e939914801a5117463a6b1a475621c741026d1f8258b353192091eb23e05c bdc61631a302c7d7fd26246074c19bb7587ae3539c1604b7a518c0642386a593
CLIENT_HANDSHAKE_TRAFFIC_SECRET 9d64fc3a1e4f79a61acf4acd14e6bde496deca3e635527a9ca7459896b298092 06a1cc63369208b77237d0995e0099285498d3a3b566f76fc6772ed8b308162d
SERVER_HANDSHAKE_TRAFFIC_SECRET 9d64fc3a1e4f79a61acf4acd14e6bde496deca3e635527a9ca7459896b298092 13506ec22dfcf8ea5a11cadff99c80baf5acf954974bc7c3f2e75f1501d6bec6
CLIENT_TRAFFIC_SECRET_0 9d64fc3a1e4f79a61acf4acd14e6bde496deca3e635527a9ca7459896b298092 41eb3ec8858c29afe474f5ec3bc8d6446909c8cecf1877ee79b73f6cc053ab17
SERVER_TRAFFIC_SECRET_0 9d64fc3a1e4f79a61acf4acd14e6bde496deca3e635527a9ca7459896b298092 356b186cdf2fe9d57d5a8d16e483671827f3d999cbed7000a902b8f9e1e241ff
CLIENT_HANDSHAKE_TRAFFIC_SECRET 0e55fda1f117f1da2b0d311ca15369c75bc6d2908decf673225988b62a02d040 993f8947b7c1a0a3853f83ac3e5c362a4ef760e159ac15aac730186bc1d584a3
SERVER_HANDSHAKE_TRAFFIC_SECRET 0e55fda1f117f1da2b0d311ca15369c75bc6d2908decf673225988b62a02d040 1aaf48665d3b17b7b19bddfd41bdd378c9349815845176dbff51ea03cc4f77a6
CLIENT_TRAFFIC_SECRET_0 0e55fda1f117f1da2b0d311ca15369c75bc6d2908decf673225988b62a02d040 8d0263745303319459efdf8f7a682b512a80bcb627cd89e89418c89ba550b22c
SERVER_TRAFFIC_SECRET_0 0e55fda1f117f1da2b0d311ca15369c75bc6d2908decf673225988b62a02d040 e0334bf4101511f9737c82462856f59d65ed31c83dc2da13b7bc93b9c8748669
CLIENT_HANDSHAKE_TRAFFIC_SECRET 08c91f62468a16938bb6d3801eba5ac099b59b4dcb0297b88af4617f45c64395 26b077c94b93f91c8d5eff07ee1f2017c956fa85ff5df3c833afa4d65f09bf69
SERVER_HANDSHAKE_TRAFFIC_SECRET 08c91f62468a16938bb6d3801eba5ac099b59b4dcb0297b88af4617f45c64395 fac32c30696bc9826e528d49be45b3e0363ad4bf26c8c1c68a32f617a4f8a17b
CLIENT_TRAFFIC_SECRET_0 08c91f62468a16938bb6d3801eba5ac099b59b4dcb0297b88af4617f45c64395 e91755601cc2c6da61429fe213b0a2149a48440b0b7af0cea216bd654200c3ff
SERVER_TRAFFIC_SECRET_0 08c91f62468a16938bb6d3801eba5ac099b59b4dcb0297b88af4617f45c64395 a8ddb45142d5db2ea9c8dee51a6f8c222ebc1912a456211dc5856f0b550a8a7e
CLIENT_HANDSHAKE_TRAFFIC_SECRET a8d8820cf54d78d91af6951873d5930955ede7d784ed4279912568ece085fb37 fc9fa2ba6c16bf4de97c3df8f3972922414a31514215d666444172dd3ea571c2
SERVER_HANDSHAKE_TRAFFIC_SECRET a8d8820cf54d78d91af6951873d5930955ede7d784ed4279912568ece085fb37 2399b6b8ecaa014e9c86c2fe25606fb4aad105a91debbf7f25f982904a1be81e
CLIENT_TRAFFIC_SECRET_0 a8d8820cf54d78d91af6951873d5930955ede7d784ed4279912568ece085fb37 ff3c5e1c7b568075de73c24c257edcc96d71f0e5d597f133d7ee1ad9940e50bf
SERVER_TRAFFIC_SECRET_0 a8d8820cf54d78d91af6951873d5930955ede7d784ed4279912568ece085fb37 9a4fe5dd83b7e0ccf1fcfb9134d76909d43d4ba42fd9cb34697c9b8cc5d5fc49
CLIENT_HANDSHAKE_TRAFFIC_SECRET ad4bb54a67918051aeed0a0a43f0e5e104146f45ae97928f335dfa82239f7444 8fe8d070f389880a87dd75dedd7db73ae6b61401f13788e584e614aa6a1ae144
SERVER_HANDSHAKE_TRAFFIC_SECRET ad4bb54a67918051aeed0a0a43f0e5e104146f45ae97928f335dfa82239f7444 bee82d61dd16b94f0ee1c63aa5752a5ea470fd3f3802c3543ee653d7d5496cd7
CLIENT_TRAFFIC_SECRET_0 ad4bb54a67918051aeed0a0a43f0e5e104146f45ae97928f335dfa82239f7444 9f350db39aca04f2e31976e1bfca5de97eca7056c493e752f7f36b4d24792eb6
SERVER_TRAFFIC_SECRET_0 ad4bb54a67918051aeed0a0a43f0e5e104146f45ae97928f335dfa82239f7444 cd84de84ac0ecb7ef66c4a7e0a1cc62eacd83d520fb8f85f3ea7b07a3baf55ec
CLIENT_HANDSHAKE_TRAFFIC_SECRET 50bc7f986987fffe6d9e227bb2fd5ac444c1c139a2ca8cf05ae069d303c285c7 b15b4f85672109d1b043901b8c99677bed2c22e70fb7018dd733c58c671c8c4e
SERVER_HANDSHAKE_TRAFFIC_SECRET 50bc7f986987fffe6d9e227bb2fd5ac444c1c139a2ca8cf05ae069d303c285c7 b166fe67d572dd3e67450fc2b7adf81bf50f48117276fc2ce6eadcb77eef1dd1
CLIENT_TRAFFIC_SECRET_0 50bc7f986987fffe6d9e227bb2fd5ac444c1c139a2ca8cf05ae069d303c285c7 e482e359a9ea8340dc06f5e9f5491839581fa0fa2e007efa7976d20b22512cf4
SERVER_TRAFFIC_SECRET_0 50bc7f986987fffe6d9e227bb2fd5ac444c1c139a2ca8cf05ae069d303c285c7 70f3dd4caafabb5f181509aea29558b23913417bb05d077f1f5e80c7b9e9c876
CLIENT_HANDSHAKE_TRAFFIC_SECRET d332666fb6c5b052074778637bad2b5ec2ea5336cd144b17932073c7874ec3d8 38bcde346b7adc560bc047c08d27b374d48495af6329698106025c315ff156d3
SERVER_HANDSHAKE_TRAFFIC_SECRET d332666fb6c5b052074778637bad2b5ec2ea5336cd144b17932073c7874ec3d8 b97a3c7b42ef80045cd13e8165d029de247e9bbbd77e518e2578475b74d38e95
CLIENT_TRAFFIC_SECRET_0 d332666fb6c5b052074778637bad2b5ec2ea5336cd144b17932073c7874ec3d8 fedc816b6a063c0d10380ab63ccd93a09c703bcbad51a44d15b1e4d8a67a0ac3
SERVER_TRAFFIC_SECRET_0 d332666fb6c5b052074778637bad2b5ec2ea5336cd144b17932073c7874ec3d8 a2e4029efe0f4a5e1dd4cdbfdfcd1e8798a3e9932d18f2a6f7f79abf06e2c9c3
CLIENT_HANDSHAKE_TRAFFIC_SECRET db68df40d52d0fe0143d4c8758c228be10d02e13e3572a874f78a3a4a837abb7 90b8d39baf281dc1bb6f042f9ecc4a70f540156a5565d391b7962e399715f592
SERVER_HANDSHAKE_TRAFFIC_SECRET db68df40d52d0fe0143d4c8758c228be10d02e13e3572a874f78a3a4a837abb7 76613a63cd740eaf56058256ba862247ef3b3dbd08642ba5ab8bfad896331eac
CLIENT_TRAFFIC_SECRET_0 db68df40d52d0fe0143d4c8758c228be10d02e13e3572a874f78a3a4a837abb7 dd3eb680db999700a4fdd84fcfa88ca442a55f275f89d011853e4d9d264276f0
SERVER_TRAFFIC_SECRET_0 db68df40d52d0fe0143d4c8758c228be10d02e13e3572a874f78a3a4a837abb7 a6dc3f6b0383e08238e057ee7e568ce66c9884b27e6545a4eb0e276a0206418e
CLIENT_HANDSHAKE_TRAFFIC_SECRET 186844f2e0daf7e8075ea9ddf07400ee00fdb8153cd90ae4e658b242a3b5d757 d22334ad6f4f4b405589d259312b28c39a774b0617852363a1fbd5d60eb0ae6b
SERVER_HANDSHAKE_TRAFFIC_SECRET 186844f2e0daf7e8075ea9ddf07400ee00fdb8153cd90ae4e658b242a3b5d757 23315164891c3f94b5c7b03a84e7edc55680c9d6ffb86e4884de6d11a03e0f46
CLIENT_TRAFFIC_SECRET_0 186844f2e0daf7e8075ea9ddf07400ee00fdb8153cd90ae4e658b242a3b5d757 e42c2e31f691a5d280d42a7168f247d0fccfd4dea5da411119e171083608e9cd
SERVER_TRAFFIC_SECRET_0 186844f2e0daf7e8075ea9ddf07400ee00fdb8153cd90ae4e658b242a3b5d757 170eadff12e4d41928140a67c8ba8200c339b2af33effbc83a7eb564e4f5a1a7
CLIENT_HANDSHAKE_TRAFFIC_SECRET 4e1cb8b3d19c39d2fc22b705609bf87381a80907baca705cad4810a0538bd2b2 62284063d56d39661e1643bde823d755baf35c81f48fc4e7a40660d328c3c277
SERVER_HANDSHAKE_TRAFFIC_SECRET 4e1cb8b3d19c39d2fc22b705609bf87381a80907baca705cad4810a0538bd2b2 775c6bdb1fb7cd2569d4aef5ea63ec5284bae57317b0688b3542777e3357e312
CLIENT_TRAFFIC_SECRET_0 4e1cb8b3d19c39d2fc22b705609bf87381a80907baca705cad4810a0538bd2b2 231aac480fba6a832c0bfe355bd3e541e9ea68698ceb241ecb4deb89bbeb7379
SERVER_TRAFFIC_SECRET_0 4e1cb8b3d19c39d2fc22b705609bf87381a80907baca705cad4810a0538bd2b2 4d3f4933842e58745176614fef930bab3eee7764df6bfb0b00e0dc92cfea0ef6
CLIENT_HANDSHAKE_TRAFFIC_SECRET b96eca35323f4fef89e35a973f41725d06f85e7ca042e650b4c4738edecc8fc4 0d1f90969a73194bab6cb23e252039eed22dd457774bf492e0031828f12ef803
SERVER_HANDSHAKE_TRAFFIC_SECRET b96eca35323f4fef89e35a973f41725d06f85e7ca042e650b4c4738edecc8fc4 9c1b14eedea057570111f6005828e374524b148b7ebc50d0686297ad9cf67814
CLIENT_TRAFFIC_SECRET_0 b96eca35323f4fef89e35a973f41725d06f85e7ca042e650b4c4738edecc8fc4 5ba1c82995907ca25965be1d6823678c3b83912c37c024aa85c935efc7d9ac3c
SERVER_TRAFFIC_SECRET_0 b96eca35323f4fef89e35a973f41725d06f85e7ca042e650b4c4738edecc8fc4 6b0c9fc3ec5e642587270933f6c494443630c6adb8a1600f117762ef3b703178
CLIENT_HANDSHAKE_TRAFFIC_SECRET 7f5a7d0af907fb4e869ea788a0208443984f92d5737a4cc14327ac4945f015aa 797472c7f00b78e3afa962b0d867b3d27df325eef6292ebbecef0ec2ccf5f252
SERVER_HANDSHAKE_TRAFFIC_SECRET 7f5a7d0af907fb4e869ea788a0208443984f92d5737a4cc14327ac4945f015aa 73ba7c6df8c9fbd99613141ea203f31cd112e2891742ba26289ec1f6600f0b7c
CLIENT_TRAFFIC_SECRET_0 7f5a7d0af907fb4e869ea788a0208443984f92d5737a4cc14327ac4945f015aa 3ab9ca748cc8920ef3cb265cf8e3a94dc92771c6e1aa12d83d0d516db2bb572c
SERVER_TRAFFIC_SECRET_0 7f5a7d0af907fb4e869ea788a0208443984f92d5737a4cc14327ac4945f015aa 4a1952d3cc965f089739653d6f4172c3ee516011a6e5dabda00cee8af0687553
CLIENT_HANDSHAKE_TRAFFIC_SECRET 25e132a074c308f7fdc230d983318bae31698e5f1d3953498980e64665eaf903 f15a912f0541ca757639328e4e2efa66b60c767386fb21692ea3bb61613f8880
SERVER_HANDSHAKE_TRAFFIC_SECRET 25e132a074c308f7fdc230d983318bae31698e5f1d3953498980e64665eaf903 2bffa3764a4aa33d9f95cea1b9feb84e2393ffb5afcb0d0d35b280d2a7678ce5
CLIENT_TRAFFIC_SECRET_0 25e132a074c308f7fdc230d983318bae31698e5f1d3953498980e64665eaf903 665809dbcfc78f4172cb1210c99d9f84b147a2a38918361ca25f91578f265567
SERVER_TRAFFIC_SECRET_0 25e132a074c308f7fdc230d983318bae31698e5f1d3953498980e64665eaf903 3d2838aab6e1e8bdd57caea3efd337ca6962fcf96930cacd2094153208f79398
CLIENT_HANDSHAKE_TRAFFIC_SECRET c51be58b85a5179921f801bed8148dade70119d2c503d13aa1d5fbe6d26ed720 2325a55e6fb7ac68e38f9f8c951852a3e0c8a8ff4515eb0807e6b0eb1d1cac6b
SERVER_HANDSHAKE_TRAFFIC_SECRET c51be58b85a5179921f801bed8148dade70119d2c503d13aa1d5fbe6d26ed720 47cb16002b624caa638457d3a685b351115056eac564a29755e39b4e2427e15e
CLIENT_TRAFFIC_SECRET_0 c51be58b85a5179921f801bed8148dade70119d2c503d13aa1d5fbe6d26ed720 d464dbc0fef446620ccbff22b6f633ba5dbfc64bb716dc1016810a05e4489d53
SERVER_TRAFFIC_SECRET_0 c51be58b85a5179921f801bed8148dade70119d2c503d13aa1d5fbe6d26ed720 14c8b9d8d086e615245e377e7c46ea296af5785b86f430a80c3270e2ad2d2ee3
CLIENT_HANDSHAKE_TRAFFIC_SECRET 7018602cfa9fa36e632e11ab30c27d042946b822d9d3979bb6122155a75db228 8f934694405dad8cdec5ff1fe3d1e8abdf5690b4a1a86169dda5ae0d1a7a76c4
SERVER_HANDSHAKE_TRAFFIC_SECRET 7018602cfa9fa36e632e11ab30c27d042946b822d9d3979bb6122155a75db228 eb0945d6e835f88cfc1cfc40c13e28a8c55b7a383d8e265cc2b3f70e9d97cd5b
CLIENT_TRAFFIC_SECRET_0 7018602cfa9fa36e632e11ab30c27d042946b822d9d3979bb6122155a75db228 67f2f18763de1b87207ebbc02baff175baed539dd49be76c98e4ac346ad97925
SERVER_TRAFFIC_SECRET_0 7018602cfa9fa36e632e11ab30c27d042946b822d9d3979bb6122155a75db228 23a7a9f435fe3cafb601c822f6a46f89feaca6258e9da37dacb660e7bd625b40
CLIENT_HANDSHAKE_TRAFFIC_SECRET f8e12f1dd2d7c1c34f89d1582387378e33333dba7a77b580de092606bef1debb 86939d8aae6fc84debf72e41d8cdac108d2683704f33431385330ad862167b83
SERVER_HANDSHAKE_TRAFFIC_SECRET f8e12f1dd2d7c1c34f89d1582387378e33333dba7a77b580de092606bef1debb 405163e9d510079ae8ade1a1f73c2a32cf6581cae6f2897a551810d308c2ad21
CLIENT_TRAFFIC_SECRET_0 f8e12f1dd2d7c1c34f89d1582387378e33333dba7a77b580de092606bef1debb fe4e477cd48676617a0b27281de52ca2f90cd82c1dafe892fc9b5090570ae55d
SERVER_TRAFFIC_SECRET_0 f8e12f1dd2d7c1c34f89d1582387378e33333dba7a77b580de092606bef1debb bc1595824aaeb22035392a3f104d0c844cfc39cff36f1aa001687c50757d2b08
CLIENT_HANDSHAKE_TRAFFIC_SECRET fde4e0b3a7d32ac73f8edbd123688395376878b524c2fd04783c214b40eee89c a93312f867ad99086392f960f44a7e21d094a7c6efc0af4f7c16de9f391c4aff
SERVER_HANDSHAKE_TRAFFIC_SECRET fde4e0b3a7d32ac73f8edbd123688395376878b524c2fd04783c214b40eee89c 733aac108cf389b098f75f1de5f01b731140f9c2aa80a0c424c6b345a7fcc111
CLIENT_TRAFFIC_SECRET_0 fde4e0b3a7d32ac73f8edbd123688395376878b524c2fd04783c214b40eee89c 1f3eb22aeea20257545e9d6cdab6adb9e0061f6b74d74c28a628a34c31e46a7a
SERVER_TRAFFIC_SECRET_0 fde4e0b3a7d32ac73f8edbd123688395376878b524c2fd04783c214b40eee89c a69dba5b17e7d941c972224190be7bab512ad634f15079948fe1eb5721680975
CLIENT_HANDSHAKE_TRAFFIC_SECRET 3c62f5757f0fc27f70ad9834307eccb1e2fb1d7fa7cf8bc2134eb445cb4b2c96 60faabd394b6b29b20038ea53211253dd71dc29e04c712a34ad67150cf1acff4
SERVER_HANDSHAKE_TRAFFIC_SECRET 3c62f5757f0fc27f70ad9834307eccb1e2fb1d7fa7cf8bc2134eb445cb4b2c96 16d563ea1b45d3a8770895cbec0312ba9a846114a98cbe72d9275cb0f988d417
CLIENT_TRAFFIC_SECRET_0 3c62f5757f0fc27f70ad9834307eccb1e2fb1d7fa7cf8bc2134eb445cb4b2c96 4a45fdaa048036fb1e58f3db05c3a179116c68e0a4310bebacaf69db8b8400a4
SERVER_TRAFFIC_SECRET_0 3c62f5757f0fc27f70ad9834307eccb1e2fb1d7fa7cf8bc2134eb445cb4b2c96 40dc141dc768dd9758cee76a26e3cfb13b5025386079e51b135faf277a76ea74
CLIENT_HANDSHAKE_TRAFFIC_SECRET 302cc61e25e7b9f3edbbaa2b313967965c9f8de006d8dadc128db0d5b84c2658 800bd48cb87ed28332696cbcbfcc6d1617e9d9c5963cb2a5d24b45b4078a9042
SERVER_HANDSHAKE_TRAFFIC_SECRET 302cc61e25e7b9f3edbbaa2b313967965c9f8de006d8dadc128db0d5b84c2658 f4025b0f94510798323008fd27b7e66c5b34eaf027b756bcdecec13bfdc888b5
CLIENT_TRAFFIC_SECRET_0 302cc61e25e7b9f3edbbaa2b313967965c9f8de006d8dadc128db0d5b84c2658 d9279b84f8613788fc16c8485d4aae955788d241c763fc5f85852f80c4320519
SERVER_TRAFFIC_SECRET_0 302cc61e25e7b9f3edbbaa2b313967965c9f8de006d8dadc128db0d5b84c2658 e2bb9651d15a94758560b432e1b83fc31287aec58742a3ba4a257ea4cc6ca5fe
CLIENT_HANDSHAKE_TRAFFIC_SECRET a8b8456e8c14f9bfa43955d3fe5c95411ec1930f37d4cb7b7a92b3f19337cc3b df7d8e4cdc6273dc1ec82bba378cd5391bdb8b0770d03e2f371e4a1ecc65b8ff
SERVER_HANDSHAKE_TRAFFIC_SECRET a8b8456e8c14f9bfa43955d3fe5c95411ec1930f37d4cb7b7a92b3f19337cc3b d6c5dee43aa7e0a90541d27aedfc8110b6dd84f8666acef4275625ce028df111
CLIENT_TRAFFIC_SECRET_0 a8b8456e8c14f9bfa43955d3fe5c95411ec1930f37d4cb7b7a92b3f19337cc3b 0fc5d86b35fa42ff886df5a6130236d99b3dc1e25808bde3a73e3a5b8c4dfb0a
SERVER_TRAFFIC_SECRET_0 a8b8456e8c14f9bfa43955d3fe5c95411ec1930f37d4cb7b7a92b3f19337cc3b b12dae725e1c55a9108a6384b75e7d581998351c935159b90cd95b86207af39b
CLIENT_HANDSHAKE_TRAFFIC_SECRET 97cb09a4bfa77ab8621f523246f95721550ffcc0ea652b518b0e281ff9c277d1 6c14d1b960a5da21e8f77830237d64641aaeb47cf9ac0d694b5205a4a231de54
SERVER_HANDSHAKE_TRAFFIC_SECRET 97cb09a4bfa77ab8621f523246f95721550ffcc0ea652b518b0e281ff9c277d1 03a7a9f917d8f14b365ca986301de4ece40cd07ff54fafbcd830ea87f7f11df8
CLIENT_TRAFFIC_SECRET_0 97cb09a4bfa77ab8621f523246f95721550ffcc0ea652b518b0e281ff9c277d1 f57cc583494cd57609a9ff280bdb09eb21068f514b8ec45f4cb18dcdddd81665
SERVER_TRAFFIC_SECRET_0 97cb09a4bfa77ab8621f523246f95721550ffcc0ea652b518b0e281ff9c277d1 6d0ac4e97c3861bc30130dddb2655e0d84adb1997f0d1b2312da14b0c1d5ee16
CLIENT_HANDSHAKE_TRAFFIC_SECRET ec6e27adea439948a79090a5a4e6593f8e462458ed263a976f06ed57b2c9a6d9 33fe51d9c406f6ad5d6c50ad8dc2068d42c426bdeb992aceaa3d7d3569ac5b3d
SERVER_HANDSHAKE_TRAFFIC_SECRET ec6e27adea439948a79090a5a4e6593f8e462458ed263a976f06ed57b2c9a6d9 a803d046c6988dd3cef1882c1d339dddc73f485e4fa28c8ad4cd4affd44ef27c
CLIENT_TRAFFIC_SECRET_0 ec6e27adea439948a79090a5a4e6593f8e462458ed263a976f06ed57b2c9a6d9 88a6de5f2727a8e5a5302f02445fd12487590548e3f0acdc9ae3e99589f9e448
SERVER_TRAFFIC_SECRET_0 ec6e27adea439948a79090a5a4e6593f8e462458ed263a976f06ed57b2c9a6d9 fd7b45fdb4c12d786c18efc5ed2b579ef6722239399a18af2fa5f83036e823e8
CLIENT_HANDSHAKE_TRAFFIC_SECRET 3f94d98c0d85e4cc3daf89bf33de2a3ae6d2b0b02381a8628cbfe7507fa66bdd c58249fcde905957e9fa1993c637c45fb4a168b2b9d7c45453ed548bcf5d3bda
SERVER_HANDSHAKE_TRAFFIC_SECRET 3f94d98c0d85e4cc3daf89bf33de2a3ae6d2b0b02381a8628cbfe7507fa66bdd 558dfe1ed11d9584391e7fd0f3c03577b696e98ae1cb5827290e08a0fce359ab
CLIENT_TRAFFIC_SECRET_0 3f94d98c0d85e4cc3daf89bf33de2a3ae6d2b0b02381a8628cbfe7507fa66bdd 90de6d158f5e9b7ec81882e003c6f0d13ee12cc28a2322110e7a8128e7a85974
SERVER_TRAFFIC_SECRET_0 3f94d98c0d85e4cc3daf89bf33de2a3ae6d2b0b02381a8628cbfe7507fa66bdd b479f9b184bec09252f5288569177655531690e88c2b98126e983962634ceb53
CLIENT_HANDSHAKE_TRAFFIC_SECRET c9a3653e2627dcbe20d615af75c56ac214afc9c0585a6496e6ef5fb1018c9902 6ad40ee7f046a2617b58a26ddf41a4e3687748d1e15afb4cd6ff1c6587f1a765
SERVER_HANDSHAKE_TRAFFIC_SECRET c9a3653e2627dcbe20d615af75c56ac214afc9c0585a6496e6ef5fb1018c9902 bfe68532e5256b6300f6f3183b750ef7bd8ec691b6d9e6551282c71f527768f6
CLIENT_TRAFFIC_SECRET_0 c9a3653e2627dcbe20d615af75c56ac214afc9c0585a6496e6ef5fb1018c9902 76a430d6459e6d58ed559693a7c905c18d40002d878aba35f0495cfa11444276
SERVER_TRAFFIC_SECRET_0 c9a3653e2627dcbe20d615af75c56ac214afc9c0585a6496e6ef5fb1018c9902 30e1844cefe5d0b0eaaea7c9d1148c545581011d4c4a4cac7d2cee8232ce259e
CLIENT_HANDSHAKE_TRAFFIC_SECRET 917714381c702de3adbfb514e95ef1092cc0055cf223ea8f0960af58fdd4b4a9 a14078d46bb6e6e73d17f6900af0d96d5e0f56909bf334e527d7fa0d57f442b3
SERVER_HANDSHAKE_TRAFFIC_SECRET 917714381c702de3adbfb514e95ef1092cc0055cf223ea8f0960af58fdd4b4a9 384976e25508ebf353856da77674ff7aa54c7c7e8cb2240ca0ecf75959b38e0d
CLIENT_TRAFFIC_SECRET_0 917714381c702de3adbfb514e95ef1092cc0055cf223ea8f0960af58fdd4b4a9 f74ad08c878e3cea38648d20bdd3ba01315df1a09fda207a0eef5d2e33dbb516
SERVER_TRAFFIC_SECRET_0 917714381c702de3adbfb514e95ef1092cc0055cf223ea8f0960af58fdd4b4a9 ee7a08d37f09a2f2f185a9e504c3523fecc71086c732e762e22d23123ffc96ee
CLIENT_HANDSHAKE_TRAFFIC_SECRET fcc30c76a86f00c4b988f0b9d1bbc4ddcfbf805a913a6a41622957d2e8dc532f b819d0532d33c737c896736cfb8f12ed372806d85b5e91e7e79df3c29f97819c
SERVER_HANDSHAKE_TRAFFIC_SECRET fcc30c76a86f00c4b988f0b9d1bbc4ddcfbf805a913a6a41622957d2e8dc532f 5932ab2e9d51ee1dc80da7561eeb91c3698110beba6b4c490d5a1b5b084e9d61
CLIENT_TRAFFIC_SECRET_0 fcc30c76a86f00c4b988f0b9d1bbc4ddcfbf805a913a6a41622957d2e8dc532f b37fe2b0e94e60a3ef684c67d4a2ec44a376548f2ca95807e9d7bcad20fc456f
SERVER_TRAFFIC_SECRET_0 fcc30c76a86f00c4b988f0b9d1bbc4ddcfbf805a913a6a41622957d2e8dc532f 39ac196291a43593b5dda2be58290b5c17bdc561955fcc3b3c636ab676887e9c
CLIENT_HANDSHAKE_TRAFFIC_SECRET 4c614dde7410900c8303c00a5559de8b6ba6d36236a4c154edd5153cec60ba78 ea3c4c90f9ed3e1608acece7715a41116a74828e5130ae0290479d53a026cfeb
SERVER_HANDSHAKE_TRAFFIC_SECRET 4c614dde7410900c8303c00a5559de8b6ba6d36236a4c154edd5153cec60ba78 9dda66375754b542f61bb260420c68872def5be0d731694fa11493cbab95801f
CLIENT_TRAFFIC_SECRET_0 4c614dde7410900c8303c00a5559de8b6ba6d36236a4c154edd5153cec60ba78 54cb068a62e827314fe3d3759bdadd95092d4967c5820ae204465d870dcff580
SERVER_TRAFFIC_SECRET_0 4c614dde7410900c8303c00a5559de8b6ba6d36236a4c154edd5153cec60ba78 d687f6c2738874299ae9802498352408d8481888a853ec6ecc8d4f28b40ad498
CLIENT_HANDSHAKE_TRAFFIC_SECRET 3a01cd3597a78699409ef3a8a3a9bcbae73589e1d4e0c9b7369fd7ac255efdf4 b70f40237d101624929750000fc1d01f8f33dc3f5375f9117b6ce4fbcfe325de
SERVER_HANDSHAKE_TRAFFIC_SECRET 3a01cd3597a78699409ef3a8a3a9bcbae73589e1d4e0c9b7369fd7ac255efdf4 143cdc21c5b57d2537873b914fc42a7bb09ba5b6c0112668987b8a2c4f521713
CLIENT_TRAFFIC_SECRET_0 3a01cd3597a78699409ef3a8a3a9bcbae73589e1d4e0c9b7369fd7ac255efdf4 62e4df8d4ea69ebba305ec6beb97d96c43e54778aa3ae9e648274a369adb4727
SERVER_TRAFFIC_SECRET_0 3a01cd3597a78699409ef3a8a3a9bcbae73589e1d4e0c9b7369fd7ac255efdf4 f1e77e4912f979b77707d4a5330f6adb88ef61736416e79a4507bfdebb2b4b32
CLIENT_HANDSHAKE_TRAFFIC_SECRET babe6793fb92a79e13d4f008686756ae8cc3473bc8ff07c12ad7b2336e07c274 d0e33e2806555428f19aafd89c472c671399c090d6e0ffa385c5c2b08abdf9d3
SERVER_HANDSHAKE_TRAFFIC_SECRET babe6793fb92a79e13d4f008686756ae8cc3473bc8ff07c12ad7b2336e07c274 e058f8c8be887af3a2c98bbd43443a8c64f5872219af57bc14576e6f4b2c57a8
CLIENT_TRAFFIC_SECRET_0 babe6793fb92a79e13d4f008686756ae8cc3473bc8ff07c12ad7b2336e07c274 c50ef02ab9660f54575d8b16e432d270dc8cc28d92a3410359a65c67dd58cbf1
SERVER_TRAFFIC_SECRET_0 babe6793fb92a79e13d4f008686756ae8cc3473bc8ff07c12ad7b2336e07c274 ef0ceab19c34123d223652055c351cee0817017dd1ebd07238ff2c78d6ededae
CLIENT_HANDSHAKE_TRAFFIC_SECRET 32971d984255af9931bfeb47183f8e35c595468108e6f83c335d5a987d54914b 3ce6220a792b915ccb7ac43dbfde5b48fdcc8d9c3e527bf3971cd0d8b0e70395
SERVER_HANDSHAKE_TRAFFIC_SECRET 32971d984255af9931bfeb47183f8e35c595468108e6f83c335d5a987d54914b 4a5a22a7ee415887f158f3020b4b88e9c2d2f66c6a18d5cdd6b0a4a5fc8db325
CLIENT_TRAFFIC_SECRET_0 32971d984255af9931bfeb47183f8e35c595468108e6f83c335d5a987d54914b ccb50b654c4a702a3112c4c91a8a97b07609bd7b844c477769698efa53c7ed30
SERVER_TRAFFIC_SECRET_0 32971d984255af9931bfeb47183f8e35c595468108e6f83c335d5a987d54914b 101c13d337d76c1e8c420d980461675441aa193315365719a48651d45bb93b04
CLIENT_HANDSHAKE_TRAFFIC_SECRET e653c76dc2cfdbe0697612c96a1649edbf81758b8a2c9e046c2d1e0cdbf350f9 9ca18af71f0b8de8262689bdffb4c65d0540994747facfa1064ad0d7acf73545
SERVER_HANDSHAKE_TRAFFIC_SECRET e653c76dc2cfdbe0697612c96a1649edbf81758b8a2c9e046c2d1e0cdbf350f9 0904db73b22a1b4da6ef737926467fa88200766b76dec83d5170245d25ac0b8d
CLIENT_TRAFFIC_SECRET_0 e653c76dc2cfdbe0697612c96a1649edbf81758b8a2c9e046c2d1e0cdbf350f9 e06d62653e1d77aeb9fa866657891e323bd2cf733aa0b97d055e15f8c4c65fb2
SERVER_TRAFFIC_SECRET_0 e653c76dc2cfdbe0697612c96a1649edbf81758b8a2c9e046c2d1e0cdbf350f9 f78a53f7d225ba9fc14253c52d83a26377b84b79892166f12b6836bca38afefc
CLIENT_HANDSHAKE_TRAFFIC_SECRET 8fc4841938a3c0bf16a1795ed0cbaff141d3e61a7a1f8b191758cd7e274307cd 97652ad226b6332882c0db7470b365f1f0388941b4ba3b5e2929011fcd2fbfa7
SERVER_HANDSHAKE_TRAFFIC_SECRET 8fc4841938a3c0bf16a1795ed0cbaff141d3e61a7a1f8b191758cd7e274307cd 4c092466686cc0fa59f26c0938c1ea189dd419b3068ae7effc417611ad3340a7
CLIENT_TRAFFIC_SECRET_0 8fc4841938a3c0bf16a1795ed0cbaff141d3e61a7a1f8b191758cd7e274307cd 06494aaf58326cea9a68ab19c7be910200e4c7c8d0db4e8890beea9afd3ad777
SERVER_TRAFFIC_SECRET_0 8fc4841938a3c0bf16a1795ed0cbaff141d3e61a7a1f8b191758cd7e274307cd 1b11fbb9cddd9674319568dde4f9e7fa79a2a45a9a124d6cc3382e431698d151
CLIENT_HANDSHAKE_TRAFFIC_SECRET 64a575adc34e116a1ab20f31595fd177d3d29e05b007ea106a0df8a142a37292 8ee2c5a2d12d48275141637fb74f66e1d1357950f3da1b5241725132b752fde3
SERVER_HANDSHAKE_TRAFFIC_SECRET 64a575adc34e116a1ab20f31595fd177d3d29e05b007ea106a0df8a142a37292 e31cb06afc25ad0e8e87ce4b08da9ec7293e87ff09026c505dd787c36f586e83
CLIENT_TRAFFIC_SECRET_0 64a575adc34e116a1ab20f31595fd177d3d29e05b007ea106a0df8a142a37292 d11590aea25d8fbe498e3f39e14ff6b96ac8ec0e41257dafe2b09fd7a6fbe729
SERVER_TRAFFIC_SECRET_0 64a575adc34e116a1ab20f31595fd177d3d29e05b007ea106a0df8a142a37292 17243f61502a195bfb63104cfd31cb886d38134403ec6ae98b54fe2a2a627aaf
CLIENT_HANDSHAKE_TRAFFIC_SECRET f36102eb09fac45cdfc9e4ac3dc20748a833fb04a1ad894c1f7ea36ed3d07e32 3b050e04f6a5871df44eeda79ed56aa39773ec3b774cbd46b4a9988c51ae9fc1
SERVER_HANDSHAKE_TRAFFIC_SECRET f36102eb09fac45cdfc9e4ac3dc20748a833fb04a1ad894c1f7ea36ed3d07e32 bca451087c7113b65019dd353b6349222b0be242bdffe98d1a3e11b4e7a77c8e
CLIENT_TRAFFIC_SECRET_0 f36102eb09fac45cdfc9e4ac3dc20748a833fb04a1ad894c1f7ea36ed3d07e32 97e67c09f1132479c4f8e1ceab9334bc1ac2a02ecff849df96a18dbb938e5d00
SERVER_TRAFFIC_SECRET_0 f36102eb09fac45cdfc9e4ac3dc20748a833fb04a1ad894c1f7ea36ed3d07e32 8bac4bad0e17e6b787cfd7c35f80a0d9c1da18566aae5311160e65d6729f0b9a
CLIENT_HANDSHAKE_TRAFFIC_SECRET cf6e150165963f3708865683f11f8305ae6dd7d30f7416f727ddf9dd1928aaed 327c435fcc3d8f5888b7a27352a75a93351ed6e990269e4dd9ae7c07ce1db84c
SERVER_HANDSHAKE_TRAFFIC_SECRET cf6e150165963f3708865683f11f8305ae6dd7d30f7416f727ddf9dd1928aaed 034d35d3654ac5eef27953103619defe39cdd2b423825630a205a7be07c09c20
CLIENT_TRAFFIC_SECRET_0 cf6e150165963f3708865683f11f8305ae6dd7d30f7416f727ddf9dd1928aaed f05557c5cfcc96df0fb584f3bdc866ca53ed0386b77f9da20498929f42aef505
SERVER_TRAFFIC_SECRET_0 cf6e150165963f3708865683f11f8305ae6dd7d30f7416f727ddf9dd1928aaed 1deee6bdf133c71100e32547faa76f6bbf6751287057249ccd232beff2cec7be
CLIENT_HANDSHAKE_TRAFFIC_SECRET fe3bac6ea471c7c47fb95ebf3e3a2d71a70acaecd4769ba649a4590ef6902329 b99e6f43b433353f2a612643f56e8f450a714d5459b77a79a3bf386e140e94d2
SERVER_HANDSHAKE_TRAFFIC_SECRET fe3bac6ea471c7c47fb95ebf3e3a2d71a70acaecd4769ba649a4590ef6902329 53e5c8c871af6c18653ca06a8b35057ce55960eba065a90d69d09bdce8fc2995
CLIENT_TRAFFIC_SECRET_0 fe3bac6ea471c7c47fb95ebf3e3a2d71a70acaecd4769ba649a4590ef6902329 fe06cf751fd855dda3a3a13c49d850744adf45313ed7320a868cf00a48f35957
SERVER_TRAFFIC_SECRET_0 fe3bac6ea471c7c47fb95ebf3e3a2d71a70acaecd4769ba649a4590ef6902329 258ea847655541ab5013645222e956a21e06f96c69b5d49648152d51b5be79de
CLIENT_HANDSHAKE_TRAFFIC_SECRET 910dd12c76709f2a9dd3dc95ae2f122c33dfaf19418942a341431c0b6ed1ca2b bb371a4f1d1af983ba65fe4cb18e84f8fd1a5993639672c4c634d2aad84a4bf0
SERVER_HANDSHAKE_TRAFFIC_SECRET 910dd12c76709f2a9dd3dc95ae2f122c33dfaf19418942a341431c0b6ed1ca2b bdf68a0017cd177f82cdcf7eb50425799b9b358296586d2895ae555a738f2533
CLIENT_TRAFFIC_SECRET_0 910dd12c76709f2a9dd3dc95ae2f122c33dfaf19418942a341431c0b6ed1ca2b bb6447d60dab32761afc94796d4de5502d85a12ccce9165647c5fb8f871dfd93
SERVER_TRAFFIC_SECRET_0 910dd12c76709f2a9dd3dc95ae2f122c33dfaf19418942a341431c0b6ed1ca2b 876551ad85ce2d8a2ada1245c8e91309e3cbcc15c6590ccc2682b0bf9f221f48
CLIENT_HANDSHAKE_TRAFFIC_SECRET f99cce6fc7c558a7892e2196144b81152c56f1ceb1b6af8692b3a47d701c0c4c 3abd4d4a01ece3755e7b2ca71b6911d484cadeb0ebbaf5cb5ae0771ce98a21c0
SERVER_HANDSHAKE_TRAFFIC_SECRET f99cce6fc7c558a7892e2196144b81152c56f1ceb1b6af8692b3a47d701c0c4c 435b00543de699e51f43efe000d276f99c8d5076b256968056dc546562e9507a
CLIENT_TRAFFIC_SECRET_0 f99cce6fc7c558a7892e2196144b81152c56f1ceb1b6af8692b3a47d701c0c4c 9f4a2fef1ee258cc66f6065ef65cf4667718c75c06fbfe33f2ed95076e4c77b2
SERVER_TRAFFIC_SECRET_0 f99cce6fc7c558a7892e2196144b81152c56f1ceb1b6af8692b3a47d701c0c4c 4ae56cb6034ff82671ad504ebc649c23628414d4f9565b36720cddb037415eec
CLIENT_HANDSHAKE_TRAFFIC_SECRET c57fbaababdb0633357ad8aa4199dacdfa988ff3f75beb44067682797b566e6f b3bc99361add6da85e96e6acb3dc2c85294fe5036e07e2b788187fbd71258768
SERVER_HANDSHAKE_TRAFFIC_SECRET c57fbaababdb0633357ad8aa4199dacdfa988ff3f75beb44067682797b566e6f 04e16f91e33d48caeb89a6fc06bbdd0e0c794e7da557793b5843d71907e849e8
CLIENT_TRAFFIC_SECRET_0 c57fbaababdb0633357ad8aa4199dacdfa988ff3f75beb44067682797b566e6f 6d61707d5f5f26e43424cfbf70242d424a9d02a658a305fabec8beb6cdf5394c
SERVER_TRAFFIC_SECRET_0 c57fbaababdb0633357ad8aa4199dacdfa988ff3f75beb44067682797b566e6f 9046570d9dbbca74059a341a7beaf07569f595e6de3cc59f53f210fac12c13ae
CLIENT_HANDSHAKE_TRAFFIC_SECRET a23ecf2751179943e4dbbbc856891d00c50291174fee2bd512dadfbd1ff92904 1ab939028f6d0284b56f92330a434a9a0dd71d68a7a45e2eeea76e65d20ead42
SERVER_HANDSHAKE_TRAFFIC_SECRET a23ecf2751179943e4dbbbc856891d00c50291174fee2bd512dadfbd1ff92904 f458f39765508449aaaada72a245ff32083d81403002067ebf777b514d9745a3
CLIENT_TRAFFIC_SECRET_0 a23ecf2751179943e4dbbbc856891d00c50291174fee2bd512dadfbd1ff92904 b3e24c4d1b1b19d3c653b21708d5ddb9c2b890c2bdc29bc5aa1c92d405ce2391
SERVER_TRAFFIC_SECRET_0 a23ecf2751179943e4dbbbc856891d00c50291174fee2bd512dadfbd1ff92904 c399dca37bc9c21f8bbe1e25f3e3b8f13a4ba6e48b4ab63abd275eccdc2b57b1
CLIENT_HANDSHAKE_TRAFFIC_SECRET 06cb20dfe186f6944d8dac69a92d771524332c896733eaf049c5c772b1047b8c 41044031cc14607e91c7a8fb568f8a74879fc843f123562a6729887ba81b425b
SERVER_HANDSHAKE_TRAFFIC_SECRET 06cb20dfe186f6944d8dac69a92d771524332c896733eaf049c5c772b1047b8c 1ea10399da3ae8521517d267b4b3891e932b18af4b8c155bdb0ecc3eeaff6ddd
CLIENT_TRAFFIC_SECRET_0 06cb20dfe186f6944d8dac69a92d771524332c896733eaf049c5c772b1047b8c 9598a585f98bad166c26c0c30d7a18764d37c9e8e976c8912534dc88bd125d3f
SERVER_TRAFFIC_SECRET_0 06cb20dfe186f6944d8dac69a92d771524332c896733eaf049c5c772b1047b8c cf7929f3c7642fed576a0ac95ad7e31853b012c15e2a68328d66402db953c8db
CLIENT_HANDSHAKE_TRAFFIC_SECRET 9d92dfb565ea72150087c4df388eba261a9a92f3eb2adf342a07760a45edb65d 37cd0cfbffe417b55e9495c1dee3d7b8720f7b0d99b8c00b1631a62137c98497
SERVER_HANDSHAKE_TRAFFIC_SECRET 9d92dfb565ea72150087c4df388eba261a9a92f3eb2adf342a07760a45edb65d 484cba25318ea84b828a162190de6892bd3e1a24ccee914ad8a46c712ee10bf6
CLIENT_TRAFFIC_SECRET_0 9d92dfb565ea72150087c4df388eba261a9a92f3eb2adf342a07760a45edb65d deee1bf50fb242392177c183626d3d6957c25f63b033630fd54b1511050f034d
SERVER_TRAFFIC_SECRET_0 9d92dfb565ea72150087c4df388eba261a9a92f3eb2adf342a07760a45edb65d a3f55fee137ef6f7d954d2cd69d2b046c2fff18d2335afc4e92dc9fb2b0022a3
CLIENT_HANDSHAKE_TRAFFIC_SECRET 0ff3c7bd6b182101cf208decb3ca8500263c1538893215a37c54b5850f1262c3 5a9e7bbfe5ccca5061dca52e2c1654aa6bc8e53195f815b77921481ccc3d4240
SERVER_HANDSHAKE_TRAFFIC_SECRET 0ff3c7bd6b182101cf208decb3ca8500263c1538893215a37c54b5850f1262c3 af8d7ddebf7877339d9e7fdf16f789ff10bfe993df221dc1c16976162d3f30fb
CLIENT_TRAFFIC_SECRET_0 0ff3c7bd6b182101cf208decb3ca8500263c1538893215a37c54b5850f1262c3 8621dec75987f41ebef91c3642f529da5ce1b682f025facf10333951feb1b63d
SERVER_TRAFFIC_SECRET_0 0ff3c7bd6b182101cf208decb3ca8500263c1538893215a37c54b5850f1262c3 47b3b51635957a88c3951d22eb7160e309eca4efa18629eb4258ae1c94e4f2fb
CLIENT_HANDSHAKE_TRAFFIC_SECRET 952d078bf228249e6988ee46c53adf1e1ed8f20b8cd9adb50b41d80a5abd01f1 8d455ace5aeb75a5509d4f147f790a594d0b46299e59887f832edfb7c81bfbbf
SERVER_HANDSHAKE_TRAFFIC_SECRET 952d078bf228249e6988ee46c53adf1e1ed8f20b8cd9adb50b41d80a5abd01f1 b689a744432d5e1930b95485f5383ab3d08e6be3ab25cc3a3accafc7eb33859d
CLIENT_TRAFFIC_SECRET_0 952d078bf228249e6988ee46c53adf1e1ed8f20b8cd9adb50b41d80a5abd01f1 293b12f25907e29255f195798643b29c6786f7401182e04bfb32d5c61297f93c
SERVER_TRAFFIC_SECRET_0 952d078bf228249e6988ee46c53adf1e1ed8f20b8cd9adb50b41d80a5abd01f1 9132664188a29a230232d8b5086a08600bda595f91c5744cb5f25b73488f1530
CLIENT_HANDSHAKE_TRAFFIC_SECRET 196a2e1dd9fb2833d9346c2c9b9e43a02533bb72aba1de598802de45f594cc4c bf15ac4bf07459714428f76bdfed7286eafaf7122ad2468e08e9940e754c1362
SERVER_HANDSHAKE_TRAFFIC_SECRET 196a2e1dd9fb2833d9346c2c9b9e43a02533bb72aba1de598802de45f594cc4c ec4f28fa5bf547b69d6f176f8852c875b3e457e071e6d0f8b21dc005b0b017be
CLIENT_TRAFFIC_SECRET_0 196a2e1dd9fb2833d9346c2c9b9e43a02533bb72aba1de598802de45f594cc4c f5730f1b0ccee4c015d9345ae6601c3cb19f8f9a601cb6d3fe47699ef407e7ce
SERVER_TRAFFIC_SECRET_0 196a2e1dd9fb2833d9346c2c9b9e43a02533bb72aba1de598802de45f594cc4c 1ed79a38b4142224a6a4a7f98c61d8d38f9fdc1b1e7d03841509ba38032534ea
CLIENT_HANDSHAKE_TRAFFIC_SECRET 63bb322bc4525c8d3f81fb111517d50e52d4429db40be328f784d83f38071a87 af47d1234ad6fcf36caccaa44d336cda64b32b9f0bba8fd5e93d7e074728efb9
SERVER_HANDSHAKE_TRAFFIC_SECRET 63bb322bc4525c8d3f81fb111517d50e52d4429db40be328f784d83f38071a87 15ab04f17e345a3ec6df7fad7ad6bd407dc0815ed9fa4a3aacf61d9e9103b85e
CLIENT_TRAFFIC_SECRET_0 63bb322bc4525c8d3f81fb111517d50e52d4429db40be328f784d83f38071a87 84eff50c238f1ffdea994324c48e75dda79f5124eb019f3ec6b5ab546de7e832
SERVER_TRAFFIC_SECRET_0 63bb322bc4525c8d3f81fb111517d50e52d4429db40be328f784d83f38071a87 2549025a0e460f17a60ad01a93b8ef1849f78eca3ecccc2bb84e4e09d2de6c33
CLIENT_HANDSHAKE_TRAFFIC_SECRET c2ad6927fcb4e5fa077ea92a61cc935f4d835ebaf3c057297523f8ecfa19ff6c 99b66cde1a09a314677020949060c521272b3ab9253a21a8160661a4993f63e7
SERVER_HANDSHAKE_TRAFFIC_SECRET c2ad6927fcb4e5fa077ea92a61cc935f4d835ebaf3c057297523f8ecfa19ff6c 265d180191a31a88afd3228d937b648a2b58e5c4092c93b00931b88865d46bfe
CLIENT_TRAFFIC_SECRET_0 c2ad6927fcb4e5fa077ea92a61cc935f4d835ebaf3c057297523f8ecfa19ff6c d8fc79e4e6ef9cfd4b9a46c1aef887e233f1cfc0447c71176240c9a5d85a65cc
SERVER_TRAFFIC_SECRET_0 c2ad6927fcb4e5fa077ea92a61cc935f4d835ebaf3c057297523f8ecfa19ff6c 6dcf93a2e4a13b1e54ad111fb174bb52869dee690752f877f53544e7c9a1e5cf
CLIENT_HANDSHAKE_TRAFFIC_SECRET e334936a17b2a006404cc58691f30492b708382d52ab3bb5d6db814c6630f6e7 66f376cff6de2b2826fc87dc8b2e72935e1e8b4c8203099655cceb9fb1b4d185
SERVER_HANDSHAKE_TRAFFIC_SECRET e334936a17b2a006404cc58691f30492b708382d52ab3bb5d6db814c6630f6e7 fc37d80be96e1f42da99a762e7f00772d98bfd069e5077ac280eefe0367b064c
CLIENT_TRAFFIC_SECRET_0 e334936a17b2a006404cc58691f30492b708382d52ab3bb5d6db814c6630f6e7 26b86f55b633147432072132d01bda591c4682ed914ff524d96bb503726b9ad9
SERVER_TRAFFIC_SECRET_0 e334936a17b2a006404cc58691f30492b708382d52ab3bb5d6db814c6630f6e7 bc54fc4eb24ed8df0c119d9c807979f8d153424b50045e5d35e69b14f94ca279
CLIENT_HANDSHAKE_TRAFFIC_SECRET 4939a269426bb6a1a3fd5503d47c2edcfe3de19528944d9681d830c64bb0a5f6 bb450c5c308a18bb385ee8f5e1f3cc1af7b8d7b956fcc58251ca1e7e4f75cfb7
SERVER_HANDSHAKE_TRAFFIC_SECRET 4939a269426bb6a1a3fd5503d47c2edcfe3de19528944d9681d830c64bb0a5f6 3c68624778fef9c12ce04c52e5f1e86ceca8e58da3e5c885996b2fff8048430a
CLIENT_TRAFFIC_SECRET_0 4939a269426bb6a1a3fd5503d47c2edcfe3de19528944d9681d830c64bb0a5f6 8f43074d4b08f59c1ca698527ec2df4674173d5a17206f19e2823047084d0a74
SERVER_TRAFFIC_SECRET_0 4939a269426bb6a1a3fd5503d47c2edcfe3de19528944d9681d830c64bb0a5f6 b1f654e7b4feced7c6126742c64803e07ad7dbae6d3bcfc13c65e9ea7255ffd6
CLIENT_HANDSHAKE_TRAFFIC_SECRET 8f4d7024733ea1961c5f577056a0ca20bf09fef89f4c941a548bc89d0799bbcc 90168b7d76970a2e290ec68753e56a90df4cc5fba0ca922ca760e04c2d4c28d6
SERVER_HANDSHAKE_TRAFFIC_SECRET 8f4d7024733ea1961c5f577056a0ca20bf09fef89f4c941a548bc89d0799bbcc 7dd90d33a499d8583f9aef22ad9d3aee771e1f1ff30155ea0ad63d238cde3326
CLIENT_TRAFFIC_SECRET_0 8f4d7024733ea1961c5f577056a0ca20bf09fef89f4c941a548bc89d0799bbcc 19deeefa42a16abff79d71e34b56cc516d87a8a404b3ca1023541b0294a4521a
SERVER_TRAFFIC_SECRET_0 8f4d7024733ea1961c5f577056a0ca20bf09fef89f4c941a548bc89d0799bbcc fe12ef36e29b08697a8c2fc58143daa52b2c6d850aa9eaaa1b9064da5bfd3bb0
CLIENT_HANDSHAKE_TRAFFIC_SECRET 4690b1daacbb7e51890101c1dfe483cb2525cb5c54889ee401dc1b2a9e1cf9b0 29103b886aa5e0adcabad2ad928d4ac7d94bf4e5dd835c08a3cd662a89179f74
SERVER_HANDSHAKE_TRAFFIC_SECRET 4690b1daacbb7e51890101c1dfe483cb2525cb5c54889ee401dc1b2a9e1cf9b0 bba2ba3bcea7e68addadb9ee4a6577c14a78580fc26078e70b8174d2f8bb324f
CLIENT_TRAFFIC_SECRET_0 4690b1daacbb7e51890101c1dfe483cb2525cb5c54889ee401dc1b2a9e1cf9b0 02c95699f6805bbc8d36792c800974e7eb143ba155edcabe48e7f6dd5eb4b7c8
SERVER_TRAFFIC_SECRET_0 4690b1daacbb7e51890101c1dfe483cb2525cb5c54889ee401dc1b2a9e1cf9b0 47e5313a8b066b77a81437db76791fd183dc3724690f44322a269043830191e9
CLIENT_HANDSHAKE_TRAFFIC_SECRET b67c2287d44addeb43b19e8b67e7a08e05d627d8894f79fc0f826ad4f2dc4345 5625946152c6373ed4dc6df3ece281e856fa8b7c391d1dd3783308135242f673
SERVER_HANDSHAKE_TRAFFIC_SECRET b67c2287d44addeb43b19e8b67e7a08e05d627d8894f79fc0f826ad4f2dc4345 5b0da918d0bed487db7a58dd87a17b73b689940128b3eff2bfee0a3e3e2b4ebb
CLIENT_TRAFFIC_SECRET_0 b67c2287d44addeb43b19e8b67e7a08e05d627d8894f79fc0f826ad4f2dc4345 373073e7a42bdfdf8df629b62e2fec88a2518aa8393aa7ac0ed6dc3cfebe4106
SERVER_TRAFFIC_SECRET_0 b67c2287d44addeb43b19e8b67e7a08e05d627d8894f79fc0f826ad4f2dc4345 7d9b73f91982cd6724ab9f81a771a9788159b1268ba4ebb5e78ce66c2b2337b2
CLIENT_HANDSHAKE_TRAFFIC_SECRET 000bd5602079ce107c6d2d58ed27ea0ac932f1f6c7600dd3e77603fc1548b3d0 e98c1484b5e7cefd31f8cab08ec96e527d068bb95bda63e510a49fd8cf58f902
SERVER_HANDSHAKE_TRAFFIC_SECRET 000bd5602079ce107c6d2d58ed27ea0ac932f1f6c7600dd3e77603fc1548b3d0 b099cd4a99372b74f03ae2296e7936a43473a8f11fa7257b77e97f8a53102c7c
CLIENT_TRAFFIC_SECRET_0 000bd5602079ce107c6d2d58ed27ea0ac932f1f6c7600dd3e77603fc1548b3d0 8553285339dea765b8cf1dcbd02567b0222335e532c3678ae88124295785aace
SERVER_TRAFFIC_SECRET_0 000bd5602079ce107c6d2d58ed27ea0ac932f1f6c7600dd3e77603fc1548b3d0 b0657eca8d6809836503946a32bcf16a712d7af54f2c6a5d9fc15ae1b7de1e4b
CLIENT_HANDSHAKE_TRAFFIC_SECRET 8032561ffb8fef727e5154a24e56c51912cbfafee3edcf45167512dd358c3cce 513d001835efa5c44fb0e347a2a03eec5e5df3c1a817f56092c8f7831bbc61ee
SERVER_HANDSHAKE_TRAFFIC_SECRET 8032561ffb8fef727e5154a24e56c51912cbfafee3edcf45167512dd358c3cce 99e596d68d7f0ed807202c51e4b56b80803fecc4b809940c2a2cc76bb861f15c
CLIENT_TRAFFIC_SECRET_0 8032561ffb8fef727e5154a24e56c51912cbfafee3edcf45167512dd358c3cce 3ca11334cfb1aa602a50bfb200837316162ad891b32df067520a945bde99b50f
SERVER_TRAFFIC_SECRET_0 8032561ffb8fef727e5154a24e56c51912cbfafee3edcf45167512dd358c3cce 7688e6257ccbf52dd92f7353044ee75fec98ef1a1d1e368ce58ae25251b67705
CLIENT_HANDSHAKE_TRAFFIC_SECRET fa8af915aeab0638241970be62a097ebad7899f31c1420cedc42425b0cf8ab3d ae18c6d5fa749d5844e50bbb2c843c8f7256fb61b2aa629804849dc68c5b7035
SERVER_HANDSHAKE_TRAFFIC_SECRET fa8af915aeab0638241970be62a097ebad7899f31c1420cedc42425b0cf8ab3d 743c8d3e8986080f380d9e9701d3afb389b58bb231092c594294e4ef49704fa1
CLIENT_TRAFFIC_SECRET_0 fa8af915aeab0638241970be62a097ebad7899f31c1420cedc42425b0cf8ab3d 6ff330c0c13e4b347264450dcc32a15e198776186a794095b573afa8fc71710d
SERVER_TRAFFIC_SECRET_0 fa8af915aeab0638241970be62a097ebad7899f31c1420cedc42425b0cf8ab3d e1a5392e57dc5facfc9a5cd1e23de62a5b79696c4f2b3a2787e8615a98939e75
CLIENT_HANDSHAKE_TRAFFIC_SECRET cbe3546a0a7e020231f6128459dcad476c7294d2660bf290d7b708a12d79c5e8 a4122002b17eca3a559c69e54c8e52bd4d8790da87baf1db533a008aaa933848
SERVER_HANDSHAKE_TRAFFIC_SECRET cbe3546a0a7e020231f6128459dcad476c7294d2660bf290d7b708a12d79c5e8 0f79e9c222350b79b73b32bff530049a94c210534cdf2eb258312bcb2b2dda8b
CLIENT_TRAFFIC_SECRET_0 cbe3546a0a7e020231f6128459dcad476c7294d2660bf290d7b708a12d79c5e8 a03a0c7357d7c554d231c4a886009c6c20215b3b8c6999070eec8e1557959af6
SERVER_TRAFFIC_SECRET_0 cbe3546a0a7e020231f6128459dcad476c7294d2660bf290d7b708a12d79c5e8 de0fa4b759c801212b0398d510a754f8161da40c65bdfd6ff70aa7dae3d9fe05
CLIENT_HANDSHAKE_TRAFFIC_SECRET 9dad1eb4bffbb148e4d4016c334729c3c7a09a89cb827bc6009e3f06f60d37d1 921a5f188ab4f67573be84d67ab1b915463af89653cb621c82069ebf7d2566d6
SERVER_HANDSHAKE_TRAFFIC_SECRET 9dad1eb4bffbb148e4d4016c334729c3c7a09a89cb827bc6009e3f06f60d37d1 417e1f69f8ef714ff913b9d213892a8621d1dd0ca69624416d495f9b9c421996
CLIENT_TRAFFIC_SECRET_0 9dad1eb4bffbb148e4d4016c334729c3c7a09a89cb827bc6009e3f06f60d37d1 85fbb52c36bda14691460ed2a3d9a7fe97523a4471e72bc754ac65eedf474b16
SERVER_TRAFFIC_SECRET_0 9dad1eb4bffbb148e4d4016c334729c3c7a09a89cb827bc6009e3f06f60d37d1 9b9c226f96fb0983b3f40df66bb2ab3bdffb5a3d5b46929f5e6bd37a6c02ad25
CLIENT_HANDSHAKE_TRAFFIC_SECRET 14daf6584c86987218321c8b624483af097556ca73c6d2108ecf67a27f19f93a 872f898a28c8de9c91cc78e6d61f93e449f0181cb14507f188ce3a5377158992
SERVER_HANDSHAKE_TRAFFIC_SECRET 14daf6584c86987218321c8b624483af097556ca73c6d2108ecf67a27f19f93a 493e2cd42c04af3116412d29e2a296beb27cafd6e753777677c63f3b1949bc0c
CLIENT_TRAFFIC_SECRET_0 14daf6584c86987218321c8b624483af097556ca73c6d2108ecf67a27f19f93a c18775985d498336a286d39b3542dac66d20c4bd2941f1af4e800c8063db5d3d
SERVER_TRAFFIC_SECRET_0 14daf6584c86987218321c8b624483af097556ca73c6d2108ecf67a27f19f93a 2a2c8b7d2cbd774016df6e803c6bfca16c0effe846c660e182965c85129f6b3f
CLIENT_HANDSHAKE_TRAFFIC_SECRET 2a4d9a9f5a82a8eae51ec8c3a8463e440e25b1e53e6fbc490bb1a724c14f8977 ec02fddbe6e72d265e46c9ca8534e1d1cb7bcf91c604c14859a1fa0557024a73
SERVER_HANDSHAKE_TRAFFIC_SECRET 2a4d9a9f5a82a8eae51ec8c3a8463e440e25b1e53e6fbc490bb1a724c14f8977 854231bf7576f45e9e90919b85d58d18585cd2fa70ccb849b2c3019561965d6e
CLIENT_TRAFFIC_SECRET_0 2a4d9a9f5a82a8eae51ec8c3a8463e440e25b1e53e6fbc490bb1a724c14f8977 abb4e93a4f11d8552bbbbe8acbc55d177a0487e66a30a313c30e8692cd1f39bd
SERVER_TRAFFIC_SECRET_0 2a4d9a9f5a82a8eae51ec8c3a8463e440e25b1e53e6fbc490bb1a724c14f8977 beea7187151443b5c94a8f8b16dcbb1761251f89bd2bb737d2a8928e4e89fd6f
CLIENT_HANDSHAKE_TRAFFIC_SECRET 442b2e73c63740721f19af400d14d83e85ed3d353a973cd8d756db1d9e0d7f7d fa756d64d42b6c911694fa2e753e888c999c97f6031c6cc743fba081398a0dfb
SERVER_HANDSHAKE_TRAFFIC_SECRET 442b2e73c63740721f19af400d14d83e85ed3d353a973cd8d756db1d9e0d7f7d cce60f2cee66557da62aa15405f80c6e6db2e62dc534ab09822bd7f096c099e4
CLIENT_TRAFFIC_SECRET_0 442b2e73c63740721f19af400d14d83e85ed3d353a973cd8d756db1d9e0d7f7d 9235d3e0bf3271c6d4d049c9909b95e797d2d4a9091eb884b947954d34c26d4c
SERVER_TRAFFIC_SECRET_0 442b2e73c63740721f19af400d14d83e85ed3d353a973cd8d756db1d9e0d7f7d cbae0d7175b21430e7efc22c2a158b0fa89778de0f84b53fe1ad72d975d101c6
CLIENT_HANDSHAKE_TRAFFIC_SECRET 167e0f9e1c9b538b9a253d34529a07b93db08d1700db00e5574f6433dcb8bf79 92a06c36dcff86627cb49cca7f4dbe82f7a9d6d25881979b9b8400c8b15bcc5f
SERVER_HANDSHAKE_TRAFFIC_SECRET 167e0f9e1c9b538b9a253d34529a07b93db08d1700db00e5574f6433dcb8bf79 3bdd3819c9791a049b0f6c0b4fb3de56021ff337cb0062a41834b7c1c74090d0
CLIENT_TRAFFIC_SECRET_0 167e0f9e1c9b538b9a253d34529a07b93db08d1700db00e5574f6433dcb8bf79 f09961f1273fe75099761f31c8eecd69eaf7ac89d5548aace14a6b86456a897b
SERVER_TRAFFIC_SECRET_0 167e0f9e1c9b538b9a253d34529a07b93db08d1700db00e5574f6433dcb8bf79 ffa1af7b1c442c34690bb22aa5234e39e2951b383853d8a3e67c1339e1a2a8be
CLIENT_HANDSHAKE_TRAFFIC_SECRET 1dd9dfc75b8ae55ef416e6b3a3f03ca6cb29644cb59b8e67fc112291df045db6 2c09dc08aa18a4eaea4dd2b3889cba35aa4e7b59a5c29d0bc8d8cf5bfc9c652a
SERVER_HANDSHAKE_TRAFFIC_SECRET 1dd9dfc75b8ae55ef416e6b3a3f03ca6cb29644cb59b8e67fc112291df045db6 398e25852da552ec9e6ac42ad5c9f2de04efe9deee7b3ffc0c397e44c8305332
CLIENT_TRAFFIC_SECRET_0 1dd9dfc75b8ae55ef416e6b3a3f03ca6cb29644cb59b8e67fc112291df045db6 c4c83611daed10453339b2bea5a516631e376e50a9a8e34cf1b0ab4af8abc59d
SERVER_TRAFFIC_SECRET_0 1dd9dfc75b8ae55ef416e6b3a3f03ca6cb29644cb59b8e67fc112291df045db6 cb9a69ddae03c2859cc24fc72a3e48f76ee6db85582e109b7881e9b14dd9bbc6
CLIENT_HANDSHAKE_TRAFFIC_SECRET 26eb7282b4ed966da9878b2f8a3b38a16d724500fb510e0c8fd8f2f43d5c6279 ff23c01d6dc2763daf5aefb0f3b0be38cbb4d5ad4affc243f390de70e6289e92
SERVER_HANDSHAKE_TRAFFIC_SECRET 26eb7282b4ed966da9878b2f8a3b38a16d724500fb510e0c8fd8f2f43d5c6279 a6da5c787a0ba1ba6ef80b54bf9b124067bd828be9e7199164932c2dd061a06c
CLIENT_TRAFFIC_SECRET_0 26eb7282b4ed966da9878b2f8a3b38a16d724500fb510e0c8fd8f2f43d5c6279 4c6f41644d80298a8d4e60927d6a73bcf8e11e9079ac53dc9b1316275805863c
SERVER_TRAFFIC_SECRET_0 26eb7282b4ed966da9878b2f8a3b38a16d724500fb510e0c8fd8f2f43d5c6279 38f505526efa425c58779cc991f24cf293e443df22052ea2447406887638b74a
CLIENT_HANDSHAKE_TRAFFIC_SECRET a52c21d2189f1b6f3643c369b303d7498186a6d65e9ba6c4acc2962e98b2b2a2 28c23a26f6ed9387b2632d441cb16263be84af607fcadfc0c51d6e4983a30684
SERVER_HANDSHAKE_TRAFFIC_SECRET a52c21d2189f1b6f3643c369b303d7498186a6d65e9ba6c4acc2962e98b2b2a2 19ba7a8f87e8715276b5b0280a059235fe10f97302611b1c98f8676ef961fad4
CLIENT_TRAFFIC_SECRET_0 a52c21d2189f1b6f3643c369b303d7498186a6d65e9ba6c4acc2962e98b2b2a2 5874ae689021808bf7d8d3f23fd8362848538b0e933fe87241978fa51d3cb9ea
SERVER_TRAFFIC_SECRET_0 a52c21d2189f1b6f3643c369b303d7498186a6d65e9ba6c4acc2962e98b2b2a2 e8072cee8dd3f8b1714659a907ce5a32a0bfa14a4bc3a8afa324b2def1c373f9
CLIENT_HANDSHAKE_TRAFFIC_SECRET b072c113e15fa66112e9cc277e5121d4012e8244cbfbe6daed1f3fe4fca8a509 d380b3404b9603b5bfd9a90b6b5b0099cbd8f57d9ca7233130cc0aec4ad4a0a3
SERVER_HANDSHAKE_TRAFFIC_SECRET b072c113e15fa66112e9cc277e5121d4012e8244cbfbe6daed1f3fe4fca8a509 5e2c97e5dceb60fd4aaeae35d203cc66b47093c8382609a9a70c5950ba74d911
CLIENT_TRAFFIC_SECRET_0 b072c113e15fa66112e9cc277e5121d4012e8244cbfbe6daed1f3fe4fca8a509 53b99bec99ca3be7c54f6b1a5cc344b28e2d21bfa5bd39a871e45bba02671b09
SERVER_TRAFFIC_SECRET_0 b072c113e15fa66112e9cc277e5121d4012e8244cbfbe6daed1f3fe4fca8a509 eca2e57ec99b34373348262914430372715750bc61092d8302718f6ade12bd40
CLIENT_HANDSHAKE_TRAFFIC_SECRET 057379de6958775ea6df019a5abc8460804193b98919f533c76b9f1d08526d93 315377d04d936c0e5f60ce1bdc0a9397aafe4d78d95149d81ec68854925f3dd1
SERVER_HANDSHAKE_TRAFFIC_SECRET 057379de6958775ea6df019a5abc8460804193b98919f533c76b9f1d08526d93 8e6de55d092a801127083e32d15c7dac0a5c798611e2e71baca9c87de72b1832
CLIENT_TRAFFIC_SECRET_0 057379de6958775ea6df019a5abc8460804193b98919f533c76b9f1d08526d93 ac4f639478f83a6ef9bea9b14f7c846359a3958e9fa5a41b51cfdb0502ec083e
SERVER_TRAFFIC_SECRET_0 057379de6958775ea6df019a5abc8460804193b98919f533c76b9f1d08526d93 aef82337a9e5da3e1ef5539375115933ed9f6f85eb5354fee2205c7f93f4fa0a
CLIENT_HANDSHAKE_TRAFFIC_SECRET 99bbf3c574d30537d1dc2f6330dc680a786d368a3c3bf6f39d4fb7c7cb91028f c2e8fcc82785c2fbb8a59eea7820ed42e17ad1581b91160b93a954cdcb97ab54
SERVER_HANDSHAKE_TRAFFIC_SECRET 99bbf3c574d30537d1dc2f6330dc680a786d368a3c3bf6f39d4fb7c7cb91028f f9a159df62f8b924c248dba05b6c3dda8698e4470b3387205bcb249a41d51122
CLIENT_TRAFFIC_SECRET_0 99bbf3c574d30537d1dc2f6330dc680a786d368a3c3bf6f39d4fb7c7cb91028f a72bb08c506d937691509815102338ed0e465e6e5619f92dea2bd849c9bab597
SERVER_TRAFFIC_SECRET_0 99bbf3c574d30537d1dc2f6330dc680a786d368a3c3bf6f39d4fb7c7cb91028f a16fe735f919b80db79c633f4e48b966364a6d172628dfecf5e29c2bba10b7bf
CLIENT_HANDSHAKE_TRAFFIC_SECRET 5d41294bfae75a4dd20b4746ed2674476cb9f0370df707e7cb47d764ae5fbc30 aa54e941d569adddb8ec704fdcca0480fadc101e606fc1877faf9ce4dccb11e8
SERVER_HANDSHAKE_TRAFFIC_SECRET 5d41294bfae75a4dd20b4746ed2674476cb9f0370df707e7cb47d764ae5fbc30 fb04efcd4618508289dfb7295565293f6cbc29712e41cfe98725e5789577c097
CLIENT_TRAFFIC_SECRET_0 5d41294bfae75a4dd20b4746ed2674476cb9f0370df707e7cb47d764ae5fbc30 9e8d343c850b63a761815df136043971251433ed3e3e81457cf4cbaafc7e8e88
SERVER_TRAFFIC_SECRET_0 5d41294bfae75a4dd20b4746ed2674476cb9f0370df707e7cb47d764ae5fbc30 7bc34a300378c307891cc4798166721343144f55ff218df6f1a2ed7aaa76b937
CLIENT_HANDSHAKE_TRAFFIC_SECRET ff1f4339fb1215907eaae4dd1c1a84931c6266d9bd1a191c347cdf7a12b6e958 c8fcc75545cb69035f7bbc7e21f633cb5c4b98e1c8b76750151d8a2c4faff943
SERVER_HANDSHAKE_TRAFFIC_SECRET ff1f4339fb1215907eaae4dd1c1a84931c6266d9bd1a191c347cdf7a12b6e958 29bd8862d471b1b012d5e680816d11332661ec29236d78ff093046b62995c293
CLIENT_TRAFFIC_SECRET_0 ff1f4339fb1215907eaae4dd1c1a84931c6266d9bd1a191c347cdf7a12b6e958 1fb2ea1da482b3664a0e14234586cf176b9ec5634a5957b656aa1df82281104f
SERVER_TRAFFIC_SECRET_0 ff1f4339fb1215907eaae4dd1c1a84931c6266d9bd1a191c347cdf7a12b6e958 7d42ee7565dc766bf3e619355d61b7179cc5ce1fca58e7e608dca014f8313fee
CLIENT_HANDSHAKE_TRAFFIC_SECRET 1f9e9160a046c976b99612701187d13df2dd5f399a9fda3608ed9981a17afafc f9bd33edc87719a7c67d8246e11d200f62d6a76f5a42cadcb5130bc63f3d9f87
SERVER_HANDSHAKE_TRAFFIC_SECRET 1f9e9160a046c976b99612701187d13df2dd5f399a9fda3608ed9981a17afafc cd254591eb5ca1f6558fb3b7157da5110d257d9cca8080a255fd53e544cea261
CLIENT_TRAFFIC_SECRET_0 1f9e9160a046c976b99612701187d13df2dd5f399a9fda3608ed9981a17afafc 9679569b3e792e942df48a6067bc7734154803cc76a8f8005416cc5136151c9c
SERVER_TRAFFIC_SECRET_0 1f9e9160a046c976b99612701187d13df2dd5f399a9fda3608ed9981a17afafc f3d613b3bd1042acf0bdfa25ba7d90eed9b0a206f957ba83b7b3a934c2d7eda9
CLIENT_HANDSHAKE_TRAFFIC_SECRET cc79133f7bd02ff8d8f5bca61f66e400eadec7ec4f7bfbe3b72148812c6b73e0 d2a43a5b757d4df658b448cc6f396aeff6e9824c1ef0d5dcbaa22c55b6e05051
SERVER_HANDSHAKE_TRAFFIC_SECRET cc79133f7bd02ff8d8f5bca61f66e400eadec7ec4f7bfbe3b72148812c6b73e0 f801074ded5327dc66bb9b356af1f11b491fb7487852a9c252b194bd7922057c
CLIENT_TRAFFIC_SECRET_0 cc79133f7bd02ff8d8f5bca61f66e400eadec7ec4f7bfbe3b72148812c6b73e0 b89f5de18aa2cd5fb1595e87aaeeeada1e5b204c1078ebb605583c38c525df6d
SERVER_TRAFFIC_SECRET_0 cc79133f7bd02ff8d8f5bca61f66e400eadec7ec4f7bfbe3b72148812c6b73e0 a2d2d860edc46ec12184b8e1daead76ddc0f1e9aed902a99396d061da32631ba
CLIENT_HANDSHAKE_TRAFFIC_SECRET 638d9c2114217b0f1e6841e83bd32b4c91095b62f33b88fc65977b19b9c7ada1 970236a9407a0f63af81f7ce27913c6946a546af4d6e2b4ab1379fb9a1d12ab1
SERVER_HANDSHAKE_TRAFFIC_SECRET 638d9c2114217b0f1e6841e83bd32b4c91095b62f33b88fc65977b19b9c7ada1 65a623bec6e773c623af12b75efa2443f6be9c40e816a7c2dec50974ffbbfe30
CLIENT_TRAFFIC_SECRET_0 638d9c2114217b0f1e6841e83bd32b4c91095b62f33b88fc65977b19b9c7ada1 81031d9b34705406f91b046f19679747afe14b5a0694d6de302aea40f87f727f
SERVER_TRAFFIC_SECRET_0 638d9c2114217b0f1e6841e83bd32b4c91095b62f33b88fc65977b19b9c7ada1 16ba29e6a589ca941948f4508c8490bbe70093b78d32f695e8c9328266b656aa
CLIENT_HANDSHAKE_TRAFFIC_SECRET 9d91a58a7f125107fc88152f8e478593244ea43502d9523e63f1303434bfeccd c07d9b7ece4f76ce349d3ba493d1c90a5b9b6cd13c4591b8fed0c6776336c3ab
SERVER_HANDSHAKE_TRAFFIC_SECRET 9d91a58a7f125107fc88152f8e478593244ea43502d9523e63f1303434bfeccd d2f1d1b2272b50b50eb314f685d0c7bb17f0e47245cf28a78af5f210dc36b710
CLIENT_TRAFFIC_SECRET_0 9d91a58a7f125107fc88152f8e478593244ea43502d9523e63f1303434bfeccd b253f1374bc4035223e98645cb7f331cb4b9e24d0be4d500a30ac8c161f93d01
SERVER_TRAFFIC_SECRET_0 9d91a58a7f125107fc88152f8e478593244ea43502d9523e63f1303434bfeccd 8141e01a9c4522587d260d3ca17fa548fd789fd3f32b36a2bc76c6fc981a2eab
CLIENT_HANDSHAKE_TRAFFIC_SECRET 467585a37c5825f0d6ff2f9ec3fabfd24e9f23bf4d725f71caec4341b72c4896 c134320a366a502767739fb9919429edf42cf805769e11c2dee3e4ecc4acafbf
SERVER_HANDSHAKE_TRAFFIC_SECRET 467585a37c5825f0d6ff2f9ec3fabfd24e9f23bf4d725f71caec4341b72c4896 64ed919faca38bdf537e7404cf932c88097e6c01f81eb36fbb2d56f4bda136a2
CLIENT_TRAFFIC_SECRET_0 467585a37c5825f0d6ff2f9ec3fabfd24e9f23bf4d725f71caec4341b72c4896 af8abfeafeb99fcf6df4d9c5ef590bdae0343b10eeb9c80d08373503dbc2e57d
SERVER_TRAFFIC_SECRET_0 467585a37c5825f0d6ff2f9ec3fabfd24e9f23bf4d725f71caec4341b72c4896 6754529f9c80e444e853c95968b8300600bd03a703f7d0c04326f949d6f650ad
CLIENT_HANDSHAKE_TRAFFIC_SECRET 59252d77ef4c9c2056075095bff56213adbee0609c341cae50a2027355c49f12 86fd19cded6f28a35d6cbca8408be83111d223794a11b0bc0c4d6136b784a77c
SERVER_HANDSHAKE_TRAFFIC_SECRET 59252d77ef4c9c2056075095bff56213adbee0609c341cae50a2027355c49f12 bffd39dc93d98ed12a3dad07fff37bcb9d92adc97e2b9dff26689abdde6304da
CLIENT_TRAFFIC_SECRET_0 59252d77ef4c9c2056075095bff56213adbee0609c341cae50a2027355c49f12 dae0bde05f621e90d628d03d84f43aa393ee3752da710920953935e0f95dab80
SERVER_TRAFFIC_SECRET_0 59252d77ef4c9c2056075095bff56213adbee0609c341cae50a2027355c49f12 d477fda4efd90685f4719d94533686a36573b8d99f1d66b2088d2a3662ba7137
CLIENT_HANDSHAKE_TRAFFIC_SECRET 57bb7a8acbf0d92413cb8dc22d36003b1c13341ec7e5ffd039c3dd75b5c9945b f632bbbde617588e5aff33e2e448ebe7cfd2b23faaca49e245f7d66c05f78a27
SERVER_HANDSHAKE_TRAFFIC_SECRET 57bb7a8acbf0d92413cb8dc22d36003b1c13341ec7e5ffd039c3dd75b5c9945b d09e67056b44601c7772fc406c5909b7cefb8d4c4044bc90f4ba39f7984edba1
CLIENT_TRAFFIC_SECRET_0 57bb7a8acbf0d92413cb8dc22d36003b1c13341ec7e5ffd039c3dd75b5c9945b 7814ba67e61161028f7fc63b337d9e65523448e846e426c7701b98b965c84489
SERVER_TRAFFIC_SECRET_0 57bb7a8acbf0d92413cb8dc22d36003b1c13341ec7e5ffd039c3dd75b5c9945b 106831625905c5ce5799ed78a46bafb62ce9c8aa88863db90cc8bc0a3902e2da
CLIENT_HANDSHAKE_TRAFFIC_SECRET cbea3da9b515907888869e3b12db09575650f3f693f14d479e51c2fd8d440fa6 85021cef9380cc279ef3def8d93b8cfe4b73a9774fd190ac7fc7d293b6a47fb1
SERVER_HANDSHAKE_TRAFFIC_SECRET cbea3da9b515907888869e3b12db09575650f3f693f14d479e51c2fd8d440fa6 c1dcfbea12b2ba76e2153b087c3924058a312a824a5e094858d3dbc17a6c08bb
CLIENT_TRAFFIC_SECRET_0 cbea3da9b515907888869e3b12db09575650f3f693f14d479e51c2fd8d440fa6 338cb2b99039e8c3238e89139f2f8c15557522607ed728f524abfbf9e77d49f9
SERVER_TRAFFIC_SECRET_0 cbea3da9b515907888869e3b12db09575650f3f693f14d479e51c2fd8d440fa6 bd80a465f8ddbb2c791448e98accec6c9f2dbee704a0cff552c4d380b653505d
CLIENT_HANDSHAKE_TRAFFIC_SECRET 6a72cb54b607d450f586eae9c9aa24e3ec54053568fd519bb406747e8f97b72f f59f35ecc9d834064558e8dabca16df62ded67b05baa2a3b4db3e3f15015b3ca
SERVER_HANDSHAKE_TRAFFIC_SECRET 6a72cb54b607d450f586eae9c9aa24e3ec54053568fd519bb406747e8f97b72f a93f7d318f7a3396de7964ff51909355a26c982d05794309d9f0a2c3f9ec60ea
CLIENT_TRAFFIC_SECRET_0 6a72cb54b607d450f586eae9c9aa24e3ec54053568fd519bb406747e8f97b72f 0380f7d975e1df90f38594123e5b6c426eb337e23b9e7538ac1799f2d149c5fa
SERVER_TRAFFIC_SECRET_0 6a72cb54b607d450f586eae9c9aa24e3ec54053568fd519bb406747e8f97b72f a6ef2bc0b704cfd4b58efa9efb73cb4391d2c6766bb00ff719721f417f371f1d
CLIENT_HANDSHAKE_TRAFFIC_SECRET d205ebaccfcba6db3013cafefabf0559c0eadbdaa6a11ecb2d71d1eb6490c864 2a586984517fc101776992dd2fa1f86edf7f8283b4088378438ec4afbd13a008
SERVER_HANDSHAKE_TRAFFIC_SECRET d205ebaccfcba6db3013cafefabf0559c0eadbdaa6a11ecb2d71d1eb6490c864 867a66a3798380340369210e9246f5ccbe739e8dbbc47a563006fa83ff42f156
CLIENT_TRAFFIC_SECRET_0 d205ebaccfcba6db3013cafefabf0559c0eadbdaa6a11ecb2d71d1eb6490c864 40ff051c20cda713faddb759c56ac37537e3de0b8033cbdaa6a60960424f69f8
SERVER_TRAFFIC_SECRET_0 d205ebaccfcba6db3013cafefabf0559c0eadbdaa6a11ecb2d71d1eb6490c864 5f8258db383e6dbce769699770425677bad31c19250551122f865474fccf4cd0
CLIENT_HANDSHAKE_TRAFFIC_SECRET 85bb0194b0596f2eb3380cf39a7b80bae17dce125de136b0d8533d3be41da189 26f202b1f20d2a835c19bf0eef5e93091ca603b01f0069e1b1a18bcd4821c009
SERVER_HANDSHAKE_TRAFFIC_SECRET 85bb0194b0596f2eb3380cf39a7b80bae17dce125de136b0d8533d3be41da189 c6ff27baf39559ebd401b397b57fc5e6844a708e935a1c9c37328d85b23942f8
CLIENT_TRAFFIC_SECRET_0 85bb0194b0596f2eb3380cf39a7b80bae17dce125de136b0d8533d3be41da189 605d74af4b69ee7575dbc30098d4b5ecc4abdcd2a3f7502694b11ace8ddc97bd
SERVER_TRAFFIC_SECRET_0 85bb0194b0596f2eb3380cf39a7b80bae17dce125de136b0d8533d3be41da189 1b3884d72cac635b6b06327d6df08475f4b94c645de8bbff0a9be34ab807aabf
CLIENT_HANDSHAKE_TRAFFIC_SECRET ab8ad87652762aa05f37d98172540aa95de4a745f3bda845e952b31ceb086353 826fb0b2ace0b549fa245927d7986c25e5aa6e5e74bfe76ec199962626b0677f
SERVER_HANDSHAKE_TRAFFIC_SECRET ab8ad87652762aa05f37d98172540aa95de4a745f3bda845e952b31ceb086353 e7716eb681de6671ae5a6973e70691c9ca212a061921210be118c66bdf733479
CLIENT_TRAFFIC_SECRET_0 ab8ad87652762aa05f37d98172540aa95de4a745f3bda845e952b31ceb086353 3c3f2d7dbfb6f78349fd47320846648d3ae8ea1183e53eb71eb4f3ae5d401c0c
SERVER_TRAFFIC_SECRET_0 ab8ad87652762aa05f37d98172540aa95de4a745f3bda845e952b31ceb086353 ebebc62e8dd78a2f86a65dad6e9f1c941f6bba95402d2002d25c3194590f0277
CLIENT_HANDSHAKE_TRAFFIC_SECRET a576061a831adc20e3d57e1e857b3101162a913108f2068bdaf24d0bb63ff909 1171b9de449c82210615dd406e2ce402ac7cc9886445a05befec33af91f09b0d
SERVER_HANDSHAKE_TRAFFIC_SECRET a576061a831adc20e3d57e1e857b3101162a913108f2068bdaf24d0bb63ff909 583c17370cc2c41aad995a4c722b1156052aa38c169a61731d14795b2409a120
CLIENT_TRAFFIC_SECRET_0 a576061a831adc20e3d57e1e857b3101162a913108f2068bdaf24d0bb63ff909 8033cf15840dfe534d3ccb061012613cadaa6093aa8068ff41e5a0cdf8abbf72
SERVER_TRAFFIC_SECRET_0 a576061a831adc20e3d57e1e857b3101162a913108f2068bdaf24d0bb63ff909 947d03e4526f37ac1a2519a5dbe0fc15cb5741c535c3e613537724270ad66f43
CLIENT_HANDSHAKE_TRAFFIC_SECRET cd1d1d9b9bde155016e82ed510c551523811894c8ca27c6fd0dea945e0f22650 e3b7e512b58ae8d1607bb25a7fcd8a70ee2dcf10750fca278b506d2965c17156
SERVER_HANDSHAKE_TRAFFIC_SECRET cd1d1d9b9bde155016e82ed510c551523811894c8ca27c6fd0dea945e0f22650 001811f128ad9662b69d1f817e0e6523988858a42f962c801f05bf918b420cc2
CLIENT_TRAFFIC_SECRET_0 cd1d1d9b9bde155016e82ed510c551523811894c8ca27c6fd0dea945e0f22650 cdfaf89eac12f2c2e093bc6b9cb5b932c56a9b3a305a8b897888d0843c0491ac
SERVER_TRAFFIC_SECRET_0 cd1d1d9b9bde155016e82ed510c551523811894c8ca27c6fd0dea945e0f22650 30eb6df8e5eb82b51877992f516dab5ff78a779a1a4add6b148497944bb929ec
CLIENT_HANDSHAKE_TRAFFIC_SECRET fdf17488a5ccb53260b31607e602c1acd784f6d8868c0e5afa219114176c65ad 023be784f518970cb5b42cb7fca0ad71df3d028a77ea86de3a0f43769b4eacb6
SERVER_HANDSHAKE_TRAFFIC_SECRET fdf17488a5ccb53260b31607e602c1acd784f6d8868c0e5afa219114176c65ad 45a188cee1ee58de64979a764d9f77b5f06361a98b902d7c8ee80b4ee06042b2
CLIENT_TRAFFIC_SECRET_0 fdf17488a5ccb53260b31607e602c1acd784f6d8868c0e5afa219114176c65ad df9be4c6b2a4e204784f7533513ad39707cc4b76549c746ed24a071f2f271ce7
SERVER_TRAFFIC_SECRET_0 fdf17488a5ccb53260b31607e602c1acd784f6d8868c0e5afa219114176c65ad 55cac40bd73d0e65b1d08b92ce38fa485df307331384da7e57ba45535b21cccf
CLIENT_HANDSHAKE_TRAFFIC_SECRET 6349f88fc2683a56388ebc773be4faf77b8529cc77bbb7b1f4f3fbdc580f6ed7 b9fea09dcb79d31187b42a3ca27544ebd6930ccab1d2891a99f3327cbd7296e5
SERVER_HANDSHAKE_TRAFFIC_SECRET 6349f88fc2683a56388ebc773be4faf77b8529cc77bbb7b1f4f3fbdc580f6ed7 47d7691996247976f5ee727c26a94b5c854383558f0480eb7b323a13648ec230
CLIENT_TRAFFIC_SECRET_0 6349f88fc2683a56388ebc773be4faf77b8529cc77bbb7b1f4f3fbdc580f6ed7 f6480c1ed62453167806b0e54f2cfcee912d5cfccc455269eee63ccc94ca7448
SERVER_TRAFFIC_SECRET_0 6349f88fc2683a56388ebc773be4faf77b8529cc77bbb7b1f4f3fbdc580f6ed7 a13578626ed17f0dddb0effde1de8201a5ccd7c99ca0fe488911467163a4c2b1
CLIENT_HANDSHAKE_TRAFFIC_SECRET aade0cae9ada43111ffbe850195b8c6219a08a76497bf0a0244daf1749ce1757 34f85a14fe543dd3308dc4bacab1b59fcbfc9ef582dfb421d562fdd82935c375
SERVER_HANDSHAKE_TRAFFIC_SECRET aade0cae9ada43111ffbe850195b8c6219a08a76497bf0a0244daf1749ce1757 2d1ccaf78165436b3c75429b31d364d421d633f8efe999447f6e995e1f21f88a
CLIENT_TRAFFIC_SECRET_0 aade0cae9ada43111ffbe850195b8c6219a08a76497bf0a0244daf1749ce1757 08c0db2439e7f1f64be5ecd398baf23ef8f0b09a3cf513f5bf42d2258c1a662c
SERVER_TRAFFIC_SECRET_0 aade0cae9ada43111ffbe850195b8c6219a08a76497bf0a0244daf1749ce1757 6925b2bf2faad1955cb6efcc3ec58c54472e5e82bcfedc2b9bf46f4ca87ffdb5
CLIENT_HANDSHAKE_TRAFFIC_SECRET b16520c9508d83b54c3d905cd38702ae797712b0a8aac27a3e05ad4ffcd7cf49 23ce0c391720b76393401b3148c0c648cdbc32aa1cbd7bd2d78d578c86265891
SERVER_HANDSHAKE_TRAFFIC_SECRET b16520c9508d83b54c3d905cd38702ae797712b0a8aac27a3e05ad4ffcd7cf49 5ed594c4b41ad0c42b4f4b83cc54dca3b3651342eece56eed19a58cee12b7658
CLIENT_TRAFFIC_SECRET_0 b16520c9508d83b54c3d905cd38702ae797712b0a8aac27a3e05ad4ffcd7cf49 cbd12fc204e767a483228380662a2dd2814752e905eb1b2f2418e4ee5c8a3ec9
SERVER_TRAFFIC_SECRET_0 b16520c9508d83b54c3d905cd38702ae797712b0a8aac27a3e05ad4ffcd7cf49 e5af0fb844ea16092a7570536b0c160856d6a6e242b695059cd2508626c85041
CLIENT_HANDSHAKE_TRAFFIC_SECRET 19d14c9157e098b0b3e523aeacb678f12c327099efc90f81068fbd2e09516b8c 974b6da8e814a1db110efe369b816a4af0641cef29335fb825d7f7dd856492cc
SERVER_HANDSHAKE_TRAFFIC_SECRET 19d14c9157e098b0b3e523aeacb678f12c327099efc90f81068fbd2e09516b8c aa8b773df95e107b31e556b96babcd9984578c1597abe3e43d36a426ab3a3377
CLIENT_TRAFFIC_SECRET_0 19d14c9157e098b0b3e523aeacb678f12c327099efc90f81068fbd2e09516b8c 128a29d900e5c7156ea9bc3a2837881d70922cfe974c8937cdde31f36b83d2c9
SERVER_TRAFFIC_SECRET_0 19d14c9157e098b0b3e523aeacb678f12c327099efc90f81068fbd2e09516b8c 98db7ce74d9260e04dfa2ec87c87ad70534eb5fb3ddbbb8282d344fc363b569b
CLIENT_HANDSHAKE_TRAFFIC_SECRET f96dac9a7bd4f6f6d45fca6effbd9b8ab3ed5d0c21c1e8523ed69798a2a71c90 2bf7f6ba095d85069dacbec7400bec461bc32079e60578e4fbc792fec0dc6a9c
SERVER_HANDSHAKE_TRAFFIC_SECRET f96dac9a7bd4f6f6d45fca6effbd9b8ab3ed5d0c21c1e8523ed69798a2a71c90 0e975594b3927cae7a0c8749345de423b24e45cd67bef8f0c850a6d4871a0884
CLIENT_TRAFFIC_SECRET_0 f96dac9a7bd4f6f6d45fca6effbd9b8ab3ed5d0c21c1e8523ed69798a2a71c90 f8de043c138a2348177546c539234ed566a2a12ff64ec83cbd1618eb9c348cbe
SERVER_TRAFFIC_SECRET_0 f96dac9a7bd4f6f6d45fca6effbd9b8ab3ed5d0c21c1e8523ed69798a2a71c90 304de9744cbda6a45a3f02f2a068edd67d78403c8b018ca874b8acf649487a67
CLIENT_HANDSHAKE_TRAFFIC_SECRET bfc60326bf2e153d5b38763fdb6e56a0056b9bf98e5cea32797f9a74ec6bfd33 ffbf35091987ff215b1d686dc911bde62ac18d686622a1e295a6eaf8aec28238
SERVER_HANDSHAKE_TRAFFIC_SECRET bfc60326bf2e153d5b38763fdb6e56a0056b9bf98e5cea32797f9a74ec6bfd33 b0754ba378cf741b0b575939ad147ac65125120e57489003ce57ed17915aab09
CLIENT_TRAFFIC_SECRET_0 bfc60326bf2e153d5b38763fdb6e56a0056b9bf98e5cea32797f9a74ec6bfd33 47122461e848f3255db5a6eac51168f6f2c1b65fcd6266447305ff9d3750912e
SERVER_TRAFFIC_SECRET_0 bfc60326bf2e153d5b38763fdb6e56a0056b9bf98e5cea32797f9a74ec6bfd33 d7bf6a9b3efdcf9fb98787555b23c6d05e8ed7bff04283f7c1a052571d0d5204
CLIENT_HANDSHAKE_TRAFFIC_SECRET 40bc9168d8f999112d21754b24a8923c74e55c18ce44aef8ea6ccec277614a5b 897d0e1a0993cfb5fcb651ff8bef5d2fd626a1f0a7f9fef02e8794ff19f35bd1
SERVER_HANDSHAKE_TRAFFIC_SECRET 40bc9168d8f999112d21754b24a8923c74e55c18ce44aef8ea6ccec277614a5b 75b1a9fe760f743571218254ae69ba1a4c8c87c74c76de84236cfd9165dab72b
CLIENT_TRAFFIC_SECRET_0 40bc9168d8f999112d21754b24a8923c74e55c18ce44aef8ea6ccec277614a5b 98eeee5c95b469bc36672f939072f5f5f3268f02e06edf204642a83c1f705cdd
SERVER_TRAFFIC_SECRET_0 40bc9168d8f999112d21754b24a8923c74e55c18ce44aef8ea6ccec277614a5b 0c88ebed7840be65c713dbd6c19d12c8bce94f20028828bf1e50595fe08e3b1a
CLIENT_HANDSHAKE_TRAFFIC_SECRET aa2ab3f8e9c28ea28a03272b598a39249d3e2dba9cef5edde0a460d88ac9eb67 96767961358a4c0876673b57b4df3b4cbbf575f02acd63a607b316fd207adeca
SERVER_HANDSHAKE_TRAFFIC_SECRET aa2ab3f8e9c28ea28a03272b598a39249d3e2dba9cef5edde0a460d88ac9eb67 23cef767dfed4e8cf1d50fb7f33e19a5c3bf401710ef26a711d839b055400f86
CLIENT_TRAFFIC_SECRET_0 aa2ab3f8e9c28ea28a03272b598a39249d3e2dba9cef5edde0a460d88ac9eb67 bc1465175388f11a58635ec2f56e16029d10ed08704cd54f8c5d08c87f4605b8
SERVER_TRAFFIC_SECRET_0 aa2ab3f8e9c28ea28a03272b598a39249d3e2dba9cef5edde0a460d88ac9eb67 4540d3f01c18823b2a747c1a146b31bfc8d6ffa58c76dc7d915918531487d7a1
CLIENT_HANDSHAKE_TRAFFIC_SECRET 8272ded45003c614f6368467f4ca7313ab49c07a5e570697334f4f808c152cd4 bf1332f490c6bdd81314e8bcc4938a28f4ca7840cb18c8bd761d0357b4186bb9
SERVER_HANDSHAKE_TRAFFIC_SECRET 8272ded45003c614f6368467f4ca7313ab49c07a5e570697334f4f808c152cd4 4587d9bd2da283c04a60683a0b26bc7bfbde0ca514a577c3df1784904b6509e2
CLIENT_TRAFFIC_SECRET_0 8272ded45003c614f6368467f4ca7313ab49c07a5e570697334f4f808c152cd4 f7c1b8b0b408eff641a503722e4b1e6d4f151e36666e9623af8717e319735db6
SERVER_TRAFFIC_SECRET_0 8272ded45003c614f6368467f4ca7313ab49c07a5e570697334f4f808c152cd4 4906b3b3160f2b0d0de25faf16f131d3d85a7b595af75f214673a2e2b903ca69
CLIENT_HANDSHAKE_TRAFFIC_SECRET 05d465e8a6c0af09cce8655fccabac2aa8bb48105c8296ec71dfb239349417b0 272c60d976fb4277f65ad979d895249697a85788eaa0394fd7093bbb6bf2a449
SERVER_HANDSHAKE_TRAFFIC_SECRET 05d465e8a6c0af09cce8655fccabac2aa8bb48105c8296ec71dfb239349417b0 c73fcdac203617f1ee2b70809db9c11e31c008bd51e04ee55be77bd757e294c3
CLIENT_TRAFFIC_SECRET_0 05d465e8a6c0af09cce8655fccabac2aa8bb48105c8296ec71dfb239349417b0 41f75f507598881e1f5711e68b5cd5998972ad02e41b4161e35f207625b29a7f
SERVER_TRAFFIC_SECRET_0 05d465e8a6c0af09cce8655fccabac2aa8bb48105c8296ec71dfb239349417b0 16b1a432fef80d99e7091537ef7ccc81d4ce42a86547df0b7b8fb3813e369a4a
CLIENT_HANDSHAKE_TRAFFIC_SECRET 3166fb10697baedc6aa948e014768936d4e2a92f493cf793338a5fe41f82cd38 bc1659b9270493e76779656af28a2ca679d060ade3e18abae924dc6071e04bbb
SERVER_HANDSHAKE_TRAFFIC_SECRET 3166fb10697baedc6aa948e014768936d4e2a92f493cf793338a5fe41f82cd38 0b6aef23ffd5f6a3201f163c8b275c30b3b0c28429e117c90a50c9ff480d7021
CLIENT_TRAFFIC_SECRET_0 3166fb10697baedc6aa948e014768936d4e2a92f493cf793338a5fe41f82cd38 0d0aa6ded2b98dd434e76d2e049c3aaec2ddcacdb0cbe63603524f8138d26e7b
SERVER_TRAFFIC_SECRET_0 3166fb10697baedc6aa948e014768936d4e2a92f493cf793338a5fe41f82cd38 a9def9cdd3229f8cf96ef2562df414bf8fb686c158ebd55ffea8594785238773
CLIENT_HANDSHAKE_TRAFFIC_SECRET a896015a15dc4de4d40a27566d01c97d573fdcad7a6259395b5e83763fc9c9ad e75d8d6062eba470ea7713f58cbebb7221127af5fd00c66aee126b58f1ddcd03
SERVER_HANDSHAKE_TRAFFIC_SECRET a896015a15dc4de4d40a27566d01c97d573fdcad7a6259395b5e83763fc9c9ad 85d7653f29a5eea5b9bbe86f93f7e56630fe8c347f927c9c6eba052ea344690c
CLIENT_TRAFFIC_SECRET_0 a896015a15dc4de4d40a27566d01c97d573fdcad7a6259395b5e83763fc9c9ad 38be762111cf33342910d58924e8371c9e27ccfdc9c26fccbef16117499743e5
SERVER_TRAFFIC_SECRET_0 a896015a15dc4de4d40a27566d01c97d573fdcad7a6259395b5e83763fc9c9ad f5afa95ec2a5aed93da70e083368234cfed8bc148d6355f669d21c12f430b37b
CLIENT_HANDSHAKE_TRAFFIC_SECRET 7a93fa0be32dd3975ba61e73cc2efd23eb2e07a7a9319120d14f475447cea2d5 7673c7bc1a8bd7264883fe14e074918e4a04875d7a1c0ae6f6ec4e1b75a68524
SERVER_HANDSHAKE_TRAFFIC_SECRET 7a93fa0be32dd3975ba61e73cc2efd23eb2e07a7a9319120d14f475447cea2d5 979cfd0f18df27c7b228f154fca38658674f9da45be5dfa4e22bf7f0f696ed9d
CLIENT_TRAFFIC_SECRET_0 7a93fa0be32dd3975ba61e73cc2efd23eb2e07a7a9319120d14f475447cea2d5 0a1b3873a856cfbd7320f46ff54b06159978140f00222572e8cc1457ff4f4f65
SERVER_TRAFFIC_SECRET_0 7a93fa0be32dd3975ba61e73cc2efd23eb2e07a7a9319120d14f475447cea2d5 0a33cd48ddb1dad8ad1d4213d736de634aa9932be690c8375ef6e13aa0c51a61
CLIENT_HANDSHAKE_TRAFFIC_SECRET aabaa9148627a54c90fef96f6e077a0becc7ec48bef51e5dee03b5183b6d3652 65ef4d4b9ad0326c1e5050c4281797e1dd2f37b29372072890fe807aa12e7ac8
SERVER_HANDSHAKE_TRAFFIC_SECRET aabaa9148627a54c90fef96f6e077a0becc7ec48bef51e5dee03b5183b6d3652 91f520641dffb2e9d454ca3ea4f569f02f0c217edebca8762da620a49657c46a
CLIENT_TRAFFIC_SECRET_0 aabaa9148627a54c90fef96f6e077a0becc7ec48bef51e5dee03b5183b6d3652 054447fb6379052b0810a3d5ae928b92de38b38fa0cde9532be6ba763e2e3e2e
SERVER_TRAFFIC_SECRET_0 aabaa9148627a54c90fef96f6e077a0becc7ec48bef51e5dee03b5183b6d3652 ab4dd0f701ca9695b540171f6bd1d5a6211840ed24fd2cd3f1b0c517feeb1c86
CLIENT_HANDSHAKE_TRAFFIC_SECRET 29551770535725d139d1cfdcc66653896d0784f07bd49fe13f53eed1d4fce29f 314039600caa8ff0338d17bcabbe3035102350bef886296a7eb7deb20e14f077
SERVER_HANDSHAKE_TRAFFIC_SECRET 29551770535725d139d1cfdcc66653896d0784f07bd49fe13f53eed1d4fce29f 46625832a79a7dcab95d73427f9c57666120310495d98ba14e257792ad82f8da
CLIENT_TRAFFIC_SECRET_0 29551770535725d139d1cfdcc66653896d0784f07bd49fe13f53eed1d4fce29f fe0cdb2e27f16125a53ed9b8ef6f9cad8995a72ef6483efcd84191b2066162cf
SERVER_TRAFFIC_SECRET_0 29551770535725d139d1cfdcc66653896d0784f07bd49fe13f53eed1d4fce29f 2d103f57902a456d949342dd6ba70563af7cf22800aa15391d34592902e14357
CLIENT_HANDSHAKE_TRAFFIC_SECRET 30f7cdb64790eefc8bcad4d1b2784a04ffc411eb7528bc705d9b2a90bb8d1bea a631a3b9c310a729c00f29dc0fe8dd069d2fe682d23423f3b5fe7c447b913ce3
SERVER_HANDSHAKE_TRAFFIC_SECRET 30f7cdb64790eefc8bcad4d1b2784a04ffc411eb7528bc705d9b2a90bb8d1bea 1b2277f0fd9678d89d8a6290fe916f311e9a9a4cedd700de3557856f777e39dd
CLIENT_TRAFFIC_SECRET_0 30f7cdb64790eefc8bcad4d1b2784a04ffc411eb7528bc705d9b2a90bb8d1bea 61dbd3eb663e4247f706e89f4e811de7d61857ec43deb33c1d4830cde1158d91
SERVER_TRAFFIC_SECRET_0 30f7cdb64790eefc8bcad4d1b2784a04ffc411eb7528bc705d9b2a90bb8d1bea ad951d27e636af6faffba7fd3b3161711cc2c74e5336dab9e4312942ddd8d901
CLIENT_HANDSHAKE_TRAFFIC_SECRET 4d7de056cf745bea13e7c76a321d712cf823b346dad2ad07fb034a195cc7249b c4ba1d967097a2493e06594ea0a2215eca8db42ec977ed7064ad3bbf460477f3
SERVER_HANDSHAKE_TRAFFIC_SECRET 4d7de056cf745bea13e7c76a321d712cf823b346dad2ad07fb034a195cc7249b e55721b28f6b70a331995de9e75667967a3f31baa3f6378d183c823316cd6cf0
CLIENT_TRAFFIC_SECRET_0 4d7de056cf745bea13e7c76a321d712cf823b346dad2ad07fb034a195cc7249b 6076184d2a4633cf262ba0cef502c12259f9ad2ab14390135b6ad9a500b66008
SERVER_TRAFFIC_SECRET_0 4d7de056cf745bea13e7c76a321d712cf823b346dad2ad07fb034a195cc7249b 5a06c2d52a607e1538a5da2104e5956a30cb5a5b29f72b3fd7f170e8d4a35483
CLIENT_HANDSHAKE_TRAFFIC_SECRET 1d85ef589b7502b7976de69e54d19445d85541aecf4cccc441ae065bcdd53932 b37ff8480e6beaea0a9f52abe87b259d0c36381528e1c25d116d9a987df26037
SERVER_HANDSHAKE_TRAFFIC_SECRET 1d85ef589b7502b7976de69e54d19445d85541aecf4cccc441ae065bcdd53932 e98c791e7c2c68cb1e31b9db1349be2d8e53e78fa28bb7bb2d930ef92e755afa
CLIENT_TRAFFIC_SECRET_0 1d85ef589b7502b7976de69e54d19445d85541aecf4cccc441ae065bcdd53932 8011692cb353edc474be5078d266d9e8e844bd4c872a5a48ee20e053b627d3e5
SERVER_TRAFFIC_SECRET_0 1d85ef589b7502b7976de69e54d19445d85541aecf4cccc441ae065bcdd53932 aa97b10a82845483a8245ddb88e3d0a5d9396e3e1980da82dd385e4ba9be9015
CLIENT_HANDSHAKE_TRAFFIC_SECRET 6ecc262225f480c57388fd3329efbb681bddccae9c92e3b6fe69cb5169f4fc74 06865d38922fdfeb1f3e2393f775d0771da0fda00d96c0befca44139a59ebe2a
SERVER_HANDSHAKE_TRAFFIC_SECRET 6ecc262225f480c57388fd3329efbb681bddccae9c92e3b6fe69cb5169f4fc74 8882f1e8fd35fee35cd23e3da6ee07bfd4aeeb4d13d507caf33ba8715ab235e6
CLIENT_TRAFFIC_SECRET_0 6ecc262225f480c57388fd3329efbb681bddccae9c92e3b6fe69cb5169f4fc74 ffb989aa50b0386ae8f1fb5d44908ca8b587f845103fe1f973e5097aa56928d2
SERVER_TRAFFIC_SECRET_0 6ecc262225f480c57388fd3329efbb681bddccae9c92e3b6fe69cb5169f4fc74 8319eb1095a657e4f15673a86cf27213d3888c28ce65abf9a2a5cba3695e9c93
CLIENT_HANDSHAKE_TRAFFIC_SECRET 6c35770fe7139f92f234bec69229b573b212b5417e09c7456924e69b230fbacb edeb3e01adb756591933aba49e2083f393061799911638fd5b097d707f782253
SERVER_HANDSHAKE_TRAFFIC_SECRET 6c35770fe7139f92f234bec69229b573b212b5417e09c7456924e69b230fbacb 8f9b4aca6798457ab3d56bee320ecd85b94fed1d1fa5dd3de0a51a2e46b4c937
CLIENT_TRAFFIC_SECRET_0 6c35770fe7139f92f234bec69229b573b212b5417e09c7456924e69b230fbacb e2ded6c6fa6a314e9ed5fd6d188dc147ea50ee2967983be3c954b56fc251d48d
SERVER_TRAFFIC_SECRET_0 6c35770fe7139f92f234bec69229b573b212b5417e09c7456924e69b230fbacb 7d74cb2b01340c9ab6e4ebb76031184a12d426597c5ba18819a95649528e3095
CLIENT_HANDSHAKE_TRAFFIC_SECRET 1f939efaad3038f638ef5a0600487228a8d230e898b98295142e82558282f8e4 280d343b9d79b327500f5af99c383f85df2e1e9f8bfe36adf0bab3246e59a39a
SERVER_HANDSHAKE_TRAFFIC_SECRET 1f939efaad3038f638ef5a0600487228a8d230e898b98295142e82558282f8e4 a92653187686b0bd3726f0a1399dfd31aafc4b077ce5b975007ff06b228826dd
CLIENT_TRAFFIC_SECRET_0 1f939efaad3038f638ef5a0600487228a8d230e898b98295142e82558282f8e4 026909a779b649a7dd1b855ea5404fd6da733b68b0d972ce6bb1799adab3f732
SERVER_TRAFFIC_SECRET_0 1f939efaad3038f638ef5a0600487228a8d230e898b98295142e82558282f8e4 27c78f378a8533c944c2ab7eb3285d8569fb6d9d1ab6a5ec7aa9f0b7696d1339
CLIENT_HANDSHAKE_TRAFFIC_SECRET 0a192d515c6ff8eae5040d43353b74cd549e9cf1df6709ec3f6abfcb1579bb57 507dddcb4d29a5c0be68480f8f9919ce32a031e39c4d133b6f49eaf624ee4e9f
SERVER_HANDSHAKE_TRAFFIC_SECRET 0a192d515c6ff8eae5040d43353b74cd549e9cf1df6709ec3f6abfcb1579bb57 79610a2ae73377c682244a1f3abea109a65c3b3a9c9e81cbc1196ff64526a5fc
CLIENT_TRAFFIC_SECRET_0 0a192d515c6ff8eae5040d43353b74cd549e9cf1df6709ec3f6abfcb1579bb57 60da63d761e192e6b9f2537ab5f5874de85202a6551ec3e42e650d59788e0ccd
SERVER_TRAFFIC_SECRET_0 0a192d515c6ff8eae5040d43353b74cd549e9cf1df6709ec3f6abfcb1579bb57 89ec05c7b85031b00d1c6995a92a0923c8de51106d0b3faedde217804f52e750
CLIENT_HANDSHAKE_TRAFFIC_SECRET 13eacf6346648959bd85a27fecec8d8c3c2f9408dbba8c3ed68dde938f36acc4 cc78ee1ee2c0f10c54dad2130b01f8013c3cd74023321a7505fce976c5ab9484
SERVER_HANDSHAKE_TRAFFIC_SECRET 13eacf6346648959bd85a27fecec8d8c3c2f9408dbba8c3ed68dde938f36acc4 a8628dfe6192684cf648bf891694826b20e8a099f310d8c949d662bee915d52a
CLIENT_TRAFFIC_SECRET_0 13eacf6346648959bd85a27fecec8d8c3c2f9408dbba8c3ed68dde938f36acc4 1dd065b3161e27efcc99958110edccd84a55a0f960a1b04b3ecac22b433be78d
SERVER_TRAFFIC_SECRET_0 13eacf6346648959bd85a27fecec8d8c3c2f9408dbba8c3ed68dde938f36acc4 bfe6ae9c9a3f57cfacbd9e1280b8f47ddf7551e6ccdbd4f8c6e54ce994ddde32
CLIENT_HANDSHAKE_TRAFFIC_SECRET 15794392dc2164614c82e4a717f65a3e05f7181fc336339151fa4f350fdc7c50 ca0ce3705f06d18feb1d4764a16db2466f23b8bc18e3f48d95c87da83feab9aa
SERVER_HANDSHAKE_TRAFFIC_SECRET 15794392dc2164614c82e4a717f65a3e05f7181fc336339151fa4f350fdc7c50 0d4e4d0bdc49216048d9cc244858d04279fe36db84d7f85cc0e46a431dfbc15e
CLIENT_TRAFFIC_SECRET_0 15794392dc2164614c82e4a717f65a3e05f7181fc336339151fa4f350fdc7c50 f71261df7cf88dd835c5798b8283a7ca4159cc83d72938c6c8cd95d38fc17cab
SERVER_TRAFFIC_SECRET_0 15794392dc2164614c82e4a717f65a3e05f7181fc336339151fa4f350fdc7c50 d9c04e612fed3544c168764ca0b06671c742d5d679ce8cfceb45b27e29a31af7
CLIENT_HANDSHAKE_TRAFFIC_SECRET cd0e043e9aa0a2daf1d680d7badf5232aa515d8be6385b888a85e8940444172a 17fb12bee613a1a2dad65c88bcbf272c01e2e647702d3281af7f82c85235533f
SERVER_HANDSHAKE_TRAFFIC_SECRET cd0e043e9aa0a2daf1d680d7badf5232aa515d8be6385b888a85e8940444172a 26d67f314c97ec917e45390163ff82171d94686e8d484ce3f2a51f59afc7b770
CLIENT_TRAFFIC_SECRET_0 cd0e043e9aa0a2daf1d680d7badf5232aa515d8be6385b888a85e8940444172a 2c4bc3f37b24b5f4f8f5eb3ef0fd1f61a86fcc2fd44f9134cf08f0554d74df73
SERVER_TRAFFIC_SECRET_0 cd0e043e9aa0a2daf1d680d7badf5232aa515d8be6385b888a85e8940444172a 9f46fd54dc8d9b8644708e88bf2935143e4aedc511ed3f10d189b2f821503462
CLIENT_HANDSHAKE_TRAFFIC_SECRET 89fff57a5748aca661c785d812eddf9203bd4cbaa6f8141a6a268f99b07fda27 0e38e7b7653bd6aa700762f524b4053ae2fb58aa32f45e682c15631c1cf1618f
SERVER_HANDSHAKE_TRAFFIC_SECRET 89fff57a5748aca661c785d812eddf9203bd4cbaa6f8141a6a268f99b07fda27 3c55e2bf244c97afa10e286da8e728d70b7ea8eebe99c6c8789bebe98b339c4d
CLIENT_TRAFFIC_SECRET_0 89fff57a5748aca661c785d812eddf9203bd4cbaa6f8141a6a268f99b07fda27 fb9e92efaf9c700e0d4d638f8ee8c8898f24e8bdeec48268aa62b9490aa55895
SERVER_TRAFFIC_SECRET_0 89fff57a5748aca661c785d812eddf9203bd4cbaa6f8141a6a268f99b07fda27 d6af99e5305a71fd192d261e410eea68c71acb147a93b938b8568d10e1d09c1b
CLIENT_HANDSHAKE_TRAFFIC_SECRET 0e26992d4c9a9cac2c811b2665f23d97463469535aad1b27270d9e59b73cabdc 086d3f4846de9190e1a4ff299c3dad05eae3909ecda3a93117e13ee49a0fdf25
SERVER_HANDSHAKE_TRAFFIC_SECRET 0e26992d4c9a9cac2c811b2665f23d97463469535aad1b27270d9e59b73cabdc 270a5fb0ae1de5cb78ffad067f655d90a4bba9fa6d06aa5cfbe9123a4b57d202
CLIENT_TRAFFIC_SECRET_0 0e26992d4c9a9cac2c811b2665f23d97463469535aad1b27270d9e59b73cabdc 436fa169c40cd1f9c7ac4434a0948357dd1658cacbb325bbe1f1b43f968666cb
SERVER_TRAFFIC_SECRET_0 0e26992d4c9a9cac2c811b2665f23d97463469535aad1b27270d9e59b73cabdc e33601b0593dc716f0db9441025290367b0868630f4c083fcf8dadc713dffe6f
CLIENT_HANDSHAKE_TRAFFIC_SECRET aee86d1eb8243835a60dc04ca70577e7ff99851b05751a9b27f1539efa9acf58 5aa14a08e4d84201957b5db15fd952ee6c271079b1e29f77eb5005dd64215e5d
SERVER_HANDSHAKE_TRAFFIC_SECRET aee86d1eb8243835a60dc04ca70577e7ff99851b05751a9b27f1539efa9acf58 c3357c1d9b77dd939c5709175fbfd5654971a83b99587f61762c267682c56115
CLIENT_TRAFFIC_SECRET_0 aee86d1eb8243835a60dc04ca70577e7ff99851b05751a9b27f1539efa9acf58 4d517a90affde3b2aaedc679c8ae39b48a9a39ac1dc0337d4a9103b0e5b79f31
SERVER_TRAFFIC_SECRET_0 aee86d1eb8243835a60dc04ca70577e7ff99851b05751a9b27f1539efa9acf58 1c72dc6459ff6a45282208e37e86485ebd3f5793c42d2f13982b2a2d95e14d51
CLIENT_HANDSHAKE_TRAFFIC_SECRET 0c10653316d2eab125abb138076301bbcf0857d4fc4a1db752dd018571f6c99b 7e4962aa560bf77a2c6f226e15c5d161852e856f75de83a396e616a4df7d37aa
SERVER_HANDSHAKE_TRAFFIC_SECRET 0c10653316d2eab125abb138076301bbcf0857d4fc4a1db752dd018571f6c99b 1f5060c3d018ad47a0fcdc06ce2933f32904fe1f3ce3cc6b586ac60f01285995
CLIENT_TRAFFIC_SECRET_0 0c10653316d2eab125abb138076301bbcf0857d4fc4a1db752dd018571f6c99b 3b914257cdda28bc7d78a41472e2c337417322c302ad045da8b60c327cb90fef
SERVER_TRAFFIC_SECRET_0 0c10653316d2eab125abb138076301bbcf0857d4fc4a1db752dd018571f6c99b 80069e2f31758a62ed5934b529e156b0f6fdd14ed11e92ecae8b8dab150c5c8a
CLIENT_HANDSHAKE_TRAFFIC_SECRET 19e64d9417db21a485f202aeea002e15d91b7e79bc3b4d3c9ac2d9ce9371f005 66fbc407a9fae7050a58164e99df402198eea4f047d8d7adc9467f7b05a51c07
SERVER_HANDSHAKE_TRAFFIC_SECRET 19e64d9417db21a485f202aeea002e15d91b7e79bc3b4d3c9ac2d9ce9371f005 15cfdede8ec8abc957748fcb51658a98e8cc12185523be6932835e9c4941b250
CLIENT_TRAFFIC_SECRET_0 19e64d9417db21a485f202aeea002e15d91b7e79bc3b4d3c9ac2d9ce9371f005 5a124aae320a86b56bc7b0b2839821dde492ce87e3f83b2b1dacee7bb5a1bb83
SERVER_TRAFFIC_SECRET_0 19e64d9417db21a485f202aeea002e15d91b7e79bc3b4d3c9ac2d9ce9371f005 4cc817117dac23be4a6d82fe3274692ef4ca53a504d080540a34a5e3dbd3353b
CLIENT_HANDSHAKE_TRAFFIC_SECRET a2e00a1eee9ddec4612edd0775685a16ecf131ff07e5611607ac1f21157a5f60 687c54894b28e13eb1eebd0ecaefaccd88ca9f3ca5519aab6287d47d3d13658e
SERVER_HANDSHAKE_TRAFFIC_SECRET a2e00a1eee9ddec4612edd0775685a16ecf131ff07e5611607ac1f21157a5f60 9fc0bf1d4245c68ee61545782f23bfca5aa34a485639ce0652704e7c6d595123
CLIENT_TRAFFIC_SECRET_0 a2e00a1eee9ddec4612edd0775685a16ecf131ff07e5611607ac1f21157a5f60 6eb207107f6eb258a85c6d3830b3359004b45af71ad0ecac162d18e1586fcf8e
SERVER_TRAFFIC_SECRET_0 a2e00a1eee9ddec4612edd0775685a16ecf131ff07e5611607ac1f21157a5f60 8ede943b07ba9a8e1117889ed851e597d466410ca54faad40ed74dff80e73005
CLIENT_HANDSHAKE_TRAFFIC_SECRET fe0bf5c2ad5494665020486e0c72bdff7aaf5374601c12cc381ad209c2a372dd 84aafb5b4d49c2fa727f3b36fb218d01b43583ea3eecf6c9ba619d273031317e
SERVER_HANDSHAKE_TRAFFIC_SECRET fe0bf5c2ad5494665020486e0c72bdff7aaf5374601c12cc381ad209c2a372dd a1069ac4b97f9006a743886f2b2d9eb1fc8e32de7fc765d1627eee97feabec46
CLIENT_TRAFFIC_SECRET_0 fe0bf5c2ad5494665020486e0c72bdff7aaf5374601c12cc381ad209c2a372dd 7fa8df4e6cae719de5610a697fcbfa37149411e5d7d17dd3146a85859d0845a7
SERVER_TRAFFIC_SECRET_0 fe0bf5c2ad5494665020486e0c72bdff7aaf5374601c12cc381ad209c2a372dd a0fd1d1d905f3135c327be64ac16c333582795ed9d84f63a0ce0f62d420e5f01
CLIENT_HANDSHAKE_TRAFFIC_SECRET 6c13111fac3cf7303d9d580bf1afd19f39de3a8f0501bd8eee42092cda77236c 0f94a0afa41902ac730b6e3863d659954248d7ceee2f08d51e066a779f58f945
SERVER_HANDSHAKE_TRAFFIC_SECRET 6c13111fac3cf7303d9d580bf1afd19f39de3a8f0501bd8eee42092cda77236c bcec619154274e5ad2029039335f8411d99be98d6702586f8f5c2c31b1d6fa33
CLIENT_TRAFFIC_SECRET_0 6c13111fac3cf7303d9d580bf1afd19f39de3a8f0501bd8eee42092cda77236c be31082843ff8867091165b8ca88d9536346522bf91f17b76cc19dd04bc57d7c
SERVER_TRAFFIC_SECRET_0 6c13111fac3cf7303d9d580bf1afd19f39de3a8f0501bd8eee42092cda77236c 04295c76cb27c625b6f96f2c66091a4bd40c7c148aab4d691c95cc94b6fc609a
CLIENT_HANDSHAKE_TRAFFIC_SECRET 2ec819a5973729f8d8a0deee68cf6081687ac6d162f535b5cf18da57410ede5d bc8dfea4e5ff20347d3133d6f4295abfd7bc85d76cf94496e53e1de911a7a1cc
SERVER_HANDSHAKE_TRAFFIC_SECRET 2ec819a5973729f8d8a0deee68cf6081687ac6d162f535b5cf18da57410ede5d 70c0d2b4c7f840fef28bbc8f83aec79e01a594443df058728fc7d4ddf42d6141
CLIENT_TRAFFIC_SECRET_0 2ec819a5973729f8d8a0deee68cf6081687ac6d162f535b5cf18da57410ede5d 59d40193b3a7b63f86e9d9a6dbecc8dbd7f5e95298d556672b0a411e2fc3d3a4
SERVER_TRAFFIC_SECRET_0 2ec819a5973729f8d8a0deee68cf6081687ac6d162f535b5cf18da57410ede5d 8113417a931c18b06e1406a5db61fb45b311eee674985dc80560c24d74543a2e
CLIENT_HANDSHAKE_TRAFFIC_SECRET 4e6977f244418d5e691c58f921d6be7f4c811f0fe431317c96df0c3fe187c08f fee2cc090aef3df53161c30ed66926ddf028b242885dc36ca530df2106d50fd2
SERVER_HANDSHAKE_TRAFFIC_SECRET 4e6977f244418d5e691c58f921d6be7f4c811f0fe431317c96df0c3fe187c08f aa7f47bd93ccb9b3315a0213039a65f96810fbb81c1f94de895c758a13288965
CLIENT_TRAFFIC_SECRET_0 4e6977f244418d5e691c58f921d6be7f4c811f0fe431317c96df0c3fe187c08f c1cff77fadd97867fd20cd5e1d1b2f7122fbeaa043544576792b438898aef131
SERVER_TRAFFIC_SECRET_0 4e6977f244418d5e691c58f921d6be7f4c811f0fe431317c96df0c3fe187c08f 920b6c4c2fb13d1bcf0428df1fd6f0adaddfb31f40ad9e4aca0b15c46b18a977
CLIENT_HANDSHAKE_TRAFFIC_SECRET ca58374fe183799ef17c1bcd456b11e5b3e2f5c5d5c902d56eda00b9ee80163f 2bd7c8b211984a4be8d9664afb17c7dcf037dcfa9dd295c974bebf66824e95ba
SERVER_HANDSHAKE_TRAFFIC_SECRET ca58374fe183799ef17c1bcd456b11e5b3e2f5c5d5c902d56eda00b9ee80163f 6e65358c60720d9ff7191e974304fd084f5ca35e269dbb39664ace115094760a
CLIENT_TRAFFIC_SECRET_0 ca58374fe183799ef17c1bcd456b11e5b3e2f5c5d5c902d56eda00b9ee80163f 5617dd50195804d056c11a1746aaa32a76265d1e21f5c0245eed864a891fb9ac
SERVER_TRAFFIC_SECRET_0 ca58374fe183799ef17c1bcd456b11e5b3e2f5c5d5c902d56eda00b9ee80163f 9cc8930b23a632005013e8f07bec62783a1bcc3e36e812f7861ed1213c737320
CLIENT_HANDSHAKE_TRAFFIC_SECRET bc5051d54c79bd8fbaa27fdf97371be1036f78cd954719cce2aa58527ab91930 5cbadf5008b22f71b5652c4296921049ab4ea27d7666ea022511e25bc56f66ab
SERVER_HANDSHAKE_TRAFFIC_SECRET bc5051d54c79bd8fbaa27fdf97371be1036f78cd954719cce2aa58527ab91930 5d2a49563293462b66cb593f8204ccb95d19e049f46ee396fc838e5f327f5bbc
CLIENT_TRAFFIC_SECRET_0 bc5051d54c79bd8fbaa27fdf97371be1036f78cd954719cce2aa58527ab91930 2b6ae0764ba0cfee696cc37d4cc5c50e76f9c25f30465c62a02a1653c838061f
SERVER_TRAFFIC_SECRET_0 bc5051d54c79bd8fbaa27fdf97371be1036f78cd954719cce2aa58527ab91930 ee83edaa6d213cca93e120f7c520a570644cd61e44d77650157312b8c1d46f7d
CLIENT_HANDSHAKE_TRAFFIC_SECRET 23392ff16c029bce2dd2740b2c2c5081b96d284026e8f01d7815e7b22f9de7b5 b6a0c1f64e07675c4358e6fc370a3cf255908fa659ff24a33aa9a7ae46a31c2c
SERVER_HANDSHAKE_TRAFFIC_SECRET 23392ff16c029bce2dd2740b2c2c5081b96d284026e8f01d7815e7b22f9de7b5 37c177508917b00255685faaa20a3b6790cfa776cc2b5480c6e1953e44f2ab0f
CLIENT_TRAFFIC_SECRET_0 23392ff16c029bce2dd2740b2c2c5081b96d284026e8f01d7815e7b22f9de7b5 b587b3f0e34f1fc5d5369f0cb27d64b33ab38ffcdcdf083f2e25e8801e2d4ef5
SERVER_TRAFFIC_SECRET_0 23392ff16c029bce2dd2740b2c2c5081b96d284026e8f01d7815e7b22f9de7b5 12061e1eb74ab6a883f0923dfa9f568c18efb6f4056ffc4005207b7c004fec7a
CLIENT_HANDSHAKE_TRAFFIC_SECRET fc9fb167768b14ded16647e2e13f2a888c216b55e67ff50d768dc42cdd8fbeb7 7f7dc5d85dd79c70950d0b35e3b92a53e9ed99947c7b0a8614bb5d9e18b809e0
SERVER_HANDSHAKE_TRAFFIC_SECRET fc9fb167768b14ded16647e2e13f2a888c216b55e67ff50d768dc42cdd8fbeb7 461051a8460658859935381d300bd8ced9698d2271ab71cf3b76e77d4912a7d5
CLIENT_TRAFFIC_SECRET_0 fc9fb167768b14ded16647e2e13f2a888c216b55e67ff50d768dc42cdd8fbeb7 8e6cbb0c1dc0907021c949ec5e46acbe32cf4d39632eea507bd29287e1999bc5
SERVER_TRAFFIC_SECRET_0 fc9fb167768b14ded16647e2e13f2a888c216b55e67ff50d768dc42cdd8fbeb7 028151235f4314cce1dc11f462b34e4f60d51ae17ba98532fac14df2a8bad749
CLIENT_HANDSHAKE_TRAFFIC_SECRET 96c61cf45087bf66ff083302cd8c10ba778dcbc1576fc15eb59cfa95407cf9cc efebc4afde769579f07e318ece99af607bb336097886fbdc4570935b91b729e1
SERVER_HANDSHAKE_TRAFFIC_SECRET 96c61cf45087bf66ff083302cd8c10ba778dcbc1576fc15eb59cfa95407cf9cc dffa3f5abb6c2d04fa15b524ec17f251f91eae602a2e7c76531f16d747e63a27
CLIENT_TRAFFIC_SECRET_0 96c61cf45087bf66ff083302cd8c10ba778dcbc1576fc15eb59cfa95407cf9cc 33fdcc4a44cba9d7f30fe3afbce0d72159849dd8d95bb61408d3bff737c8d1ac
SERVER_TRAFFIC_SECRET_0 96c61cf45087bf66ff083302cd8c10ba778dcbc1576fc15eb59cfa95407cf9cc 3b1d29d84d01561fd42349884bce7b38547c66ede64279d01fb1e701447d0f41
CLIENT_HANDSHAKE_TRAFFIC_SECRET 6764f258758fa368c276f656b8e8b388e4827a8d276b8f941f9812f2684551f4 61af501bd5fe00c74e51e8a7f3a54b8a61e2beeab68adff13b26d7738429b68c
SERVER_HANDSHAKE_TRAFFIC_SECRET 6764f258758fa368c276f656b8e8b388e4827a8d276b8f941f9812f2684551f4 6a5d8869aa038094884a27d6e565f4b5f5dff6e1d5de9aaf2444806f80afd046
CLIENT_TRAFFIC_SECRET_0 6764f258758fa368c276f656b8e8b388e4827a8d276b8f941f9812f2684551f4 95d85b2b776668a58d205c9aa3ac4164e07366dba7a5d605a2f31ebe4378080d
SERVER_TRAFFIC_SECRET_0 6764f258758fa368c276f656b8e8b388e4827a8d276b8f941f9812f2684551f4 81134c3276c777c56d7b5229cfaf9f07acc70d92d7544d61414be00e4135a1e2
CLIENT_HANDSHAKE_TRAFFIC_SECRET 879290ad9ba496541028bf54c1c54fdf3f3001291204ffcdb7337475166ce0d7 c8e7aebe486d39976b78ce948787bcc2dab284a70b0752e407509e7341d98e72
SERVER_HANDSHAKE_TRAFFIC_SECRET 879290ad9ba496541028bf54c1c54fdf3f3001291204ffcdb7337475166ce0d7 72a0f50977bde7836162d5b2f115d10452a7ddee65493e2f0d8d2292eadea1b2
CLIENT_TRAFFIC_SECRET_0 879290ad9ba496541028bf54c1c54fdf3f3001291204ffcdb7337475166ce0d7 1b0bd44ab4e41be488cb496559401430a99f881cfc743cd3f38c1c33d7af30d6
SERVER_TRAFFIC_SECRET_0 879290ad9ba496541028bf54c1c54fdf3f3001291204ffcdb7337475166ce0d7 5c9686db3673b9421ed9e787e8e31dffd31d7587ef6e7e43c07664a175c3b98f
CLIENT_HANDSHAKE_TRAFFIC_SECRET 9dd1f260c94f26636df0cbeb138c84e451935788af6ebb311e1c9a9a73b72937 d5a4241e0adde97259bdf899430496c38245ecaee914211e968d9398a448685a
SERVER_HANDSHAKE_TRAFFIC_SECRET 9dd1f260c94f26636df0cbeb138c84e451935788af6ebb311e1c9a9a73b72937 db68e043e2c8b3980d749f15a3b1236f4a48724d3cba60a734478321c2d2f01e
CLIENT_TRAFFIC_SECRET_0 9dd1f260c94f26636df0cbeb138c84e451935788af6ebb311e1c9a9a73b72937 b4e56fb0ba3e26e3144984008e81062043fe1a8ae8d3ccff59501a4da3ce211d
SERVER_TRAFFIC_SECRET_0 9dd1f260c94f26636df0cbeb138c84e451935788af6ebb311e1c9a9a73b72937 d31e4ea66d56df42a67fd9bf19edda98d96d6cd326fbacfba795c74f21be6e5c
CLIENT_HANDSHAKE_TRAFFIC_SECRET efbb998e46a4f2b74faf766fd8b705563cd1eb9d3d3bf93b7c2a0eb4c21048fe 8a939fcb3f410e88bb3826a2c19afd8241a25d52c62a8c645219882bd2c356a9
SERVER_HANDSHAKE_TRAFFIC_SECRET efbb998e46a4f2b74faf766fd8b705563cd1eb9d3d3bf93b7c2a0eb4c21048fe 8a970991b60bd94f130dfb64bcf8ed3f4c6cd98a693d8b1fa83d7b5753377a62
CLIENT_TRAFFIC_SECRET_0 efbb998e46a4f2b74faf766fd8b705563cd1eb9d3d3bf93b7c2a0eb4c21048fe 2466e560702730059ceb0c76a1a85aa382675d2c3bff5647c422767b21050d56
SERVER_TRAFFIC_SECRET_0 efbb998e46a4f2b74faf766fd8b705563cd1eb9d3d3bf93b7c2a0eb4c21048fe a7d1b748312f0542c2968fd1035f56070e6786a8e2b3a63f58bd58936922b7df
CLIENT_HANDSHAKE_TRAFFIC_SECRET 93e96934c69579835cae8a1647aa2bb2b9c17fcb4397a3de2824d5a0680c601f eb51ef39d90949b4c52fa2a124bd83268ad2186725b613ddc0e6d0b1f3dd62a4
SERVER_HANDSHAKE_TRAFFIC_SECRET 93e96934c69579835cae8a1647aa2bb2b9c17fcb4397a3de2824d5a0680c601f 8d53097cb46f3646aa680191e2fbdc8559958e42695cdb46a5c40fcf4c9fb69b
CLIENT_TRAFFIC_SECRET_0 93e96934c69579835cae8a1647aa2bb2b9c17fcb4397a3de2824d5a0680c601f cf68d3501716951c3a87fe753749d56a2681a138f75030381ab8e9bd6193b145
SERVER_TRAFFIC_SECRET_0 93e96934c69579835cae8a1647aa2bb2b9c17fcb4397a3de2824d5a0680c601f fca8bab77f40347299580d98ea681ec32138a0ea6970f23a3bff91e2c2aecdae
CLIENT_HANDSHAKE_TRAFFIC_SECRET 2fd71d9e3ffcf6c9147fe734e92eef6a6f3c9b761afc22bb3de86c1f7dffa940 450ac1fbbeabede2af769a0a7b69de384312052a18964e7b6927ab81529014f5
SERVER_HANDSHAKE_TRAFFIC_SECRET 2fd71d9e3ffcf6c9147fe734e92eef6a6f3c9b761afc22bb3de86c1f7dffa940 bd7c5ea1cd849ad69571eed6c19f80c4fe0aa72e8c9949b976638c4b284b1744
CLIENT_TRAFFIC_SECRET_0 2fd71d9e3ffcf6c9147fe734e92eef6a6f3c9b761afc22bb3de86c1f7dffa940 0d8742a70b6ff6978ed6d5b27634be016959943260d5e0cf6ca8f3385b6083b0
SERVER_TRAFFIC_SECRET_0 2fd71d9e3ffcf6c9147fe734e92eef6a6f3c9b761afc22bb3de86c1f7dffa940 90c2ffed698b00f9b3764f1bbcfd9743d2e1149589e7cac959b8d0de4d14f5ff
CLIENT_HANDSHAKE_TRAFFIC_SECRET 045ee8dc1511c1e78ec2265dcf68088251d0ed866c040088016a6e016e5bc215 5da0a1edda734d1946f9edef4a1c0c08136d8c3e716faf69f5fe6be87fe4df89
SERVER_HANDSHAKE_TRAFFIC_SECRET 045ee8dc1511c1e78ec2265dcf68088251d0ed866c040088016a6e016e5bc215 30a13c3b579f127f378e45180be1628f8604a5826f6d64789e3ecec10e24d4f4
CLIENT_TRAFFIC_SECRET_0 045ee8dc1511c1e78ec2265dcf68088251d0ed866c040088016a6e016e5bc215 0ad335afdbd1347cf0a8b1fb6b71ee8eb4e2f7e118c486f161d278b8f40544a0
SERVER_TRAFFIC_SECRET_0 045ee8dc1511c1e78ec2265dcf68088251d0ed866c040088016a6e016e5bc215 4ebc158fe801a241cbf68c4fcfc3c70c715dacb7655535b7a96a68fc53c3beaa
CLIENT_HANDSHAKE_TRAFFIC_SECRET 94cd0398e815fbe2381bd01fda9bbf966950fa980b0ca253bb7b1634d04984e0 2ab7f0164608bc9e70b5f396ede465846e7f0cfd115f3d572dedec201d35afdb
SERVER_HANDSHAKE_TRAFFIC_SECRET 94cd0398e815fbe2381bd01fda9bbf966950fa980b0ca253bb7b1634d04984e0 2195a30bfedc0fcebc750c10c20ddce45fbf76650d933f47a2ec1167da31e861
CLIENT_TRAFFIC_SECRET_0 94cd0398e815fbe2381bd01fda9bbf966950fa980b0ca253bb7b1634d04984e0 306f152c2ca9d51338c231a0fe25ff0a0145309729d7bb0fce25620a302ffc96
SERVER_TRAFFIC_SECRET_0 94cd0398e815fbe2381bd01fda9bbf966950fa980b0ca253bb7b1634d04984e0 7b9df06b860c822ec93705bf56735b76618ffdb1b651e7bc8ec4b0c690899609
CLIENT_HANDSHAKE_TRAFFIC_SECRET 992e8bbd89d3a8f082617038c3611806b51553a014f4a5876f434790014da589 fc720db73a33a1120c9bd796b205962ccc1c4768371a00604fb35b6bc8a219bb
SERVER_HANDSHAKE_TRAFFIC_SECRET 992e8bbd89d3a8f082617038c3611806b51553a014f4a5876f434790014da589 3ee48241af79ef365f4be5b845b827752c9b90f795a9c7a0a261852dec7dedfc
CLIENT_TRAFFIC_SECRET_0 992e8bbd89d3a8f082617038c3611806b51553a014f4a5876f434790014da589 d55ec740c5a55753cd8576366d8cfad9bf6f2a156fd324dbb0d1f1663f3a85e3
SERVER_TRAFFIC_SECRET_0 992e8bbd89d3a8f082617038c3611806b51553a014f4a5876f434790014da589 ecb5999564bbd765dfc2c6b1c4e946548924dc7008ab2e7a758eedee66bd1b33
CLIENT_HANDSHAKE_TRAFFIC_SECRET 46eedd4f77aaeaea2ac2caa370e7c814a400a90d034d454fca2649b2a2f166d2 f5bdc948f63965d62b016bd086343098068a57f4a99438f5d1f76c0adddb5e9e
SERVER_HANDSHAKE_TRAFFIC_SECRET 46eedd4f77aaeaea2ac2caa370e7c814a400a90d034d454fca2649b2a2f166d2 49b954c1d9ec0c7e855bfbe904e1f569d27adc1e573344e7d40437929cbe2fa3
CLIENT_TRAFFIC_SECRET_0 46eedd4f77aaeaea2ac2caa370e7c814a400a90d034d454fca2649b2a2f166d2 8a2a1472531daef42f40781afd5fe7eba93df25134f3b9514dba47627744525b
SERVER_TRAFFIC_SECRET_0 46eedd4f77aaeaea2ac2caa370e7c814a400a90d034d454fca2649b2a2f166d2 8229ff79ab98fc87db35f3500f0bcea4039a02ef7dc03253909ffc66a43fba1a
CLIENT_HANDSHAKE_TRAFFIC_SECRET e9984e863fe527e2dda5b8e2f3342cf7b4b1dff50cc0eb67a771b8c49a00e141 3b180835017fdcbf26583e82428b92e8828c4c4f151f7b5939106acd9555e9e7
SERVER_HANDSHAKE_TRAFFIC_SECRET e9984e863fe527e2dda5b8e2f3342cf7b4b1dff50cc0eb67a771b8c49a00e141 b5ffd90471bf091e36887ceef2f781e8718e88c3ed926fcbef5e8467b3702a2c
CLIENT_TRAFFIC_SECRET_0 e9984e863fe527e2dda5b8e2f3342cf7b4b1dff50cc0eb67a771b8c49a00e141 3c40d42d0cad8fcb36f0e9fa4890cd3509d84a505d00292a8e1782660ab356f8
SERVER_TRAFFIC_SECRET_0 e9984e863fe527e2dda5b8e2f3342cf7b4b1dff50cc0eb67a771b8c49a00e141 329c09663eb8862e90ee8b4a775e52b6893d9a66892b487c12c51c8a3b0a69a0
CLIENT_HANDSHAKE_TRAFFIC_SECRET e36d54a5fe48ced3fb2de55a01093ff0425d4beba58aaaac5a9ed6e5c814d7d3 dc81114147b630406e745ae42e0b90a1d9620cda50bd5ceeec24d19a4479ab2d
SERVER_HANDSHAKE_TRAFFIC_SECRET e36d54a5fe48ced3fb2de55a01093ff0425d4beba58aaaac5a9ed6e5c814d7d3 a2709635e2749d28c01cd0cf5a85cfe22ada09557ea7a30dc35698ff87312a6b
CLIENT_TRAFFIC_SECRET_0 e36d54a5fe48ced3fb2de55a01093ff0425d4beba58aaaac5a9ed6e5c814d7d3 795b5278978e9dd655105a0ba3a926e78dc49c39b5e8d77e82e5ff6ea7b50614
SERVER_TRAFFIC_SECRET_0 e36d54a5fe48ced3fb2de55a01093ff0425d4beba58aaaac5a9ed6e5c814d7d3 f1f4b325aa4c474db808464c0a004df581d9251f225bd187676cdc667eec47c1
CLIENT_HANDSHAKE_TRAFFIC_SECRET e4ff694c6efcce4c0b041a68e138f58ff8a3a9d709678196bd826597216988cd eff0c8577bb247c85c96161bb77265162f4035651205899d7585db03276aaf87
SERVER_HANDSHAKE_TRAFFIC_SECRET e4ff694c6efcce4c0b041a68e138f58ff8a3a9d709678196bd826597216988cd d1313029330cf7369c0bc4b63535de1ed9f1c631730866b72766e3acdf362752
CLIENT_TRAFFIC_SECRET_0 e4ff694c6efcce4c0b041a68e138f58ff8a3a9d709678196bd826597216988cd 933b6f02cc5b4357f15bd470f16b8ab4297838045944756021daae8622f10ee3
SERVER_TRAFFIC_SECRET_0 e4ff694c6efcce4c0b041a68e138f58ff8a3a9d709678196bd826597216988cd 91d9b94691610ca05d6227ec25f7a9064d8874765641bcde893a9c8cb15d650e
CLIENT_HANDSHAKE_TRAFFIC_SECRET f848832344c02c3cd19a7f2e13bb4ecd2982af3bcb701823f2fc80447b2a6725 471f25eddd71db24aae6e24fcb185ff17a57e189a88c07e0f3af144477cf5460
SERVER_HANDSHAKE_TRAFFIC_SECRET f848832344c02c3cd19a7f2e13bb4ecd2982af3bcb701823f2fc80447b2a6725 a2cd77126f78bee676a15bfdfca415a10f287acb8f8c11e90131def1aefddccc
CLIENT_TRAFFIC_SECRET_0 f848832344c02c3cd19a7f2e13bb4ecd2982af3bcb701823f2fc80447b2a6725 d6a39e60f3e7df0a1c69613ab70f7af3309fc26bd2164b382a6de10f332b72c5
SERVER_TRAFFIC_SECRET_0 f848832344c02c3cd19a7f2e13bb4ecd2982af3bcb701823f2fc80447b2a6725 c2ce1c6e2af9a7600b6eb8599e736dc0e7938949523f2c1878e37f7fd3eb69eb
CLIENT_HANDSHAKE_TRAFFIC_SECRET 2180f62c462d655d09f799d7675bd62e73c4af7c4e6248bb0b99404a36db0358 31d0b4e87c2bc026b30491755779039d580bcb1ff7ba936d58e501a46ed44d60
SERVER_HANDSHAKE_TRAFFIC_SECRET 2180f62c462d655d09f799d7675bd62e73c4af7c4e6248bb0b99404a36db0358 006c4357f7999d8782e2aadb340095dbf0d8ec4c482064ffae205d1a89e71fcd
CLIENT_TRAFFIC_SECRET_0 2180f62c462d655d09f799d7675bd62e73c4af7c4e6248bb0b99404a36db0358 5d419810aa4f41d18211068f9e241d74b14351b0662f9019067e9fb34841d785
SERVER_TRAFFIC_SECRET_0 2180f62c462d655d09f799d7675bd62e73c4af7c4e6248bb0b99404a36db0358 eeff138cf47395b1e52a96cb48a0283162a44c7bc4739c06338ce810882ddd0c
CLIENT_HANDSHAKE_TRAFFIC_SECRET 9ff44f299214bcefd693e4621a7966200f97a8d264e28f6e2eb10ec4fcda37bf 1eb0472735bac97498663d81a0f6ba50670bec84d234be6963075d712f90783e
SERVER_HANDSHAKE_TRAFFIC_SECRET 9ff44f299214bcefd693e4621a7966200f97a8d264e28f6e2eb10ec4fcda37bf 4c6e18912ecb78a7b0688805ab82f420d4f4e96efe61d48ef23fa13e24f7f0bf
CLIENT_TRAFFIC_SECRET_0 9ff44f299214bcefd693e4621a7966200f97a8d264e28f6e2eb10ec4fcda37bf 8a91174dffccf71a616ad7f19a9e86713cb92a6b0f421635e7169f7b25dbccbc
SERVER_TRAFFIC_SECRET_0 9ff44f299214bcefd693e4621a7966200f97a8d264e28f6e2eb10ec4fcda37bf d38b9b7f250127e56bf4e428266975b9d5e180d63a096c1af3fd1c8fe79a34c3
CLIENT_HANDSHAKE_TRAFFIC_SECRET ceb7b530b1ea9c5fb52050f05c8e174d234e1956a23f5f19e928d0fbe5b55dd0 7b291abd72e5d3e85911a28809b337e9d2ed90d1ba960ea1a183fc35bae0b57c
SERVER_HANDSHAKE_TRAFFIC_SECRET ceb7b530b1ea9c5fb52050f05c8e174d234e1956a23f5f19e928d0fbe5b55dd0 f75ebc203f1373bcc1c5242d80258c433a5c3da4d1457a1a205c46b8a3ddad9f
CLIENT_TRAFFIC_SECRET_0 ceb7b530b1ea9c5fb52050f05c8e174d234e1956a23f5f19e928d0fbe5b55dd0 761070b7605269f07b992222d21dd10fe011065bd732b4603de8be16c47c8a8b
SERVER_TRAFFIC_SECRET_0 ceb7b530b1ea9c5fb52050f05c8e174d234e1956a23f5f19e928d0fbe5b55dd0 9a4170f274a3e72cd6311ccdfa591a1cd50366d5d0e9dc70a6bef270e08ff45f
CLIENT_HANDSHAKE_TRAFFIC_SECRET 1b240b808f18c460b05ef4c05abe167dce8dcb04ef7ebe4ead04e9985275eee4 bc0a4b2d54a1f4d97cc8edb4da0b447e373bc3dabcad4d61cebbfcdfc3486649
SERVER_HANDSHAKE_TRAFFIC_SECRET 1b240b808f18c460b05ef4c05abe167dce8dcb04ef7ebe4ead04e9985275eee4 53cf6fb0e7f0625ac4b7ec8df7b4d2f69b73a27f5572daf62a3cbcd931372581
CLIENT_TRAFFIC_SECRET_0 1b240b808f18c460b05ef4c05abe167dce8dcb04ef7ebe4ead04e9985275eee4 8e95eca6a2f99f7c551585465d6dac04731028ec29dc679514ca3c6c75b97818
SERVER_TRAFFIC_SECRET_0 1b240b808f18c460b05ef4c05abe167dce8dcb04ef7ebe4ead04e9985275eee4 f9692da77449fbaacba01d1e60c1578bc8ee9e13db82c8d543601f16f9b7e8df
CLIENT_HANDSHAKE_TRAFFIC_SECRET 2396ecff1a43846354c1a6197d12bb299dacac9d00566076439ad64b1cdbde97 82f357ff855d1d2e422ad9b40ec1651fb385b34f50398a23b77260eea27e7586
SERVER_HANDSHAKE_TRAFFIC_SECRET 2396ecff1a43846354c1a6197d12bb299dacac9d00566076439ad64b1cdbde97 b41e116535c87b7d1208ecf44f02b725c3102401e3b0e7dcaba765ea0eb37881
CLIENT_TRAFFIC_SECRET_0 2396ecff1a43846354c1a6197d12bb299dacac9d00566076439ad64b1cdbde97 3467479f96561f15ea0f841171bf26d533041ac5c0767b39f563bc24aec6e811
SERVER_TRAFFIC_SECRET_0 2396ecff1a43846354c1a6197d12bb299dacac9d00566076439ad64b1cdbde97 a4854afca49ef2f296b1bd67d0d18208412406d9e96daa2ca9e7b096f96e23ac
CLIENT_HANDSHAKE_TRAFFIC_SECRET 21cd3cdbc9817b750f022094699ce1df6c7de2e39c6d25fda026d59cddfb612e 5ab483e5584ad79893060c9c7da6b9340fa4d2c3139777e52f2c29f9fee82f42
SERVER_HANDSHAKE_TRAFFIC_SECRET 21cd3cdbc9817b750f022094699ce1df6c7de2e39c6d25fda026d59cddfb612e 358af790916e34f67c9bee1a530fcd767549b3afe43868831295d25d36d6f605
CLIENT_TRAFFIC_SECRET_0 21cd3cdbc9817b750f022094699ce1df6c7de2e39c6d25fda026d59cddfb612e 9c939a85b17af36fa22bf30fb4d3721be899edd0d4b382b96fb2eddf1778f028
SERVER_TRAFFIC_SECRET_0 21cd3cdbc9817b750f022094699ce1df6c7de2e39c6d25fda026d59cddfb612e d598a485a87d6c59376857db71119808636f4a1b99f509e7d1234b0b47c3aac3
CLIENT_HANDSHAKE_TRAFFIC_SECRET e8b33456772092dad758401c9c98e86e342f83b846852f1439e9fb6017d056aa 4c505a6ec92bdb5aa2c537cf92a1de170625e208954259cf98c7732ea0345419
SERVER_HANDSHAKE_TRAFFIC_SECRET e8b33456772092dad758401c9c98e86e342f83b846852f1439e9fb6017d056aa 843ede237b74a945b7dab0979f757ebfcc031f77a9a44606adef3393b1c9e19a
CLIENT_TRAFFIC_SECRET_0 e8b33456772092dad758401c9c98e86e342f83b846852f1439e9fb6017d056aa 174545182a8cbf38aebf7bafcccfa9251e25965c15b5140848c47db576cec45c
SERVER_TRAFFIC_SECRET_0 e8b33456772092dad758401c9c98e86e342f83b846852f1439e9fb6017d056aa 88cfca9be56fe943f10627103bfb1c4e4261630a8a02e23aa1efc69f89e41e40
CLIENT_HANDSHAKE_TRAFFIC_SECRET d14f35f46f80f821e1a6d18e75234e11542fef1892134a94c5df2510b8b789a4 ef39576d54bc36138c33536c1d397a4b6b85449cba8ce550a1e40ae200a31d4d
SERVER_HANDSHAKE_TRAFFIC_SECRET d14f35f46f80f821e1a6d18e75234e11542fef1892134a94c5df2510b8b789a4 83afc70ef2f7384ccc12b42addc03e201ae1632cdf3f32f3957902531e5119f1
CLIENT_TRAFFIC_SECRET_0 d14f35f46f80f821e1a6d18e75234e11542fef1892134a94c5df2510b8b789a4 43a9670bc1157c76cd08cc84790cf71b777283fa6cc55a07850d5b37dd8608cb
SERVER_TRAFFIC_SECRET_0 d14f35f46f80f821e1a6d18e75234e11542fef1892134a94c5df2510b8b789a4 ad516affc4061a4a947bdd3bddcb6a72e641a5e7a35a3be7b913ebb3d3221e5c
CLIENT_HANDSHAKE_TRAFFIC_SECRET a20587da5d5c128270c36b3fefcf8e8f19c8d1cf29fd4fc8c846bf05e652bdf5 b8df2ae8c7e71d49b52a23786f7aa34115b0faf5ad77de6fb958cc3d7a79a84d
SERVER_HANDSHAKE_TRAFFIC_SECRET a20587da5d5c128270c36b3fefcf8e8f19c8d1cf29fd4fc8c846bf05e652bdf5 c77807ff3102a1454618071cb78992f511c1b749a907cf9a5f1a7fa993b5f389
CLIENT_TRAFFIC_SECRET_0 a20587da5d5c128270c36b3fefcf8e8f19c8d1cf29fd4fc8c846bf05e652bdf5 938de513b46427f7fda2608cfa3f0ab9db179a2616f06a5065b5f62eabcc577c
SERVER_TRAFFIC_SECRET_0 a20587da5d5c128270c36b3fefcf8e8f19c8d1cf29fd4fc8c846bf05e652bdf5 bde4327d2d8beac2fe4ec8810061cda4dee038745b7c5ffc8613bbb1d45b96c5
CLIENT_HANDSHAKE_TRAFFIC_SECRET 2ee63c3dc40165053639e1438f71dfef159148ccd80b9ca2bcee8f88f6331fb4 2d2ccefcf59970f42819cddef5c194ad039a59ca6dabd4d351eb3fcc92923229
SERVER_HANDSHAKE_TRAFFIC_SECRET 2ee63c3dc40165053639e1438f71dfef159148ccd80b9ca2bcee8f88f6331fb4 e158d4dde96312c7f680bc99109a6d4944cb0930f8044db5a75c7e8c81f65a0e
CLIENT_TRAFFIC_SECRET_0 2ee63c3dc40165053639e1438f71dfef159148ccd80b9ca2bcee8f88f6331fb4 c51f80bfa2f491ee71e6701059d18ce991e9a59f0fbf852e6d68837200167c03
SERVER_TRAFFIC_SECRET_0 2ee63c3dc40165053639e1438f71dfef159148ccd80b9ca2bcee8f88f6331fb4 faff0082b4996ff3b44be398b4630865d5d4bd1d7fffab199213a0999b598fa5
CLIENT_HANDSHAKE_TRAFFIC_SECRET 7f08031eb42cc7658b2aa147dbf86d5b776a5e177036b586341004b317f95a2d f0242e4c69047dc71354dcf947d878c4eafcaf4cc4b14be586cdff7995faf52e
SERVER_HANDSHAKE_TRAFFIC_SECRET 7f08031eb42cc7658b2aa147dbf86d5b776a5e177036b586341004b317f95a2d 7b315a8f5634e64c182eae30ba103446146dc773250726bfad638e0bd68c3bf3
CLIENT_TRAFFIC_SECRET_0 7f08031eb42cc7658b2aa147dbf86d5b776a5e177036b586341004b317f95a2d 6ec072928a2f05cb57105b06da34bf6942bf09561660e7a24ece24cadc3f4fe4
SERVER_TRAFFIC_SECRET_0 7f08031eb42cc7658b2aa147dbf86d5b776a5e177036b586341004b317f95a2d 7147d99f99eccf4b2a1bcecaf527d089ccc3f9488aabdfce10ac735357a5e674
CLIENT_HANDSHAKE_TRAFFIC_SECRET e99a296239fad1e1a05010369998f0dda25d5a8c37d21975803e9f763352940d 4311286f7d0ba2a573ab6a564df2c8d6b69eb73a2f6894ac3cfdeda41c9ece4d
SERVER_HANDSHAKE_TRAFFIC_SECRET e99a296239fad1e1a05010369998f0dda25d5a8c37d21975803e9f763352940d 7ca91a5a585c311a47be5e4dea3a45aadb51986cd877e83606ff9de554b925f5
CLIENT_TRAFFIC_SECRET_0 e99a296239fad1e1a05010369998f0dda25d5a8c37d21975803e9f763352940d ce4da9a42c6a393fa8a8179a6d6d3a03cfac61be37f811e488b3812056c4eef6
SERVER_TRAFFIC_SECRET_0 e99a296239fad1e1a05010369998f0dda25d5a8c37d21975803e9f763352940d c9836c96f0e73e6176764826f992130e75690026ce5e4fbe976dc7ae1a2d7bd5
CLIENT_HANDSHAKE_TRAFFIC_SECRET d0f5056208e515f859284901c24118c9915525e7f6b9b3c9d3e84551a5b5adcc db0dfc0c33ec82d4eca69db8b109e22fbd8a2eb0af5d4f0692f48d871a1e27b1
SERVER_HANDSHAKE_TRAFFIC_SECRET d0f5056208e515f859284901c24118c9915525e7f6b9b3c9d3e84551a5b5adcc dd9bbec9237a774b7992dc8214ab3f3c526b12eb1da3f5682c2f2e2cb30a0cd7
CLIENT_TRAFFIC_SECRET_0 d0f5056208e515f859284901c24118c9915525e7f6b9b3c9d3e84551a5b5adcc 1b309478c993a97a745ad4e9dcbd62d69e482b5db78e581fdde0881bd2d0f2c4
SERVER_TRAFFIC_SECRET_0 d0f5056208e515f859284901c24118c9915525e7f6b9b3c9d3e84551a5b5adcc d93d8e90e4fb765f572b235db0a83459ac51e1e90c2474be5ee78625f87b013c
CLIENT_HANDSHAKE_TRAFFIC_SECRET d505cfd7a4c7bee3b7210d36222fd133ea9e7949fc196f835c9419a365e56152 e2d22bae33e9b7fc658d3bb4ee5df260482a86ed7601dc7f7f1671e864d79689
SERVER_HANDSHAKE_TRAFFIC_SECRET d505cfd7a4c7bee3b7210d36222fd133ea9e7949fc196f835c9419a365e56152 426aafafbca805b87286f0715e81ad7b6bee110351693bb49efc31bc455302b3
CLIENT_TRAFFIC_SECRET_0 d505cfd7a4c7bee3b7210d36222fd133ea9e7949fc196f835c9419a365e56152 91d2c66ff3836c5d3871b9ac9c8574a3def4c6b6b52df5579fe4687dc0cceaa3
SERVER_TRAFFIC_SECRET_0 d505cfd7a4c7bee3b7210d36222fd133ea9e7949fc196f835c9419a365e56152 7aff72ca96ce0b6e205c5fb3bb2f3bceb37dc0e2b3bb2a7f98d8021763e1bc97
CLIENT_HANDSHAKE_TRAFFIC_SECRET e2fcdbf2a798827052c54108e6f3d35c396df9b5256d25131dcf4d315d91afbe 7cd1ac14c2013889b15c7dbbf9eae910b7b710edceb93b361a5ced7310827237
SERVER_HANDSHAKE_TRAFFIC_SECRET e2fcdbf2a798827052c54108e6f3d35c396df9b5256d25131dcf4d315d91afbe 0d6b2ede75d3737d345b6ce83282c234ea8fa7a87b57ca8d5809e1b777d673ec
CLIENT_TRAFFIC_SECRET_0 e2fcdbf2a798827052c54108e6f3d35c396df9b5256d25131dcf4d315d91afbe eebcd47e30680bb27c81b7828318d0e1671ea487b19a3d20370c7045d9f7422f
SERVER_TRAFFIC_SECRET_0 e2fcdbf2a798827052c54108e6f3d35c396df9b5256d25131dcf4d315d91afbe 90531ca961536b01b156d121356e7cec685ac3d5f9020dd10a0f7a404ef7e1d8
CLIENT_HANDSHAKE_TRAFFIC_SECRET 5f7f1fd0be616317040113a5117bc15f734479eac099798dfee90305b93a55ff 5b1816b8484f7763ebeb06059869de9a894008f4f7458f8d63ee1d41efaffe51
SERVER_HANDSHAKE_TRAFFIC_SECRET 5f7f1fd0be616317040113a5117bc15f734479eac099798dfee90305b93a55ff 7f84d2d0d92b9408c728c824275b5bc52dae9625e9788807e3b41e26dc47b247
CLIENT_TRAFFIC_SECRET_0 5f7f1fd0be616317040113a5117bc15f734479eac099798dfee90305b93a55ff ddb602d8801d18974ecafcad88052b6355d09699215d514655876d0415387ed8
SERVER_TRAFFIC_SECRET_0 5f7f1fd0be616317040113a5117bc15f734479eac099798dfee90305b93a55ff 9471ea141e7139725016869228c136f25e62f0a870de4b0ffc3f8643faefe8a7
CLIENT_HANDSHAKE_TRAFFIC_SECRET 78b4b9c23b3d6d1d211ce53aa465f6ed5d213e3a642714572e5917077db5775c fee609a946dcb1803271a344ab63f0a155ceb971b650c8464218da08ad92c6fb
SERVER_HANDSHAKE_TRAFFIC_SECRET 78b4b9c23b3d6d1d211ce53aa465f6ed5d213e3a642714572e5917077db5775c 4997327bdc8f39a87c5c5015695d8c4ef5de10bfa159dd7a2d90f5d5621ec80d
CLIENT_TRAFFIC_SECRET_0 78b4b9c23b3d6d1d211ce53aa465f6ed5d213e3a642714572e5917077db5775c b52e579d284d292ae2495f41999132310088dce74e0f4ca3698f1f2e3f31d8ab
SERVER_TRAFFIC_SECRET_0 78b4b9c23b3d6d1d211ce53aa465f6ed5d213e3a642714572e5917077db5775c a17342864b87bb696a2b49c0e6166f46d9887a67fca4b5841ea4d398f1b4f26e
CLIENT_HANDSHAKE_TRAFFIC_SECRET 314b91a82f31e1c4161b9adbec7c3ba4202481fd3063c93eceb0a665110874ec 2f298e06a9d25efa94955b3b24a1f02b86ebcb4186359967c33c8fe9565b248a
SERVER_HANDSHAKE_TRAFFIC_SECRET 314b91a82f31e1c4161b9adbec7c3ba4202481fd3063c93eceb0a665110874ec cca5bfba29ceba3591f0ec76b64bd8f4482c38582b09c502aa73dd05d9aaeba0
CLIENT_TRAFFIC_SECRET_0 314b91a82f31e1c4161b9adbec7c3ba4202481fd3063c93eceb0a665110874ec 4edd2ecd20350d40bafb3f15e74da3de2c9860d1ceeaa21ca1019bbf1bfcb010
SERVER_TRAFFIC_SECRET_0 314b91a82f31e1c4161b9adbec7c3ba4202481fd3063c93eceb0a665110874ec 5e1000f4ca15ce713e1e1a22f0482a17f5684a4fb441605ec146997ce0b80895
CLIENT_HANDSHAKE_TRAFFIC_SECRET 15b59a1c38c4474aab84eebd2823f592732a710238855a3a8c9558d87280c425 de7046ba2f20770fd92e00252cb14c1b63b38104c2443846088f9a5c832a85b5
SERVER_HANDSHAKE_TRAFFIC_SECRET 15b59a1c38c4474aab84eebd2823f592732a710238855a3a8c9558d87280c425 58cbd33a08bdc19a9536d4ab5da05db181c36b6f4ac4646ccd1213da4be039d1
CLIENT_TRAFFIC_SECRET_0 15b59a1c38c4474aab84eebd2823f592732a710238855a3a8c9558d87280c425 c9bbccb3af94bca3926b7b367674e59215278fc393c5d55cdcf29e4de0e5336c
SERVER_TRAFFIC_SECRET_0 15b59a1c38c4474aab84eebd2823f592732a710238855a3a8c9558d87280c425 2a6c8d44869018ed0a1b35ead11d4dcc318cc0b47e13c656f3a667c83112925e
CLIENT_HANDSHAKE_TRAFFIC_SECRET 0343d5e3929655e3fdc6c125c34fce3b13e5d7115ad4f08433c218786dd466ce 5ac1377b3d6faaa7f864133362cfa3285d03f276abfa70128dce2ad19c5062c4
SERVER_HANDSHAKE_TRAFFIC_SECRET 0343d5e3929655e3fdc6c125c34fce3b13e5d7115ad4f08433c218786dd466ce 50b4776cd355079f5883bd52e4c2e098be8385889dd5fd93f13da099a3b72c25
CLIENT_TRAFFIC_SECRET_0 0343d5e3929655e3fdc6c125c34fce3b13e5d7115ad4f08433c218786dd466ce e65d9be33303a4a3264cd143d24e6ea26e632e61bd737263add362b2ed42f935
SERVER_TRAFFIC_SECRET_0 0343d5e3929655e3fdc6c125c34fce3b13e5d7115ad4f08433c218786dd466ce fd9d91bdd02464d19688b805a2da88f187dd4981ee870430727a5b7bc56495bd
CLIENT_HANDSHAKE_TRAFFIC_SECRET e9af8616951ce40a2c737ab0eb7c35394ea136bb2afced54dc13b5ab17810151 1c62967ef5fe6b69106a868affc00bda33f6e3de86d78d303141735463246c99
SERVER_HANDSHAKE_TRAFFIC_SECRET e9af8616951ce40a2c737ab0eb7c35394ea136bb2afced54dc13b5ab17810151 a78cafe26b2ec0d721f432cd08fc8d66b14dea8c518dcaeea3c105d2260b4c41
CLIENT_TRAFFIC_SECRET_0 e9af8616951ce40a2c737ab0eb7c35394ea136bb2afced54dc13b5ab17810151 bfb23bc3e0d346ee0fb34e270b81e2599db69f040682deb65420ca282f7453a5
SERVER_TRAFFIC_SECRET_0 e9af8616951ce40a2c737ab0eb7c35394ea136bb2afced54dc13b5ab17810151 5ce96a266f7c3a60be6a08d35a5050106b6bb8fa70b22481b370cb72687d2999
CLIENT_HANDSHAKE_TRAFFIC_SECRET eab426f9d7988dd3eb3c9f09dc4085838af79297a8c7e7a0e336ae346013c732 a75fbf5f1f30805500ff9611301dd90183487e83b7c24247e88aeebb17ca198d
SERVER_HANDSHAKE_TRAFFIC_SECRET eab426f9d7988dd3eb3c9f09dc4085838af79297a8c7e7a0e336ae346013c732 9f82e5c3c86fc38f86cf6f41c83f780ece33641bf65d712f23bcd8883f62ebce
CLIENT_TRAFFIC_SECRET_0 eab426f9d7988dd3eb3c9f09dc4085838af79297a8c7e7a0e336ae346013c732 d3c6a305794967af10f4f33f6f75a069ef0c1e2334b9443ee533daa1d4ec3d5d
SERVER_TRAFFIC_SECRET_0 eab426f9d7988dd3eb3c9f09dc4085838af79297a8c7e7a0e336ae346013c732 f71949a27af92c88bace54d5cef55739c5d2382b53a9a4e69adecc53f2bb222c
CLIENT_HANDSHAKE_TRAFFIC_SECRET aebc3b74cee964276eb3fb8da454ef13fbef2ebc62cbcfe9cce46f05c7750018 3e3181eb446c4dc5c081259670baff11bfa2e5e8adeb4f33bbd638f6287b420e
SERVER_HANDSHAKE_TRAFFIC_SECRET aebc3b74cee964276eb3fb8da454ef13fbef2ebc62cbcfe9cce46f05c7750018 6af0baa6eb2a6f113f97a16eb95f5b17e876ab34530ac48d570e6875cb09acf9
CLIENT_TRAFFIC_SECRET_0 aebc3b74cee964276eb3fb8da454ef13fbef2ebc62cbcfe9cce46f05c7750018 7670e98ce34f84ed4f5e9a36acac0f9dd7e1a9b3bb894c91e94917c735365541
SERVER_TRAFFIC_SECRET_0 aebc3b74cee964276eb3fb8da454ef13fbef2ebc62cbcfe9cce46f05c7750018 c660054130d69acf4a65f85faa4272bfd318f2781e6bda2233cca9b423d13f51
CLIENT_HANDSHAKE_TRAFFIC_SECRET 9fc2e863ea26e0a8c1b013ec28a0b046e83569713963f6307d7f2229ba1c00ae e12f5ea37f6ad484cbf034a102df8f50868eb3d8e1d468ab8aa5d930dd4ed38f
SERVER_HANDSHAKE_TRAFFIC_SECRET 9fc2e863ea26e0a8c1b013ec28a0b046e83569713963f6307d7f2229ba1c00ae 66644d266349ddd3d6c501d7d4584cc26b1a146ad704eeb61cdf70dcbe8e7f59
CLIENT_TRAFFIC_SECRET_0 9fc2e863ea26e0a8c1b013ec28a0b046e83569713963f6307d7f2229ba1c00ae e1c1a52a16a7770d7f7a030d8f1777267a3090d30b764a4bbfe61582181691e3
SERVER_TRAFFIC_SECRET_0 9fc2e863ea26e0a8c1b013ec28a0b046e83569713963f6307d7f2229ba1c00ae ce471e151285abc0ca239d77360739f5ad6e9717f2b965ac873889fafa304427
CLIENT_HANDSHAKE_TRAFFIC_SECRET db1e94f8e29ea874af59b7f4cc63fba3bfec0fdf8a372853b53703efff91c2da 823ed9d4ebaf208398187a5ddd55801d76853acea7e2f330df6c9363c8d14535
SERVER_HANDSHAKE_TRAFFIC_SECRET db1e94f8e29ea874af59b7f4cc63fba3bfec0fdf8a372853b53703efff91c2da 9b175cb30647cdaddb696605a0d2358f24f92c6724e2302866a88cfd0e8d018c
CLIENT_TRAFFIC_SECRET_0 db1e94f8e29ea874af59b7f4cc63fba3bfec0fdf8a372853b53703efff91c2da 1df67b518b81e2158f9eed4446628a26517b8ada280adb6dcca1027fd5cbd5de
SERVER_TRAFFIC_SECRET_0 db1e94f8e29ea874af59b7f4cc63fba3bfec0fdf8a372853b53703efff91c2da 760d0ec258e8c3000a266c6720bafe790e0a396790f0c2170a18ccd2357ee48b
CLIENT_HANDSHAKE_TRAFFIC_SECRET 97363733a9a5a7d64ded473bc7f8e432fb51b3d76beac7e1aaf3dac0966c0d77 e132602da2be1591f00050ccc38144fccff82aaa80803491fc774387953f6f99
SERVER_HANDSHAKE_TRAFFIC_SECRET 97363733a9a5a7d64ded473bc7f8e432fb51b3d76beac7e1aaf3dac0966c0d77 46ef526214c56aa88323f5a3a67a48008f190ee70f3321bd542b12cc0e2999de
CLIENT_TRAFFIC_SECRET_0 97363733a9a5a7d64ded473bc7f8e432fb51b3d76beac7e1aaf3dac0966c0d77 fd5ce6d802aa927e0a90fdc78276ee747bd0b6ba5b55e5ba29cfc9a437e5adf7
SERVER_TRAFFIC_SECRET_0 97363733a9a5a7d64ded473bc7f8e432fb51b3d76beac7e1aaf3dac0966c0d77 fc01c57c38d4eb05b7a2358c6d716018b705259ba70dfa88713971629ca8cfbd
CLIENT_HANDSHAKE_TRAFFIC_SECRET ed6093323c6770447a5891596830668a1197d522b4ef9d49c360ed8ee2067552 cafb564805b2aa71682b34a1579b042ad4205685886d7fa4f45c420a8f6c3d88
SERVER_HANDSHAKE_TRAFFIC_SECRET ed6093323c6770447a5891596830668a1197d522b4ef9d49c360ed8ee2067552 66c083132924f8332c001fe3ab08d6d3c5a7c6c3364dc6728002b2ed05e71801
CLIENT_TRAFFIC_SECRET_0 ed6093323c6770447a5891596830668a1197d522b4ef9d49c360ed8ee2067552 8ef5e5d77dc7faef9ba8be62397a4c5de513022c348b2660aa97325ef1519632
SERVER_TRAFFIC_SECRET_0 ed6093323c6770447a5891596830668a1197d522b4ef9d49c360ed8ee2067552 1ac5deae6ea328c01c1929528e922d29864aee7ac446615e3db21f325ff4b054
CLIENT_HANDSHAKE_TRAFFIC_SECRET 9a3a0762139c450cb59bb76fff241a99dd96b5261bea9113b5264b21b0ba7936 3155846e389ad0e16a8443ab4afd9080f3b690e1051abae560c6a451bff1d242
SERVER_HANDSHAKE_TRAFFIC_SECRET 9a3a0762139c450cb59bb76fff241a99dd96b5261bea9113b5264b21b0ba7936 9005d5487363613c3c9847ff8c59373345495f3e27c9ad96ae1d4e7cc1895e54
CLIENT_TRAFFIC_SECRET_0 9a3a0762139c450cb59bb76fff241a99dd96b5261bea9113b5264b21b0ba7936 550311b4fbccbeac883518600a039c12f2fced15c008afbb5f3a0955358cee6c
SERVER_TRAFFIC_SECRET_0 9a3a0762139c450cb59bb76fff241a99dd96b5261bea9113b5264b21b0ba7936 ad0f51a47e5eea20435c366aa37100eb945b184b69178fc0b7736b7ebe845d1c
CLIENT_HANDSHAKE_TRAFFIC_SECRET c0701f0052cbc3d070043a74e7e805d748a4e26aaf7d72b54de8fad74d7116c9 9a4effd1dc8776c4c8fcb24ab52a1969a64ebe329a4cdd274e6d3bcdb51b245a
SERVER_HANDSHAKE_TRAFFIC_SECRET c0701f0052cbc3d070043a74e7e805d748a4e26aaf7d72b54de8fad74d7116c9 1eba1abdb1e92280f03e8d4484461e0c8965eb7c3c1b87663e659bad6da34392
CLIENT_TRAFFIC_SECRET_0 c0701f0052cbc3d070043a74e7e805d748a4e26aaf7d72b54de8fad74d7116c9 29ff2ee1591b34b5a2d380e1bce097e3260e11bb78de85d6712950d06410251f
SERVER_TRAFFIC_SECRET_0 c0701f0052cbc3d070043a74e7e805d748a4e26aaf7d72b54de8fad74d7116c9 40a4d3b5fc0111545a6d635824f58e7bafababed957273cac9ac99832e097f21
CLIENT_HANDSHAKE_TRAFFIC_SECRET d82c0fee6630d80e909416c790f7f0507000ecd3431d3a9ca73123eb2fda2360 60d08c3de5ec145373646b216476e6348f3ce1f486d36d6c9500319215ba1ce2
SERVER_HANDSHAKE_TRAFFIC_SECRET d82c0fee6630d80e909416c790f7f0507000ecd3431d3a9ca73123eb2fda2360 8a37456eb5d093e920b240a358ac6c9895efe9a15ecc9dd6d32418373ac2a8bf
CLIENT_TRAFFIC_SECRET_0 d82c0fee6630d80e909416c790f7f0507000ecd3431d3a9ca73123eb2fda2360 cfe3689db1bf207e55367bf4330a9f2691f48ef0faa8496a0deff01660bfd53e
SERVER_TRAFFIC_SECRET_0 d82c0fee6630d80e909416c790f7f0507000ecd3431d3a9ca73123eb2fda2360 2036f8eab2feca59c14707226b297d22c2d3e5e513e779254331cfed650833ae
CLIENT_HANDSHAKE_TRAFFIC_SECRET c811bf94eef46000a3c4252758b4d28a671a7c6ca121a864bcd361010d2eab3b fc14f6c5d157e9159f139aff3c9e2046085a67b169b4195041026f072ccdaca1
SERVER_HANDSHAKE_TRAFFIC_SECRET c811bf94eef46000a3c4252758b4d28a671a7c6ca121a864bcd361010d2eab3b 8d4681162fe02890761a5c0f0dbaa68eb8965587890432da97053dd16e9842d2
CLIENT_TRAFFIC_SECRET_0 c811bf94eef46000a3c4252758b4d28a671a7c6ca121a864bcd361010d2eab3b 371882ec06791cd5165659eb733b57ef30f41eb9b83c8d304967c4172555dbfb
SERVER_TRAFFIC_SECRET_0 c811bf94eef46000a3c4252758b4d28a671a7c6ca121a864bcd361010d2eab3b 86de32a03b01f23905f0ba657ebaa5dfeeca9624a175f101483281cb7498ab2e
CLIENT_HANDSHAKE_TRAFFIC_SECRET ee4b7b8c80a97aebcce1684bfb76627254b237e6b5c7d5085f91b800be7d8592 32ba89dcf3ca68c7af9bf889e2e9b03e5f135611384ec3a3ca6dd83cb67a8256
SERVER_HANDSHAKE_TRAFFIC_SECRET ee4b7b8c80a97aebcce1684bfb76627254b237e6b5c7d5085f91b800be7d8592 3f69936494dd2ca0576e00af1e7b6d1bf095bd07eff563bfe590d7ee94cc98a0
CLIENT_TRAFFIC_SECRET_0 ee4b7b8c80a97aebcce1684bfb76627254b237e6b5c7d5085f91b800be7d8592 b4a3795b946e27db660dab52fb40e912ae5e336348fd95906e53ff1466dd9b43
SERVER_TRAFFIC_SECRET_0 ee4b7b8c80a97aebcce1684bfb76627254b237e6b5c7d5085f91b800be7d8592 f7384c8257a0cdbf4a63c52ff7cc1d9c5da9e88330b05a2918093f4605fba787
CLIENT_HANDSHAKE_TRAFFIC_SECRET 98c63292ee476b449f63918c3f9dd87e927dd34591c27d2adb2bba94d9e0ecc8 d7ddbc0a310f322f7ebed8fd26985c999ac655665e9bdaffe372567cee84f036
SERVER_HANDSHAKE_TRAFFIC_SECRET 98c63292ee476b449f63918c3f9dd87e927dd34591c27d2adb2bba94d9e0ecc8 439e0c9ed4649bfc2f0624c41a334cce7b6245ae0a0df94e259b3b693a2681aa
CLIENT_TRAFFIC_SECRET_0 98c63292ee476b449f63918c3f9dd87e927dd34591c27d2adb2bba94d9e0ecc8 e1f0a0a830d9c514c9d3cbaed88b21a38813f386a2dc3ea504bad95c97fda04d
SERVER_TRAFFIC_SECRET_0 98c63292ee476b449f63918c3f9dd87e927dd34591c27d2adb2bba94d9e0ecc8 634590e44adf22d55377e0efd7ac58139f5d852c8e477b666a9c91c270f63126
CLIENT_HANDSHAKE_TRAFFIC_SECRET f2dd37437df84655c5bf1bf9497a8246e1dd3aff6a9f4219b91855e215681e2e c7612ff5d6c41cd4411130baa8c19bfb8d545b2d13243bcaff2629c79656ba6d
SERVER_HANDSHAKE_TRAFFIC_SECRET f2dd37437df84655c5bf1bf9497a8246e1dd3aff6a9f4219b91855e215681e2e 774415f7e34fbe0437141005c6eed6f70398ffb6b436cd96f3e0504fa046ea69
CLIENT_TRAFFIC_SECRET_0 f2dd37437df84655c5bf1bf9497a8246e1dd3aff6a9f4219b91855e215681e2e 4bd2eb71375f66e4b26336aa1685e4271aebfd74dd317e95d4ea4954c88cff0c
SERVER_TRAFFIC_SECRET_0 f2dd37437df84655c5bf1bf9497a8246e1dd3aff6a9f4219b91855e215681e2e 9378db70263983eb53e1a20494730bae5fb4ba5cf5599362b1434c92ba45f83f
CLIENT_HANDSHAKE_TRAFFIC_SECRET 4b18c8f4b2cbc4cf3e57de8e57142f95968f1965728431f5559809d6ffa5ef19 3cf833edf42bae42d14473d605184f07514857887308bc6b413c599e60ea4bbf
SERVER_HANDSHAKE_TRAFFIC_SECRET 4b18c8f4b2cbc4cf3e57de8e57142f95968f1965728431f5559809d6ffa5ef19 332eb00dd891263e61858a0d8df8e1a3aacbde497951ccfa7f8b3ee9ed3b84f4
CLIENT_TRAFFIC_SECRET_0 4b18c8f4b2cbc4cf3e57de8e57142f95968f1965728431f5559809d6ffa5ef19 a2db2151e96a2114f3caf8f868711472aebed6d707227c9e8f574752b9b97b53
SERVER_TRAFFIC_SECRET_0 4b18c8f4b2cbc4cf3e57de8e57142f95968f1965728431f5559809d6ffa5ef19 7960186d8a6149d76030a52a139e874d3d65915e837e2142b6b96629186a82ba
CLIENT_HANDSHAKE_TRAFFIC_SECRET 25a6e7642a879a98203d1b8ee86f5c58f9723de3c66b96ed50346a38031533b4 50b3386d20e2645367efac1666a47554d111c9a3b68f606b2d5090b4f5737cbd
SERVER_HANDSHAKE_TRAFFIC_SECRET 25a6e7642a879a98203d1b8ee86f5c58f9723de3c66b96ed50346a38031533b4 30790fbe406a5f1b870cd42b9efed8a8d31652b3e52cec270cab9ae7d33ddede
CLIENT_TRAFFIC_SECRET_0 25a6e7642a879a98203d1b8ee86f5c58f9723de3c66b96ed50346a38031533b4 06e6f47cd1484295dea6e8d801e43e77a33d5a036308c415ec51cdf86f4b0de8
SERVER_TRAFFIC_SECRET_0 25a6e7642a879a98203d1b8ee86f5c58f9723de3c66b96ed50346a38031533b4 81a488764ce725d1902c29ad915127523cb536d5dd8fe26510fe075408bbae77
CLIENT_HANDSHAKE_TRAFFIC_SECRET 895595b41ffd7ad3ced88d195b4f0721d1d40e839d8c25f33cf4d056028d0d9f ba4636e427d8a36236eb40ec7ecdbad0c59eb9281afc7ef402a648d9aa050919
SERVER_HANDSHAKE_TRAFFIC_SECRET 895595b41ffd7ad3ced88d195b4f0721d1d40e839d8c25f33cf4d056028d0d9f 3462b52b44cfc83cb0d913487d5787aedfa87602ea7d9bd4cfddcb5ca365394a
CLIENT_TRAFFIC_SECRET_0 895595b41ffd7ad3ced88d195b4f0721d1d40e839d8c25f33cf4d056028d0d9f 21bac41662b43e533d1e2134d8e77e411a0423545f45cb0d0c9ce45f5677bb85
SERVER_TRAFFIC_SECRET_0 895595b41ffd7ad3ced88d195b4f0721d1d40e839d8c25f33cf4d056028d0d9f ace00f9546acb599eafcda5b7f211789a9a9743152f91bcb061a9b15eb07a14a
CLIENT_HANDSHAKE_TRAFFIC_SECRET b21e57a085f111987d47c4d0dd1ac0d4e3738f279340b4d9908a8169adad2dc2 ffb923f1ed83763ac10d75339ba60a8ffe89749847f0a7215ee8949c6218d851
SERVER_HANDSHAKE_TRAFFIC_SECRET b21e57a085f111987d47c4d0dd1ac0d4e3738f279340b4d9908a8169adad2dc2 063ec346366a79690c8274b68e2eaef5a992165eedb6a69b23213df580a73c31
CLIENT_TRAFFIC_SECRET_0 b21e57a085f111987d47c4d0dd1ac0d4e3738f279340b4d9908a8169adad2dc2 1e03d2924c2a056959e33fa22d00305192def1445f9d563e7947ea45cec77b62
SERVER_TRAFFIC_SECRET_0 b21e57a085f111987d47c4d0dd1ac0d4e3738f279340b4d9908a8169adad2dc2 cfc9d332eb3de7dcc295fcbbc0dece2bbe1f06de2bf53b28205960c2fc254026
CLIENT_HANDSHAKE_TRAFFIC_SECRET 482c28c73f6c9556960537e12b6284fd362e2ab62f650989f6d534a66a35e59e 40198e7de3c17bd6811e8ab46abace70b12e6287250c3666deabeb8f90a1cfc1
SERVER_HANDSHAKE_TRAFFIC_SECRET 482c28c73f6c9556960537e12b6284fd362e2ab62f650989f6d534a66a35e59e 181869ceab12d36379968a3557778d10ac16e9b66a0c5a4120d4ab7a4a117b40
CLIENT_TRAFFIC_SECRET_0 482c28c73f6c9556960537e12b6284fd362e2ab62f650989f6d534a66a35e59e 5ec701a9bab87f2b7c144d97db420099438db92c611a00f735523ede371df3a0
SERVER_TRAFFIC_SECRET_0 482c28c73f6c9556960537e12b6284fd362e2ab62f650989f6d534a66a35e59e eae6ea07c69a721c5d2428109ec28b4dc6d2c17e4585d67805e9d3babfc71431
CLIENT_HANDSHAKE_TRAFFIC_SECRET 40df42be574da13a110df5a1d6e1760bfe1696d67393b9f0a9db433c5f78e2c0 1f0752042e8684fc1cbc029411a20d9efb0c9175a0e70a42c2b6c4f140852960
SERVER_HANDSHAKE_TRAFFIC_SECRET 40df42be574da13a110df5a1d6e1760bfe1696d67393b9f0a9db433c5f78e2c0 25ef242355061bd3809cc9ad9e381f7ffb31103f5aad8c07c6d21452d0cced59
CLIENT_TRAFFIC_SECRET_0 40df42be574da13a110df5a1d6e1760bfe1696d67393b9f0a9db433c5f78e2c0 7f3ff7ecdc546298285e146c51511ba66e7da350f013e7ef4de5b3bcf322cd60
SERVER_TRAFFIC_SECRET_0 40df42be574da13a110df5a1d6e1760bfe1696d67393b9f0a9db433c5f78e2c0 c88f89a09fb764421cfdb025dddc391f6770fa354dc5aaf0ce588028ea0b2e5a
CLIENT_HANDSHAKE_TRAFFIC_SECRET 481548997729d31c844ffb4381e6ad3ece542be9fe18d4f5078ac6a77130409a b52985c43da95e643ef4c0daa8bba7fed9f4482570073ecedec47a5cd38f2607
SERVER_HANDSHAKE_TRAFFIC_SECRET 481548997729d31c844ffb4381e6ad3ece542be9fe18d4f5078ac6a77130409a 255c1591577de20ac73170f8c0449d83f32c6fb19568b61ebd8f34f3526ca7ce
CLIENT_TRAFFIC_SECRET_0 481548997729d31c844ffb4381e6ad3ece542be9fe18d4f5078ac6a77130409a 32aef607c3f58663629294a9893d8a4c92effb3a407815efdada4347e5421edf
SERVER_TRAFFIC_SECRET_0 481548997729d31c844ffb4381e6ad3ece542be9fe18d4f5078ac6a77130409a 79e7101878f77dc4e11b56fb44fc8a81de0b7664067c8346eeebd3f232e75f7d
CLIENT_HANDSHAKE_TRAFFIC_SECRET c8b025233f36475936ada1b3797dc16f86a348d9537f50fa99c2b9323e01114c 9791bad03d25e72761dadc0c730503a99c0bbe6d94016a6ba5b5bdb6e8362ac8
SERVER_HANDSHAKE_TRAFFIC_SECRET c8b025233f36475936ada1b3797dc16f86a348d9537f50fa99c2b9323e01114c 621fc7a4b0a94afdc2a0c46e9fa9612f4af2ad9df26219164405e106c806fe0d
CLIENT_TRAFFIC_SECRET_0 c8b025233f36475936ada1b3797dc16f86a348d9537f50fa99c2b9323e01114c 8889f81a71e41e7fec909519cd99bfdc7a53296768eac4ed6339d481e0e26f3e
SERVER_TRAFFIC_SECRET_0 c8b025233f36475936ada1b3797dc16f86a348d9537f50fa99c2b9323e01114c 4ef333f46d87e5a4ea593dbdd96559463d24fe18e0ce8b3892608659f9d5691d
CLIENT_HANDSHAKE_TRAFFIC_SECRET 68bef0a5947426a704f92f2bebd870a80829563b57883ee8e6cf39a73e2da006 73ca61adfb4cf7d08a62e4888fa66aa193e50c9aac217ddf862d8c9281c14307
SERVER_HANDSHAKE_TRAFFIC_SECRET 68bef0a5947426a704f92f2bebd870a80829563b57883ee8e6cf39a73e2da006 ac003e7a5f99a166ba1d8d84cf251cdf3073a41bf68ac25dd1afa21aca22a53b
CLIENT_TRAFFIC_SECRET_0 68bef0a5947426a704f92f2bebd870a80829563b57883ee8e6cf39a73e2da006 585f1ded44ebe9360694ebbffe461d83058d9dcd9629060f1af2f7aa92abe0bb
SERVER_TRAFFIC_SECRET_0 68bef0a5947426a704f92f2bebd870a80829563b57883ee8e6cf39a73e2da006 404fd8c6879dae70845a5dcbfd42237a99fc5c34b4e85b7893a45d4aa902e9ba
CLIENT_HANDSHAKE_TRAFFIC_SECRET 460708abe3fda34a173d1cd16b2c3b63a5b20bb47401e07ae20c9bda65471f79 f4dbb61aa43d05c9413599226a677ba46d6e64523e3759135ca26c4e73ceb221
SERVER_HANDSHAKE_TRAFFIC_SECRET 460708abe3fda34a173d1cd16b2c3b63a5b20bb47401e07ae20c9bda65471f79 0425ba5ae3cddc360125f744c75c0dada9bf24d7ae9e3dc00e4a33ff285351e7
CLIENT_TRAFFIC_SECRET_0 460708abe3fda34a173d1cd16b2c3b63a5b20bb47401e07ae20c9bda65471f79 9b580b76a176aeb102c075dcdea7ded537b03d8e5ba8e858eeba2ff776ca21ce
SERVER_TRAFFIC_SECRET_0 460708abe3fda34a173d1cd16b2c3b63a5b20bb47401e07ae20c9bda65471f79 29f2ac04140f6f4536f4891c18a02c2afb5100df90b94990b9e944c7b67b3977
CLIENT_HANDSHAKE_TRAFFIC_SECRET 7cdb46c3f0db03b13dfe124f534c2e16e6851b432ae64672f6436d7dcc5a9a9f 599818b15cd6a00c7581d7bb868a21488d74991f79b8346ef21ff6fac120b327
SERVER_HANDSHAKE_TRAFFIC_SECRET 7cdb46c3f0db03b13dfe124f534c2e16e6851b432ae64672f6436d7dcc5a9a9f 74c49a7659ca29ed77ee3e428b27bfa75fced024ba8511e5e1b2ac23ffae7995
CLIENT_TRAFFIC_SECRET_0 7cdb46c3f0db03b13dfe124f534c2e16e6851b432ae64672f6436d7dcc5a9a9f f06383a9207b25e0fc246ebf97fb37f16c29d4438f61a6f94fd9c9e9404ececb
SERVER_TRAFFIC_SECRET_0 7cdb46c3f0db03b13dfe124f534c2e16e6851b432ae64672f6436d7dcc5a9a9f 5aa673e8625f4518cc4cfc475c5394e5d3a2634962f2f27b9b248b69bd9c51a4
CLIENT_HANDSHAKE_TRAFFIC_SECRET 2e49d8f0df8487fa7b0c0053e28f6f529a7b19abd007d8e5f1c8c655f2bebb20 9547e0c925bde2c5a09a957093a606f8689b24663a8a7fe60531b97297c7d37e
SERVER_HANDSHAKE_TRAFFIC_SECRET 2e49d8f0df8487fa7b0c0053e28f6f529a7b19abd007d8e5f1c8c655f2bebb20 bab660dd6e5420050e32e946cd7eab235b01bd4ece058977268dcc69dfa7739a
CLIENT_TRAFFIC_SECRET_0 2e49d8f0df8487fa7b0c0053e28f6f529a7b19abd007d8e5f1c8c655f2bebb20 c7e6afc5297e5ed1df595b557e7c040a955c2acf65a20cd7193accc6d04fd1de
SERVER_TRAFFIC_SECRET_0 2e49d8f0df8487fa7b0c0053e28f6f529a7b19abd007d8e5f1c8c655f2bebb20 0085d80e6696adc23cd9cd2abe6ccaabb2735f78d580b4f142f9437d465713c2
CLIENT_HANDSHAKE_TRAFFIC_SECRET fb7e9fbc844623b2cfbda67a4a803f8ff616f08f7daa0b626b759269702fe012 9945b64094084e2902a5e21a7e00d02f3c1d63b7da56bfc3ae2fdea80649337e
SERVER_HANDSHAKE_TRAFFIC_SECRET fb7e9fbc844623b2cfbda67a4a803f8ff616f08f7daa0b626b759269702fe012 78410f24bb9a1f0886dee5d5c4142ff7a24a69c615c77c9b08e15769475a9949
CLIENT_TRAFFIC_SECRET_0 fb7e9fbc844623b2cfbda67a4a803f8ff616f08f7daa0b626b759269702fe012 6bd3e8a295e227490b3fe36bba486e57e483b364c901615f8a50091c79cc95b3
SERVER_TRAFFIC_SECRET_0 fb7e9fbc844623b2cfbda67a4a803f8ff616f08f7daa0b626b759269702fe012 33222af628f8c8b380c0f87b1cb81244d792111c358ae97f0dfeba4c16d4b745
CLIENT_HANDSHAKE_TRAFFIC_SECRET 2dca30bc27e23a2a0680ec50a7ff0a87b53665db8c439df0cbc567478d348c52 c47075e7116697453f569438b43a81487f7094df00cba40f9e8968417a5f4330
SERVER_HANDSHAKE_TRAFFIC_SECRET 2dca30bc27e23a2a0680ec50a7ff0a87b53665db8c439df0cbc567478d348c52 988ae3cb9a75fb836d968d98141ba8d77a0363f7e77d74828c7aa5b9d006291d
CLIENT_TRAFFIC_SECRET_0 2dca30bc27e23a2a0680ec50a7ff0a87b53665db8c439df0cbc567478d348c52 4fed8c80b49734b275f140cd807b1d7276cd0bbac84f5c347cc47aaddbe95e67
SERVER_TRAFFIC_SECRET_0 2dca30bc27e23a2a0680ec50a7ff0a87b53665db8c439df0cbc567478d348c52 aca000b469327f76ab533173924c64d7d02c20f2285e4bb39db3cf7b3dfee1b9
CLIENT_HANDSHAKE_TRAFFIC_SECRET 1513a3433182c3f8c1945ddc2af51da2bb22155332e0b0ef9486d4796aaaa334 04c403db30290cb5d4561482abdf8d503fae898260bbfea0702101c6a2388d6c
SERVER_HANDSHAKE_TRAFFIC_SECRET 1513a3433182c3f8c1945ddc2af51da2bb22155332e0b0ef9486d4796aaaa334 0d003a664843f2fbbe87c00365f939c39d998e4ce4be37f862968a88d9e158ea
CLIENT_TRAFFIC_SECRET_0 1513a3433182c3f8c1945ddc2af51da2bb22155332e0b0ef9486d4796aaaa334 58db3853968b911e35a049c2eb9565a6bc797c434eaa83cb00b34bcb6a29587a
SERVER_TRAFFIC_SECRET_0 1513a3433182c3f8c1945ddc2af51da2bb22155332e0b0ef9486d4796aaaa334 1afd23acf5c2b25c880343620cc7b94d72d6e51ecc14eee1aa7de3536fc9c0c6
CLIENT_HANDSHAKE_TRAFFIC_SECRET 6667ed76fe40ab3fe3a2bb0ced6c79f056b3c7e13dc9b94f097480533b0a5a19 64f7df56e867f777ab08200b490ec11d60c3976c0d255de9dbf3553b368f1139
SERVER_HANDSHAKE_TRAFFIC_SECRET 6667ed76fe40ab3fe3a2bb0ced6c79f056b3c7e13dc9b94f097480533b0a5a19 450d526e688740d494917114ea9a139491b032d20ed39f4619855ccb835d354b
CLIENT_TRAFFIC_SECRET_0 6667ed76fe40ab3fe3a2bb0ced6c79f056b3c7e13dc9b94f097480533b0a5a19 9c75e819ec8c0c6e1a0140abe16596f926b329f41594ccefcc3e847b57011374
SERVER_TRAFFIC_SECRET_0 6667ed76fe40ab3fe3a2bb0ced6c79f056b3c7e13dc9b94f097480533b0a5a19 c0bc9912eb2eb96556d404026962ae2353582f55b26a274f0d2e6630078ef213
CLIENT_HANDSHAKE_TRAFFIC_SECRET 46886dc80ba5ba2ac18c72e258f8444db554afa5981dfbfe032d355986b11313 d86f19a6c0f33bdf935f0940c7597594937d96b4b63b80ab88da170015f1ce11
SERVER_HANDSHAKE_TRAFFIC_SECRET 46886dc80ba5ba2ac18c72e258f8444db554afa5981dfbfe032d355986b11313 0484f549b8060a763e4f4e29b651ba6068ab869e59ba907328fbe59f47ee6190
CLIENT_TRAFFIC_SECRET_0 46886dc80ba5ba2ac18c72e258f8444db554afa5981dfbfe032d355986b11313 d026c313ecd9975eac7938770a1984e2a4890b836632146472804f09dea85b3e
SERVER_TRAFFIC_SECRET_0 46886dc80ba5ba2ac18c72e258f8444db554afa5981dfbfe032d355986b11313 418d0c8f8ae1c1eb9b78a532fbb97ad0a93e5a7aba0cd3eb384c7a82d4dc035e
CLIENT_HANDSHAKE_TRAFFIC_SECRET 7bf0da7ededc897f045f9247144504543c7dcd78a490c3cb2c6fc58474ea5279 aeaa9d4a09ee276c806948659303a9ad2f2283f0702848a63f62c0708f0c8369
SERVER_HANDSHAKE_TRAFFIC_SECRET 7bf0da7ededc897f045f9247144504543c7dcd78a490c3cb2c6fc58474ea5279 95a043ef73f3d470504bd7ea0f774a51b2ece46351be56fc6bc9a2daa4580994
CLIENT_TRAFFIC_SECRET_0 7bf0da7ededc897f045f9247144504543c7dcd78a490c3cb2c6fc58474ea5279 ea8f8ca8dab47ef9d2c4a1d17da5633c4adb6682430a34fac378fa74a7ed3d28
SERVER_TRAFFIC_SECRET_0 7bf0da7ededc897f045f9247144504543c7dcd78a490c3cb2c6fc58474ea5279 465575b35bccaecd966243c02fec44bca446818c1749fa6368085070446aeca9
CLIENT_HANDSHAKE_TRAFFIC_SECRET c5d4e25670eaaf387bf28602051ceb644385fdb4d43406a8a05553661f1b6e31 b441bf7b5d80ac3f39ff15628d64243e1a97a100ee84c7bb70174589059dda64
SERVER_HANDSHAKE_TRAFFIC_SECRET c5d4e25670eaaf387bf28602051ceb644385fdb4d43406a8a05553661f1b6e31 0fad0944e93607d5662d392578d1e40bab460bfd0570c70f812f5d9660167100
CLIENT_TRAFFIC_SECRET_0 c5d4e25670eaaf387bf28602051ceb644385fdb4d43406a8a05553661f1b6e31 33cc44c8a82c821c6587eeb9902ce811a59fb83a0d46051246ff519a955ae22d
SERVER_TRAFFIC_SECRET_0 c5d4e25670eaaf387bf28602051ceb644385fdb4d43406a8a05553661f1b6e31 d96ff92ef6ced6d9fe42fa5510bfa84a432087aa45ab354ff5cc8fc39efeec00
CLIENT_HANDSHAKE_TRAFFIC_SECRET 074073d181bdee96eaccfe894d9fdd24f90fcd5dac5b632e478322f1240dc0c6 c5029076ccf02323d51733e4540753d15549d2ed6e565c528cabd82f49cd086c
SERVER_HANDSHAKE_TRAFFIC_SECRET 074073d181bdee96eaccfe894d9fdd24f90fcd5dac5b632e478322f1240dc0c6 47c8e7d606f3231603d422bafb278816bc21b18a686d0d3d42c605f7da4dacd1
CLIENT_TRAFFIC_SECRET_0 074073d181bdee96eaccfe894d9fdd24f90fcd5dac5b632e478322f1240dc0c6 8a0fc8666f7930ed65152ee0f5e066a464a8024a6c112595175fbf198243e430
SERVER_TRAFFIC_SECRET_0 074073d181bdee96eaccfe894d9fdd24f90fcd5dac5b632e478322f1240dc0c6 5c7e5f200401d5477d5a582c746a1e7a5d2cf2fc30979075a972429db84275bd
CLIENT_HANDSHAKE_TRAFFIC_SECRET eb73151c71327b7f258d400e6a99815f8eb3347ed89d1172c9ef90ee0848f7d7 a3468010b83feb8800ccbcd3b4947ef252548bd2fd7bc200cbe3c01d1b774a83
SERVER_HANDSHAKE_TRAFFIC_SECRET eb73151c71327b7f258d400e6a99815f8eb3347ed89d1172c9ef90ee0848f7d7 7ad030d7f76cb3765c6983041c67d2f80d155ac5f765b58dbb8288c25e3569d6
CLIENT_TRAFFIC_SECRET_0 eb73151c71327b7f258d400e6a99815f8eb3347ed89d1172c9ef90ee0848f7d7 9c48fa67b850a130538e9acd09b9736752a3725439012bfdf6901ec40989567c
SERVER_TRAFFIC_SECRET_0 eb73151c71327b7f258d400e6a99815f8eb3347ed89d1172c9ef90ee0848f7d7 8354bb6895ca514b85696e7ddbe3a8f41f665573459e5e6f519c394dc7e5f4d3
CLIENT_HANDSHAKE_TRAFFIC_SECRET 3aa45aec3d24ec9a675fba28d253c9133d14cbfb0b15675cd851fe33971f0e3c 98fe22f81b55327cb9dcf9968e1fc224f4b472bcc2a848fdf8dcbc37d19ef7f5
SERVER_HANDSHAKE_TRAFFIC_SECRET 3aa45aec3d24ec9a675fba28d253c9133d14cbfb0b15675cd851fe33971f0e3c 638d61ec3fcb20d9f9323787db02093ddf49c1e3df5d4ee5a1ba0b4ce4e61827
CLIENT_TRAFFIC_SECRET_0 3aa45aec3d24ec9a675fba28d253c9133d14cbfb0b15675cd851fe33971f0e3c 23399cc4c49e4efa7df4ab9f28c19d7cab46f8aa4263aaef986b11f445594d9c
SERVER_TRAFFIC_SECRET_0 3aa45aec3d24ec9a675fba28d253c9133d14cbfb0b15675cd851fe33971f0e3c 2a3cb750a8e17a8a069d07a70df7b02223bb92e5255cfd61c86f592d826e7dd3
CLIENT_HANDSHAKE_TRAFFIC_SECRET c33eb0c4bb2cbad71b5bb05462211f8f5a6d10aeed376bc61789bae0c7fb52eb 3fe788e2e9ad11675231b7eef9ec90289b40cbe26213bd6cb9bad37cf52a64ae
SERVER_HANDSHAKE_TRAFFIC_SECRET c33eb0c4bb2cbad71b5bb05462211f8f5a6d10aeed376bc61789bae0c7fb52eb 4fadbc4e85095e7cd2d4fe59b638226b0844c5468110dab58e99a2f3961aecc3
CLIENT_TRAFFIC_SECRET_0 c33eb0c4bb2cbad71b5bb05462211f8f5a6d10aeed376bc61789bae0c7fb52eb b92c0922705e31df292ce68d4c5e6c07f8abe494ef34ee48f397bc5668f69bea
SERVER_TRAFFIC_SECRET_0 c33eb0c4bb2cbad71b5bb05462211f8f5a6d10aeed376bc61789bae0c7fb52eb b7709c73bc61f86b613a4351f3fe77c81eac1fa7df2bf255f5dca8169d4cd001
CLIENT_HANDSHAKE_TRAFFIC_SECRET 0afe9a16a1991b06272c22094747500051b6b698a6bbc674ee89841b3b2222e0 650def2a2608811fa9d4c323b56ba22e6ef6b92a402bd85bd58145bbceed9246
SERVER_HANDSHAKE_TRAFFIC_SECRET 0afe9a16a1991b06272c22094747500051b6b698a6bbc674ee89841b3b2222e0 bd0796323610147de018d4fe296b9d8b88e46317be1c425ce3e71c394ea2b3ee
CLIENT_TRAFFIC_SECRET_0 0afe9a16a1991b06272c22094747500051b6b698a6bbc674ee89841b3b2222e0 397ce7897ab7efb664bc3e617f267c81f5f97c01d0bdcfb71f63f92bbea83dfc
SERVER_TRAFFIC_SECRET_0 0afe9a16a1991b06272c22094747500051b6b698a6bbc674ee89841b3b2222e0 97712b5b7da705b726675f7c004a2343249c249913e1af42dd3a733f4f479f1a
CLIENT_HANDSHAKE_TRAFFIC_SECRET 541ddd55ded444d9f18b66939ae15a6d6bc01194ec81f028adcb6a0bdedff6fd 4d853b713e5c2ada444b1cea7edad46a8b57ea43b368d7df61f9fc9567845c9b
SERVER_HANDSHAKE_TRAFFIC_SECRET 541ddd55ded444d9f18b66939ae15a6d6bc01194ec81f028adcb6a0bdedff6fd 2dba2881b5bd5f1cc5cd2f2fe1852f1657902fc7522d76605b3c13409bf57510
CLIENT_TRAFFIC_SECRET_0 541ddd55ded444d9f18b66939ae15a6d6bc01194ec81f028adcb6a0bdedff6fd 17db836e6a3eaf0b2abcd2ef7a50c18b30248f8a0c21aaac7a8dd59c445d4874
SERVER_TRAFFIC_SECRET_0 541ddd55ded444d9f18b66939ae15a6d6bc01194ec81f028adcb6a0bdedff6fd b6ee5789d6a2c8ad0c26af81d16d70f46214461f3a4a2963f45f2540ea8346bd
CLIENT_HANDSHAKE_TRAFFIC_SECRET 72d05e358fd26912aa0649be1f09d69e7dac1106d9063de758db1a39421d25cd e1427531631f8b6b22e306acea0645ee019314e222ad5c6a8e6b6e94279494b5
SERVER_HANDSHAKE_TRAFFIC_SECRET 72d05e358fd26912aa0649be1f09d69e7dac1106d9063de758db1a39421d25cd 7c94279328818447787f141a1a66b654112cbd5a82917dc5e0f291352b1dbeee
CLIENT_TRAFFIC_SECRET_0 72d05e358fd26912aa0649be1f09d69e7dac1106d9063de758db1a39421d25cd d301d0e43550c44dbd600a26bb1382f5dea45df663a4e071254324139073540f
SERVER_TRAFFIC_SECRET_0 72d05e358fd26912aa0649be1f09d69e7dac1106d9063de758db1a39421d25cd 14868ef25134efde24fbcdb6e2e9a5b36928b6e6367e9fea5e063eeeb44c453b
CLIENT_HANDSHAKE_TRAFFIC_SECRET a7c87139d04dec5323e616e0578ab310246c7a924367d4b8ba8e7cdf35135a81 ccfd9c75beb882c25ca2d931394b88f537cebd88ec7c299c4c2b719642c98ed1
SERVER_HANDSHAKE_TRAFFIC_SECRET a7c87139d04dec5323e616e0578ab310246c7a924367d4b8ba8e7cdf35135a81 f4fe55e41e97d52f5b569f604d19643cf1f7a9025551b4f37fe498d2e0c9753c
CLIENT_TRAFFIC_SECRET_0 a7c87139d04dec5323e616e0578ab310246c7a924367d4b8ba8e7cdf35135a81 41173b0a2ee7f1a5ad52999d0d2872b1bee3ac26bf717cb4d407233de3ea5490
SERVER_TRAFFIC_SECRET_0 a7c87139d04dec5323e616e0578ab310246c7a924367d4b8ba8e7cdf35135a81 966009b35192c4896f8a9378b81b88aa73c1bb0ec38d162d967173f068d25288
CLIENT_HANDSHAKE_TRAFFIC_SECRET cd8b74d6f9a7fc3790925112c909021f691e81f09bf455fb42d4a0e2394b1a28 dc320be02cde2bc4414d9f05fb67260d4e7f62db49c4c79e9eca7f9d89f4025d
SERVER_HANDSHAKE_TRAFFIC_SECRET cd8b74d6f9a7fc3790925112c909021f691e81f09bf455fb42d4a0e2394b1a28 5db32aec887c68ab13b6c8380013b9c6c8a32d703991fa26a5f19905085e618f
CLIENT_TRAFFIC_SECRET_0 cd8b74d6f9a7fc3790925112c909021f691e81f09bf455fb42d4a0e2394b1a28 29d046926971f4e7d43f8680594206ff2222962309aa6f126e5e80760bf2d31e
SERVER_TRAFFIC_SECRET_0 cd8b74d6f9a7fc3790925112c909021f691e81f09bf455fb42d4a0e2394b1a28 f315f064f20e9b034d53f3a349b187b7cb19c139f2a301d78cb408f0d031520b
CLIENT_HANDSHAKE_TRAFFIC_SECRET 68c7c8cc87271aaa5fd4d369831b94b377a2ee3b230d2179a72b7df49dd2af7b 845af0fe0bfcd865b95ec66b22efcb0356e072af3b8206163ccb40c38ed7730e
SERVER_HANDSHAKE_TRAFFIC_SECRET 68c7c8cc87271aaa5fd4d369831b94b377a2ee3b230d2179a72b7df49dd2af7b b7bc83d13f27a76d8567bfcaf79827fd9a063af954d320b5366e7fbe7a23c348
CLIENT_TRAFFIC_SECRET_0 68c7c8cc87271aaa5fd4d369831b94b377a2ee3b230d2179a72b7df49dd2af7b 937a6c8965c7c1ddc63bc30ef3861f96b39845efb7d2e312eb9842316daa8e9f
SERVER_TRAFFIC_SECRET_0 68c7c8cc87271aaa5fd4d369831b94b377a2ee3b230d2179a72b7df49dd2af7b 35a4eb4442d85a8ab2af88fc5a1c586ea9c1e63704d9655f62f0dd0ca1b4de71
CLIENT_HANDSHAKE_TRAFFIC_SECRET d4b957fd4a7ef410949396f2c5c9d11ef913bfb8b39a4c40eb2ee67571572fd9 e9f8eaef3f583a8fc548b45f89a4b82f653c8d92b12c587accaa1b2d53e012f2
SERVER_HANDSHAKE_TRAFFIC_SECRET d4b957fd4a7ef410949396f2c5c9d11ef913bfb8b39a4c40eb2ee67571572fd9 f28ad7545c56db389e1c2d2b9400d72df2caa4c672926585fff21b1c6a0c234e
CLIENT_TRAFFIC_SECRET_0 d4b957fd4a7ef410949396f2c5c9d11ef913bfb8b39a4c40eb2ee67571572fd9 91d6cab42fd503d3313cb37f1776f13235b7b1a20ebfcbb7a0a7c50d4b642bda
SERVER_TRAFFIC_SECRET_0 d4b957fd4a7ef410949396f2c5c9d11ef913bfb8b39a4c40eb2ee67571572fd9 ebb64a23e0ab6c1eb4bf53f3e2e33c8b460b97894d00811cd5c7d5a802068d8f
CLIENT_HANDSHAKE_TRAFFIC_SECRET e961616a1de9e9f6f9cbc2bb6738c74a52d7e07f576f529afdd30872869ddb1b 89c819029cd7c8adc9cdb4c69f11da646cf392a116d7529dce437740ad59e6da
SERVER_HANDSHAKE_TRAFFIC_SECRET e961616a1de9e9f6f9cbc2bb6738c74a52d7e07f576f529afdd30872869ddb1b 06a3696a1da4476d29e0c1ffa0ee7ef6a43893bedf7622eea4f56d5e42cae474
CLIENT_TRAFFIC_SECRET_0 e961616a1de9e9f6f9cbc2bb6738c74a52d7e07f576f529afdd30872869ddb1b ccec4b4c9d65fecd13d856a00953c8b41db3683ebb0c4f2d94496110419a1d09
SERVER_TRAFFIC_SECRET_0 e961616a1de9e9f6f9cbc2bb6738c74a52d7e07f576f529afdd30872869ddb1b e6b1353e0491f312ddd7cd22edac43fe8f634dab809a2ae5337198d4a1f0f64f
CLIENT_HANDSHAKE_TRAFFIC_SECRET 800af83286d478c5c181499b43632a479eb94f1cc4f9bd4a92e38e4ae8d9d340 389b29cba2372ab92a914d44424bd349ce1c318494c9971ca193049249b29762
SERVER_HANDSHAKE_TRAFFIC_SECRET 800af83286d478c5c181499b43632a479eb94f1cc4f9bd4a92e38e4ae8d9d340 f0c13a0fcec5d94536ba51d4bfdef569c0c7623aea7516e21f528031376d4ddb
CLIENT_TRAFFIC_SECRET_0 800af83286d478c5c181499b43632a479eb94f1cc4f9bd4a92e38e4ae8d9d340 8a0ad7efbf4932b6416de42e690a317770fda2f902dd6ed7253516ad203eef12
SERVER_TRAFFIC_SECRET_0 800af83286d478c5c181499b43632a479eb94f1cc4f9bd4a92e38e4ae8d9d340 c06e91dd4c98eea3fab7166328e1b9be37307bffeff305ca172eaf16bbbbd500
CLIENT_HANDSHAKE_TRAFFIC_SECRET 725a7d069edbeed070f193952dd9f39ba9c5e72bdcd64f2a6c74167ecb90aff6 290cb4aa4e5ffe9c6ad5f01586573124400b6d6e8cc2e479507750dba8a549c6
SERVER_HANDSHAKE_TRAFFIC_SECRET 725a7d069edbeed070f193952dd9f39ba9c5e72bdcd64f2a6c74167ecb90aff6 15d9d502b386f1bb330a7fe9ab838436cd5616fe5ea73e4bdaad0fa5235fde1f
CLIENT_TRAFFIC_SECRET_0 725a7d069edbeed070f193952dd9f39ba9c5e72bdcd64f2a6c74167ecb90aff6 3668c2dbdc6344153867bfebbc2b72bf58bba4d60bcc34209f9b37a9a217106f
SERVER_TRAFFIC_SECRET_0 725a7d069edbeed070f193952dd9f39ba9c5e72bdcd64f2a6c74167ecb90aff6 7e04f54374f76ba256e8e258f586513456e384ec30ec40b576b1738bcc29115b
CLIENT_HANDSHAKE_TRAFFIC_SECRET 1321fcca3a77104e24df2def1f116fa1a7fc32f464fc20eaf84be3f942086eb2 bdcb8181195bc01fa45777842a35a3b4e63f363c273b4449a8db09bbccc56878
SERVER_HANDSHAKE_TRAFFIC_SECRET 1321fcca3a77104e24df2def1f116fa1a7fc32f464fc20eaf84be3f942086eb2 4474bb4b2d63f3f8633d2c33899fc50707e8949e83de7aa7825b9e076821bbfc
CLIENT_TRAFFIC_SECRET_0 1321fcca3a77104e24df2def1f116fa1a7fc32f464fc20eaf84be3f942086eb2 d16fc269550c7057e67c1b3f9a58098f31cb7f3ab156758eeb2de031eca26b06
SERVER_TRAFFIC_SECRET_0 1321fcca3a77104e24df2def1f116fa1a7fc32f464fc20eaf84be3f942086eb2 39bc33e55d2bbd16020b23f567ca068d3c8f164f4b1e673d90b9cb67e6d872ae
CLIENT_HANDSHAKE_TRAFFIC_SECRET 8382f7e3b462392824c1b5bc8a1d3ab2e1df3ed5560449d6581b81738231b3a8 634465eac8779d7e671383ec65deeb6e24701f1fefc63317266630a27d7628a6
SERVER_HANDSHAKE_TRAFFIC_SECRET 8382f7e3b462392824c1b5bc8a1d3ab2e1df3ed5560449d6581b81738231b3a8 a500ba53a0072025e3f58faef814684d9257a6ad7d3302301e5d9c12cf2d2f83
CLIENT_TRAFFIC_SECRET_0 8382f7e3b462392824c1b5bc8a1d3ab2e1df3ed5560449d6581b81738231b3a8 b67234df8621d9592472c442839b2d52f8d89a7ef583d32bfc7d959694d886ce
SERVER_TRAFFIC_SECRET_0 8382f7e3b462392824c1b5bc8a1d3ab2e1df3ed5560449d6581b81738231b3a8 65495411ba4e49255a8e138e670af0d40a2c99159ad6bad666f198285a07c8af
CLIENT_HANDSHAKE_TRAFFIC_SECRET 07f9de1982816a4967ca45f8cdbe3a195c95a37f25ceb07016dd1b353b00b9d1 ca536582784e95d0cecc5935ad733568f023f939f2936fd0c5a3f8a12c9fbdb8
SERVER_HANDSHAKE_TRAFFIC_SECRET 07f9de1982816a4967ca45f8cdbe3a195c95a37f25ceb07016dd1b353b00b9d1 9bcfc50334051132b0f92d0a77567c0bcf97f6ec13380863e66c03ce0615fc5e
CLIENT_TRAFFIC_SECRET_0 07f9de1982816a4967ca45f8cdbe3a195c95a37f25ceb07016dd1b353b00b9d1 462910b57aaf82219d5e11e1f022c6a47d11adfd7140fa958118e0dd9b35703f
SERVER_TRAFFIC_SECRET_0 07f9de1982816a4967ca45f8cdbe3a195c95a37f25ceb07016dd1b353b00b9d1 d44d508a75be62b618a49c10eeacf93db72a59dc8686d9075a6a0590adc7b78a
CLIENT_HANDSHAKE_TRAFFIC_SECRET 7e7b4b8d3a13fd562351c1e224a1d1c27bb5f625403621e32592b135bbae59e6 3ac7d8b9427c242ac1c0b5a83fa4643eaad832f4f54812876ed1002265adcc7a
SERVER_HANDSHAKE_TRAFFIC_SECRET 7e7b4b8d3a13fd562351c1e224a1d1c27bb5f625403621e32592b135bbae59e6 878749e0b8f1082b05f1e8ec201ef0cab15e721fe07858e452be9dccd65ea0f1
CLIENT_TRAFFIC_SECRET_0 7e7b4b8d3a13fd562351c1e224a1d1c27bb5f625403621e32592b135bbae59e6 c3aea5635fb450e0fb073da5e3e586b9cdf8492d49b93f83e9d754e1c8680d2d
SERVER_TRAFFIC_SECRET_0 7e7b4b8d3a13fd562351c1e224a1d1c27bb5f625403621e32592b135bbae59e6 3cac14559fa08628df5086f53a61c7e0b1adbfc2dd79a2aaa3017e0bcb860805
CLIENT_HANDSHAKE_TRAFFIC_SECRET 3bcba40c934a2330eacea89bed0edb47a934b1ff8f6e9885a2e243c5f246e8e9 eed9d613fef4ce2360361b5c97c9b0fa309c59b8cfbb31fb9e68097ab0fbed80
SERVER_HANDSHAKE_TRAFFIC_SECRET 3bcba40c934a2330eacea89bed0edb47a934b1ff8f6e9885a2e243c5f246e8e9 9e2a05b5148689fe60468d44afb6f96125a2afdb7d7d3410d5ea3c0d648e38b9
CLIENT_TRAFFIC_SECRET_0 3bcba40c934a2330eacea89bed0edb47a934b1ff8f6e9885a2e243c5f246e8e9 7c9a458888a4c5534b8c7eb762ff4cd28a2824a8b13fedf87d12f40ec8ce68b8
SERVER_TRAFFIC_SECRET_0 3bcba40c934a2330eacea89bed0edb47a934b1ff8f6e9885a2e243c5f246e8e9 a0c13937f596b69c4b3c4b639346902f22ddabb1e2e55c9ea35a3fb4c2e381b3
CLIENT_HANDSHAKE_TRAFFIC_SECRET 5270288e3a8441960c1be648559e9b43d8ba6e58ceb64307c216b53876b16b87 f2817823a5ca97340d93ddbcb15e0690ce6c27952df141cfb4cca72e1c1f6ece
SERVER_HANDSHAKE_TRAFFIC_SECRET 5270288e3a8441960c1be648559e9b43d8ba6e58ceb64307c216b53876b16b87 0988e7761004435de430947a8a372df3fbbb1e55458f478a04ad0c6c10588a98
CLIENT_TRAFFIC_SECRET_0 5270288e3a8441960c1be648559e9b43d8ba6e58ceb64307c216b53876b16b87 93dbf200fdc06617d143a301e08d2335adafacf26863d8c9f24a3281e0c82223
SERVER_TRAFFIC_SECRET_0 5270288e3a8441960c1be648559e9b43d8ba6e58ceb64307c216b53876b16b87 e3bbb96967da4312d2b1521838c7aa10779a74c6448039183000b4b231050318
CLIENT_HANDSHAKE_TRAFFIC_SECRET 2c2f272b361c3fb4fda1bd751121fb17b58cc151e9509dcf81fb64089ef7361d 1964b17d89b5d6f94c8dc0a90cb934b8709607eddaa8747f6f79fef7f7bc3204
SERVER_HANDSHAKE_TRAFFIC_SECRET 2c2f272b361c3fb4fda1bd751121fb17b58cc151e9509dcf81fb64089ef7361d 6cf7086bc6d6f25d1d9d2a3e418dd6b75b8f39aaf27ee560fa21398acc2ba5aa
CLIENT_TRAFFIC_SECRET_0 2c2f272b361c3fb4fda1bd751121fb17b58cc151e9509dcf81fb64089ef7361d ba82c937d515fbe979c1982a2aec6877be9853f2b6ed8ea1490ee766ff5575e3
SERVER_TRAFFIC_SECRET_0 2c2f272b361c3fb4fda1bd751121fb17b58cc151e9509dcf81fb64089ef7361d 6f815677d7238ef0667c0509101a83e2c830e992a9305a975e1840ecfea7ce66
CLIENT_HANDSHAKE_TRAFFIC_SECRET 4ddb3415d996107a13d0a6bc344d8593e7cd3ccc118dc7cc1c0df3086e92a629 4966cefb0576d162afdbe56453ad7efbebb8c658a411a8f0f9e37b40e4d75c67
SERVER_HANDSHAKE_TRAFFIC_SECRET 4ddb3415d996107a13d0a6bc344d8593e7cd3ccc118dc7cc1c0df3086e92a629 2cf0c82edc33a3ac13636b4824f3d43db1cfc08f91a40bcebc3efcc950b68975
CLIENT_TRAFFIC_SECRET_0 4ddb3415d996107a13d0a6bc344d8593e7cd3ccc118dc7cc1c0df3086e92a629 093a517d37d3ac3b80d57fc3fd9a7483b2bb29efc5568a5aa9d9123cfb432f39
SERVER_TRAFFIC_SECRET_0 4ddb3415d996107a13d0a6bc344d8593e7cd3ccc118dc7cc1c0df3086e92a629 87020cbd01fc505ea171095cc088186447b76d1e4d4becf1bb0034b9d59e23aa
CLIENT_HANDSHAKE_TRAFFIC_SECRET 73e05f2ae78171fcdc73d34df04fd26546621c9926fead2d512f3fa8668937b5 6f7c56166499c732f87f4437c4b265e49506a1e02083726a72ff2b67c4d27aa5
SERVER_HANDSHAKE_TRAFFIC_SECRET 73e05f2ae78171fcdc73d34df04fd26546621c9926fead2d512f3fa8668937b5 f9d302d0faf3b55e2a86b8b342827b29dd471708860fc205273a5993d6ded92f
CLIENT_TRAFFIC_SECRET_0 73e05f2ae78171fcdc73d34df04fd26546621c9926fead2d512f3fa8668937b5 8c30eeeeec7c614383fde549bddc3aabebb3629f605f30d72326b2aa77058fed
SERVER_TRAFFIC_SECRET_0 73e05f2ae78171fcdc73d34df04fd26546621c9926fead2d512f3fa8668937b5 73d46dbef237af1c3358941c2149c85538b42b3905cb7a5dd72f37f4f7009e30
CLIENT_HANDSHAKE_TRAFFIC_SECRET 67c9fb6191caf5ec1b8e875ee486062221270ec3827d0f6c2ca9a050b2e550cb 8621103c692b7e624d1049e7147f97414616bf102e34a44313236add7ddd4b2d
SERVER_HANDSHAKE_TRAFFIC_SECRET 67c9fb6191caf5ec1b8e875ee486062221270ec3827d0f6c2ca9a050b2e550cb 25b96e10ba029e64d2eca92128438df649f7f8c96a14bffad0491a9ffd341545
CLIENT_TRAFFIC_SECRET_0 67c9fb6191caf5ec1b8e875ee486062221270ec3827d0f6c2ca9a050b2e550cb ef7998f6aefa9021e3b4f8b8e967abacae8bdbb96eb6fdca55683459de2248c4
SERVER_TRAFFIC_SECRET_0 67c9fb6191caf5ec1b8e875ee486062221270ec3827d0f6c2ca9a050b2e550cb 41f1b397647f280c12aae798008dd3138e70f888f4a9c8a163b4e342e61027ba
CLIENT_HANDSHAKE_TRAFFIC_SECRET 5d590dced58c93f9dfaa35785032248714b5d6231283c910456242b9f58fdf22 4c2bcda314b19a1f9203822863bcce640ecf6e5c55dd8a433cec7a729fbd5564
SERVER_HANDSHAKE_TRAFFIC_SECRET 5d590dced58c93f9dfaa35785032248714b5d6231283c910456242b9f58fdf22 4c0951d4bc02ec2052e2e11326f527074bb3a310639f20e4f2d2b0e4f0440d07
CLIENT_TRAFFIC_SECRET_0 5d590dced58c93f9dfaa35785032248714b5d6231283c910456242b9f58fdf22 9971505f89e480a472333a9f4eb847e321b379622a7a1baf772c1ac7d4027392
SERVER_TRAFFIC_SECRET_0 5d590dced58c93f9dfaa35785032248714b5d6231283c910456242b9f58fdf22 f212a7a29ae2a40e47366610f3e98cb743c34258c8de20e1d34f922e005834b7
CLIENT_HANDSHAKE_TRAFFIC_SECRET 55852542b0bca5d29ce31a78d636767576061776fa82483388ce30d712d309ba c8998040385957bb10230b9ab93ac012285b20a6717045d9fa2395e4d208b06c
SERVER_HANDSHAKE_TRAFFIC_SECRET 55852542b0bca5d29ce31a78d636767576061776fa82483388ce30d712d309ba cad8a42ee384b38523f394e82e03943d4fb25f92b889cbe53e8eb05dae35a169
CLIENT_TRAFFIC_SECRET_0 55852542b0bca5d29ce31a78d636767576061776fa82483388ce30d712d309ba eae616b24f731444c9937cb13dc720386f4ce71d3bb6893bb0d63c32bc1560bb
SERVER_TRAFFIC_SECRET_0 55852542b0bca5d29ce31a78d636767576061776fa82483388ce30d712d309ba af67481ded3102f046c47c64e9962ce6b3c13f34be553274328d55ca9ff8a0b2
CLIENT_HANDSHAKE_TRAFFIC_SECRET 4eeb2a40b4326cf6a01fca7a1c9355d933e1947a62a1e94e30b160b85c027915 cfed2ae4b6e45089a5feb7b4dba9a41e945fcdfc3bc717a5a149e4bbd6199698
SERVER_HANDSHAKE_TRAFFIC_SECRET 4eeb2a40b4326cf6a01fca7a1c9355d933e1947a62a1e94e30b160b85c027915 37f82f8fcc95cdf42e0800e0fe91798f82fd7260cfba6eb980ac5eae0e7d3a2b
CLIENT_TRAFFIC_SECRET_0 4eeb2a40b4326cf6a01fca7a1c9355d933e1947a62a1e94e30b160b85c027915 d59cd0e6f16835c9dbbad0f5fbfd0178db2a34b2afc0236bf947229f1df0daf3
SERVER_TRAFFIC_SECRET_0 4eeb2a40b4326cf6a01fca7a1c9355d933e1947a62a1e94e30b160b85c027915 cb0aafcdf7d05c75145914b02d3e3d1de35951f014d604c3838f90a73a356786
CLIENT_HANDSHAKE_TRAFFIC_SECRET 8bece34b0762e9691ca96547266c4436163ef6e8cad618d26ae9116fefcea594 91deebf37364a8e1a0a0c0cb50ee4f13da61b3b86f658e2209f0d085e357c0b6
SERVER_HANDSHAKE_TRAFFIC_SECRET 8bece34b0762e9691ca96547266c4436163ef6e8cad618d26ae9116fefcea594 1babaf8282b5155408e2f31d7f833ab02abc7a164c0400eee4e5269680f86fed
CLIENT_TRAFFIC_SECRET_0 8bece34b0762e9691ca96547266c4436163ef6e8cad618d26ae9116fefcea594 9f8bedd47050666fefc70e77451cf363035c045e6de67ad22eb8c9eb4ffcc475
SERVER_TRAFFIC_SECRET_0 8bece34b0762e9691ca96547266c4436163ef6e8cad618d26ae9116fefcea594 a90742e9006b1aeba15def862611b1f33ddf5c3ce93bd8ea53c3dceebf104ae4
CLIENT_HANDSHAKE_TRAFFIC_SECRET 4310d2cf9644034b933d6e0d826b22005f951cbf7adefa80c5976a625237057f 924384ea8631cb58664e4f86793b194ee312e88b4fc3bad73b6cfddb480235c1
SERVER_HANDSHAKE_TRAFFIC_SECRET 4310d2cf9644034b933d6e0d826b22005f951cbf7adefa80c5976a625237057f 3d3be8ab024ac466b75430119269d47e8b04e3e04fea277ef14315b6d606183a
CLIENT_TRAFFIC_SECRET_0 4310d2cf9644034b933d6e0d826b22005f951cbf7adefa80c5976a625237057f 15b53c05f8434d60b54633b34f5f4fd918d2b28f420ede41882de95031a9deca
SERVER_TRAFFIC_SECRET_0 4310d2cf9644034b933d6e0d826b22005f951cbf7adefa80c5976a625237057f 15e02ab289fa69535cc4d2a54bd627d8604f8b4eb1699714a01734e41d03489c
CLIENT_HANDSHAKE_TRAFFIC_SECRET 6918cbd9ba90ec69165cfc0cd8ecfb8b6403f21fff93ae1351201ce29aa0d1f4 b52491009da524b82245c294b777cdf3dedd303284887ace24b3a9e87e3c3376
SERVER_HANDSHAKE_TRAFFIC_SECRET 6918cbd9ba90ec69165cfc0cd8ecfb8b6403f21fff93ae1351201ce29aa0d1f4 510c2faf01f92826e6d2a7d4c5148db79badb43c59fc6e5f578365bd593b882f
CLIENT_TRAFFIC_SECRET_0 6918cbd9ba90ec69165cfc0cd8ecfb8b6403f21fff93ae1351201ce29aa0d1f4 9792c3b52ff6d3e224444d0d45aa7e00cff7d872265f91e0ffc2b3b51dd3b8ee
SERVER_TRAFFIC_SECRET_0 6918cbd9ba90ec69165cfc0cd8ecfb8b6403f21fff93ae1351201ce29aa0d1f4 fde5911661c3ef430360511cc36e94ed2038afc977f01e86db8f26d64e12eab8
CLIENT_HANDSHAKE_TRAFFIC_SECRET 679d85dec33c3b29926f90004beb7ec92474ff810842baefdb09f35f479bf2ce dff26eccbc371f3b3eeb20e8c93ffeb4d8e77ca6ecb8bd946de9c710e3d9e9f0
SERVER_HANDSHAKE_TRAFFIC_SECRET 679d85dec33c3b29926f90004beb7ec92474ff810842baefdb09f35f479bf2ce 4805ed61742f14b531bf2882b24136be2b43871d9eb0f4196c9445fdac84d340
CLIENT_TRAFFIC_SECRET_0 679d85dec33c3b29926f90004beb7ec92474ff810842baefdb09f35f479bf2ce 3c21e1fd2df805929e6c8c7630ac9a18a7cdd08761499c31633f86170c25a441
SERVER_TRAFFIC_SECRET_0 679d85dec33c3b29926f90004beb7ec92474ff810842baefdb09f35f479bf2ce 9d32bdf070810bbe1a12bc249045141f901ee4264947e4deed7b93c845731aa9
CLIENT_HANDSHAKE_TRAFFIC_SECRET 45245d2bd28ffc2e5b00b6de2e6baf842a1dddcfb97207e81a6192cf626937e5 c7b23fac331a141578ebc510e103010c4107ecd9a81e05f8521adb8a43b54ef5
SERVER_HANDSHAKE_TRAFFIC_SECRET 45245d2bd28ffc2e5b00b6de2e6baf842a1dddcfb97207e81a6192cf626937e5 e9395c4a6a6f92d27ff1afbada97e454a2d4a5493934c94f82dafd5c2c0db135
CLIENT_TRAFFIC_SECRET_0 45245d2bd28ffc2e5b00b6de2e6baf842a1dddcfb97207e81a6192cf626937e5 2de7d57eabbff92e0220ef9e2d038bf6570f9526dd7e619e1121f62a4feaa01b
SERVER_TRAFFIC_SECRET_0 45245d2bd28ffc2e5b00b6de2e6baf842a1dddcfb97207e81a6192cf626937e5 47f0681e73198eaa5c55e9290398300217de9dce4265cb2ba10522c76576ff60
CLIENT_HANDSHAKE_TRAFFIC_SECRET 565afcb56e3015d59ee8832f9cbcc20a6e6d75973554f3a48fa2f390c4108a56 decf69120ab9b28f904fb336eb802ed8ddddfb82724e734067898b21d1ebd8ad
SERVER_HANDSHAKE_TRAFFIC_SECRET 565afcb56e3015d59ee8832f9cbcc20a6e6d75973554f3a48fa2f390c4108a56 c8aece2cca812f98e3be0855c02422ed8a3f0f067f6cf74a49e262b50ec93015
CLIENT_TRAFFIC_SECRET_0 565afcb56e3015d59ee8832f9cbcc20a6e6d75973554f3a48fa2f390c4108a56 bb7ebd26da0ca955543e928e6cd51f38802cb4fa56b1733e5f2888bc6106b32d
SERVER_TRAFFIC_SECRET_0 565afcb56e3015d59ee8832f9cbcc20a6e6d75973554f3a48fa2f390c4108a56 d293bee1a9164f605580e2c8777c8f889fe9d704fd37b00895ac41da16532057
CLIENT_HANDSHAKE_TRAFFIC_SECRET 021bc4df104f9c79a395e5955f0d1a94a2c3511a5b3f7f7c6b7cc478b16dce01 6659956e376c562c44fe7c790add2b32506c8a723c686b0e9a074b73a97c537f
SERVER_HANDSHAKE_TRAFFIC_SECRET 021bc4df104f9c79a395e5955f0d1a94a2c3511a5b3f7f7c6b7cc478b16dce01 8035261782ed3638f23fd26911c27a9d4016dcf0490d3a2b46ea39e360d6c400
CLIENT_TRAFFIC_SECRET_0 021bc4df104f9c79a395e5955f0d1a94a2c3511a5b3f7f7c6b7cc478b16dce01 cdc70b07b0b0e90a5075a8fc594600412288144d6e9285cd6cc743f04e6a4ccc
SERVER_TRAFFIC_SECRET_0 021bc4df104f9c79a395e5955f0d1a94a2c3511a5b3f7f7c6b7cc478b16dce01 791366739b5dfea3d5467e9865513d99456e90bd40977d9828126325da78a46d
CLIENT_HANDSHAKE_TRAFFIC_SECRET 6bc2b321576255e55d725cc64735d56579040a0a8520b7b9dd91ff0a5e3ed730 072e695625cf5a23b598b8a9e4555f0fe173426d594e5f896441c760b87ae49e
SERVER_HANDSHAKE_TRAFFIC_SECRET 6bc2b321576255e55d725cc64735d56579040a0a8520b7b9dd91ff0a5e3ed730 8f86d2da203a3648e564827825b6af1a3626feaed0c8fbe2a93332aa70d5783c
CLIENT_TRAFFIC_SECRET_0 6bc2b321576255e55d725cc64735d56579040a0a8520b7b9dd91ff0a5e3ed730 e46592c2441d87ecdb85b1a911eadfbe5ac4a91bf2820f74726dbf3cf08fc90d
SERVER_TRAFFIC_SECRET_0 6bc2b321576255e55d725cc64735d56579040a0a8520b7b9dd91ff0a5e3ed730 155c51686236d6daa4eede50c9d5baea0617ca3ffeb72bfc0e284a1356e144f9
CLIENT_HANDSHAKE_TRAFFIC_SECRET 6b28bd287acbcc7201759fcc00db1d853bd9f58474019f02bdbe79f048335617 d1449adfa92d1da62bc3916d577b18870210f2bc889011fe8e6a90f2dc95c23c
SERVER_HANDSHAKE_TRAFFIC_SECRET 6b28bd287acbcc7201759fcc00db1d853bd9f58474019f02bdbe79f048335617 cf5c1c5a0145f7da5025d563c22a59082709320d6012353e44a1f22eca432761
CLIENT_TRAFFIC_SECRET_0 6b28bd287acbcc7201759fcc00db1d853bd9f58474019f02bdbe79f048335617 f4af046af27d04f753381e881b37711cb253614817fc384524c4ab2ccadb982a
SERVER_TRAFFIC_SECRET_0 6b28bd287acbcc7201759fcc00db1d853bd9f58474019f02bdbe79f048335617 d08f24e934b03ff234a3192093a7b20fcc17967161e5a1442fbb25c08edb61ad
CLIENT_HANDSHAKE_TRAFFIC_SECRET 4c52a90419c2f692d3814f2f0bc4f4f4328ed07fd1bb59f521fc4a7b0b1e7da1 312c9787c3fea238e91621f2ad47c995d7f6deb05e482236c05a518c91680748
SERVER_HANDSHAKE_TRAFFIC_SECRET 4c52a90419c2f692d3814f2f0bc4f4f4328ed07fd1bb59f521fc4a7b0b1e7da1 e0b0d9df54c60ee8ce12baa2a12c1d89b712835a12c2320b1cfb27e59e17b0ed
CLIENT_TRAFFIC_SECRET_0 4c52a90419c2f692d3814f2f0bc4f4f4328ed07fd1bb59f521fc4a7b0b1e7da1 0a65d2769d99bcb5615d7b58df11bcc50538e0e0e03cb30f82b3e3c95129ed60
SERVER_TRAFFIC_SECRET_0 4c52a90419c2f692d3814f2f0bc4f4f4328ed07fd1bb59f521fc4a7b0b1e7da1 75299b2132cc49e91f06a0b1d536fab3d6a0115a7dd93948a3a513b10bcf2a91
CLIENT_HANDSHAKE_TRAFFIC_SECRET b078394ab1a7250907888c2f055e3b166a38483321c91c475be5f28e62ffcb1e 19318550b906706c096960863901a80e083873727fe26fb41d2a67fcfae271c4
SERVER_HANDSHAKE_TRAFFIC_SECRET b078394ab1a7250907888c2f055e3b166a38483321c91c475be5f28e62ffcb1e f7b824ad3b2024cf4759c05684b0b5c4b99ac90ad5a7873f95cceaa60dbc345e
CLIENT_TRAFFIC_SECRET_0 b078394ab1a7250907888c2f055e3b166a38483321c91c475be5f28e62ffcb1e ea0ffde76428fd16c0bcc3ddb46e3a6992df72addabbb54276e6ab25a0f31c0e
SERVER_TRAFFIC_SECRET_0 b078394ab1a7250907888c2f055e3b166a38483321c91c475be5f28e62ffcb1e 235f02eecaff1567240c95933bde5515c11d398a310fc83bd0aade68cc76a158
CLIENT_HANDSHAKE_TRAFFIC_SECRET 6bfc994682463e70af3f22fa8cdde06aea96d3233a1412339923c89e0789b0c4 71fc20603133c2474524fe8b1510fc9cf6e5617ab3f293e99023a4092cd92701
SERVER_HANDSHAKE_TRAFFIC_SECRET 6bfc994682463e70af3f22fa8cdde06aea96d3233a1412339923c89e0789b0c4 4b8341b8bfc2c07d059aa4a4beed8e9348645ba7a0e2159a12a434d6bae35b87
CLIENT_TRAFFIC_SECRET_0 6bfc994682463e70af3f22fa8cdde06aea96d3233a1412339923c89e0789b0c4 00ef87d45a2c5c406617bfd19fd2d99b23bd91bf1a70c5bdc373210d961f5d8e
SERVER_TRAFFIC_SECRET_0 6bfc994682463e70af3f22fa8cdde06aea96d3233a1412339923c89e0789b0c4 d149fa405ef20a1e3fad718003020ccaf6c12eca7473c2ce086626cf82b1c461
CLIENT_HANDSHAKE_TRAFFIC_SECRET ddf3709016703e27983f0b26f08dfe77c9a4f2009f47a98e5885723409a68286 ea2c69bb67fcf44525f580e9b2222191a7b2ef995e977aa707a0969d808e25fb
SERVER_HANDSHAKE_TRAFFIC_SECRET ddf3709016703e27983f0b26f08dfe77c9a4f2009f47a98e5885723409a68286 5fe0aae1405085d0d133c8f7cea9868e46a9ef7151a1c9825f8dac0151d617d6
CLIENT_TRAFFIC_SECRET_0 ddf3709016703e27983f0b26f08dfe77c9a4f2009f47a98e5885723409a68286 831c303cb402577dcea8b98698664248c71aed49769328eee9ba982f22c144a1
SERVER_TRAFFIC_SECRET_0 ddf3709016703e27983f0b26f08dfe77c9a4f2009f47a98e5885723409a68286 44d4aee7fa5687ad00e89f2301644e22db1f63a7561b099dcb65cc462a25c249
CLIENT_HANDSHAKE_TRAFFIC_SECRET 53a5ded17e91b49a9e55ac17750e07c70ed5f66a0419d9f91138311c2ee7032e 938af55b08c721ae3c32ed10a47aa70d060fb9377e18d31682714cb9c573662e
SERVER_HANDSHAKE_TRAFFIC_SECRET 53a5ded17e91b49a9e55ac17750e07c70ed5f66a0419d9f91138311c2ee7032e d9f5ba3321cbb9a23223755e394dfa636bdc23d06c6e1e6975f7c0fb4e30b3a1
CLIENT_TRAFFIC_SECRET_0 53a5ded17e91b49a9e55ac17750e07c70ed5f66a0419d9f91138311c2ee7032e 82eb98a923b01f15d2e40a711ea9bf38a90c4a6bbebee64dc05e3997b27b726f
SERVER_TRAFFIC_SECRET_0 53a5ded17e91b49a9e55ac17750e07c70ed5f66a0419d9f91138311c2ee7032e 1b37a64f2bc117b62ddf8ba65a3db9aac4fadc7efa724eaff96e7dec4ac63b95
CLIENT_HANDSHAKE_TRAFFIC_SECRET eea33795efdd3abd129725ef9622e7f71dea15a554331de757a34baafc441fc8 4e32597b0375203d4ce8f74f1836e3c3122b8df7abb98f92d9ee275b1be1f07c
SERVER_HANDSHAKE_TRAFFIC_SECRET eea33795efdd3abd129725ef9622e7f71dea15a554331de757a34baafc441fc8 5e56a61f3b7808364fbf5928de2c25c1010f95ceb933b61b9ab667ea358cbb39
CLIENT_TRAFFIC_SECRET_0 eea33795efdd3abd129725ef9622e7f71dea15a554331de757a34baafc441fc8 eda3be8a7dba1ed5fea0004fe2f877afed24c6eb06462f51bc32c45f7cff7d3d
SERVER_TRAFFIC_SECRET_0 eea33795efdd3abd129725ef9622e7f71dea15a554331de757a34baafc441fc8 a5bacda44f4a345a949fd9744c4d931e0f8a2795f927c6aeb8205aead6f886e7
CLIENT_HANDSHAKE_TRAFFIC_SECRET 889ae3af7aea8653b929e7cca5d34e86fee1b2024866eb852ae507e13bd85f2e 5ed34c421e30e778cbbaf097714e4edbf1f6d2e75770939c37145364da73c687
SERVER_HANDSHAKE_TRAFFIC_SECRET 889ae3af7aea8653b929e7cca5d34e86fee1b2024866eb852ae507e13bd85f2e a8b9816eb019a2bc92d2b1babd74d50f7bcfac32730f27e0b91fca33168d5933
CLIENT_TRAFFIC_SECRET_0 889ae3af7aea8653b929e7cca5d34e86fee1b2024866eb852ae507e13bd85f2e 5a98b731ab7822ef1ca12189e89c23d0d0e91271b37082569fbef9d99de7906d
SERVER_TRAFFIC_SECRET_0 889ae3af7aea8653b929e7cca5d34e86fee1b2024866eb852ae507e13bd85f2e bc355ea32ad96bad1daacac531e984156c8980101bf73688b6defcafb95fbc88
CLIENT_HANDSHAKE_TRAFFIC_SECRET 8f89202930c695e79ac065dcd1643765d2abe3a03c1c779bae778ce00807cd0e d0af7017c6aefe9b0ef2dd8fac88d633ee733b8c26221af4faa4c51bbbb2c360
SERVER_HANDSHAKE_TRAFFIC_SECRET 8f89202930c695e79ac065dcd1643765d2abe3a03c1c779bae778ce00807cd0e 3e39b2cc5253607531716c7411a22fc1952ce1fba68582c4bd25890aaa47f255
CLIENT_TRAFFIC_SECRET_0 8f89202930c695e79ac065dcd1643765d2abe3a03c1c779bae778ce00807cd0e 82445a75383d4233bf5d07e18f12b63d1719a63b0ac8a04a3cbd8470f1d4c015
SERVER_TRAFFIC_SECRET_0 8f89202930c695e79ac065dcd1643765d2abe3a03c1c779bae778ce00807cd0e 0ab35cf69037b66a202ef84d9722c89db9494a3b16b2cef423b7d9fba990765a
CLIENT_HANDSHAKE_TRAFFIC_SECRET cf9a4ef9faa994d4df88da6d92116e1cadd388b077a1046bd6ad70c1150317c6 7ebc90e41b9279e8f4dbc3114838d2c844401ee4757a1377a9352b9e9a444c5e
SERVER_HANDSHAKE_TRAFFIC_SECRET cf9a4ef9faa994d4df88da6d92116e1cadd388b077a1046bd6ad70c1150317c6 1cd19bae9bd2493c73d6cb35c60c8716a12c94f26b1c838c43493e33535e8e7d
CLIENT_TRAFFIC_SECRET_0 cf9a4ef9faa994d4df88da6d92116e1cadd388b077a1046bd6ad70c1150317c6 1759938f45952e77a29a488dba8e5e4b1e0822ffb1c140585e538b0207d51a61
SERVER_TRAFFIC_SECRET_0 cf9a4ef9faa994d4df88da6d92116e1cadd388b077a1046bd6ad70c1150317c6 def31d6089073b1d80ba5d2a4f16eef680dcb8946f75d66b2b066d9da5c1d4e1
CLIENT_HANDSHAKE_TRAFFIC_SECRET cfcaa8a53a04d33d37e1c3fbe1644f544d6530ac946d92677d5b03367b9911de 2448a1bcf444cf1404793b8e0a52bae4e426db45c5730e8ea6b17aa57e9233cb
SERVER_HANDSHAKE_TRAFFIC_SECRET cfcaa8a53a04d33d37e1c3fbe1644f544d6530ac946d92677d5b03367b9911de 09c48af748ba68034d697dec32050145af116ba8b97814ae403ac544bb564be4
CLIENT_TRAFFIC_SECRET_0 cfcaa8a53a04d33d37e1c3fbe1644f544d6530ac946d92677d5b03367b9911de dbdc61c6199d6188ee5d79aa0e113e8135e2f2f14e32194d45bd58e2f9ea2dfb
SERVER_TRAFFIC_SECRET_0 cfcaa8a53a04d33d37e1c3fbe1644f544d6530ac946d92677d5b03367b9911de a25d623d8df468d08c061abac3be60e5b8cb98870a3a83b42ff4845c1289841b
CLIENT_HANDSHAKE_TRAFFIC_SECRET 8f450ec8a8f877e69326665088283f1bfb93c23a5709e6cf69eb75ee6808dc76 7b6101b14e5000a41f85107a2d6dbd269aa33d1e68e070ccea17ae8a46d11067
SERVER_HANDSHAKE_TRAFFIC_SECRET 8f450ec8a8f877e69326665088283f1bfb93c23a5709e6cf69eb75ee6808dc76 78633d7b1d9d56badd314771706828f2e9ed292e60560d4989ad319d95836ee5
CLIENT_TRAFFIC_SECRET_0 8f450ec8a8f877e69326665088283f1bfb93c23a5709e6cf69eb75ee6808dc76 f6a02f1650cb3ae620087534e6412972729c88872e835dce4605b0fc8c424cee
SERVER_TRAFFIC_SECRET_0 8f450ec8a8f877e69326665088283f1bfb93c23a5709e6cf69eb75ee6808dc76 11feabecd9b8d991a39b0d39679492a6092138402465e81f5c6e051ce32056dd
CLIENT_HANDSHAKE_TRAFFIC_SECRET e37bd66d7330438f1c231b8123c604d7e2b5f72f22c32ba01ba402e136eeac63 991ed68d678299880521751b7292a70520bb38f7cb6594b94c7c7fb9ec0b607c
SERVER_HANDSHAKE_TRAFFIC_SECRET e37bd66d7330438f1c231b8123c604d7e2b5f72f22c32ba01ba402e136eeac63 1c92ed3f35bece49645b7345986d161d9010f92b3a895afc5caf8913fa1149a7
CLIENT_TRAFFIC_SECRET_0 e37bd66d7330438f1c231b8123c604d7e2b5f72f22c32ba01ba402e136eeac63 12858ef3197bf0638e3ace8c3c84a05dd3c7237bb44fe2d9546218259a201b53
SERVER_TRAFFIC_SECRET_0 e37bd66d7330438f1c231b8123c604d7e2b5f72f22c32ba01ba402e136eeac63 7b20d387a0dcdb21ea63bd0fec282cc4a57da905f98e8e183c0ac0c62dc54c17
CLIENT_HANDSHAKE_TRAFFIC_SECRET 6b751fd96afcca2e12bf14586a0d4b0ea4010a1c8ba1eefce98fc453b51f8af1 154d864276233a4e5cd56be17e146af86c71bcc5d5bad04684a163b8d52447d1
SERVER_HANDSHAKE_TRAFFIC_SECRET 6b751fd96afcca2e12bf14586a0d4b0ea4010a1c8ba1eefce98fc453b51f8af1 b39b77ff4a942e907aba76d41971481d7f7905b9c532b5e7dae230accff13cd1
CLIENT_TRAFFIC_SECRET_0 6b751fd96afcca2e12bf14586a0d4b0ea4010a1c8ba1eefce98fc453b51f8af1 a5ddae7a547ea45f58d426d63fda11d9f01e3eb447fb287e5572735ee0620a4a
SERVER_TRAFFIC_SECRET_0 6b751fd96afcca2e12bf14586a0d4b0ea4010a1c8ba1eefce98fc453b51f8af1 685ce39e5fcdcedf1b690883c2b89da427aa1904807ef0e86e9c7bf5e5cf5a1e
CLIENT_HANDSHAKE_TRAFFIC_SECRET 83e3b505911b11ab514c740ef5c864b92af6f70c4f5a746b9999ec47cce0c020 48cbd22ef79ad0dfa5ef21268f242abc99f9a7bc8a13a90640851357cd83bbdb
SERVER_HANDSHAKE_TRAFFIC_SECRET 83e3b505911b11ab514c740ef5c864b92af6f70c4f5a746b9999ec47cce0c020 c410fb67c996c08869627fc4848413184b191dd17b378ab967b16da45a177a0e
CLIENT_TRAFFIC_SECRET_0 83e3b505911b11ab514c740ef5c864b92af6f70c4f5a746b9999ec47cce0c020 b6010faae5993b37e6becf63cdf9edf0b4c9eb186a40b899227b87f8256ae8a0
SERVER_TRAFFIC_SECRET_0 83e3b505911b11ab514c740ef5c864b92af6f70c4f5a746b9999ec47cce0c020 560f826d053285ab4285a6fc3d020253c8db65687bc87c71fafeab91b69f0323
CLIENT_HANDSHAKE_TRAFFIC_SECRET ff7ad65ddfa8eca7affec8dbe8fd12afa7f1a40bf9ab1bbc695f5b9540fe5f1f cd8d50ed8b56c422938ee754e246f05ec561dd7b5a9dff2b549f46a8772a5e10
SERVER_HANDSHAKE_TRAFFIC_SECRET ff7ad65ddfa8eca7affec8dbe8fd12afa7f1a40bf9ab1bbc695f5b9540fe5f1f 0a84a1319be25ed07b4557254fe582156d4fe87e81e002233d981f5a88e0dcf0
CLIENT_TRAFFIC_SECRET_0 ff7ad65ddfa8eca7affec8dbe8fd12afa7f1a40bf9ab1bbc695f5b9540fe5f1f 1427a7df124f260aa9d40122ede46327f9f2f1d9d78862d86fa1077bb5f85aae
SERVER_TRAFFIC_SECRET_0 ff7ad65ddfa8eca7affec8dbe8fd12afa7f1a40bf9ab1bbc695f5b9540fe5f1f 8cd42da5e0a7ad4074c8621aadbf5f1e08f766040af18c8245ad504edc0344e0
CLIENT_HANDSHAKE_TRAFFIC_SECRET a5e7d5026fdb9027f26b2c31a7165b9c4dac385cef819c795110987f51226c94 3dbc15dcc4da8481dbfd57fc475155fad123b1bff926248f8bc5d8ebdf1b5016
SERVER_HANDSHAKE_TRAFFIC_SECRET a5e7d5026fdb9027f26b2c31a7165b9c4dac385cef819c795110987f51226c94 f31f8165a08779928ee4eb16e7becef881445c649d6275257c48f73136fae812
CLIENT_TRAFFIC_SECRET_0 a5e7d5026fdb9027f26b2c31a7165b9c4dac385cef819c795110987f51226c94 3fc7bed99527b6815eed5b5dcbabf6082f75169c4826495558f4a251dedaca11
SERVER_TRAFFIC_SECRET_0 a5e7d5026fdb9027f26b2c31a7165b9c4dac385cef819c795110987f51226c94 4bbf32f34deeb2fbe4b0ac880001ee243a8aa98af5bd1373f8bf0deabe4652d0
CLIENT_HANDSHAKE_TRAFFIC_SECRET 0b8fd67a09567d72627335f70309132f110685c65d8843b1422afa3cdd1b3f2f f76579b14ef705a5f7a984ba1bbbdb24f4098c74841ae88a41a5e9c864190159
SERVER_HANDSHAKE_TRAFFIC_SECRET 0b8fd67a09567d72627335f70309132f110685c65d8843b1422afa3cdd1b3f2f 6b416174a663189b96775cd66835b6e9b21525c4b0f6759dbe4738d9d9b5e0d5
CLIENT_TRAFFIC_SECRET_0 0b8fd67a09567d72627335f70309132f110685c65d8843b1422afa3cdd1b3f2f 8d2dc6132ae0a9a34df26726393a7d0189823e36c087e45b034ea2ebd04efcd6
SERVER_TRAFFIC_SECRET_0 0b8fd67a09567d72627335f70309132f110685c65d8843b1422afa3cdd1b3f2f c1f0f03bba8de75fb1aa62c2c938e3b25552de339c0b207711694094f9ebc5bf
CLIENT_HANDSHAKE_TRAFFIC_SECRET 065f6f68bd3fac99dbf171026f1afaf6194017d4fe0fd96656347031249f1cf2 1bb726ee43cf4c0890f07c5dffc25771a4c01723a043c1b2e9415e13ecb1893a
SERVER_HANDSHAKE_TRAFFIC_SECRET 065f6f68bd3fac99dbf171026f1afaf6194017d4fe0fd96656347031249f1cf2 383093a48f565121007faee2dd1491b02704c301f9dd6e81ac0719f494c35814
CLIENT_TRAFFIC_SECRET_0 065f6f68bd3fac99dbf171026f1afaf6194017d4fe0fd96656347031249f1cf2 cd93f48c5bedf940774c567e30dfa0070acec8c2e28d6eda25aec8d7acafc46d
SERVER_TRAFFIC_SECRET_0 065f6f68bd3fac99dbf171026f1afaf6194017d4fe0fd96656347031249f1cf2 b87b405f104e199d541cd71511136c5791155a275a799de8185e1cd2f4b81989
CLIENT_HANDSHAKE_TRAFFIC_SECRET b7a4b7beb8ba1a14dec70df0f6bfb90b0604f544d17fbc03a8c613d710ca8fd6 0f037262edb344a58249c9c70374addedd58ad067b9cdf76ed82b300a24c47a5
SERVER_HANDSHAKE_TRAFFIC_SECRET b7a4b7beb8ba1a14dec70df0f6bfb90b0604f544d17fbc03a8c613d710ca8fd6 a6c4a00058b89d1e153d7de8bcc73eb65b8a8d342581804601d19d2f7d873972
CLIENT_TRAFFIC_SECRET_0 b7a4b7beb8ba1a14dec70df0f6bfb90b0604f544d17fbc03a8c613d710ca8fd6 9fae8408e2394e8803c00cc366ab3a8d3010d9799b35b55ca5136186801697dd
SERVER_TRAFFIC_SECRET_0 b7a4b7beb8ba1a14dec70df0f6bfb90b0604f544d17fbc03a8c613d710ca8fd6 85e38764456637e54f61c3b044d9cbc26f59372b260c6c1c9f7ac62a080c9211
CLIENT_HANDSHAKE_TRAFFIC_SECRET 6441d0e505d0ea5eaa01682eae367c34fad541b89b9f6ddfc96d7c93dca0cc2a f75fdfa0fa1ab9ba8b36b860e2e63d7f16162532be5d488266ac6cd32bdc9ef4
SERVER_HANDSHAKE_TRAFFIC_SECRET 6441d0e505d0ea5eaa01682eae367c34fad541b89b9f6ddfc96d7c93dca0cc2a 34c7788e41054ddbd302a2a1a59e9b92dc9bb16281525782d99aad83336c7093
CLIENT_TRAFFIC_SECRET_0 6441d0e505d0ea5eaa01682eae367c34fad541b89b9f6ddfc96d7c93dca0cc2a c25cb491f4849198e93b3320c63e481df3ddb97604ced2f7b69487965eae2eb7
SERVER_TRAFFIC_SECRET_0 6441d0e505d0ea5eaa01682eae367c34fad541b89b9f6ddfc96d7c93dca0cc2a ba07ea880670174f6465c4bae7d966f85dc79a652a318903d917e25513bee45d
CLIENT_HANDSHAKE_TRAFFIC_SECRET 883106d38951b562a0ba965ef46d8acd95e230cc081e82b13f2d1965c486a8da 456f87ab380e25d1a70b2a05e6c8f163c2e48becd178f527a44d7de673a88c5b
SERVER_HANDSHAKE_TRAFFIC_SECRET 883106d38951b562a0ba965ef46d8acd95e230cc081e82b13f2d1965c486a8da 42de47b1f0f7ff10db58303bb478390d4d6868786e5ed0dae37ab83c7a2d8a83
CLIENT_TRAFFIC_SECRET_0 883106d38951b562a0ba965ef46d8acd95e230cc081e82b13f2d1965c486a8da 94139f3cc1f13218a912cf535ef84715c214772bcbec4d0ba3b9b380d61cb325
SERVER_TRAFFIC_SECRET_0 883106d38951b562a0ba965ef46d8acd95e230cc081e82b13f2d1965c486a8da 062f26e0d428bb5c7401101c8454603995656f40cd98b7769fc394bca235d4c8
CLIENT_HANDSHAKE_TRAFFIC_SECRET 1355fc37dbacd9ed0331689634a29420a491b5cfcf7bb3fb9c9c124f12b97dbf c8c2fb61f0ffb853f24f2dbd2d965bebfb44f14ad0528d43d78ad7ea5d35272d
SERVER_HANDSHAKE_TRAFFIC_SECRET 1355fc37dbacd9ed0331689634a29420a491b5cfcf7bb3fb9c9c124f12b97dbf f971d85eec8315157ee1089491c428540eaa9cd648540f259f6b04616c8d8c19
CLIENT_TRAFFIC_SECRET_0 1355fc37dbacd9ed0331689634a29420a491b5cfcf7bb3fb9c9c124f12b97dbf d91c7a1bae558557e988ebf98a53a1d6bace6c6b1516f39d26aad6815fd5660f
SERVER_TRAFFIC_SECRET_0 1355fc37dbacd9ed0331689634a29420a491b5cfcf7bb3fb9c9c124f12b97dbf b2ad94f2e4a54f52106a15e243cb1b6dbe0ab6574ac8b636f6087818a7cb278e
CLIENT_HANDSHAKE_TRAFFIC_SECRET 99945c27799a167562096e50a8476571a3bfe14a759f5eb6ee291b80705c7500 2f803f2c6ae55de04fd05f4eeb9ff395e28d26b2ed8ff2388cd598b1301c67e0
SERVER_HANDSHAKE_TRAFFIC_SECRET 99945c27799a167562096e50a8476571a3bfe14a759f5eb6ee291b80705c7500 fd3224bf021af84ea8708b00bfb4a491dc3e7489d15f04293af9234173206bfa
CLIENT_TRAFFIC_SECRET_0 99945c27799a167562096e50a8476571a3bfe14a759f5eb6ee291b80705c7500 c18bf1fd97de1918d67fb8457583367c03b6ec1aba289ff92981ee457fe2a19d
SERVER_TRAFFIC_SECRET_0 99945c27799a167562096e50a8476571a3bfe14a759f5eb6ee291b80705c7500 c22b96465da2f773523c00de895edc57d63de418b2ac5b18319c884cc6184c45
CLIENT_HANDSHAKE_TRAFFIC_SECRET ad891f4516dbd9b68e15f101532977860b691062b4c45a3a2dcbfdb594f0124e 0c3688b1cabfa336e2fa97b1567c77f30481ff2d5639af3f52a5ce60470303fb
SERVER_HANDSHAKE_TRAFFIC_SECRET ad891f4516dbd9b68e15f101532977860b691062b4c45a3a2dcbfdb594f0124e ef919d68b698a476af49c15f4e8733ff083e32c4c794752d1d111d848a53d3c4
CLIENT_TRAFFIC_SECRET_0 ad891f4516dbd9b68e15f101532977860b691062b4c45a3a2dcbfdb594f0124e c3350e219e2941ca93dbaa830a8d87aabc098ba74d35cc3cf1dce1398e843fbf
SERVER_TRAFFIC_SECRET_0 ad891f4516dbd9b68e15f101532977860b691062b4c45a3a2dcbfdb594f0124e 8e659bb84693bd4da2933671c67254a1de267b9117bc44fe02db83bf7f8e76f6
CLIENT_HANDSHAKE_TRAFFIC_SECRET 5592acb9bbcfc8f9d53c52349da050438a04945d35367b482ddaf88ed28446dc 6493ff37561937ccfbd746967f928fce48d33f203c317fab02752aa60fa9f336
SERVER_HANDSHAKE_TRAFFIC_SECRET 5592acb9bbcfc8f9d53c52349da050438a04945d35367b482ddaf88ed28446dc be58198c590f9a39bfe60c1254f168fcf6efe9f3e097125174eeeebb1afd6028
CLIENT_TRAFFIC_SECRET_0 5592acb9bbcfc8f9d53c52349da050438a04945d35367b482ddaf88ed28446dc 955d6b79b16943d43f9d38e32ab0719c32d7b49431afc1497d4ee7053df486d7
SERVER_TRAFFIC_SECRET_0 5592acb9bbcfc8f9d53c52349da050438a04945d35367b482ddaf88ed28446dc 59447f411b555278024523917fa676edbf9e85ac5d229d1274ed69a558271a2d
CLIENT_HANDSHAKE_TRAFFIC_SECRET 4f574904d82761f6709516803ed32611f17c58f05828a5a41092798845b1826b 98319e7b4d549c7330d7924fb8c7d90f32d223f3b5ce84adc50b521980cc4bd3
SERVER_HANDSHAKE_TRAFFIC_SECRET 4f574904d82761f6709516803ed32611f17c58f05828a5a41092798845b1826b 7bb821bf62cc4df4d29eeb51c2cd684450fe60362fda171a392fa2055d850a30
CLIENT_TRAFFIC_SECRET_0 4f574904d82761f6709516803ed32611f17c58f05828a5a41092798845b1826b 9be9d02f3ed9d08e1a38a53de432e1c8075bd926f905db1848e425959af71676
SERVER_TRAFFIC_SECRET_0 4f574904d82761f6709516803ed32611f17c58f05828a5a41092798845b1826b b02d6852761f61fdb49e37a4cd6c4049d90d21f5485141ee65a4ecdbe00be9ff
CLIENT_HANDSHAKE_TRAFFIC_SECRET 4ab8cc4725820c0736eb620a3193628bd89e1f3c3d569e139c38b25ebaf527af ca99970d3f4d6fcdd4b579727de540cfb5a5f607a95729b9965f5e5ff474559c
SERVER_HANDSHAKE_TRAFFIC_SECRET 4ab8cc4725820c0736eb620a3193628bd89e1f3c3d569e139c38b25ebaf527af ea604e448172a8eacba2a9470a45e26c23d368824f8d5aa5eb551d6e4a20c998
CLIENT_TRAFFIC_SECRET_0 4ab8cc4725820c0736eb620a3193628bd89e1f3c3d569e139c38b25ebaf527af 4c7a4bd0297d2373c975ed7e9c9a7d3393c98fe7cbc221c7925125182e1a1a5e
SERVER_TRAFFIC_SECRET_0 4ab8cc4725820c0736eb620a3193628bd89e1f3c3d569e139c38b25ebaf527af 67ff9bcff3964feceeb5b3926f89eacd5d2b73f63bf14d482dbdb9f17db09ee2
CLIENT_HANDSHAKE_TRAFFIC_SECRET f0f9123de79ff72787e4744f0bf699d496a056bc8583e5fe1a7c9dbd75e8a396 fe9298aee1e2c1fe7db2db5772cf2f541eb9b0c9ecb6c08ba71d10864ded6c82
SERVER_HANDSHAKE_TRAFFIC_SECRET f0f9123de79ff72787e4744f0bf699d496a056bc8583e5fe1a7c9dbd75e8a396 2a0d8a165c3c2aad2f48849981d405ce631c53657578e1e6fe93978b2ba4a91f
CLIENT_TRAFFIC_SECRET_0 f0f9123de79ff72787e4744f0bf699d496a056bc8583e5fe1a7c9dbd75e8a396 cf4084a5b9209da1322b0f575df7527c89b6caec895964c8789387c45849b536
SERVER_TRAFFIC_SECRET_0 f0f9123de79ff72787e4744f0bf699d496a056bc8583e5fe1a7c9dbd75e8a396 86a939ca40ecfffc457ab5c3b7ee647b79dfa9a79fa8b774fbb674c694ce1da4
CLIENT_HANDSHAKE_TRAFFIC_SECRET fe1ec3c8d902780c0b2fb925f9b9b973e0d1137c136eaf86abad492d2fe28637 ff0598760532bf4cbaa3477f10fa6f8395e35f8f1e5b083bd24e6444b8e2cf35
SERVER_HANDSHAKE_TRAFFIC_SECRET fe1ec3c8d902780c0b2fb925f9b9b973e0d1137c136eaf86abad492d2fe28637 5dd73fccf20203a77629514ab8e15d3e2e9faa81772f7434ec34031c76ccabd8
CLIENT_TRAFFIC_SECRET_0 fe1ec3c8d902780c0b2fb925f9b9b973e0d1137c136eaf86abad492d2fe28637 dd9a0eb35c63d81f76861ac20cc3d1aac42de8a7e0e7ff56ff2c4aba56b0ec4d
SERVER_TRAFFIC_SECRET_0 fe1ec3c8d902780c0b2fb925f9b9b973e0d1137c136eaf86abad492d2fe28637 c16f614c9cf51d0cd568f52c562a194e299de161cc773972ea5d12750c8769e8
CLIENT_HANDSHAKE_TRAFFIC_SECRET 57195d5933daf1dbeaddc574b379e7290e24fd243e1efd9b0f3cf1c14309d8aa 1a69fa50bd2b50eee63e2bacb067cd9619cb7dca962ab92e8956a803fab1ebd5
SERVER_HANDSHAKE_TRAFFIC_SECRET 57195d5933daf1dbeaddc574b379e7290e24fd243e1efd9b0f3cf1c14309d8aa ec74b16efb84d73ad93f2dbab84b2da45fcd420ebd969c170090ad749e16c4a7
CLIENT_TRAFFIC_SECRET_0 57195d5933daf1dbeaddc574b379e7290e24fd243e1efd9b0f3cf1c14309d8aa eb00053c3a2cee3125f77589a0b5dc274afe93f19caf254b3e587d4627563f7d
SERVER_TRAFFIC_SECRET_0 57195d5933daf1dbeaddc574b379e7290e24fd243e1efd9b0f3cf1c14309d8aa 6ce33e08ea82353b40df8f441a89e4de20218dde7f91cba07883926017997a91
CLIENT_HANDSHAKE_TRAFFIC_SECRET a8589027e19ed538a9688f626f3cbcf740642f306b5b4c6377464ae412f46036 730f02c74815a03d3a678f3d6c4a28871ca609a4511e7f574e0f6183ccc74e39
SERVER_HANDSHAKE_TRAFFIC_SECRET a8589027e19ed538a9688f626f3cbcf740642f306b5b4c6377464ae412f46036 1f0db56d3620b89f839e512636a765e8b8e5a24df52b2e88323ff79cd8b35b3a
CLIENT_TRAFFIC_SECRET_0 a8589027e19ed538a9688f626f3cbcf740642f306b5b4c6377464ae412f46036 a951b283eebef89a1cb89deca0fa69bfe124a24c6c4bccf596dd3d062bfa8226
SERVER_TRAFFIC_SECRET_0 a8589027e19ed538a9688f626f3cbcf740642f306b5b4c6377464ae412f46036 e562aab4c1d0e5027182fbc01cadea117683dbe664aea85f800630a0472f7a4c
CLIENT_HANDSHAKE_TRAFFIC_SECRET 893157dd0af17a6f3e7b6257b0d0d44cfef5371686e7a164f6fe36c5eeee936b dbdeebc297b3a75072f604643ac24e87d3fcf1eaff8ae1cca61ed7a77376885a
SERVER_HANDSHAKE_TRAFFIC_SECRET 893157dd0af17a6f3e7b6257b0d0d44cfef5371686e7a164f6fe36c5eeee936b fa6766a7f20119559079238de7b276d74e0349b9543437c1cc950dfeac35fc7a
CLIENT_TRAFFIC_SECRET_0 893157dd0af17a6f3e7b6257b0d0d44cfef5371686e7a164f6fe36c5eeee936b 8de5a732f7fe8947add2712ccf9e636cab185e19c2c0dff0d539b1ec1f34fc7b
SERVER_TRAFFIC_SECRET_0 893157dd0af17a6f3e7b6257b0d0d44cfef5371686e7a164f6fe36c5eeee936b fcdbabba491e4bb34a5ef8c02e4ef48fc9dbbdface71c227a52d6db060086626
CLIENT_HANDSHAKE_TRAFFIC_SECRET 5f73815d0d4299b6b1db7da61b066a9365634dde272377c6466505c968237bc4 2d79234b8fe31aad853a86346a31bd83d20bd8a7fbf0dadb9fa85b20aae850b8
SERVER_HANDSHAKE_TRAFFIC_SECRET 5f73815d0d4299b6b1db7da61b066a9365634dde272377c6466505c968237bc4 1ef418eba483c24f9baed8b5975e516975eab6f35cc2483980779555ccdfbc3a
CLIENT_TRAFFIC_SECRET_0 5f73815d0d4299b6b1db7da61b066a9365634dde272377c6466505c968237bc4 34f3796314075f19514ec644b32c651848b4db9010c8b60ef2692807f29654c3
SERVER_TRAFFIC_SECRET_0 5f73815d0d4299b6b1db7da61b066a9365634dde272377c6466505c968237bc4 d073f09b039952667147c6798743d31dca9651a26f26ac33bd7675a68a1a3a02
CLIENT_HANDSHAKE_TRAFFIC_SECRET f5221ce437053dbbb00de7dac423ec807103e9d23a1327c477ede45575788060 95c864e276d76e0c418a26c5b92dd594268d569332c65a6503a13a55e229eacb
SERVER_HANDSHAKE_TRAFFIC_SECRET f5221ce437053dbbb00de7dac423ec807103e9d23a1327c477ede45575788060 5af3b104a53a377fc7a269fc17ce2c649874276e5a2f52fbdc5c0861ad436236
CLIENT_TRAFFIC_SECRET_0 f5221ce437053dbbb00de7dac423ec807103e9d23a1327c477ede45575788060 be61a7b0cfcd733249e948a7f69d6615136e7c78e1f4d1e337ec2229e09de676
SERVER_TRAFFIC_SECRET_0 f5221ce437053dbbb00de7dac423ec807103e9d23a1327c477ede45575788060 fb5d1385c28e8635d0886280848b9903a5ac9c99ffe721ca5f462c05a8461261
CLIENT_HANDSHAKE_TRAFFIC_SECRET 22f3a68dc74a0b80e16994e3f069672d2992ede8def33fbe33b2b00033431dab 0113d2e783bb7629add9db26d04aac906461634466e53260f2f1109e0bb7ed24
SERVER_HANDSHAKE_TRAFFIC_SECRET 22f3a68dc74a0b80e16994e3f069672d2992ede8def33fbe33b2b00033431dab f02c926ab208189b85f1c4bcae3ed31f664d9a639063726d39451c768d1bcdcb
CLIENT_TRAFFIC_SECRET_0 22f3a68dc74a0b80e16994e3f069672d2992ede8def33fbe33b2b00033431dab 41f6828b5f90fc40964ce6533e2d07b89bec311b815be39dcd358ca1d0aa315a
SERVER_TRAFFIC_SECRET_0 22f3a68dc74a0b80e16994e3f069672d2992ede8def33fbe33b2b00033431dab 8deab3b910bf3c72d1a6422da6c96929945115628b3ba61beb62b36fa86003f3
CLIENT_HANDSHAKE_TRAFFIC_SECRET b3a719ab3888e83085f93c88880ea77d171768966517be51ebe31988c78bad7f 79abb4290a15302224de57884b781314d2efec3c303f50321981f8b316569e8b
SERVER_HANDSHAKE_TRAFFIC_SECRET b3a719ab3888e83085f93c88880ea77d171768966517be51ebe31988c78bad7f 6e3a7c98fa5c1fef2f9f624248230ba3b65a10e1aaf7ff9b5a18e9db4cc5e826
CLIENT_TRAFFIC_SECRET_0 b3a719ab3888e83085f93c88880ea77d171768966517be51ebe31988c78bad7f 0ecd7bc225ab49073d110bfaf488bf0d64fd42113509413de6963d3dd22456cf
SERVER_TRAFFIC_SECRET_0 b3a719ab3888e83085f93c88880ea77d171768966517be51ebe31988c78bad7f 729ece3022b3326547d731d2e5198c8f155e3a247e25e326686730555a650282
CLIENT_HANDSHAKE_TRAFFIC_SECRET f994ce795c75ea474e5edd3560561c974060f96227de76cb19adbef95ee1d7fe 47186045b8e2ee8a201263d05f8b5eab6c80d0655fd5445eda9994d9c3764dc4
SERVER_HANDSHAKE_TRAFFIC_SECRET f994ce795c75ea474e5edd3560561c974060f96227de76cb19adbef95ee1d7fe 2265c433500d81f99185e56e4e2504258096af8143cdcc968be51e9913378040
CLIENT_TRAFFIC_SECRET_0 f994ce795c75ea474e5edd3560561c974060f96227de76cb19adbef95ee1d7fe 2fa59839f34756668302d18238f7b19688ae5c361dc2bc90b1f30c01b5b4b153
SERVER_TRAFFIC_SECRET_0 f994ce795c75ea474e5edd3560561c974060f96227de76cb19adbef95ee1d7fe 6b0994d9055a40b98ddafdd54a87a426f933fd342183941a3b1d8fb32ed05081
CLIENT_HANDSHAKE_TRAFFIC_SECRET 23cdc8ce2b5858f7c1b899e3149c078634f08e362f6fd61800ae8a8a427b29e1 a3d58d08060ced339d43df070b27cb3748407ae1d16a339459cd9d2f03715c58
SERVER_HANDSHAKE_TRAFFIC_SECRET 23cdc8ce2b5858f7c1b899e3149c078634f08e362f6fd61800ae8a8a427b29e1 543b72eece337d0f21ce2065a8a0989332a5666bc2d83dd6d67e2cd8526d7980
CLIENT_TRAFFIC_SECRET_0 23cdc8ce2b5858f7c1b899e3149c078634f08e362f6fd61800ae8a8a427b29e1 a35f23160af3d81f0f1f3807f1cbc5d7aef4274430fbd0567aa7ded33616f925
SERVER_TRAFFIC_SECRET_0 23cdc8ce2b5858f7c1b899e3149c078634f08e362f6fd61800ae8a8a427b29e1 b2d6c9b0d5cdb37ba25af994c4a4e862b34a14f53f146e7bd43aa71c4dfe240e
CLIENT_HANDSHAKE_TRAFFIC_SECRET c99f1ecfd02e19bc5b98ac45fd199fdd32865a20d618e2e0e0a5cfdfa513b653 07c44a698e74aad167695d83dfb24f4973ca564732864bc80fd7a2bb673d92dc
SERVER_HANDSHAKE_TRAFFIC_SECRET c99f1ecfd02e19bc5b98ac45fd199fdd32865a20d618e2e0e0a5cfdfa513b653 7a6967d9983c3234713665db3ff0f92c04e5e1985992cd9643b2d3096ee55e49
CLIENT_TRAFFIC_SECRET_0 c99f1ecfd02e19bc5b98ac45fd199fdd32865a20d618e2e0e0a5cfdfa513b653 3475ec048a0b0c1a5b64262de68f9a2e0517f0a48820cc8dc7b16ae727e60793
SERVER_TRAFFIC_SECRET_0 c99f1ecfd02e19bc5b98ac45fd199fdd32865a20d618e2e0e0a5cfdfa513b653 bec263004494e4cab47b6851660c49c63d893c19a9d8c0aeda54e1d2fb0415d2
CLIENT_HANDSHAKE_TRAFFIC_SECRET b5d1c2cbe0081d31de8fa97dc0df817dd437dc6aeb6683bba537faa792466c32 957a1997d476d144fdc4ef25fc58fd52eb596ef1c8835466c372d6b7cc0cba4a
SERVER_HANDSHAKE_TRAFFIC_SECRET b5d1c2cbe0081d31de8fa97dc0df817dd437dc6aeb6683bba537faa792466c32 f99e7ecd13eaf23fe7a7b8c1f75d9331915078743b2a3bbb0e7981864f276937
CLIENT_TRAFFIC_SECRET_0 b5d1c2cbe0081d31de8fa97dc0df817dd437dc6aeb6683bba537faa792466c32 a49181498cd13b4d73886f031ca34b7f5c8b723f526956ce52e385710d840b8f
SERVER_TRAFFIC_SECRET_0 b5d1c2cbe0081d31de8fa97dc0df817dd437dc6aeb6683bba537faa792466c32 8dabc94103dd5aed219828bb40a0fc95d4031a8ca42b268e87e5a90b39e615e2
CLIENT_HANDSHAKE_TRAFFIC_SECRET b0e6736c643659ece12a10d1c803daca8655a8b95f508f0484cf19e7847921da 35ce84c24c47bb665f84f0dee9ec50ef71080400c3cc2c22888451e2dde97af5
SERVER_HANDSHAKE_TRAFFIC_SECRET b0e6736c643659ece12a10d1c803daca8655a8b95f508f0484cf19e7847921da b663bf3f38de94735fedefa3dfa6db18cd2e71cee72acdca8156d20a8b269587
CLIENT_TRAFFIC_SECRET_0 b0e6736c643659ece12a10d1c803daca8655a8b95f508f0484cf19e7847921da 246af2a5cfc4bf6b7d7ba3d89be63ca35fd35578ccf805771cd673d2aa01e364
SERVER_TRAFFIC_SECRET_0 b0e6736c643659ece12a10d1c803daca8655a8b95f508f0484cf19e7847921da bea8ec58f6d0d6038fc13e63986c6479aa089eacddc25c59b0670f5d8f19e860
CLIENT_HANDSHAKE_TRAFFIC_SECRET fbf9a072ecb3c36928d69d888d59ddae96c242126969a66c4b89aa8823ac23a1 5603b093f8afbf6e547255eacc56024e34dd20ff606e1104d87a0ee253687dff
SERVER_HANDSHAKE_TRAFFIC_SECRET fbf9a072ecb3c36928d69d888d59ddae96c242126969a66c4b89aa8823ac23a1 60902d144046554aa3bedb25396bc2df8975c498e12b2f3859450f80672ebaea
CLIENT_TRAFFIC_SECRET_0 fbf9a072ecb3c36928d69d888d59ddae96c242126969a66c4b89aa8823ac23a1 2d7e547c6625d68e50e5857bd85746ec4f72a031277a123db263b47620607a94
SERVER_TRAFFIC_SECRET_0 fbf9a072ecb3c36928d69d888d59ddae96c242126969a66c4b89aa8823ac23a1 eab475844b3b0149e717b48f73a06e0544aa29f88a5c03b13609699500ee7577
CLIENT_HANDSHAKE_TRAFFIC_SECRET 858b3b1757e63e3825b67264a2aafe22b962e8a965d62030e33ea1ee1620928f 0b6fa35e44893bd65342c12ebc980b6956644a74e1ef02b463d85328581b1e3b
SERVER_HANDSHAKE_TRAFFIC_SECRET 858b3b1757e63e3825b67264a2aafe22b962e8a965d62030e33ea1ee1620928f 5475b781e73810e4b6edd278f1dab3abd72c8b68d4d2af4cff6d044956bedf42
CLIENT_TRAFFIC_SECRET_0 858b3b1757e63e3825b67264a2aafe22b962e8a965d62030e33ea1ee1620928f a40ff074f8b09f0dd6922fb22635e824fbdd05249c274cca8386a52980031cff
SERVER_TRAFFIC_SECRET_0 858b3b1757e63e3825b67264a2aafe22b962e8a965d62030e33ea1ee1620928f 62fc364715909b3d28d3b5338b94cfcc9f99343d29d95020d0b0791530403a5a
CLIENT_HANDSHAKE_TRAFFIC_SECRET 37e9a1cb9bb69b7158028974fe673ea39293e27c7b5813640dc2aecfc6171059 f9c2c9571020fbd27e5b6c7094f0af3e59fe2425913b0d22c80d6ad4f7e1c849
SERVER_HANDSHAKE_TRAFFIC_SECRET 37e9a1cb9bb69b7158028974fe673ea39293e27c7b5813640dc2aecfc6171059 2532dd27e930d8f83596a02b9088b08b86d70faa29fdceffe82c4dd34947bcdb
CLIENT_TRAFFIC_SECRET_0 37e9a1cb9bb69b7158028974fe673ea39293e27c7b5813640dc2aecfc6171059 7cd7083977a512415aa4a9d6e6bc3bcb3ea8cb7792707f42922ffc236b5fac6b
SERVER_TRAFFIC_SECRET_0 37e9a1cb9bb69b7158028974fe673ea39293e27c7b5813640dc2aecfc6171059 e4893852ff88dc56c41819ca38514564db9d2074fb96726c08df97a9ec3aeddd
CLIENT_HANDSHAKE_TRAFFIC_SECRET f420d89ea42b7a79d7cd267ad7b581c4a1cdeeb3bb01e2e060fae2d653c428b6 5db5e6297857069f3be692d38ca8bec32fe1f0376e365576d70d6b2482eb2bd5
SERVER_HANDSHAKE_TRAFFIC_SECRET f420d89ea42b7a79d7cd267ad7b581c4a1cdeeb3bb01e2e060fae2d653c428b6 55573c639c259eff26a00cdd3eab2774baf57ce6a40ff3b0cfc193a841a23202
CLIENT_TRAFFIC_SECRET_0 f420d89ea42b7a79d7cd267ad7b581c4a1cdeeb3bb01e2e060fae2d653c428b6 c8ffb73e69ccc26e0b3b4bf228aaad85ad74327a9bb219939e090039856637ef
SERVER_TRAFFIC_SECRET_0 f420d89ea42b7a79d7cd267ad7b581c4a1cdeeb3bb01e2e060fae2d653c428b6 3411778d9867b067d55dbcf7da347186fbab27ecaff201fcd49b637490fa751d
CLIENT_HANDSHAKE_TRAFFIC_SECRET 0192ad4e1ad322b698af845a097863688fc1bdaa349e8a9ce3956766c72ad850 441d55e83283cc52f784635f8c5c4a6775585cdd874c0eb1d4ed8740b6621c0f
SERVER_HANDSHAKE_TRAFFIC_SECRET 0192ad4e1ad322b698af845a097863688fc1bdaa349e8a9ce3956766c72ad850 6d635ba59ab205e1ccfac6db22ad20ff608ec4e1bd609aa287116dcf5a8401a2
CLIENT_TRAFFIC_SECRET_0 0192ad4e1ad322b698af845a097863688fc1bdaa349e8a9ce3956766c72ad850 656eae6cf6cb81a94744a8e0987baa7f99ea5105ebde29e78bd312f5ddd43a01
SERVER_TRAFFIC_SECRET_0 0192ad4e1ad322b698af845a097863688fc1bdaa349e8a9ce3956766c72ad850 ca9f8accf49c714536f69d78412d1c0e4940daeed0aa2f04409bd69c1b06b3e0
CLIENT_HANDSHAKE_TRAFFIC_SECRET 9567a06a87ba9c2e6d1f10d63f80547a49639f4dfbff5ee0323eeb621de84eb3 cf2cb66daf5777f604f7419e2024057ebc42a6163e7bbe73c8def6e6ba8fbe73
SERVER_HANDSHAKE_TRAFFIC_SECRET 9567a06a87ba9c2e6d1f10d63f80547a49639f4dfbff5ee0323eeb621de84eb3 2b1393234c422f2f1058bf5adce7e147a0ceb4ba0e1c22bf3231c0caaa276200
CLIENT_TRAFFIC_SECRET_0 9567a06a87ba9c2e6d1f10d63f80547a49639f4dfbff5ee0323eeb621de84eb3 efd2d3087d9c20b4f16224912c6ecc4807573baeb84768083f3c6329d0ea3748
SERVER_TRAFFIC_SECRET_0 9567a06a87ba9c2e6d1f10d63f80547a49639f4dfbff5ee0323eeb621de84eb3 449fed7ae025f744d698a655fbf499cd127732da50c36d21d82a4cbe945f4118
CLIENT_HANDSHAKE_TRAFFIC_SECRET 24a486bfc52b4fd8b69a9ea5e3da3cc9a4b42b192757e1a3c351c137baa07744 82171c04f493d4e93477f179fe368159b00d734a89a2c4282495dd045e6d2936
SERVER_HANDSHAKE_TRAFFIC_SECRET 24a486bfc52b4fd8b69a9ea5e3da3cc9a4b42b192757e1a3c351c137baa07744 05adc7cf8300e19c999762a54054ca40c1d022e3b2244fb226c1a4fe2438ac3e
CLIENT_TRAFFIC_SECRET_0 24a486bfc52b4fd8b69a9ea5e3da3cc9a4b42b192757e1a3c351c137baa07744 b9e56190997fd3e800552be2748085a04f7f6c84aca3accaf00611418a838d70
SERVER_TRAFFIC_SECRET_0 24a486bfc52b4fd8b69a9ea5e3da3cc9a4b42b192757e1a3c351c137baa07744 d8a0a6ac0de20f305e9fb0d4a8b3e4e2ecea6b0b560770f4c679c6215d532271
CLIENT_HANDSHAKE_TRAFFIC_SECRET 48dafd56d7e9eef79c9d1a02e3cf56f523ae5fd4e515d5a57c2cd048053e8f5f 358df718768f79a70b80d069f8cd94aa41456fb85e7262ca13e528858cf29427
SERVER_HANDSHAKE_TRAFFIC_SECRET 48dafd56d7e9eef79c9d1a02e3cf56f523ae5fd4e515d5a57c2cd048053e8f5f 4644acd87d056969701e28a2c5dce4f5dbd3c16f81f4a8c65d945911dea7de19
CLIENT_TRAFFIC_SECRET_0 48dafd56d7e9eef79c9d1a02e3cf56f523ae5fd4e515d5a57c2cd048053e8f5f f544feb960ce846b454c032dd41736d3ef1022bd62d8aa35fb3f8d3849b15d98
SERVER_TRAFFIC_SECRET_0 48dafd56d7e9eef79c9d1a02e3cf56f523ae5fd4e515d5a57c2cd048053e8f5f 9b4e9790096afc4cf0f4ada77ffe432e94b812cbbdad224f52f6584db0f8e150
CLIENT_HANDSHAKE_TRAFFIC_SECRET d1d071207bfd153100d0c5594e6be63eee27f7b242f69e23896504f357a8bc53 b684f4d1f7bc264ffa29254a7a1c853802e053fea8f4b4809f00796da19d0ce4
SERVER_HANDSHAKE_TRAFFIC_SECRET d1d071207bfd153100d0c5594e6be63eee27f7b242f69e23896504f357a8bc53 fef18f6f5dde3b5dea6defc9b6f691585e5bbac67452dc54526e52fab47c6100
CLIENT_TRAFFIC_SECRET_0 d1d071207bfd153100d0c5594e6be63eee27f7b242f69e23896504f357a8bc53 064c561fa9a22f45e12a4c75fa533e9e35ee7e8b108090ed16fadd6cdbe03355
SERVER_TRAFFIC_SECRET_0 d1d071207bfd153100d0c5594e6be63eee27f7b242f69e23896504f357a8bc53 edfcf7d16b0856fcc437e10ea5ddfdee69f50ee3896c49b7fdb6f6dafd011790
CLIENT_HANDSHAKE_TRAFFIC_SECRET 2db0170de88262fc01919dc21c4cdd7f01031f591aafdf97d50c9c10d3ba8aa9 e871bb3ad31a979ccba3ab84ae07d4e1e903a336faa19501ef6e549fda7c2ea3
SERVER_HANDSHAKE_TRAFFIC_SECRET 2db0170de88262fc01919dc21c4cdd7f01031f591aafdf97d50c9c10d3ba8aa9 269e5d384337409c58b079e9f7615ef543c831eab76779c75c59b8972d1446df
CLIENT_TRAFFIC_SECRET_0 2db0170de88262fc01919dc21c4cdd7f01031f591aafdf97d50c9c10d3ba8aa9 0eeca31e2aa8bbdc66e32807942536a92fc510979912427a39fe043ed62b3c10
SERVER_TRAFFIC_SECRET_0 2db0170de88262fc01919dc21c4cdd7f01031f591aafdf97d50c9c10d3ba8aa9 86e93b17e0634ae0c86513c9c288d0a5dba9e12f627838aeb59e76817eb313ef
CLIENT_HANDSHAKE_TRAFFIC_SECRET 4608b71e3d3c4e6e2e84e29a185a8dfa3aa834b576a345e2d4421fe228ce5bdf 4988296eec93b86181bba8cd27b8bb0443c5692d97fd40eb631e058fc338d635
SERVER_HANDSHAKE_TRAFFIC_SECRET 4608b71e3d3c4e6e2e84e29a185a8dfa3aa834b576a345e2d4421fe228ce5bdf 9bba79bd189392efa53144323defb25389657644eabc4ef93ef56ff88fe7a38c
CLIENT_TRAFFIC_SECRET_0 4608b71e3d3c4e6e2e84e29a185a8dfa3aa834b576a345e2d4421fe228ce5bdf 3d6556cf80f2e2e108643c54240824b1c3f710965500e7fa8aabaa7b644a9a2c
SERVER_TRAFFIC_SECRET_0 4608b71e3d3c4e6e2e84e29a185a8dfa3aa834b576a345e2d4421fe228ce5bdf 11294eeb2e44d35996294fce22f5c359b6bc9215f08548d9bb25f002b43f82a6
CLIENT_HANDSHAKE_TRAFFIC_SECRET 88309dd4fc17c9f2df4ebd3de2c653f0b4bd0b12108d75f40f2c7b1f3386ad2a 88098c9a6f0cc55a305021aae53ce2a6318fc112fdb480ad6e7cd531964d417c
SERVER_HANDSHAKE_TRAFFIC_SECRET 88309dd4fc17c9f2df4ebd3de2c653f0b4bd0b12108d75f40f2c7b1f3386ad2a 90bf0b9c292f333b29cc6fa1ce76cdc7bf7d277d59752caf9c4ad21fad67c09c
CLIENT_TRAFFIC_SECRET_0 88309dd4fc17c9f2df4ebd3de2c653f0b4bd0b12108d75f40f2c7b1f3386ad2a 5f19e1a5b2e25489c3b88e156dfe02bcbf14238c9d956b0b584c2761ec7f530b
SERVER_TRAFFIC_SECRET_0 88309dd4fc17c9f2df4ebd3de2c653f0b4bd0b12108d75f40f2c7b1f3386ad2a 4b489bd895616604fd91fad54df5e9d8a7809f0a71cddc5eb7255a49de15977a
CLIENT_HANDSHAKE_TRAFFIC_SECRET cca9ffbbade0f8021dbeddb52ca8c7d8eb07af7e7ba0c0d91b59428cd0c6e1a6 2025b12c47f72a19904e82976cd76fa056238c8d288dc8415f76bcaea12bcaf0
SERVER_HANDSHAKE_TRAFFIC_SECRET cca9ffbbade0f8021dbeddb52ca8c7d8eb07af7e7ba0c0d91b59428cd0c6e1a6 fd5db29da3471b2297bb13cb57c89b499c784d1bd1dc1efe21b75256a9caec30
CLIENT_TRAFFIC_SECRET_0 cca9ffbbade0f8021dbeddb52ca8c7d8eb07af7e7ba0c0d91b59428cd0c6e1a6 895ad55c8d9b1792edac3f99260940731d8f032cc9833bea452be7be2d37a7bc
SERVER_TRAFFIC_SECRET_0 cca9ffbbade0f8021dbeddb52ca8c7d8eb07af7e7ba0c0d91b59428cd0c6e1a6 f9e6d1824179403bbeffb43db3687b78a8b82c853a7a715eb8edb52652cd0f4e
CLIENT_HANDSHAKE_TRAFFIC_SECRET f99645663f48d7322cf5e9055f117a288fd3f727fc1bb5726bf258122864b2d1 66b967891143bdb461e1224f42737d165a972513fc4b786670e384de6373b231
SERVER_HANDSHAKE_TRAFFIC_SECRET f99645663f48d7322cf5e9055f117a288fd3f727fc1bb5726bf258122864b2d1 b3cdd638205d47db5ea5c5c19273119f9acc0885117cd8a55796debe1274c981
CLIENT_TRAFFIC_SECRET_0 f99645663f48d7322cf5e9055f117a288fd3f727fc1bb5726bf258122864b2d1 eedf243b1e607c05cc0076822d1823f7c3fcad3b54eb02a47e43088633f91f12
SERVER_TRAFFIC_SECRET_0 f99645663f48d7322cf5e9055f117a288fd3f727fc1bb5726bf258122864b2d1 211a4acb95fc08e6ab1669ba20651b092b9d70630b13d9f171f2a43c4ac69c54
CLIENT_HANDSHAKE_TRAFFIC_SECRET 399e58f38a6b9295772ebeea693d3e03e17646adb31cf19308ce843ad0c6dee3 880aef6daa944842b683190f94f19acbcf6f9d09b124854da46194da6f39092c
SERVER_HANDSHAKE_TRAFFIC_SECRET 399e58f38a6b9295772ebeea693d3e03e17646adb31cf19308ce843ad0c6dee3 6dbd386e16c11fa3228244fc91e53fc4c441793ed3be764a2494289561408c97
CLIENT_TRAFFIC_SECRET_0 399e58f38a6b9295772ebeea693d3e03e17646adb31cf19308ce843ad0c6dee3 959483dffcf71e76f74c33834eb24bac06c2e2b51f47b5e50514b06da66a455a
SERVER_TRAFFIC_SECRET_0 399e58f38a6b9295772ebeea693d3e03e17646adb31cf19308ce843ad0c6dee3 0e9881fa33a03c9abf2c638eeaf0dbe8f250265b8663a7f1065a2adbce19742c
CLIENT_HANDSHAKE_TRAFFIC_SECRET d46ac530ed4ebb34d2ee14f472aeac5d65066fda6e901b29d1a7898f8215a921 3c709176657167c76ba846024d0de5e158e10cd1b607aa96c604669c3ac61acc
SERVER_HANDSHAKE_TRAFFIC_SECRET d46ac530ed4ebb34d2ee14f472aeac5d65066fda6e901b29d1a7898f8215a921 1d44b6bde65e08399bea8ab9a9c582bf167137df91d9b84b7c1e4d839a05d560
CLIENT_TRAFFIC_SECRET_0 d46ac530ed4ebb34d2ee14f472aeac5d65066fda6e901b29d1a7898f8215a921 4da3dd8303ac8c6fa3e1172be3ee25afaef648ef928ce441df3dab926da0c4a7
SERVER_TRAFFIC_SECRET_0 d46ac530ed4ebb34d2ee14f472aeac5d65066fda6e901b29d1a7898f8215a921 219f98ff5f5fe3630ef1548facc0e2ea83bd6f8a4e85d3a582702c7384d61975
CLIENT_HANDSHAKE_TRAFFIC_SECRET 6fb69a7cd4d256d9ddd19faa6bef128d3030508b6a7e578a0f40a940d5d67ad7 7919b8ca8966e35e43172e5e38784d640402a4e19a23c578fbc90813b724290a
SERVER_HANDSHAKE_TRAFFIC_SECRET 6fb69a7cd4d256d9ddd19faa6bef128d3030508b6a7e578a0f40a940d5d67ad7 b1d2c4fa4bd814152b1b158892aae184b3508b446ca262779ca4893eb0c109f8
CLIENT_TRAFFIC_SECRET_0 6fb69a7cd4d256d9ddd19faa6bef128d3030508b6a7e578a0f40a940d5d67ad7 c51b95996a6d68d18b3aa4c085a5328c29aca06a099d61c59356ecef7c2e8ca8
SERVER_TRAFFIC_SECRET_0 6fb69a7cd4d256d9ddd19faa6bef128d3030508b6a7e578a0f40a940d5d67ad7 d73f5b99dcec9fbb3afea4b381122af9fffb5f235554b4acfccc079b94f71268
CLIENT_HANDSHAKE_TRAFFIC_SECRET 18b094e92244b353ffbca55664a56bbef3cec19537e86449a663fdaaeecf385e 350236bd3a830d63f1fab0d35bf19189a5663fd10220cf28b4170aa58964c6fc
SERVER_HANDSHAKE_TRAFFIC_SECRET 18b094e92244b353ffbca55664a56bbef3cec19537e86449a663fdaaeecf385e 4770ca803b75ca74712e58c02010b990ffca3f8c5965103230ceeeba957181dc
CLIENT_TRAFFIC_SECRET_0 18b094e92244b353ffbca55664a56bbef3cec19537e86449a663fdaaeecf385e d30bae698c169c365d8165e3f50f9020d80e88ad2d4d951541c92dd9ca64148c
SERVER_TRAFFIC_SECRET_0 18b094e92244b353ffbca55664a56bbef3cec19537e86449a663fdaaeecf385e 83347e1a090f005d395285e2d82abb12a156c1453468b03372ff3f6c09d90e72
CLIENT_HANDSHAKE_TRAFFIC_SECRET b6e08a7732c1584335d56a211b870e92c116f0e1dbba39d88ad01fdedda9bd6f 036da5c2f7030ad0458f8cc85c00e00085038fa21cca508dc6ef0050789f7336
SERVER_HANDSHAKE_TRAFFIC_SECRET b6e08a7732c1584335d56a211b870e92c116f0e1dbba39d88ad01fdedda9bd6f 4e66fe4f50e29f8cd34f6137b6aa763236bf602e9ab03b00871dd4f2c016934e
CLIENT_TRAFFIC_SECRET_0 b6e08a7732c1584335d56a211b870e92c116f0e1dbba39d88ad01fdedda9bd6f 765cb84f29e95aa4d80f3439457be4176e9bbc921045d02c1c5dbd32b14e7e54
SERVER_TRAFFIC_SECRET_0 b6e08a7732c1584335d56a211b870e92c116f0e1dbba39d88ad01fdedda9bd6f dcfd93d9ed07073e219ce104a74d6230ca8efd32f5ebef2e6065a714e1043e15
CLIENT_HANDSHAKE_TRAFFIC_SECRET e055339ff83295f1a6bc6c5f647445a8234a8bee6cb3cc18c8fd9bf318388279 eb2b1cc808008c559e65706436770d49b24c8d9b13974e59591326b53dbd3ee9
SERVER_HANDSHAKE_TRAFFIC_SECRET e055339ff83295f1a6bc6c5f647445a8234a8bee6cb3cc18c8fd9bf318388279 758479cc35bcbd7a730a1cc8d28b44a395c559764dafe5d6366916fd81cce42b
CLIENT_TRAFFIC_SECRET_0 e055339ff83295f1a6bc6c5f647445a8234a8bee6cb3cc18c8fd9bf318388279 59450ce76f20c5e347da3bac3a6b5e9441f9ae8ca16ccd63defba27fe37ea9c2
SERVER_TRAFFIC_SECRET_0 e055339ff83295f1a6bc6c5f647445a8234a8bee6cb3cc18c8fd9bf318388279 e505560f06d576d225c4da050478fd944695b7c9bb370f3a0ebcdb1e6f8903b4
CLIENT_HANDSHAKE_TRAFFIC_SECRET 5b2bdf4e4093fb1f35bdc963d11eaa9ad9e7e1ecf20f3e75870413cf1fdbefc0 a71ef0e89c58bbc939380f30d1bc3fd988fac3852af938858bf38cab9d4e71a6
SERVER_HANDSHAKE_TRAFFIC_SECRET 5b2bdf4e4093fb1f35bdc963d11eaa9ad9e7e1ecf20f3e75870413cf1fdbefc0 98486e00194ad6093a3042e04e11566c680ba3e57bc4642ee829731adc3ad76e
CLIENT_TRAFFIC_SECRET_0 5b2bdf4e4093fb1f35bdc963d11eaa9ad9e7e1ecf20f3e75870413cf1fdbefc0 631920a3f37823022332dbca61fdc6886d5eff52185984c5b82f1b5e92a698e6
SERVER_TRAFFIC_SECRET_0 5b2bdf4e4093fb1f35bdc963d11eaa9ad9e7e1ecf20f3e75870413cf1fdbefc0 4ebc762c866bc0c0ee9d94d18a53e00d7adac26c1c76aab87d6c0593b06fdfa5
CLIENT_HANDSHAKE_TRAFFIC_SECRET 73a503feb8c42f8fb2364b7dd1a4e63e9562774d5dcd8823055bdef645950558 dbdf25dc4a7774802cd343a7e1828537656ecde79fd16b6ed04a9adf36ee2184
SERVER_HANDSHAKE_TRAFFIC_SECRET 73a503feb8c42f8fb2364b7dd1a4e63e9562774d5dcd8823055bdef645950558 456797ae125f2f8e1b5333d8a72bbc765a02ad51fd95b1f2fc49a25bc1e3dbfa
CLIENT_TRAFFIC_SECRET_0 73a503feb8c42f8fb2364b7dd1a4e63e9562774d5dcd8823055bdef645950558 c44beee39f42b8b97e3806f531bcbf66e19fbdadb6cb174078432f97d19145ad
SERVER_TRAFFIC_SECRET_0 73a503feb8c42f8fb2364b7dd1a4e63e9562774d5dcd8823055bdef645950558 46db5ef41540acc84a0f15e84850239faa6ff25d9a403d090e6217623ecfcfac
CLIENT_HANDSHAKE_TRAFFIC_SECRET 0cf381b12998ee4aea7a8d8b391f785041a4f71f8cd1922bf7e18ffbd68f8c20 4b7524a9d7f9cf716e90cf3491ec0efc29baf84d77c522616827bae0fc1ef38f
SERVER_HANDSHAKE_TRAFFIC_SECRET 0cf381b12998ee4aea7a8d8b391f785041a4f71f8cd1922bf7e18ffbd68f8c20 603fda11a85696ebed2ed5f42019504716934e5146cdb965d4886f1577d3d7e0
CLIENT_TRAFFIC_SECRET_0 0cf381b12998ee4aea7a8d8b391f785041a4f71f8cd1922bf7e18ffbd68f8c20 f785b8fcba35c2ba877d7852a0cf8181ab1ddf9f302e2e3279c10cdedb9a7464
SERVER_TRAFFIC_SECRET_0 0cf381b12998ee4aea7a8d8b391f785041a4f71f8cd1922bf7e18ffbd68f8c20 a61e71afc7d2e76d95cd4410c039e8f3bf8f40c65104b86998037c3205aa3082
CLIENT_HANDSHAKE_TRAFFIC_SECRET 7e99bc7659a1d2be708526324d26db18ae012b9011d836368802081961484d96 edd9bde04b178ff845274900750698784acdabfa249b8977e5604f87c403c7ad
SERVER_HANDSHAKE_TRAFFIC_SECRET 7e99bc7659a1d2be708526324d26db18ae012b9011d836368802081961484d96 b6a5155b3af01955f26fc5ee6ac3dc4b350fc585b663eec8ddad984dee976719
CLIENT_TRAFFIC_SECRET_0 7e99bc7659a1d2be708526324d26db18ae012b9011d836368802081961484d96 6bf25868e8f19f12165d69f8322ac5fbc7f31dc106e8395daa2a36b6a2eeb247
SERVER_TRAFFIC_SECRET_0 7e99bc7659a1d2be708526324d26db18ae012b9011d836368802081961484d96 2a75934917a082cd29d2f436490718e6938738c3641dde76d1a04592a0401f70
CLIENT_HANDSHAKE_TRAFFIC_SECRET 2e11df232321f7ee9f3743855068d7ccdc53166581cc2a75204d4c26cd072f3d 59ab9cf23e2cec242d8d8aae42afc13fea96babb553b6767d8fedcd98a15d69a
SERVER_HANDSHAKE_TRAFFIC_SECRET 2e11df232321f7ee9f3743855068d7ccdc53166581cc2a75204d4c26cd072f3d 933f43e35ef5a8e41ac5e036230acacb7eacf1b3c4dfcbe1c0f8ea917e9f6f71
CLIENT_TRAFFIC_SECRET_0 2e11df232321f7ee9f3743855068d7ccdc53166581cc2a75204d4c26cd072f3d 6da669755acb8edfcedae5eb2489099f56f710c68042d2a90d40cdebfc9bb6e7
SERVER_TRAFFIC_SECRET_0 2e11df232321f7ee9f3743855068d7ccdc53166581cc2a75204d4c26cd072f3d 232fcb365a167c78fbc9390889a5b57fe6b3bf204a951c55e0739aaa7578feb3
CLIENT_HANDSHAKE_TRAFFIC_SECRET 87510051fae9ec59aa1b38a718cd2306d4abd81367ea29afb782726d9d8503c2 d661cefa775830ac3d6cafe762582036ca82afb074e7de2e1700629a94aaab45
SERVER_HANDSHAKE_TRAFFIC_SECRET 87510051fae9ec59aa1b38a718cd2306d4abd81367ea29afb782726d9d8503c2 53c92e060894f1740c7599817f54eef4fa3db77ccf03ce003f9b2c1dd33f93ab
CLIENT_TRAFFIC_SECRET_0 87510051fae9ec59aa1b38a718cd2306d4abd81367ea29afb782726d9d8503c2 9c34094c27aff6ccefe44331ad9e38eb1c18c87c62b6837225ef1795643226f7
SERVER_TRAFFIC_SECRET_0 87510051fae9ec59aa1b38a718cd2306d4abd81367ea29afb782726d9d8503c2 dd4eef6f72d6922a38e6f9dbfc44de86e16bd889f19ef82b37c33c9e38db0dd5
CLIENT_HANDSHAKE_TRAFFIC_SECRET 572a42304d67c593472daaee8548fa48dbd5a3f0054afd1ebfc1d50dd5ff895d 161462efba80c28ee43e0850a889d33ccc17ff6c381b38be25838421d6f93843
SERVER_HANDSHAKE_TRAFFIC_SECRET 572a42304d67c593472daaee8548fa48dbd5a3f0054afd1ebfc1d50dd5ff895d 432ea1c77ee8fe22f0085cb261a840765318567c70bcd8e01c511fa62e0730bd
CLIENT_TRAFFIC_SECRET_0 572a42304d67c593472daaee8548fa48dbd5a3f0054afd1ebfc1d50dd5ff895d 3ad32d4b194b88cf51ab5ec73e8275d283328fc2ddedae211b3777d6e563d97b
SERVER_TRAFFIC_SECRET_0 572a42304d67c593472daaee8548fa48dbd5a3f0054afd1ebfc1d50dd5ff895d 30c6fa391c31b6d8822353cff84e798c63e018f8856c13f9e5a91bd3bb3f056d
CLIENT_HANDSHAKE_TRAFFIC_SECRET 2a16b9572d950316f4396fb006d780c83db0ef995d58b160d0f23070b2e517b3 4bb77d15c54de10dcc42447d08aee0e27693b69d53db41e504390b39294df2b8
SERVER_HANDSHAKE_TRAFFIC_SECRET 2a16b9572d950316f4396fb006d780c83db0ef995d58b160d0f23070b2e517b3 f8f12412ccfa43dccb7f6941113bd533e9bd7736457d013449e706da0bcb0b1d
CLIENT_TRAFFIC_SECRET_0 2a16b9572d950316f4396fb006d780c83db0ef995d58b160d0f23070b2e517b3 638b260cc5ea4d130459bf23510eca2a54311c76549ce5951657243a87f13818
SERVER_TRAFFIC_SECRET_0 2a16b9572d950316f4396fb006d780c83db0ef995d58b160d0f23070b2e517b3 09c1fc9a5b83d4350568f2bd7c4909b1d270c8a0677f07577b18343f553482db
CLIENT_HANDSHAKE_TRAFFIC_SECRET f5eb9f168b2360b282821270dba75777d6bf6fe44fcbe39a439b2d4cd3935cba 7cee54f80aacdd31378bf8b9825730b32215ac6178deb79cb8d972f839084785
SERVER_HANDSHAKE_TRAFFIC_SECRET f5eb9f168b2360b282821270dba75777d6bf6fe44fcbe39a439b2d4cd3935cba b02822b3a19ba90b8a83b2dd2dbadc0a973ec7ab01ea1d39cc36c363f4f08485
CLIENT_TRAFFIC_SECRET_0 f5eb9f168b2360b282821270dba75777d6bf6fe44fcbe39a439b2d4cd3935cba 35f7549a9e842f825aba13c22ec864c75c23058ab0f697b125cfe75425c9970c
SERVER_TRAFFIC_SECRET_0 f5eb9f168b2360b282821270dba75777d6bf6fe44fcbe39a439b2d4cd3935cba 80dc8eaf242a5567a4d64d74c5e5c061fa80d8203af1ad92946962c8d4d0879e
CLIENT_HANDSHAKE_TRAFFIC_SECRET 5285ce54ae92715cd90d4fd0296e60d5e0da118a0a13b29abd06787d79fa346c fec0b7258b7c3ea95e11a58b75188a9389f4cb5212ad26552b91b4dcf6cd3196
SERVER_HANDSHAKE_TRAFFIC_SECRET 5285ce54ae92715cd90d4fd0296e60d5e0da118a0a13b29abd06787d79fa346c 070630a58d00e1ba9e16d60caf3a71b865ef0f2d209048980a10638c6d06a1ac
CLIENT_TRAFFIC_SECRET_0 5285ce54ae92715cd90d4fd0296e60d5e0da118a0a13b29abd06787d79fa346c 5f71158020c941381e348ff034283048a4014040fe9b32c614d4ac7a400e45c7
SERVER_TRAFFIC_SECRET_0 5285ce54ae92715cd90d4fd0296e60d5e0da118a0a13b29abd06787d79fa346c 836a3cfc3b0dcb25ef2f9ae96dc2c403db6afb36812fc255abe0144cd181471e
CLIENT_HANDSHAKE_TRAFFIC_SECRET d2e378d4d1697b3ba1a50d5ffaf659d25a1c516c23b3a011978f889082388a12 9e15713eaabecaf984ed303cc89127e725cf5dac96a263a7e8fc850c1773d269
SERVER_HANDSHAKE_TRAFFIC_SECRET d2e378d4d1697b3ba1a50d5ffaf659d25a1c516c23b3a011978f889082388a12 ff812f6e4ed38d86932b76d2d39dc08991dc0f640c602b38c01cc7aa6011c717
CLIENT_TRAFFIC_SECRET_0 d2e378d4d1697b3ba1a50d5ffaf659d25a1c516c23b3a011978f889082388a12 e7ad639a1d2f6917e5c565a9d39f118409fe85907cc020424d9f5dc787426a09
SERVER_TRAFFIC_SECRET_0 d2e378d4d1697b3ba1a50d5ffaf659d25a1c516c23b3a011978f889082388a12 a0f1fb8469b911db68bcac841e79125ee5fc972de769168ab267308d84a05af3
CLIENT_HANDSHAKE_TRAFFIC_SECRET 17d9c06c680e20e6519944e7a829bf890ab27375046b28aa5d37684237fb445d a06ba71b4a516ca28b4772fd307b0875a5ea9edcb3410b3eb4c6454e4dafee15
SERVER_HANDSHAKE_TRAFFIC_SECRET 17d9c06c680e20e6519944e7a829bf890ab27375046b28aa5d37684237fb445d 29b9f94fbbdd9a76d406b3ae9193fdb2b38ba41b21bcf5289ed8f1988b909a9f
CLIENT_TRAFFIC_SECRET_0 17d9c06c680e20e6519944e7a829bf890ab27375046b28aa5d37684237fb445d 97e53a6dc193c2fe20cc14df045af9a641dd1170c44909918fbab336cc91a9e2
SERVER_TRAFFIC_SECRET_0 17d9c06c680e20e6519944e7a829bf890ab27375046b28aa5d37684237fb445d 03eeed5a2323c0ddb23c013431ba0b283d9653eb581b06ae18c0b1d559b49bf2
CLIENT_HANDSHAKE_TRAFFIC_SECRET c97ce0b1fbc0758f42f8a6fa8b8a100d1a40ab122cf8f373bd6841f7b992fc11 a2d54240ebbfb7b36498780036dc965aa04f274f0d37c889fe311277341c109f
SERVER_HANDSHAKE_TRAFFIC_SECRET c97ce0b1fbc0758f42f8a6fa8b8a100d1a40ab122cf8f373bd6841f7b992fc11 63bba4000b14065574cdb191681b615b0b659d45049c099c58ff12d3a5d34dce
CLIENT_TRAFFIC_SECRET_0 c97ce0b1fbc0758f42f8a6fa8b8a100d1a40ab122cf8f373bd6841f7b992fc11 cfd5079355c274acfc972920891ad1c8bc12aaa1382873c6a89a72cb1dce204d
SERVER_TRAFFIC_SECRET_0 c97ce0b1fbc0758f42f8a6fa8b8a100d1a40ab122cf8f373bd6841f7b992fc11 b6a25b72baa58729b26db90b6f0c5d756effa55e1967e5c963036c9f40546c1c
CLIENT_HANDSHAKE_TRAFFIC_SECRET 3041a7646a512e5083559069b5f4120a06aa00869a128fb101db514d2d866520 d9b87620630dc3801b32de34c07426cd58d32e55e377548200a5ce085b0415b3
SERVER_HANDSHAKE_TRAFFIC_SECRET 3041a7646a512e5083559069b5f4120a06aa00869a128fb101db514d2d866520 9a1fbb753332525c466358f1c9d4bbf02b3540a103c1a44284fc65cfca9572a1
CLIENT_TRAFFIC_SECRET_0 3041a7646a512e5083559069b5f4120a06aa00869a128fb101db514d2d866520 2533453ed469cdb98bd6f87505af3e5e28c7c6ea825bb8e5c099a1586b3193b1
SERVER_TRAFFIC_SECRET_0 3041a7646a512e5083559069b5f4120a06aa00869a128fb101db514d2d866520 fc91c88a46a9b8debcdae2cdd91b97f83be690cc3282e03c8be87c291d34a5a1
CLIENT_HANDSHAKE_TRAFFIC_SECRET 3e995c15de7ee4e7ab0a1d6d425dab86a6a791da093b12de33a232e64908d7cb be5008757946c6550d0e1e138c1e9db541c13677c16caf5ea343732669501119
SERVER_HANDSHAKE_TRAFFIC_SECRET 3e995c15de7ee4e7ab0a1d6d425dab86a6a791da093b12de33a232e64908d7cb df2cbf0721b11aa54e799eee5de6c9fd188eb6a43b8dc6af77bae8b9175d47a5
CLIENT_TRAFFIC_SECRET_0 3e995c15de7ee4e7ab0a1d6d425dab86a6a791da093b12de33a232e64908d7cb 3451df9abcfd58254a0bd2b8823aac54598877ec34ddf06d491949641f0c1140
SERVER_TRAFFIC_SECRET_0 3e995c15de7ee4e7ab0a1d6d425dab86a6a791da093b12de33a232e64908d7cb 133c58e4b1d14803c76a19f4ca4692b942e8f16880eb03238810a5804772e1e1
CLIENT_HANDSHAKE_TRAFFIC_SECRET 21df5e9f194a177e0fd606081cd9504f6bd49653fb97aca11535d8d960c8fe09 36f0c3b514d76ab7ef17d1e5c1778c87502d2ecfe9e17cd2748b413a66434d4a
SERVER_HANDSHAKE_TRAFFIC_SECRET 21df5e9f194a177e0fd606081cd9504f6bd49653fb97aca11535d8d960c8fe09 9078dff418d611c08bfdb2e2d24b7034dccb871768fabf35bc2618224de89b07
CLIENT_TRAFFIC_SECRET_0 21df5e9f194a177e0fd606081cd9504f6bd49653fb97aca11535d8d960c8fe09 94f9e1910efa646a8ee9f6c49b37e0c9d2ffbbc137b1aa3edabe671756e51a37
SERVER_TRAFFIC_SECRET_0 21df5e9f194a177e0fd606081cd9504f6bd49653fb97aca11535d8d960c8fe09 0f41ba201aa23bb0b2abcc33d55c813173b5306558435759f0a2c0dcc45d1863
CLIENT_HANDSHAKE_TRAFFIC_SECRET 2c7ff9889395a0f5b8248072b5442ebb393b0582eb1ee34fbc3e9a9edb06df46 9e8b4d579e18c3bef1b1a9b57e46d0e5a171852d46ec826791f6b5c931091264
SERVER_HANDSHAKE_TRAFFIC_SECRET 2c7ff9889395a0f5b8248072b5442ebb393b0582eb1ee34fbc3e9a9edb06df46 1fb374ae9517ead89547dcf35dbfb746560f35b45e079e2b2dbece43ac0229bc
CLIENT_TRAFFIC_SECRET_0 2c7ff9889395a0f5b8248072b5442ebb393b0582eb1ee34fbc3e9a9edb06df46 da2d24ff06a644f0058fc3a7b8375ffa1770875efaed97c4337fac39144c0a2b
SERVER_TRAFFIC_SECRET_0 2c7ff9889395a0f5b8248072b5442ebb393b0582eb1ee34fbc3e9a9edb06df46 de760351e01c57ed4107ff6b19aa0872304d1412760f472afca28a2132a07d58
CLIENT_HANDSHAKE_TRAFFIC_SECRET c02ce70b0dda01c7d9d4e7086aca506438d75d365bc59cc03f4429b9c202cc01 10debcf577bf73c8dff449787d1da42ee8ddb5a71efef2b27ecbddd4a3d6fdb2
SERVER_HANDSHAKE_TRAFFIC_SECRET c02ce70b0dda01c7d9d4e7086aca506438d75d365bc59cc03f4429b9c202cc01 6c8e2337cb9ef3875ffa24330f40f210d52fe71f35fd6fe7b84f9ef6b737784c
CLIENT_TRAFFIC_SECRET_0 c02ce70b0dda01c7d9d4e7086aca506438d75d365bc59cc03f4429b9c202cc01 4240feb99de687851898a2ce73105fbfb659b994d48fc763fbde5be54f69005f
SERVER_TRAFFIC_SECRET_0 c02ce70b0dda01c7d9d4e7086aca506438d75d365bc59cc03f4429b9c202cc01 0bdbf5d4677c026b59a16ac93d51089cf768d752acf36a787cc5f58339e976b3
CLIENT_HANDSHAKE_TRAFFIC_SECRET 41b0d9434eb85306ac8dace98af6b43dd46f4978fa07af28bb9388e954bd7ad5 4d0eb4e2329db6359eb35842db98e77a75632e4d6e154a40fff70635ced1b215
SERVER_HANDSHAKE_TRAFFIC_SECRET 41b0d9434eb85306ac8dace98af6b43dd46f4978fa07af28bb9388e954bd7ad5 997d2a5110e00997c86b47ce423bd4363dc91123f5adcd0268d02f4af21d1602
CLIENT_TRAFFIC_SECRET_0 41b0d9434eb85306ac8dace98af6b43dd46f4978fa07af28bb9388e954bd7ad5 ce627a0622f2458ea7c68652bc2a8a0802ffccc4988659a1dfc409c7934c7ba9
SERVER_TRAFFIC_SECRET_0 41b0d9434eb85306ac8dace98af6b43dd46f4978fa07af28bb9388e954bd7ad5 8a13533f525ac9ed6dfbb32c26e08d08c31a52e36fdedc5446f685c7582a4a2c
CLIENT_HANDSHAKE_TRAFFIC_SECRET fce5320717f34af164ecca6cb542069ec13a3722eb3f7ce1fe88d45cba813ba7 bc19969db6e759f61116eec3f527c95cf20706101cc0d720c722ed793f9193d6
SERVER_HANDSHAKE_TRAFFIC_SECRET fce5320717f34af164ecca6cb542069ec13a3722eb3f7ce1fe88d45cba813ba7 7de0bd53812c96721fd4ec39e64185fd8f89eef08a6b87e16a9d58287754cfa6
CLIENT_TRAFFIC_SECRET_0 fce5320717f34af164ecca6cb542069ec13a3722eb3f7ce1fe88d45cba813ba7 cfdbfa6785b26a78901712ba44ebb2321a20f757e40df21e6ddbf916623cbcb6
SERVER_TRAFFIC_SECRET_0 fce5320717f34af164ecca6cb542069ec13a3722eb3f7ce1fe88d45cba813ba7 cc3145d4324bb7cbb1e92316ff91a349af9e05b59354dce246a7d4ed21bb39ca
CLIENT_HANDSHAKE_TRAFFIC_SECRET 5841ed8c53e6bdb319e80dcdc3dc2b2b3569aa5292393449b2f0dcdc686464bd 00176e7639aa0825c8e9ff64f01bc6dc5844a4bda8354714c93c20a3665b81d0
SERVER_HANDSHAKE_TRAFFIC_SECRET 5841ed8c53e6bdb319e80dcdc3dc2b2b3569aa5292393449b2f0dcdc686464bd 716fc745c9f8a5a21ffc7004605a09cc0c72df9f52e7ac5a76962b4446c50184
CLIENT_TRAFFIC_SECRET_0 5841ed8c53e6bdb319e80dcdc3dc2b2b3569aa5292393449b2f0dcdc686464bd ab466e22af7ba11404cdcc767407845c9e2635ed1dff678924a5e66ff9d2b2d1
SERVER_TRAFFIC_SECRET_0 5841ed8c53e6bdb319e80dcdc3dc2b2b3569aa5292393449b2f0dcdc686464bd e9ca9f582821dc96d0db2b775f3a45624e9886a320d9a66ca307a6ef4d8d5f22
CLIENT_HANDSHAKE_TRAFFIC_SECRET 730c66ff1affc1d699eda7c37aa17640ee41e9d2c142bdcd9696a2d777b952d2 b9a4e3a0db26ebc9cd2fc9f1e0f9eeea943fc6af3b521ed542abd9249a8abac0
SERVER_HANDSHAKE_TRAFFIC_SECRET 730c66ff1affc1d699eda7c37aa17640ee41e9d2c142bdcd9696a2d777b952d2 e71bd72edd7088aca7347fdcdd86ecb4fc349ea845064f68112f5852886f057a
CLIENT_TRAFFIC_SECRET_0 730c66ff1affc1d699eda7c37aa17640ee41e9d2c142bdcd9696a2d777b952d2 7cf4be98fba2e6d5c2a519ce76a6e7e20576802d05aad6958b603ef918930152
SERVER_TRAFFIC_SECRET_0 730c66ff1affc1d699eda7c37aa17640ee41e9d2c142bdcd9696a2d777b952d2 7f309037a87785be8dc43fa5b70b573a28e693b7ef544b3f6b8cd531f86187d1
CLIENT_HANDSHAKE_TRAFFIC_SECRET 9b27b2165656387cdb8de60b18456d73682347a1a5fd06af24550618f779c0f0 f6f015b6fb8ddbf732a7ff2e53d622fb5efd1162fe5f500020d27b91b59f98d5
SERVER_HANDSHAKE_TRAFFIC_SECRET 9b27b2165656387cdb8de60b18456d73682347a1a5fd06af24550618f779c0f0 c4096d7d676db0fca50bca1bc374c81eabf089311954bbea9cafe773edef92d6
CLIENT_TRAFFIC_SECRET_0 9b27b2165656387cdb8de60b18456d73682347a1a5fd06af24550618f779c0f0 5683eb053143658f02ed6b8d0a9c724301011401b49ee3000966fb1241de0a30
SERVER_TRAFFIC_SECRET_0 9b27b2165656387cdb8de60b18456d73682347a1a5fd06af24550618f779c0f0 d45f6d15e5cf0f862a8fd367022a1f253451c46fc3907e34d3f7c254e275a371
CLIENT_HANDSHAKE_TRAFFIC_SECRET fe6ef5b6708f3c96131fa8006a3822770b243f67db6508b30b355d53ca506298 076f293e5426bb9cba4a55f913c81b3b082b7a74be911ef4ae467f3cdc19e605
SERVER_HANDSHAKE_TRAFFIC_SECRET fe6ef5b6708f3c96131fa8006a3822770b243f67db6508b30b355d53ca506298 2e7fa0c4e6944dff4bb81e3f1179b787b169f3865857aba8cc6842558cc89bb1
CLIENT_TRAFFIC_SECRET_0 fe6ef5b6708f3c96131fa8006a3822770b243f67db6508b30b355d53ca506298 0752356277c755bca6d0825e49229ff388024b618d38c213bd9ce539a6cf6c46
SERVER_TRAFFIC_SECRET_0 fe6ef5b6708f3c96131fa8006a3822770b243f67db6508b30b355d53ca506298 796eee111aa530cc58bcdfab58230ab59fe3e5891b7ea54c613796e900ba4b82
CLIENT_HANDSHAKE_TRAFFIC_SECRET ab4f675c4a6084bc45f0a662fc7610ac693ebaf76b3b04b2e437070dedeb9813 6b518f4c3559f8ebe1ec57ac2583af399b7a2235b66fd167a98a1816fbf3ed22
SERVER_HANDSHAKE_TRAFFIC_SECRET ab4f675c4a6084bc45f0a662fc7610ac693ebaf76b3b04b2e437070dedeb9813 44bb62bb32dd1e507256d958c9432c55f5736c2aa029f6f3027c7b89d503ff67
CLIENT_TRAFFIC_SECRET_0 ab4f675c4a6084bc45f0a662fc7610ac693ebaf76b3b04b2e437070dedeb9813 8a8ef1068da9e4c3c3de53febd2ae8c594d58b04c38b9a4ae6548edb358dac05
SERVER_TRAFFIC_SECRET_0 ab4f675c4a6084bc45f0a662fc7610ac693ebaf76b3b04b2e437070dedeb9813 14b644fb007366304340d0c5074dfb5e6e147082bba73c0dfb5875764e36c9f9
CLIENT_HANDSHAKE_TRAFFIC_SECRET 935bb6b911b121a05e878e526972b97e7307723527916fb3d8e5128314f049e5 7627f336605fde7e7bb81744091291c61dc8d08dfa20dd13f066d687be7614b2
SERVER_HANDSHAKE_TRAFFIC_SECRET 935bb6b911b121a05e878e526972b97e7307723527916fb3d8e5128314f049e5 a1c8c1f35ee04811c7a8635ebbe76db74a0314ffa469837aa1104217399c0993
CLIENT_TRAFFIC_SECRET_0 935bb6b911b121a05e878e526972b97e7307723527916fb3d8e5128314f049e5 46b6c913dedad5fbc732faefcb5e1dbb96c91aa50bbdb51cdfd944683240f95a
SERVER_TRAFFIC_SECRET_0 935bb6b911b121a05e878e526972b97e7307723527916fb3d8e5128314f049e5 33b9ce45896f7fe8ce09cc652543ee1ed63aac071566f8a418d5b88aaa3c591f
CLIENT_HANDSHAKE_TRAFFIC_SECRET af4c8ab16ddd948780f5eb657c2ca905d27cf3e50a71ed1d87c2b1dd6ecbf932 7cbb7527c55fcd91aa11ef983c2489b069cc3cc969beb6b2c2a1e5b08696944a
SERVER_HANDSHAKE_TRAFFIC_SECRET af4c8ab16ddd948780f5eb657c2ca905d27cf3e50a71ed1d87c2b1dd6ecbf932 8140ce23954b4ca1b66d93925c9436d1ee98424d2fb4cd66bfeb0dca22cec692
CLIENT_TRAFFIC_SECRET_0 af4c8ab16ddd948780f5eb657c2ca905d27cf3e50a71ed1d87c2b1dd6ecbf932 427bee9724f90fc8b0adb42a3b354818f61e1dc9cda04e100fee8006abe28b37
SERVER_TRAFFIC_SECRET_0 af4c8ab16ddd948780f5eb657c2ca905d27cf3e50a71ed1d87c2b1dd6ecbf932 38fcdc90e95a7fd141388f9d4297fbe97ffc25a0815c8eb09cdb9babe284ab68
CLIENT_HANDSHAKE_TRAFFIC_SECRET ed9a719d56c7641663b67e44ddd7de334c8cca81ed85b8f7adf2e671c29e01a2 eaf0f281536d30112dea785c38efdf925fadc16f5034a71a8c2bcd0d05485605
SERVER_HANDSHAKE_TRAFFIC_SECRET ed9a719d56c7641663b67e44ddd7de334c8cca81ed85b8f7adf2e671c29e01a2 8c4667d9fb0ac9d0d30605892a244f1e376867d1b8741ae849bec1c408eee205
CLIENT_TRAFFIC_SECRET_0 ed9a719d56c7641663b67e44ddd7de334c8cca81ed85b8f7adf2e671c29e01a2 82b190a48407b1376b1409baffee9997de1a4e2592b70dcc1235c3754f914fb2
SERVER_TRAFFIC_SECRET_0 ed9a719d56c7641663b67e44ddd7de334c8cca81ed85b8f7adf2e671c29e01a2 872bb8d23ff3fff913096a313b9b109d3aa0e0accc50b1ca6d57016007591599
CLIENT_HANDSHAKE_TRAFFIC_SECRET 373eca5ad8161ccf3dce8aa0827bd506b9e9a22480e9e77fec8bb2981abc9b0d 4b1c519cc5ffc0eabd83bdca41098a74896a338ecfa7661290c4b18cc094a3f7
SERVER_HANDSHAKE_TRAFFIC_SECRET 373eca5ad8161ccf3dce8aa0827bd506b9e9a22480e9e77fec8bb2981abc9b0d 66e2fd28f4a82373b4edc2b4fe20ae396957eead01f925a805f196d01455edd2
CLIENT_TRAFFIC_SECRET_0 373eca5ad8161ccf3dce8aa0827bd506b9e9a22480e9e77fec8bb2981abc9b0d 19e9b9fefdb9520a3b26adb5e2b214bcf9a8dc18770f6224ad0206f2cb5b8157
SERVER_TRAFFIC_SECRET_0 373eca5ad8161ccf3dce8aa0827bd506b9e9a22480e9e77fec8bb2981abc9b0d 4a9be1ad0e908374cac7a14d06075150b9e2267b713919d1be4e14049db4b245
CLIENT_HANDSHAKE_TRAFFIC_SECRET 0f5fb1309df19dbbc4a1d8f3c7bba745ff237c416aedf21d67cd49a65244e215 ca30ded06b662bbcd1fdbe77d363a4426dd06d135bbe644a5d6bdc90c4014ce3
SERVER_HANDSHAKE_TRAFFIC_SECRET 0f5fb1309df19dbbc4a1d8f3c7bba745ff237c416aedf21d67cd49a65244e215 262f66f30335b112968302ba1866b2229847f8e3e0e37cde3b4160af5c737241
CLIENT_TRAFFIC_SECRET_0 0f5fb1309df19dbbc4a1d8f3c7bba745ff237c416aedf21d67cd49a65244e215 83505b92adfd80ea66f158fa02a7a7c238e993d6c73092d6879ab070cf4331e1
SERVER_TRAFFIC_SECRET_0 0f5fb1309df19dbbc4a1d8f3c7bba745ff237c416aedf21d67cd49a65244e215 126c647685d620400d97246c2f63fd45c29c5a5ea1fb575886e1e3596693bf9d
CLIENT_HANDSHAKE_TRAFFIC_SECRET e52d382411e2659359780492a5e64a76472f0c1afb3cb494b1064acc1f11fd8d 3c70073b6dc284e00e5a53c696d82d455b365a07fa085619077d8f5715e9a428
SERVER_HANDSHAKE_TRAFFIC_SECRET e52d382411e2659359780492a5e64a76472f0c1afb3cb494b1064acc1f11fd8d 2d3a9c8f67958a0c5dc97602b637e959c8747b31d7d7960b273e8b537e5a302e
CLIENT_TRAFFIC_SECRET_0 e52d382411e2659359780492a5e64a76472f0c1afb3cb494b1064acc1f11fd8d 1fd0bd8e4dba394a597c7574fca26d5c6d28452f2215307a81e65a49ac997bb2
SERVER_TRAFFIC_SECRET_0 e52d382411e2659359780492a5e64a76472f0c1afb3cb494b1064acc1f11fd8d bd69c9990fbe87aa98086201daf89c2cf54156ce5c15897bae083bea729b125c
CLIENT_HANDSHAKE_TRAFFIC_SECRET 59a893f2a197e084013288447ea3e2739fecc70e0f9fdce8479e13b48d0da660 d51a0550b3f8920a4735f649f1de314641e585198099b311462e394bced45ff3
SERVER_HANDSHAKE_TRAFFIC_SECRET 59a893f2a197e084013288447ea3e2739fecc70e0f9fdce8479e13b48d0da660 67fa3a95a3f6fcf457706ae9c352d77da2e406c4471329ae433be25fee4cde88
CLIENT_TRAFFIC_SECRET_0 59a893f2a197e084013288447ea3e2739fecc70e0f9fdce8479e13b48d0da660 3acf26ff952fe6773d265832157fcc99c32d141ad99854881e7db7a50bb52871
SERVER_TRAFFIC_SECRET_0 59a893f2a197e084013288447ea3e2739fecc70e0f9fdce8479e13b48d0da660 2c52cc1b5d0861ff1a618d3bb5fc5bc2c16422049f052ab4b7e38195d812bcb8
CLIENT_HANDSHAKE_TRAFFIC_SECRET 59529d18a25785f3719e2e65eafb0185cce804374a08856f829235868dae6021 a6c4d936ee883ea57eb1dc735adebe2b0f7e57040ba9eb66cb3f448437ca7a8e
SERVER_HANDSHAKE_TRAFFIC_SECRET 59529d18a25785f3719e2e65eafb0185cce804374a08856f829235868dae6021 e2293c3dbf6955c78d7451ec37f0a33dc1c07ece51a05e093a2f33a8146c1434
CLIENT_TRAFFIC_SECRET_0 59529d18a25785f3719e2e65eafb0185cce804374a08856f829235868dae6021 90a8644b70aabf5ed41146c85bc5faae33cf94ce7f6647b181e9ed2c02885813
SERVER_TRAFFIC_SECRET_0 59529d18a25785f3719e2e65eafb0185cce804374a08856f829235868dae6021 c34b50d932c6aaee5cde14c6c94df767a5248aabf1205dac3ae0f85e2ecde847
CLIENT_HANDSHAKE_TRAFFIC_SECRET 171eda754adf8793458c0bcc4a836a6dd88e86584533ef7edb8314ea46b174c8 1b04092e1fffa5feaf16da4cb6fcac9b1ba589970df6d9a2d7339f081eec01ac
SERVER_HANDSHAKE_TRAFFIC_SECRET 171eda754adf8793458c0bcc4a836a6dd88e86584533ef7edb8314ea46b174c8 8c31bd66ab0dee8937a4825a63229f3b6c94242a94cc7d9182e2ef3e2d0ee6d5
CLIENT_TRAFFIC_SECRET_0 171eda754adf8793458c0bcc4a836a6dd88e86584533ef7edb8314ea46b174c8 34ffc8a42f1438805827982d3b4b0ac6fda313ec01ab9aa394fc051accf6f184
SERVER_TRAFFIC_SECRET_0 171eda754adf8793458c0bcc4a836a6dd88e86584533ef7edb8314ea46b174c8 21d530ec9dd3f79d5512be688b31da2b4a2f671f6eb52a5fb29ea5bb88781ee7
CLIENT_HANDSHAKE_TRAFFIC_SECRET b3a9461f105e846638ef335fd661cd69ed93955aed424fa0a7027887f53f0366 59e4282cff41c6c06885a686818b8dffc060fbca070cbe7295c5875988c7841c
SERVER_HANDSHAKE_TRAFFIC_SECRET b3a9461f105e846638ef335fd661cd69ed93955aed424fa0a7027887f53f0366 02e6bb0e9b1dfee935e4c99960966afe98c215bfa74458f885e73b26a904be31
CLIENT_TRAFFIC_SECRET_0 b3a9461f105e846638ef335fd661cd69ed93955aed424fa0a7027887f53f0366 67ece7cc290640d885ae7ccca6cb44d1357b9e216e4a5d2ce80fd63a3e08bef8
SERVER_TRAFFIC_SECRET_0 b3a9461f105e846638ef335fd661cd69ed93955aed424fa0a7027887f53f0366 0b434e383b187e675a60b55a7b7a135aad8a2a06a7fff8039667dc955d78eac0
CLIENT_HANDSHAKE_TRAFFIC_SECRET 55fb28c2539639af219702337ac0a909ca99496ac377a245e676d76de237cb00 2fcaa1dac71847583e1e8c7e5808bda3c8d32b607ed9d8864e9e4841a8ff5461
SERVER_HANDSHAKE_TRAFFIC_SECRET 55fb28c2539639af219702337ac0a909ca99496ac377a245e676d76de237cb00 df6189f1b3930a536829fcd90aa2eea80bad2af5ad1004f9872c37149634852c
CLIENT_TRAFFIC_SECRET_0 55fb28c2539639af219702337ac0a909ca99496ac377a245e676d76de237cb00 c6f9985d63848ab03c1c63c74ea6af149aab146e8db2bd5799af1acac57b3697
SERVER_TRAFFIC_SECRET_0 55fb28c2539639af219702337ac0a909ca99496ac377a245e676d76de237cb00 eb5000324b26949267c968c03c12b321e70b8bfff6e8b746bea4fc645ef6f261
CLIENT_HANDSHAKE_TRAFFIC_SECRET da5af9f9b5e8beef681f670e9dc3aa25a00e763b9b114a3aac9735c8857b58af aad5f2d3ad0e796ebdb8d401d6e464ff30a765ce55e75aefa45f103daaaabea8
SERVER_HANDSHAKE_TRAFFIC_SECRET da5af9f9b5e8beef681f670e9dc3aa25a00e763b9b114a3aac9735c8857b58af d25a9b2e241c1ef54974ace73368cfbe47420e4eb903b62b2d9cd4e8fa36e76e
CLIENT_TRAFFIC_SECRET_0 da5af9f9b5e8beef681f670e9dc3aa25a00e763b9b114a3aac9735c8857b58af ee735cc6e7cef6df7d63b0cce14091f05cb26f38270dc07972c724aa0dfd6d1f
SERVER_TRAFFIC_SECRET_0 da5af9f9b5e8beef681f670e9dc3aa25a00e763b9b114a3aac9735c8857b58af 8fba64aae500a65cf36cb707f51b8fb3cf755d4af2d457fc6267379a93b1df43
CLIENT_HANDSHAKE_TRAFFIC_SECRET 291a2f1ee80f9727bbdcc0130c956ee396a3f9bdc6ac03fb4b70b24b6a4bcd50 2874310dfd86a028d41472673a4e419c3bbe8daf656b7ab9728ed6dc31fb11a7
SERVER_HANDSHAKE_TRAFFIC_SECRET 291a2f1ee80f9727bbdcc0130c956ee396a3f9bdc6ac03fb4b70b24b6a4bcd50 1a8e8c9d18ffe844074bbfd3b222fc79860ff22dc962317079342e57925625eb
CLIENT_TRAFFIC_SECRET_0 291a2f1ee80f9727bbdcc0130c956ee396a3f9bdc6ac03fb4b70b24b6a4bcd50 17bb33397899aa474e8b18e783a6d4dff57b7ccac241c493146b94f2c5712888
SERVER_TRAFFIC_SECRET_0 291a2f1ee80f9727bbdcc0130c956ee396a3f9bdc6ac03fb4b70b24b6a4bcd50 8e00642c168f4cafe5285fee084efcfa8b62d68d0b988e4235a678c7972ff147
CLIENT_HANDSHAKE_TRAFFIC_SECRET c95e96f2e0f7772eaa268dba8e21c5db93f65c5d26cd2d9d464cd3010aff6938 6127ab5423090cbf6450d1b0d65d4c8da155ba78e4a91ebbe4eba2b784b0add1
SERVER_HANDSHAKE_TRAFFIC_SECRET c95e96f2e0f7772eaa268dba8e21c5db93f65c5d26cd2d9d464cd3010aff6938 606132991b5818deaab4169a7910bd0c585779c4110be880740ed7df02b87cdb
CLIENT_TRAFFIC_SECRET_0 c95e96f2e0f7772eaa268dba8e21c5db93f65c5d26cd2d9d464cd3010aff6938 cfb238c78707f9381e4f9bc6b6655f5e1dae41b1437ae6b9c59bdc896a8c97b6
SERVER_TRAFFIC_SECRET_0 c95e96f2e0f7772eaa268dba8e21c5db93f65c5d26cd2d9d464cd3010aff6938 e1ca3c5b2f3a8b5556484cd158d2b7e484604a2f5a2514c832ddf29673ffa6be
CLIENT_HANDSHAKE_TRAFFIC_SECRET 8656a44ee4688ff9703bed11708511ea4446b1321498abb01cd6a73ee84e07f5 0250d26bc98147583eae22c6d17c4eb524c91a60e81840d623c50fec71ed55d0
SERVER_HANDSHAKE_TRAFFIC_SECRET 8656a44ee4688ff9703bed11708511ea4446b1321498abb01cd6a73ee84e07f5 74382dc38c3bbdb5c6d48a9f1d749a9dc27bffd7024e93c6737b88ba11b09c43
CLIENT_TRAFFIC_SECRET_0 8656a44ee4688ff9703bed11708511ea4446b1321498abb01cd6a73ee84e07f5 43eabdb9a041900162274a6d2ecedff23cf90e5536fc0fc6e70510d3f80b6ba8
SERVER_TRAFFIC_SECRET_0 8656a44ee4688ff9703bed11708511ea4446b1321498abb01cd6a73ee84e07f5 9a86c52f941e0454a2f78f6c0f9cee331278f79886805dbd52ab834d20078d25
CLIENT_HANDSHAKE_TRAFFIC_SECRET 40ccfe0f53c92ebbcff30b99bda07e3fa18ccba5befacc086a24b801be57f29b 35b6488f2ce9b9a7602ca1173a293246cae6d3d1c076cb716285ef7d4c41689f
SERVER_HANDSHAKE_TRAFFIC_SECRET 40ccfe0f53c92ebbcff30b99bda07e3fa18ccba5befacc086a24b801be57f29b 22d3f34848e0b5bb220d85494ab5428a1549c5eef2fc016678623a55a5ca80f7
CLIENT_TRAFFIC_SECRET_0 40ccfe0f53c92ebbcff30b99bda07e3fa18ccba5befacc086a24b801be57f29b 4906c5bcf1e9ddc90dd2d03524201892ac5518e187d80617e2b3e56c3fa4bd7e
SERVER_TRAFFIC_SECRET_0 40ccfe0f53c92ebbcff30b99bda07e3fa18ccba5befacc086a24b801be57f29b d4080a653e903b39c282318f3f794c3950b68a23b141d80cc8fdfb6c3b456cba
CLIENT_HANDSHAKE_TRAFFIC_SECRET 4eb0c023950621c2c676e35619ad67ee780cfa2bb6474ecc787744abc7865aff 23c2a146d2c1425258e59bb20b35cbc3e16c780a114d6411cde38f11514b6c0f
SERVER_HANDSHAKE_TRAFFIC_SECRET 4eb0c023950621c2c676e35619ad67ee780cfa2bb6474ecc787744abc7865aff 674dfe8789f9a790d4cd6f43edbdc6bc8555f8763d72577f0b2b43781e2a4fd9
CLIENT_TRAFFIC_SECRET_0 4eb0c023950621c2c676e35619ad67ee780cfa2bb6474ecc787744abc7865aff d4b1fd9a1c69bbabdd1feb847ca187ff2e374df703bcbcffa2ff1fb8c0896293
SERVER_TRAFFIC_SECRET_0 4eb0c023950621c2c676e35619ad67ee780cfa2bb6474ecc787744abc7865aff a087af7ca883dedec0c66f95e2b0479893888f48dc88532fa9d64c55437fffd8
CLIENT_HANDSHAKE_TRAFFIC_SECRET 8c768453a948b9b9990f6059be14eebc7c4039f71337f94f1bcd318b06f03f06 35839a343267dd622b2e62d2e62b3df90aa353d6e6e12422dfae6be545a2750f
SERVER_HANDSHAKE_TRAFFIC_SECRET 8c768453a948b9b9990f6059be14eebc7c4039f71337f94f1bcd318b06f03f06 9cc1b6450fa2b256ee0921787db2171683d848d3afd526a0ec73edbfc1b45f61
CLIENT_TRAFFIC_SECRET_0 8c768453a948b9b9990f6059be14eebc7c4039f71337f94f1bcd318b06f03f06 da334818e69c9c68e01b93503f43ca68b13a5c19a9bad5e92ba0937e9bcf1fc5
SERVER_TRAFFIC_SECRET_0 8c768453a948b9b9990f6059be14eebc7c4039f71337f94f1bcd318b06f03f06 2ad7d8da806716ef2be3022fd40c8fca0fbd4df4b5a5ed86d5be533ac727eed9
CLIENT_HANDSHAKE_TRAFFIC_SECRET dba8c9568c15ad4fc57b5d117ede0db79554157e6d30367e87be3b5fb4c5af27 c424505d3025af3dd6f287387de65b63886e1b4c985b6440683818519040fd56
SERVER_HANDSHAKE_TRAFFIC_SECRET dba8c9568c15ad4fc57b5d117ede0db79554157e6d30367e87be3b5fb4c5af27 fe698cbfa8d87d04349f93844ce741365649094258bcb3d21328e5654deff3de
CLIENT_TRAFFIC_SECRET_0 dba8c9568c15ad4fc57b5d117ede0db79554157e6d30367e87be3b5fb4c5af27 4838d10fced271e8b47cea28d47cc4e027f18d757ecca2ab8ab9fe2afb99f4a1
SERVER_TRAFFIC_SECRET_0 dba8c9568c15ad4fc57b5d117ede0db79554157e6d30367e87be3b5fb4c5af27 ec4641f63c587785c28d1557626ff5ed1808f63367eb02d928a177c63ba4bfeb
CLIENT_HANDSHAKE_TRAFFIC_SECRET e326e48545c5ac4bd617b84f3eb3c4d637e446639791495956e508dbd761c017 72c26becc3ebe67ae00ce7f4a31c164734d07841cb1b1351e01977fedc8ddf53
SERVER_HANDSHAKE_TRAFFIC_SECRET e326e48545c5ac4bd617b84f3eb3c4d637e446639791495956e508dbd761c017 87dd3d0991eef8725699031d49ba9a82e401f522bf311d5e803305c555d1901c
CLIENT_TRAFFIC_SECRET_0 e326e48545c5ac4bd617b84f3eb3c4d637e446639791495956e508dbd761c017 bcb6897d5695d3104bc2ed6ccd01f832f857b79d10e75d2723c6b638f1a127ce
SERVER_TRAFFIC_SECRET_0 e326e48545c5ac4bd617b84f3eb3c4d637e446639791495956e508dbd761c017 42a105f99cebb9970ad5214eeb3438a96d85742d8455ee114aee19165fe9e4d2
CLIENT_HANDSHAKE_TRAFFIC_SECRET 70d886ebc6e81ddde901257fd389dd2167b015335da1a1ebde0d8afa31204052 15e437192c1c2499cb33ba60569bec1589ee1b3dea87cc2ca345cabf5bbe0762
SERVER_HANDSHAKE_TRAFFIC_SECRET 70d886ebc6e81ddde901257fd389dd2167b015335da1a1ebde0d8afa31204052 d87e1af9f3061ad0d9125a112a2e36085d1b3c8ec742e3ac4ecb79674d7c2e1e
CLIENT_TRAFFIC_SECRET_0 70d886ebc6e81ddde901257fd389dd2167b015335da1a1ebde0d8afa31204052 5ea3273686d6e76a7931a97dff99bdf362f1f0b9a0fb996123afaf418a67330f
SERVER_TRAFFIC_SECRET_0 70d886ebc6e81ddde901257fd389dd2167b015335da1a1ebde0d8afa31204052 9b2325de223a69847ebbd759dbd67589d185ad0f8bfc0a8cdf7acd32d45277e4
CLIENT_HANDSHAKE_TRAFFIC_SECRET ecc4ad698301bc595b1647cb5f2cc5fa5739fda3c337d77a395084eb2519c08f 02ba583706bed5b76ae820b841c3cf0eb72c49a0d9a5ce5db9d252cbed0372ae
SERVER_HANDSHAKE_TRAFFIC_SECRET ecc4ad698301bc595b1647cb5f2cc5fa5739fda3c337d77a395084eb2519c08f 7ce12ae6417a0e78f9090078e4599b9367355b0921d6fd5371ba01a3ce3c053b
CLIENT_TRAFFIC_SECRET_0 ecc4ad698301bc595b1647cb5f2cc5fa5739fda3c337d77a395084eb2519c08f 3049c26529eeea1c583062dbdcd2e795bdb80392770e21d060ff33fda5b9d881
SERVER_TRAFFIC_SECRET_0 ecc4ad698301bc595b1647cb5f2cc5fa5739fda3c337d77a395084eb2519c08f 0dc5318293d5edb252a7b57f186cad4ba330ff743aeffa04fbeb9448f433fe90
CLIENT_HANDSHAKE_TRAFFIC_SECRET 2f033fdeb354a3fc4d61361469e057043e1eecb42c4a4221680a4c3aa479d56f 2685d25a69dcfe85135e178a21b43bd0167e05c9742e457044f691c720fb6646
SERVER_HANDSHAKE_TRAFFIC_SECRET 2f033fdeb354a3fc4d61361469e057043e1eecb42c4a4221680a4c3aa479d56f 1509ce86c2787847ac92cde47522e6ce5be6c7ebd7b62fcf2f61a48ca7b5e3a7
CLIENT_TRAFFIC_SECRET_0 2f033fdeb354a3fc4d61361469e057043e1eecb42c4a4221680a4c3aa479d56f 1d757f4b80990f180bc22a3a3bc9f1027a0530fd5038e7f188eebcff098af37c
SERVER_TRAFFIC_SECRET_0 2f033fdeb354a3fc4d61361469e057043e1eecb42c4a4221680a4c3aa479d56f f44bc38a84d57b893d507f12a6343147fd7c38ecc83eedc454774503b33109d0
CLIENT_HANDSHAKE_TRAFFIC_SECRET c15804912957228232ec2bf58e33f5208b5511b4dad0f2a61106e1edd8779bc1 d2144626873dccb299b1f46b3d4b00e45492ceca9d2d667b711c0df68ea3d675
SERVER_HANDSHAKE_TRAFFIC_SECRET c15804912957228232ec2bf58e33f5208b5511b4dad0f2a61106e1edd8779bc1 ed96f602dbf034c7936ad0c69da03191fe9f1ab1d7702776181bf050d997d54c
CLIENT_TRAFFIC_SECRET_0 c15804912957228232ec2bf58e33f5208b5511b4dad0f2a61106e1edd8779bc1 0dc065f2177f0340ebe11f7153279567e2cb8a2dbb4c2041f95645ded8525e03
SERVER_TRAFFIC_SECRET_0 c15804912957228232ec2bf58e33f5208b5511b4dad0f2a61106e1edd8779bc1 6be0a62992fcf11c8266b4f5c5519ea81c441d3365b2b5137300b2a7e70f53b0
CLIENT_HANDSHAKE_TRAFFIC_SECRET 0ab198005a575d737bbef8675996633cc1e986356b12c81cf2ee568648ba19bf c939719b311389ce1029d7543ce8a27c67ddeaf6fbf88773e7fe7eee06420f29
SERVER_HANDSHAKE_TRAFFIC_SECRET 0ab198005a575d737bbef8675996633cc1e986356b12c81cf2ee568648ba19bf c2da007e963a213cf7dd26efbae2e1e16fda947934e0aac115aff77e4ec0449c
CLIENT_TRAFFIC_SECRET_0 0ab198005a575d737bbef8675996633cc1e986356b12c81cf2ee568648ba19bf cb088faf1c6e23ec9373e0f4e7b23241eff26d0d31f3cff8956dcf736becdc27
SERVER_TRAFFIC_SECRET_0 0ab198005a575d737bbef8675996633cc1e986356b12c81cf2ee568648ba19bf 882742f2e1e408cefa02bb357d91056fb7cb3ecc7b72c756e3c0a31e38eb77cc
CLIENT_HANDSHAKE_TRAFFIC_SECRET 0d485f3f6bcc891fbd108b99e0e6c4edce190837051eb8beb748b51f9714fbc2 d8ff3aa8142a89f4c308d008ca309a8f624bc7e2af36a982b8fa6d24ee559ed3
SERVER_HANDSHAKE_TRAFFIC_SECRET 0d485f3f6bcc891fbd108b99e0e6c4edce190837051eb8beb748b51f9714fbc2 a4aafceeb10d9a300ff6ce63b20d86389640f83cadbd9a4376add8d9f704f102
CLIENT_TRAFFIC_SECRET_0 0d485f3f6bcc891fbd108b99e0e6c4edce190837051eb8beb748b51f9714fbc2 cd1cd364d5fa7bb16db75fb28f38c59aa4a5a478c6cac7c618ab5123c4973479
SERVER_TRAFFIC_SECRET_0 0d485f3f6bcc891fbd108b99e0e6c4edce190837051eb8beb748b51f9714fbc2 27e6577f173bdcd959f9e739bbe2b59c4b32a7b8426204293f87748ca025c580
CLIENT_HANDSHAKE_TRAFFIC_SECRET 362778660df8225ab496e40b9c84d942f1391d632ad8076d066b523fdbfa6da5 bec1fd63203e7035d85ca4e1be5e1d8de2e9ec4e1c049ca32c5d2e0c0f11752d
SERVER_HANDSHAKE_TRAFFIC_SECRET 362778660df8225ab496e40b9c84d942f1391d632ad8076d066b523fdbfa6da5 186c45c5e5073c673ab7a6375ee2f8e2cadc0f8b8bd56b3264bf71b2804c23c3
CLIENT_TRAFFIC_SECRET_0 362778660df8225ab496e40b9c84d942f1391d632ad8076d066b523fdbfa6da5 ed2850874137dc893a3a8bf554452fdc03431896c68850e96c4dda022d22d0cb
SERVER_TRAFFIC_SECRET_0 362778660df8225ab496e40b9c84d942f1391d632ad8076d066b523fdbfa6da5 6d0aa6f44ac88ab93a25195ebd2ef4487224af667fa7f4205adde381fd33b613
CLIENT_HANDSHAKE_TRAFFIC_SECRET a0fedf004e252e1245bebe56a689688dac1314f55a7ed7cd21951f8ed7d1bb73 c7bab00b84fef8a980a5c8694fa318af1f2c6cc97c9dc31e60e1d7101730def9
SERVER_HANDSHAKE_TRAFFIC_SECRET a0fedf004e252e1245bebe56a689688dac1314f55a7ed7cd21951f8ed7d1bb73 957966a68f38bbd99b24d9e57f2cfe7a2342665405733874bbb33b8050bbf9c7
CLIENT_TRAFFIC_SECRET_0 a0fedf004e252e1245bebe56a689688dac1314f55a7ed7cd21951f8ed7d1bb73 4b4415a9fc04efcb87a04cb53a14b7a85d6dc970a16481284b6f237702cb1acb
SERVER_TRAFFIC_SECRET_0 a0fedf004e252e1245bebe56a689688dac1314f55a7ed7cd21951f8ed7d1bb73 5186d7190dfe14c7fa8df315f8291d1d0fbb6e74bc7ffc6bb4348de21ee23d70
CLIENT_HANDSHAKE_TRAFFIC_SECRET 44d9c988c401b7b28e4d629f9d6d09d0c9a32d90090297a77b74d4a8ee2c7c04 66b4e4bdf2935cb2c5d0521da524c86363e1779843220d389c1198aca1acb62a
SERVER_HANDSHAKE_TRAFFIC_SECRET 44d9c988c401b7b28e4d629f9d6d09d0c9a32d90090297a77b74d4a8ee2c7c04 670696ebd25d57c74176f904ef74e6fe9a79020d272e0b17ab5426e6d7cbd1be
CLIENT_TRAFFIC_SECRET_0 44d9c988c401b7b28e4d629f9d6d09d0c9a32d90090297a77b74d4a8ee2c7c04 43cc0c9c03f8eedac78cea17a7b94bd11beb9702066ba792cd33b305ee28d28c
SERVER_TRAFFIC_SECRET_0 44d9c988c401b7b28e4d629f9d6d09d0c9a32d90090297a77b74d4a8ee2c7c04 6710920fd80e46d230c087d918bb876c3721dea3826f25aaa3491841a9204e6e
CLIENT_HANDSHAKE_TRAFFIC_SECRET 6ece64c2919fe44a65964d38e32c96eddcb1e9d322a49179c0be076dea889f7e 242ce122bc607bb178c01cf303c35e01666a3a0f83883e2daeec741d3de8130f
SERVER_HANDSHAKE_TRAFFIC_SECRET 6ece64c2919fe44a65964d38e32c96eddcb1e9d322a49179c0be076dea889f7e 4b558d0502d354187b578e8d27314112c45e55f1be5652aa64115bbae85cb00c
CLIENT_TRAFFIC_SECRET_0 6ece64c2919fe44a65964d38e32c96eddcb1e9d322a49179c0be076dea889f7e ebe953d26af4a15df893fe2f65491d2e38e465ce90b2a81815b32e427d8320ae
SERVER_TRAFFIC_SECRET_0 6ece64c2919fe44a65964d38e32c96eddcb1e9d322a49179c0be076dea889f7e 9bab6b17af975e9a0e20536fd6a8b88232bc02d8366112a77bb33c3b193a0c31
CLIENT_HANDSHAKE_TRAFFIC_SECRET c6b4a10e7968dd9e51d2b1dcfc584b00298985b88c3f976e155e1219b8df5138 d665800cdde8cff8a8dfb8de0b0d953533ec35ad70b7150342593ff12a3d2c36
SERVER_HANDSHAKE_TRAFFIC_SECRET c6b4a10e7968dd9e51d2b1dcfc584b00298985b88c3f976e155e1219b8df5138 a36ae09681149156a69423dfc8f9eb7e445c86c5b4f8b962fecbbcbe0df26e4a
CLIENT_TRAFFIC_SECRET_0 c6b4a10e7968dd9e51d2b1dcfc584b00298985b88c3f976e155e1219b8df5138 c51991e2345a77b02d71cdc1cab8d305634f8f439cad8a7fa34e1c43b7df28c0
SERVER_TRAFFIC_SECRET_0 c6b4a10e7968dd9e51d2b1dcfc584b00298985b88c3f976e155e1219b8df5138 311ffc1e88a421ec395232057da4c3da2b7eaeadb33bd00d6b9130476aa1f605
CLIENT_HANDSHAKE_TRAFFIC_SECRET 3810b79a906c6065062b656d2e9f90de6631b8b6813c35b8ebd9b1937b607cff c92a3a21421c0b3fa5c7523af7e5edc72b114b5e3bbc3a1f0783405fa7a34a81
SERVER_HANDSHAKE_TRAFFIC_SECRET 3810b79a906c6065062b656d2e9f90de6631b8b6813c35b8ebd9b1937b607cff 58e572c16462df77846d2b2c9427a98457f84e458f23be1ea8c83003f2a83b84
CLIENT_TRAFFIC_SECRET_0 3810b79a906c6065062b656d2e9f90de6631b8b6813c35b8ebd9b1937b607cff 9a78d019436084cd47b87f06ce326eeb3f1b8d4282ed99e8e2674608ec8120f0
SERVER_TRAFFIC_SECRET_0 3810b79a906c6065062b656d2e9f90de6631b8b6813c35b8ebd9b1937b607cff cba3b94acdbbbb733f0157551492da4b642db452ee333f1a14b3a4ed29b0b588
CLIENT_HANDSHAKE_TRAFFIC_SECRET 2066655e2d234b6ad9837fddb0c16b0f401efde5c7d02e6db85a2a7bf963286b da1fce29b937007db4d1b2022df9f265da7f80107e4aa7a7821c4cd3eaafcde9
SERVER_HANDSHAKE_TRAFFIC_SECRET 2066655e2d234b6ad9837fddb0c16b0f401efde5c7d02e6db85a2a7bf963286b 03a3eb8915564ff6736bcc82165a9a203d1b57ab58fdd80abdefabdc330db4bc
CLIENT_TRAFFIC_SECRET_0 2066655e2d234b6ad9837fddb0c16b0f401efde5c7d02e6db85a2a7bf963286b da3773947bc5445c790203bf2b5051b1533308ebf1f224c21921fa048db1e614
SERVER_TRAFFIC_SECRET_0 2066655e2d234b6ad9837fddb0c16b0f401efde5c7d02e6db85a2a7bf963286b 9f4a201b2467bdd27bdf00afaf4af43d9817781454de2825bf11d216ddae87ae
CLIENT_HANDSHAKE_TRAFFIC_SECRET 13e9fe731a4d1168ad75bb60a585736e25d303f9b1d28f45833085451320588c 895b746c7027c7c9e379a6d89152e55615c76cc3f9278204d82b25ac2ff45089
SERVER_HANDSHAKE_TRAFFIC_SECRET 13e9fe731a4d1168ad75bb60a585736e25d303f9b1d28f45833085451320588c ef5b626f2750281b6ffed71f6711bd509e21f865feecfa6ce0dff05ab83b196f
CLIENT_TRAFFIC_SECRET_0 13e9fe731a4d1168ad75bb60a585736e25d303f9b1d28f45833085451320588c b38549cd23148aeef52aa1378744c21738c48f3eb980f036f6ec012d78acc5d2
SERVER_TRAFFIC_SECRET_0 13e9fe731a4d1168ad75bb60a585736e25d303f9b1d28f45833085451320588c 9569c59364588ef5599b84eda4f00733775f2b06822897cf5cad2fae853b53b1
CLIENT_HANDSHAKE_TRAFFIC_SECRET 455ce2148d2b09d37e5268efd1d0249008efd4afddadeae32822b2b83b6a465b 940c8c1cf1a46d91d7af073c6303f5bf83ec30420a44c793f9ebb70790000d36
SERVER_HANDSHAKE_TRAFFIC_SECRET 455ce2148d2b09d37e5268efd1d0249008efd4afddadeae32822b2b83b6a465b be22c88262ba82c42d56f1c15363e2279da4d0ee5a9f3b618ab792e499891d4b
CLIENT_TRAFFIC_SECRET_0 455ce2148d2b09d37e5268efd1d0249008efd4afddadeae32822b2b83b6a465b 8477543c34f01381d9190f42817bc91b95439abdbde847d1d34c8edbd2209f7f
SERVER_TRAFFIC_SECRET_0 455ce2148d2b09d37e5268efd1d0249008efd4afddadeae32822b2b83b6a465b 19b45b25970d1487701255241f88147ec938500258183d88217e809ce476c88f
CLIENT_HANDSHAKE_TRAFFIC_SECRET 4eda8ca4791edb48dbcdbc862bef39c2bc8331a8f53a31eb01807005f000bc00 6ae5b7457d74e28641bdf7b6e1208a172e439b05895799b8d530200ea1c81a0c
SERVER_HANDSHAKE_TRAFFIC_SECRET 4eda8ca4791edb48dbcdbc862bef39c2bc8331a8f53a31eb01807005f000bc00 608221ecaa1843db867dc1cae072bff2d6ade85fb709119c957662a6f62c193a
CLIENT_TRAFFIC_SECRET_0 4eda8ca4791edb48dbcdbc862bef39c2bc8331a8f53a31eb01807005f000bc00 698509a1aae515d11acc4085b4851fe97039daf9ab4c18dfd5be58ea848ad0b2
SERVER_TRAFFIC_SECRET_0 4eda8ca4791edb48dbcdbc862bef39c2bc8331a8f53a31eb01807005f000bc00 8b482740f1af6ca61fc3144e23c8ae627ee73516b261ed80ecfcdc0c1e8c9230
CLIENT_HANDSHAKE_TRAFFIC_SECRET 90a84e473c5c7f08170e6747d1010b147adc8b102b9687dce2762f29c2603f52 1f09e7f76bae10f65031f168b6bceab1534250bd8544810b488928f3d168598d
SERVER_HANDSHAKE_TRAFFIC_SECRET 90a84e473c5c7f08170e6747d1010b147adc8b102b9687dce2762f29c2603f52 a79a6b70601e60cbdb5f7175bee9a00b0d7d6d200fb81a4c43e1c372d4edab8f
CLIENT_TRAFFIC_SECRET_0 90a84e473c5c7f08170e6747d1010b147adc8b102b9687dce2762f29c2603f52 77a065bb1474a49d235298d097758025f422716b37269bb70bc4bb5f8e140e9e
SERVER_TRAFFIC_SECRET_0 90a84e473c5c7f08170e6747d1010b147adc8b102b9687dce2762f29c2603f52 4f7aa60b3887c7494105cdf80affa26a1cc1da9997bf63e478411c27501293b3
CLIENT_HANDSHAKE_TRAFFIC_SECRET 6941804bfafb03514962a3d74215ffc131a17173c88c28fc3efa192ee8742c85 ced4f61561cecc627ef0dd4dd5f1a7817ac8ec44e7e5d87ec894cb4b8f95876b
SERVER_HANDSHAKE_TRAFFIC_SECRET 6941804bfafb03514962a3d74215ffc131a17173c88c28fc3efa192ee8742c85 6e9c377a5f7041f117f8f437bd519a59fd53a46fbcf2524db8a4c331b0106259
CLIENT_TRAFFIC_SECRET_0 6941804bfafb03514962a3d74215ffc131a17173c88c28fc3efa192ee8742c85 9621cd69abad04bb9df9051c5256d7c4f5d08328a7addf68500f9cc50e6ac111
SERVER_TRAFFIC_SECRET_0 6941804bfafb03514962a3d74215ffc131a17173c88c28fc3efa192ee8742c85 a003a0c6730cc489d6ad9eeb22aad6df1dbc88e28942e8453bc7fe3a37e581e1
CLIENT_HANDSHAKE_TRAFFIC_SECRET f563eef1d091b5bb9b9da87eb923f9b0b31ccfefe80c0fdfa38da67fe58829a0 c7455fd39e9e959ba879f321c2111a75fd0006e82548454f5f5d9e8a1ad1bc41
SERVER_HANDSHAKE_TRAFFIC_SECRET f563eef1d091b5bb9b9da87eb923f9b0b31ccfefe80c0fdfa38da67fe58829a0 12fcfb1de4be9e28f935e6788caea4526db0885f867481aed64974e77c3c750c
CLIENT_TRAFFIC_SECRET_0 f563eef1d091b5bb9b9da87eb923f9b0b31ccfefe80c0fdfa38da67fe58829a0 abf968e8e25407aefacdf32f4b29b0c6d6f43681e81a17f6acfadf5739c06ab8
SERVER_TRAFFIC_SECRET_0 f563eef1d091b5bb9b9da87eb923f9b0b31ccfefe80c0fdfa38da67fe58829a0 146c7e267f29e971f2ca104093c593b4ced113d13fb0bbec6881dd742ce510db
CLIENT_HANDSHAKE_TRAFFIC_SECRET b2d6b173e0beab22a930ff6cee3581b672d26f7916a75cee1bf722737f093edc 746f88ffeedc0665c8dafdf9f9e490cd055185a8f67db027016d69a7206041f8
SERVER_HANDSHAKE_TRAFFIC_SECRET b2d6b173e0beab22a930ff6cee3581b672d26f7916a75cee1bf722737f093edc f5855e71ed2db4608ba2fafeb85f36ccdc649ce584d0756f851fabc01f0bdac4
CLIENT_TRAFFIC_SECRET_0 b2d6b173e0beab22a930ff6cee3581b672d26f7916a75cee1bf722737f093edc bc43fc3770888176e2cee49e762b140a7ebde07da27495d48908b5c3370a8899
SERVER_TRAFFIC_SECRET_0 b2d6b173e0beab22a930ff6cee3581b672d26f7916a75cee1bf722737f093edc cc3a1cb324ed12185954cad33383d451919d1b2ce817dcaeaa50adfad1078aa0
CLIENT_HANDSHAKE_TRAFFIC_SECRET a4159b51b32ea82560ffc8e672e68b59f413d801c184dc56d873e2d3a85a9ee4 32381ff7f98965de37f6ba6fbba3606c900dd15f415568c277daa3980dd9ab78
SERVER_HANDSHAKE_TRAFFIC_SECRET a4159b51b32ea82560ffc8e672e68b59f413d801c184dc56d873e2d3a85a9ee4 28e959a26e8ca93037a8382a842e03567aca014eec794b3f63bf096cd7f63a58
CLIENT_TRAFFIC_SECRET_0 a4159b51b32ea82560ffc8e672e68b59f413d801c184dc56d873e2d3a85a9ee4 9d7516e8f9ac3f93d9f31d3b369cb4a837fe93c66e47fa1c72b655391a72ab1b
SERVER_TRAFFIC_SECRET_0 a4159b51b32ea82560ffc8e672e68b59f413d801c184dc56d873e2d3a85a9ee4 3ee0088f70afd1624947a941a3ea9a5a0fc4d45349e5cf6a0297cc008ee2f82b
CLIENT_HANDSHAKE_TRAFFIC_SECRET 598d399d4f4c083ddf2d502d7cbd1bc968633bd8b64dd66cbdf767324bfd383f 9dfb1797a2560cfa5fa202261adda909cbd929177d2b5d1aa404d32e8d4bd6f8
SERVER_HANDSHAKE_TRAFFIC_SECRET 598d399d4f4c083ddf2d502d7cbd1bc968633bd8b64dd66cbdf767324bfd383f 6aa08ac8185357fd23482c92b654dcbdf994a1a003222227a88f35ac804a771a
CLIENT_TRAFFIC_SECRET_0 598d399d4f4c083ddf2d502d7cbd1bc968633bd8b64dd66cbdf767324bfd383f 619ff819e23d4a5ffd0c1a5f50de410a132c9e0e4bf19b0045c64d6b6293e57b
SERVER_TRAFFIC_SECRET_0 598d399d4f4c083ddf2d502d7cbd1bc968633bd8b64dd66cbdf767324bfd383f 677e5b49694fe41fbb2169f9b8e9ea94c0ebd68144e3e6eb3a2aab9c1ced1d3c
CLIENT_HANDSHAKE_TRAFFIC_SECRET 819f7c59d4711222634a8fe4febae974307fcdedd6d52b31fff7b907e9a9ac1e 23a96c902f430a731f5c1f9c0070bd74fa4c726bb2ef91885de40e5e5290ef88
SERVER_HANDSHAKE_TRAFFIC_SECRET 819f7c59d4711222634a8fe4febae974307fcdedd6d52b31fff7b907e9a9ac1e 443b183fea2f9a0a5fc618597fd1687481758aa92e367d2dcf986d4e91214cf0
CLIENT_TRAFFIC_SECRET_0 819f7c59d4711222634a8fe4febae974307fcdedd6d52b31fff7b907e9a9ac1e 17a59139c92d9e125c171b32b7ed94d20cc810821d8b36948da0cd4ebf52ec2b
SERVER_TRAFFIC_SECRET_0 819f7c59d4711222634a8fe4febae974307fcdedd6d52b31fff7b907e9a9ac1e eabeb0a5674ab7eab6f7edda037c817032057f51888d6af8b04ce6b2d54f4fa3
CLIENT_HANDSHAKE_TRAFFIC_SECRET 1c458668de396f1ada88fb3a529d7651875cbb9ccad1699a4a66e4b7dc0dfb9b 455129dcdd6784176c20d9852c05d684ac76bb310fe2088da12fce46b5e020c5
SERVER_HANDSHAKE_TRAFFIC_SECRET 1c458668de396f1ada88fb3a529d7651875cbb9ccad1699a4a66e4b7dc0dfb9b dc5d28fdba13c57544d4d9fcb99b29936e360f37947416539c0f1395cd7fb105
CLIENT_TRAFFIC_SECRET_0 1c458668de396f1ada88fb3a529d7651875cbb9ccad1699a4a66e4b7dc0dfb9b b0e87b4524b72c45d405751091c5fd0c3ae7527a1b515705baa25d910676dc7b
SERVER_TRAFFIC_SECRET_0 1c458668de396f1ada88fb3a529d7651875cbb9ccad1699a4a66e4b7dc0dfb9b e5db01091bae949452ec78598faf2379c4debd9c6306a808b85062959197b4fa
CLIENT_HANDSHAKE_TRAFFIC_SECRET 2218a8271c4a3a5a477bff57cebec4e4f771a43c6b0c7ba3026f79f68d5edce5 b4a6b81adb17520fe90b9c53039f8fca8b2ab46a2fd1ffa50746e6459835db0a
SERVER_HANDSHAKE_TRAFFIC_SECRET 2218a8271c4a3a5a477bff57cebec4e4f771a43c6b0c7ba3026f79f68d5edce5 ad12c5b0ff17d7e52b7f68c50ea7d17e277fdd2552aa868dd58d3ccc1d497312
CLIENT_TRAFFIC_SECRET_0 2218a8271c4a3a5a477bff57cebec4e4f771a43c6b0c7ba3026f79f68d5edce5 d9024b42e03fab674c30daab48b9bf97afea5808da90311b60107d8465ddf9d7
SERVER_TRAFFIC_SECRET_0 2218a8271c4a3a5a477bff57cebec4e4f771a43c6b0c7ba3026f79f68d5edce5 b25a73d3a23890b83f762a9f0dbb218faee67bd6e505604ca686d510f6b0bf07
CLIENT_HANDSHAKE_TRAFFIC_SECRET 43a3c3964553885002602227f5b4ae5d19e8de846ba83201f63fbd362357c3a1 7e2c74e48a1699325b8b53c0f1955c4996a462eea21ef2b7e2063ea168783fc8
SERVER_HANDSHAKE_TRAFFIC_SECRET 43a3c3964553885002602227f5b4ae5d19e8de846ba83201f63fbd362357c3a1 4c028d6d0cae855d73522e2dbee8afe7114d8aa0ff5327fe79f781f96c6dbc60
CLIENT_TRAFFIC_SECRET_0 43a3c3964553885002602227f5b4ae5d19e8de846ba83201f63fbd362357c3a1 169a57323f5c6c22f9df169f998abb1eb0e6abc83e5f30d7e02e2149dca22e0a
SERVER_TRAFFIC_SECRET_0 43a3c3964553885002602227f5b4ae5d19e8de846ba83201f63fbd362357c3a1 c24c77cf5af644891ec6c7971eed393bc4667b2b54e2352362dd7220b8f08539
CLIENT_HANDSHAKE_TRAFFIC_SECRET 4c983b6132051db5b874f7f81a38b8b2b24af1083f6316669ea9d0c55096cfb7 320fdbcf3aa05fe047e7dd33841911f19eec159231dd59867d941b9de19d1932
SERVER_HANDSHAKE_TRAFFIC_SECRET 4c983b6132051db5b874f7f81a38b8b2b24af1083f6316669ea9d0c55096cfb7 5f9aa13804e0ab8a60cb8302ac87a531ed0b3ec935e0d3695ed228c43b1a402d
CLIENT_TRAFFIC_SECRET_0 4c983b6132051db5b874f7f81a38b8b2b24af1083f6316669ea9d0c55096cfb7 91acb2f0906395f7a5030da4ba24bd7ceddd695a420eeda13d591e71c2ef2a01
SERVER_TRAFFIC_SECRET_0 4c983b6132051db5b874f7f81a38b8b2b24af1083f6316669ea9d0c55096cfb7 24a8ff6737f3b7c1c1ffc1c85c54434eaf88afc8f5d7b82b3c80c30acc1d6389
CLIENT_HANDSHAKE_TRAFFIC_SECRET c0f286eef86342995abaa087fb2967b1b1bb15e7bff35a5b3144eaabe1a54d87 5c27bcb10ffca58ddb4f2b5636e72a7d381cd449ab61e9fe75761cf4b47f7d40
SERVER_HANDSHAKE_TRAFFIC_SECRET c0f286eef86342995abaa087fb2967b1b1bb15e7bff35a5b3144eaabe1a54d87 a35a4b5eb35101d703d7248512085d84db3b15b5904591634d461ceea04a22ea
CLIENT_TRAFFIC_SECRET_0 c0f286eef86342995abaa087fb2967b1b1bb15e7bff35a5b3144eaabe1a54d87 0f3420ffaf2ba294a09677491f8f97069c97889ed39b4123d766bac1192100df
SERVER_TRAFFIC_SECRET_0 c0f286eef86342995abaa087fb2967b1b1bb15e7bff35a5b3144eaabe1a54d87 fac148d783326c8bdad5a932398e871ae57cbc08d22ea855e59abb65c4757e14
CLIENT_HANDSHAKE_TRAFFIC_SECRET 274f4593e897b628dd4ff998245b2d39acc894ccbf56f9e6273497ec2b0f4076 bc489d23194a5614f4114736aae7d44c5ca7b7922b0400b1a47c7e4255a14b31
SERVER_HANDSHAKE_TRAFFIC_SECRET 274f4593e897b628dd4ff998245b2d39acc894ccbf56f9e6273497ec2b0f4076 620ba27768497496104d939b5d9da2b4c1c544487ecd70664293cb22acc993bc
CLIENT_TRAFFIC_SECRET_0 274f4593e897b628dd4ff998245b2d39acc894ccbf56f9e6273497ec2b0f4076 42f2855666e5c83e23c10622ecf8f0a97369621629b2b60b19c13155533db12f
SERVER_TRAFFIC_SECRET_0 274f4593e897b628dd4ff998245b2d39acc894ccbf56f9e6273497ec2b0f4076 723071031d8d1e13302889cc920d7e48a1fb26a60c1c3454a2044079fba78e5c
CLIENT_HANDSHAKE_TRAFFIC_SECRET 5a72bce742d6b8f0ad2b25c80bbd61e365b18aec2ac9f593d7b12e5af8d556e8 b815d6f03686a07fbd852f86507a0ccda0d20f198b2b1a8f3076117520a57138
SERVER_HANDSHAKE_TRAFFIC_SECRET 5a72bce742d6b8f0ad2b25c80bbd61e365b18aec2ac9f593d7b12e5af8d556e8 1c3b51c3731776a0c9b28bc13129db882718d1fa21adfbc02e8af6fe48918dd6
CLIENT_TRAFFIC_SECRET_0 5a72bce742d6b8f0ad2b25c80bbd61e365b18aec2ac9f593d7b12e5af8d556e8 223ba443e95560bc1c2c51ef1130d89e48e85d95a8304aa2f2f47f54f655f57d
SERVER_TRAFFIC_SECRET_0 5a72bce742d6b8f0ad2b25c80bbd61e365b18aec2ac9f593d7b12e5af8d556e8 28ac0443bd0d4c399e66583f171fd220c453a5b58c01c340ac76efe807403724
CLIENT_HANDSHAKE_TRAFFIC_SECRET 318239913d9e51667d41817965e8ee1f7757bce38ab4ed11179f18ca51d50ff4 d84fe8691db87f71e4607cd11db7f4a64cf663e09f0e9c4e7de8ef4e66472cca
SERVER_HANDSHAKE_TRAFFIC_SECRET 318239913d9e51667d41817965e8ee1f7757bce38ab4ed11179f18ca51d50ff4 48052925b34f2636b4da3d9b3bfb7357c632b29fce663383dcdba1e0f91b20f1
CLIENT_TRAFFIC_SECRET_0 318239913d9e51667d41817965e8ee1f7757bce38ab4ed11179f18ca51d50ff4 6dd86c63de2add3f67eb454287b6426b569b5fad8941d4e1dfe82b8b6fbfcbd9
SERVER_TRAFFIC_SECRET_0 318239913d9e51667d41817965e8ee1f7757bce38ab4ed11179f18ca51d50ff4 e218ef1463db16b34a27217775884695c201f4518030f2e4d87f4ee9b2a39fb0
CLIENT_HANDSHAKE_TRAFFIC_SECRET 39b13e3c39c8925872e6698176c46740c17959b4e239dd1e312a3d510e99aa15 c627bd09d03b21c730adb0a1741e95e42a9cbfcc731261c56b94e274ab1bdc1c
SERVER_HANDSHAKE_TRAFFIC_SECRET 39b13e3c39c8925872e6698176c46740c17959b4e239dd1e312a3d510e99aa15 2ad9ddf3d724a9a4649404b05d5f447478d53f895d6f6ca72019f3d64d6413ed
CLIENT_TRAFFIC_SECRET_0 39b13e3c39c8925872e6698176c46740c17959b4e239dd1e312a3d510e99aa15 d03db6817112e92cc2a51452d3843b1ffa6dc4dec9f720bd0c46e8d9006ba73a
SERVER_TRAFFIC_SECRET_0 39b13e3c39c8925872e6698176c46740c17959b4e239dd1e312a3d510e99aa15 3157c71bc6585c91954c21ff36bf9d7ca0b24331cc46c1b4d60baeaae009076b
CLIENT_HANDSHAKE_TRAFFIC_SECRET 17d8b707cd018475f427ec7f0c7ba7b31e66dd90289337ff9ac6ca90c9e3204c 31372cd6e0248a9088223ef1fb38b6adae5448e8b40ae43a4ae2c858890bd8a5
SERVER_HANDSHAKE_TRAFFIC_SECRET 17d8b707cd018475f427ec7f0c7ba7b31e66dd90289337ff9ac6ca90c9e3204c 30d15812e91982d6e0f059f84fc87bec3632d9d9c0e513ac4a9049d65b8e87b5
CLIENT_TRAFFIC_SECRET_0 17d8b707cd018475f427ec7f0c7ba7b31e66dd90289337ff9ac6ca90c9e3204c 932c35915d7987c1e04cbeaaa3ae52183d9cd05f134cb3ced456e07caaa569a1
SERVER_TRAFFIC_SECRET_0 17d8b707cd018475f427ec7f0c7ba7b31e66dd90289337ff9ac6ca90c9e3204c 3d184726db63ff31685f7e0748405a08552dfad363c093f793fbf56684bd9bdf
CLIENT_HANDSHAKE_TRAFFIC_SECRET 0362f67eebf7676b011abb2b45ae29ef91dfdca01ded821c140e37d8ee20c616 2052e6c770e91ff98613590f51a62a25b44baf09d7a755f453bad1abee409bb5
SERVER_HANDSHAKE_TRAFFIC_SECRET 0362f67eebf7676b011abb2b45ae29ef91dfdca01ded821c140e37d8ee20c616 ccce558aa12535479eeb3834bb5854907e0e0441b96cd162c5f96d066c2410f9
CLIENT_TRAFFIC_SECRET_0 0362f67eebf7676b011abb2b45ae29ef91dfdca01ded821c140e37d8ee20c616 8c2a4562b763743430f1b59ff148bf499b15fd39bbc6f1e692b5ffa680db3edb
SERVER_TRAFFIC_SECRET_0 0362f67eebf7676b011abb2b45ae29ef91dfdca01ded821c140e37d8ee20c616 a9dcca149f1a750a6f9bcb2904fe92b4153ad1f25273292bb261a22fc0b46601
CLIENT_HANDSHAKE_TRAFFIC_SECRET 2bd4ed1d778a08d93fcbc11186cc7c1edd43b86ce4c245553c7e880c0be4bd8b 62554d858612794ebbee1e2793f5e104cbf3b2ee7859eb15f948166400499830
SERVER_HANDSHAKE_TRAFFIC_SECRET 2bd4ed1d778a08d93fcbc11186cc7c1edd43b86ce4c245553c7e880c0be4bd8b c8bb5f589ff0e71f6ec386c52c28d0e30477765a7706b2ad9a85da8399e7ff4e
CLIENT_TRAFFIC_SECRET_0 2bd4ed1d778a08d93fcbc11186cc7c1edd43b86ce4c245553c7e880c0be4bd8b 88a432b9a61b03467a47bfc5459f2a31613d91b9a93f46ed80c28f48910af3b8
SERVER_TRAFFIC_SECRET_0 2bd4ed1d778a08d93fcbc11186cc7c1edd43b86ce4c245553c7e880c0be4bd8b aa6823296af12c40d11e99a49d57031189bda01d231020a6293717bf3ecc1911
CLIENT_HANDSHAKE_TRAFFIC_SECRET 544be4e1b94bc9599c725646cbe8d30b1530d40b4479f7de8ebecd7966e7a40f 850933b451cd1ea32dde9fa322d5cbf96336fcf95ae9dd8313f7bd8989494e48
SERVER_HANDSHAKE_TRAFFIC_SECRET 544be4e1b94bc9599c725646cbe8d30b1530d40b4479f7de8ebecd7966e7a40f 5902b90ad7b4067d2e871198bf624c838d9b1cad1c1621dfed3b41f40a22fcd0
CLIENT_TRAFFIC_SECRET_0 544be4e1b94bc9599c725646cbe8d30b1530d40b4479f7de8ebecd7966e7a40f 46bb6d2035435ed617bd7805bddd75c179ea5f6d3b79ceb227ce42e0b156257b
SERVER_TRAFFIC_SECRET_0 544be4e1b94bc9599c725646cbe8d30b1530d40b4479f7de8ebecd7966e7a40f d5908231f39528b7cf673bd4173937053929907a7733801a92915f7348269c15
CLIENT_HANDSHAKE_TRAFFIC_SECRET 63c3f34c4774c7cb0c304822bc8e46d8d2af93cbf26d397c1e65a944038d0cc2 419e081b844cd010520764a110eab85a83659434aa1363e5ed1c7ca31680507d
SERVER_HANDSHAKE_TRAFFIC_SECRET 63c3f34c4774c7cb0c304822bc8e46d8d2af93cbf26d397c1e65a944038d0cc2 0a5b1fbac5a498f99a1c189f90031a432e2b4d69b389dbcd4f25feca8a0347e8
CLIENT_TRAFFIC_SECRET_0 63c3f34c4774c7cb0c304822bc8e46d8d2af93cbf26d397c1e65a944038d0cc2 ce0569cf4e08061f513ef4ed5040e16593639349b8861834c00a3f1e2340546f
SERVER_TRAFFIC_SECRET_0 63c3f34c4774c7cb0c304822bc8e46d8d2af93cbf26d397c1e65a944038d0cc2 eada2abb514ab670fa9c70d32918d0ac69e456ceeab17513fc211002bfd1ec5e
CLIENT_HANDSHAKE_TRAFFIC_SECRET 94c390a4ba61e22e3669d00fc4d0ebacacfaa6f9a9ac2daea2b78c4ccb5366ae cdb1c99d208efce3c9d013dbf8fffb37f448299b01fb319c119b8414eef3386e
SERVER_HANDSHAKE_TRAFFIC_SECRET 94c390a4ba61e22e3669d00fc4d0ebacacfaa6f9a9ac2daea2b78c4ccb5366ae 936fc8f49981f6832334ceccc4be83b8a93aa259e15e4be5f04de0ddda4f6d11
CLIENT_TRAFFIC_SECRET_0 94c390a4ba61e22e3669d00fc4d0ebacacfaa6f9a9ac2daea2b78c4ccb5366ae 53bf080054c9a1b180545b4c3771f27ed38e9705a12a821e09edde8abf190971
SERVER_TRAFFIC_SECRET_0 94c390a4ba61e22e3669d00fc4d0ebacacfaa6f9a9ac2daea2b78c4ccb5366ae 5e345f6ca0b9c1d1c0a60317d9d65fd1d2bf5101756884c153747f17abc38b00
CLIENT_HANDSHAKE_TRAFFIC_SECRET b4c0df88fd42d47e6112dbdfbfd0514957713006ebe5e9d4a9217d5fd99004cd 73150bcd64a9e9781177b42898301820f91c4ff5a95b525845f2363c3e597a7d
SERVER_HANDSHAKE_TRAFFIC_SECRET b4c0df88fd42d47e6112dbdfbfd0514957713006ebe5e9d4a9217d5fd99004cd 7268f2cb609aa7b117f8a433f1f51e904632ef43a40a949df00210058463da96
CLIENT_TRAFFIC_SECRET_0 b4c0df88fd42d47e6112dbdfbfd0514957713006ebe5e9d4a9217d5fd99004cd d54c7c88ce5d7a759ff8dbbc488be8518c5db792c65bb162440eaf48e550b928
SERVER_TRAFFIC_SECRET_0 b4c0df88fd42d47e6112dbdfbfd0514957713006ebe5e9d4a9217d5fd99004cd 9f0d81b9288886ac812f0973a9f4012fe6424a4de5bf609be38970f698b30dfa
CLIENT_HANDSHAKE_TRAFFIC_SECRET fd326222e4490cb687f2fc0b31009358b6eca6fc7b8975c7ed335974c1d8042e 76824e9e6edc25690cfff99227f368a0b84b39ce976e4887e04ca8af1557502c
SERVER_HANDSHAKE_TRAFFIC_SECRET fd326222e4490cb687f2fc0b31009358b6eca6fc7b8975c7ed335974c1d8042e a78ead435141db4dcdc5bb2d6f5e440f6b14bae04b956b359bbf92b55302c908
CLIENT_TRAFFIC_SECRET_0 fd326222e4490cb687f2fc0b31009358b6eca6fc7b8975c7ed335974c1d8042e 9695d9945499a5f2b62b23b24f30fcec2b269b1cb9344e774b9143debdfef2d2
SERVER_TRAFFIC_SECRET_0 fd326222e4490cb687f2fc0b31009358b6eca6fc7b8975c7ed335974c1d8042e 8c7a0ba16c76379b5dc5ad0dda6fe82cde90c3e020e0095b36e588186db9c033
CLIENT_HANDSHAKE_TRAFFIC_SECRET 48dc929cdbb96d4864ba10132171313b0589f49b4f5b29611a8f0d82d6f02bf5 4815711f659a0d6274dc43b7c6d3dec6b1863e25b5b086ec42842bb235c00e97
SERVER_HANDSHAKE_TRAFFIC_SECRET 48dc929cdbb96d4864ba10132171313b0589f49b4f5b29611a8f0d82d6f02bf5 329e4492481c7b6d08a28ad186c17c4365ec78b556ea368c0f2edea8644d6d8c
CLIENT_TRAFFIC_SECRET_0 48dc929cdbb96d4864ba10132171313b0589f49b4f5b29611a8f0d82d6f02bf5 9c3b184c69ecaa6d1954cb5cc371b51590a5c8261c411bf7032fe78db3c21ef8
SERVER_TRAFFIC_SECRET_0 48dc929cdbb96d4864ba10132171313b0589f49b4f5b29611a8f0d82d6f02bf5 eb9e963dcdf4432ebcb89d20c7301bbee6340bfe51ba5737d8b41639326f5935
CLIENT_HANDSHAKE_TRAFFIC_SECRET fcf47e8196604e3040fc5a9ecb5a426a9fe1f387b418eb358e1fa07cfeb6cd6b 8a496a63a6aa87c4316210abca70192e51e680406b367193bf49e19981280e22
SERVER_HANDSHAKE_TRAFFIC_SECRET fcf47e8196604e3040fc5a9ecb5a426a9fe1f387b418eb358e1fa07cfeb6cd6b 53d525ffe4519f3b61fa31e3bb23edc3e3edb477d0bafce3ccfc6c68e009244f
CLIENT_TRAFFIC_SECRET_0 fcf47e8196604e3040fc5a9ecb5a426a9fe1f387b418eb358e1fa07cfeb6cd6b ebd6ada8fb0da2bb85a03c32e0ca5e2b229b466ed3ef4a50dff8ee1416f6eaeb
SERVER_TRAFFIC_SECRET_0 fcf47e8196604e3040fc5a9ecb5a426a9fe1f387b418eb358e1fa07cfeb6cd6b 2c0d2c50de723c7d245ae7d9a44a8295d4e246e948f1e1e5a3e0d11cefb7b6d9
CLIENT_HANDSHAKE_TRAFFIC_SECRET 5e13c1ca01cc9eb942bf05e5a63eeedb541680b30d561549d5acdb74f0030863 b6101f0da40b1894f24716911b31fe665b565312f6fa21efaab52f7b626dc86f
SERVER_HANDSHAKE_TRAFFIC_SECRET 5e13c1ca01cc9eb942bf05e5a63eeedb541680b30d561549d5acdb74f0030863 cf9cb5cfda23f67b2c4d7f0eaa18dd428d0818a3408dd17747a262365ff7c2e1
CLIENT_TRAFFIC_SECRET_0 5e13c1ca01cc9eb942bf05e5a63eeedb541680b30d561549d5acdb74f0030863 582a047fa311308acd100cc68641bbc0c8c45b338a11121b69257a64f12ec9e1
SERVER_TRAFFIC_SECRET_0 5e13c1ca01cc9eb942bf05e5a63eeedb541680b30d561549d5acdb74f0030863 4455a61641e2e4743017f5faa16b43f8d445e808911c583237ba3b1fb4cb9006
CLIENT_HANDSHAKE_TRAFFIC_SECRET c4cfdd13a28421d7874d84e7c3898f9783841954044335cf435fcd5f08f6e391 6514057c6af0f79e19985546555937f446c8485f07eb1e0c99536e10e0ea442c
SERVER_HANDSHAKE_TRAFFIC_SECRET c4cfdd13a28421d7874d84e7c3898f9783841954044335cf435fcd5f08f6e391 a9ed9d4dcdb95d6990c38bcb6f79b910d34eedd8ac2e4129c1ef089f47c17406
CLIENT_TRAFFIC_SECRET_0 c4cfdd13a28421d7874d84e7c3898f9783841954044335cf435fcd5f08f6e391 d8c8292216dba32f4daf009fdb183e24dc3149f320d97884f4d9049a1b7e7112
SERVER_TRAFFIC_SECRET_0 c4cfdd13a28421d7874d84e7c3898f9783841954044335cf435fcd5f08f6e391 28d5d85702d390fbcf4e8ddb4dbc4f89a59c2fcb889550b61413fa83db010510
CLIENT_HANDSHAKE_TRAFFIC_SECRET 740b11704736f9065a06a5fe12b73682176449a797900483a30abf1376939949 3c9a9db4df11e2de03ab18ccd8f6c48591a33c40abffebc91dc12709a2ffb200
SERVER_HANDSHAKE_TRAFFIC_SECRET 740b11704736f9065a06a5fe12b73682176449a797900483a30abf1376939949 5561950895ae50653b7b90212046fb0bd42159f1e5bf7b84421e3a1d510cbef4
CLIENT_TRAFFIC_SECRET_0 740b11704736f9065a06a5fe12b73682176449a797900483a30abf1376939949 44f5c6702addade8303cae897bd15a2fadae8e33e2d36f117162da9ba6a61141
SERVER_TRAFFIC_SECRET_0 740b11704736f9065a06a5fe12b73682176449a797900483a30abf1376939949 50f17bea6c9e7b71caeecdb3ca2b5583288f2015324a7e367cc606444466e4a2
CLIENT_HANDSHAKE_TRAFFIC_SECRET acf19ceda8e81a1723238ffa8182c1f2044b2433c3320cbc1a318d3635d0ddef 5d039b8678b888a717ecee4d18cf450840f94a70c6b576d384c6e6a3f943bbba
SERVER_HANDSHAKE_TRAFFIC_SECRET acf19ceda8e81a1723238ffa8182c1f2044b2433c3320cbc1a318d3635d0ddef d7e02c7cecd09deb0fa25372e43b14143aca1a666e76f0d20607b07967f060ff
CLIENT_TRAFFIC_SECRET_0 acf19ceda8e81a1723238ffa8182c1f2044b2433c3320cbc1a318d3635d0ddef 2f860c3774aa8f3da07a54a68bd311445383a1ada8ac310dec7a7d17468488de
SERVER_TRAFFIC_SECRET_0 acf19ceda8e81a1723238ffa8182c1f2044b2433c3320cbc1a318d3635d0ddef bd6347fef7b5ab7e79355809621345ca6e578d92cade9ad4e79822d36403d9b5
CLIENT_HANDSHAKE_TRAFFIC_SECRET b18c436c15050ba9e9c28df39cf0aeea032702d1ba5b009d0568c5b000f7d46e 0b4c19d3b822cf45e3f78e0dfcf0ae02c0515d9fa8a6e0bddd194e6314c35161
SERVER_HANDSHAKE_TRAFFIC_SECRET b18c436c15050ba9e9c28df39cf0aeea032702d1ba5b009d0568c5b000f7d46e 8a33bbd2d5f584f06d98861ff045249b22efd81f68ac9051b732cdc357083ef1
CLIENT_TRAFFIC_SECRET_0 b18c436c15050ba9e9c28df39cf0aeea032702d1ba5b009d0568c5b000f7d46e 5bc49353e7ef5173a702386a1bd01dd2c90eac6d2efc2e9d1b0f76a7bce3651a
SERVER_TRAFFIC_SECRET_0 b18c436c15050ba9e9c28df39cf0aeea032702d1ba5b009d0568c5b000f7d46e 387724b675eb907da3dcbe00be81624c86b251d68199d9259961b3dcda5d3c9d
CLIENT_HANDSHAKE_TRAFFIC_SECRET 29888da1310862cd3ffab2952c24f0d0db29793451f33e59c518e720dffc122c 63e363f89b50a586f0642993daedc0c4e90da89fbf64eae37c940c48c07d0f6f
SERVER_HANDSHAKE_TRAFFIC_SECRET 29888da1310862cd3ffab2952c24f0d0db29793451f33e59c518e720dffc122c b87f2aba89b7524d0818fb7e3248fb49edc63ffbb317d11ff2e462a55fd17c5b
CLIENT_TRAFFIC_SECRET_0 29888da1310862cd3ffab2952c24f0d0db29793451f33e59c518e720dffc122c c893f44d74fb7227370cc70137e4ecebe37a65cb556f4ce1a0603f97cb2f8544
SERVER_TRAFFIC_SECRET_0 29888da1310862cd3ffab2952c24f0d0db29793451f33e59c518e720dffc122c 2adeba98300bc6419dbd371eab375c1561f836aab412541239eb23fb2fee6950
CLIENT_HANDSHAKE_TRAFFIC_SECRET 7be64fb86dd713c8e45c5aff381ac949e8f7f1608204bdd3e7caab572b96e9fe fe8932981ee4c6fb5cb79baa245da1de7118b073d13d9d76816fd2997f5d6457
SERVER_HANDSHAKE_TRAFFIC_SECRET 7be64fb86dd713c8e45c5aff381ac949e8f7f1608204bdd3e7caab572b96e9fe 4414e52c6c30b76a69c98097135b9feaeb3b18a312d338dc00eeae34e2edf1fa
CLIENT_TRAFFIC_SECRET_0 7be64fb86dd713c8e45c5aff381ac949e8f7f1608204bdd3e7caab572b96e9fe aca68d27da8ef1afb63978a3b3a41eee5a0282fe81a2c4fcb74d5b76f8eb38bf
SERVER_TRAFFIC_SECRET_0 7be64fb86dd713c8e45c5aff381ac949e8f7f1608204bdd3e7caab572b96e9fe 8d6360f1b4517bbbca4735e687b11977fa6ca72b607f9a9623d40e6ccc6b85e5
CLIENT_HANDSHAKE_TRAFFIC_SECRET 79d0873084d8fef68ef9bcaee84095f05e4304c5c64b81c89b5a85a17272c247 9e582183fe040ea1d57dfcf5555dc07ec1a49243ea60b2e0530ddb4b5248f2e7
SERVER_HANDSHAKE_TRAFFIC_SECRET 79d0873084d8fef68ef9bcaee84095f05e4304c5c64b81c89b5a85a17272c247 02f2e8d8767251047806b52a81ffa1a7d9d330fb0cebe1c503cabf9acb016b3c
CLIENT_TRAFFIC_SECRET_0 79d0873084d8fef68ef9bcaee84095f05e4304c5c64b81c89b5a85a17272c247 0faea57912643bc584d3bd427485d49b3e47b17c8d0d5d011cf48f8f1a7db07b
SERVER_TRAFFIC_SECRET_0 79d0873084d8fef68ef9bcaee84095f05e4304c5c64b81c89b5a85a17272c247 d1a5dfa88a60111f3722ac8de099efd7b89713cbb45c38e33eedbd4e8c7da236
CLIENT_HANDSHAKE_TRAFFIC_SECRET da31100b011d4d41cd10cd28639d41f04c4d2c5e82ab829a632f3bcfd46be114 c8f4773ae7c029271742cbe60b2cb1154ac049836ec77f6030aa909bb2458e51
SERVER_HANDSHAKE_TRAFFIC_SECRET da31100b011d4d41cd10cd28639d41f04c4d2c5e82ab829a632f3bcfd46be114 53f67df9ab599cbea54c0b0cc16a0b6ee319ef4eef652db9e26381590326457c
CLIENT_TRAFFIC_SECRET_0 da31100b011d4d41cd10cd28639d41f04c4d2c5e82ab829a632f3bcfd46be114 7bd45bbe57e11b2884304453dfea1afbb60cd08dbc7a170eab96e122ece7e537
SERVER_TRAFFIC_SECRET_0 da31100b011d4d41cd10cd28639d41f04c4d2c5e82ab829a632f3bcfd46be114 67c1f29cb6afde941365d4acebf3857c09ec3e6ae41e4772ed9cce3471c96c5f
CLIENT_HANDSHAKE_TRAFFIC_SECRET 55741e1264cfc5369f3d124aa438e562eb350a5e980de2879d18027d45cb1bd2 764c03ad52eff8eecb3f6fdedad67dc37d8485ffeeac8921372bb1d3f3728e03
SERVER_HANDSHAKE_TRAFFIC_SECRET 55741e1264cfc5369f3d124aa438e562eb350a5e980de2879d18027d45cb1bd2 5ebe34f99607d41eed8db75d9aaf696cd17ce7c0a553eeb4b56d915ba5da75dd
CLIENT_TRAFFIC_SECRET_0 55741e1264cfc5369f3d124aa438e562eb350a5e980de2879d18027d45cb1bd2 e677dade9bfd8f44efde059ac95fa731720d9d16282759a801e6181d06c6c57d
SERVER_TRAFFIC_SECRET_0 55741e1264cfc5369f3d124aa438e562eb350a5e980de2879d18027d45cb1bd2 7adb757bdd7d1075533f491fd4e2bfebb98cd8664e61be8ed06a302fbcb02501
CLIENT_HANDSHAKE_TRAFFIC_SECRET f3006043629b3000ccb0b927a56fabf31807c680979c9ef498eea07bc5df6f19 a47c8d85619f522839b98a4f3bce29a2c5c49471a6b2f24521680b03baa087da
SERVER_HANDSHAKE_TRAFFIC_SECRET f3006043629b3000ccb0b927a56fabf31807c680979c9ef498eea07bc5df6f19 8cc4cc52c882c4e6e0a8c7345bbae45a78e581bc689589f37b83587b401fbabe
CLIENT_TRAFFIC_SECRET_0 f3006043629b3000ccb0b927a56fabf31807c680979c9ef498eea07bc5df6f19 e01e9ef564d4ececf8997285923c91d34553aec4b4eb79f702b00ec5d50899bd
SERVER_TRAFFIC_SECRET_0 f3006043629b3000ccb0b927a56fabf31807c680979c9ef498eea07bc5df6f19 86b3cca26c459d494399df14692f53a6f284d7613dd5cbcc1e1af199f78cc546
CLIENT_HANDSHAKE_TRAFFIC_SECRET b7eccdd6f6d5ec1dc21078353477b95368c4c8515c98895c90b29fc15cc9c4bf 05ebdf10c44c699c980441bf043dc7dafb92bfd0b781fa902088f0def438f9ab
SERVER_HANDSHAKE_TRAFFIC_SECRET b7eccdd6f6d5ec1dc21078353477b95368c4c8515c98895c90b29fc15cc9c4bf 712ee32be198787a3e7236c8dbb28e63308cd8d68bdf4b19a6a55e270aa18bcb
CLIENT_TRAFFIC_SECRET_0 b7eccdd6f6d5ec1dc21078353477b95368c4c8515c98895c90b29fc15cc9c4bf 58dde1fd9140e78fba5dfc21953cfcdc763c19e159b1c59388beb8f63d0aaa78
SERVER_TRAFFIC_SECRET_0 b7eccdd6f6d5ec1dc21078353477b95368c4c8515c98895c90b29fc15cc9c4bf 3b58a1003bc7115e6bfd81db1a896d02a4c686881d0c3e69de627e4c034c0119
CLIENT_HANDSHAKE_TRAFFIC_SECRET 75f1343b153fec3c8fd52be97be71a6e0cdf5b3a8f230ef168ea41aff9f0271f aedb4702d5a14a64771de56cc0da75c1b51ea79ebcbe742ef3158bdcb576b497
SERVER_HANDSHAKE_TRAFFIC_SECRET 75f1343b153fec3c8fd52be97be71a6e0cdf5b3a8f230ef168ea41aff9f0271f 821604d115ebdc563b64cf61f44d3802faad836bc54da80c71c15cb8eb1a6496
CLIENT_TRAFFIC_SECRET_0 75f1343b153fec3c8fd52be97be71a6e0cdf5b3a8f230ef168ea41aff9f0271f 1483011b5d107bdacdf4eab52da0eb2fc113e98e363195957f5686ac033efe0f
SERVER_TRAFFIC_SECRET_0 75f1343b153fec3c8fd52be97be71a6e0cdf5b3a8f230ef168ea41aff9f0271f 5af4e29152aef60994eb74bc4f48c110c272e042d15c04bd5a0e26172bfe5cfe
CLIENT_HANDSHAKE_TRAFFIC_SECRET 77e124b82ee51acd44465612debf15ebe47dfabac61352228b3db8e800bc8717 fe0979a334d6c3375ce7ba596610e85254d8b5d8da2801dc887a4f96d34865cd
SERVER_HANDSHAKE_TRAFFIC_SECRET 77e124b82ee51acd44465612debf15ebe47dfabac61352228b3db8e800bc8717 e23566dffddfe33b419a88ff6fa639eaa13ba0e6084172a1b84cc933428c2e33
CLIENT_TRAFFIC_SECRET_0 77e124b82ee51acd44465612debf15ebe47dfabac61352228b3db8e800bc8717 6168f547f8e6202975313eccb71981628c29db491c007627bcfd36b6a726eec7
SERVER_TRAFFIC_SECRET_0 77e124b82ee51acd44465612debf15ebe47dfabac61352228b3db8e800bc8717 b146e6190afa48c947682be0de968dcc6c3404b5cb932eaca856a48663856446
CLIENT_HANDSHAKE_TRAFFIC_SECRET 2e5a08e06e93bbf3b0a8078ebd7e8fbb28847f2c961d6a991879b053456adb61 829e4a8f93be291443b934394f23aedf320d0ba22b380af339b82d7687d6975a
SERVER_HANDSHAKE_TRAFFIC_SECRET 2e5a08e06e93bbf3b0a8078ebd7e8fbb28847f2c961d6a991879b053456adb61 6bdc79c9ea8a1b418c354443953dd73ecc27b99c43dda20e738747ceb7c8874e
CLIENT_TRAFFIC_SECRET_0 2e5a08e06e93bbf3b0a8078ebd7e8fbb28847f2c961d6a991879b053456adb61 ea96ab99cb1e0a81ebb4ffd8dd881927211fc25af9acf5a81cba7673978ab368
SERVER_TRAFFIC_SECRET_0 2e5a08e06e93bbf3b0a8078ebd7e8fbb28847f2c961d6a991879b053456adb61 02bbb9a3ec3c3861165980e24a29f9f48a67e49765c127acee4db7f4b930c065
CLIENT_HANDSHAKE_TRAFFIC_SECRET f410392a6b896a6af0d954176f7046ad2ae6aeb4d40465129c384fc6f593630a 19ab40c539c61cfdbf8151b982540936ca7a162c7e416329d02af563a548db7a
SERVER_HANDSHAKE_TRAFFIC_SECRET f410392a6b896a6af0d954176f7046ad2ae6aeb4d40465129c384fc6f593630a 1ec72493aa8e9dce0e39baf6de7af71bc4a3fac7a768474b1b7eaadae5c97933
CLIENT_TRAFFIC_SECRET_0 f410392a6b896a6af0d954176f7046ad2ae6aeb4d40465129c384fc6f593630a 2574faea3c6cd536c10e5d4aec99069845eea9b5850194849a0bc0cea592f9b8
SERVER_TRAFFIC_SECRET_0 f410392a6b896a6af0d954176f7046ad2ae6aeb4d40465129c384fc6f593630a 3204c54ef4d783cd1faffb6beada35856d1896769c1d46a4229b1aa34749460e
CLIENT_HANDSHAKE_TRAFFIC_SECRET 194d0253cbd0c2957557df22791603e69c2436be836a0e755b5914068afa845d a7ee4b676e455be8d729d70f0660e3d6f2eabe29e7b4e42d0da986eb7976326e
SERVER_HANDSHAKE_TRAFFIC_SECRET 194d0253cbd0c2957557df22791603e69c2436be836a0e755b5914068afa845d 70b23024f941830094bc101d962afebe8b7757e38d72c11a1855dc47108340ca
CLIENT_TRAFFIC_SECRET_0 194d0253cbd0c2957557df22791603e69c2436be836a0e755b5914068afa845d dbfcd87180587fc3295e6e09eeba956135bee3591bd7283d3661d2951a21fe6a
SERVER_TRAFFIC_SECRET_0 194d0253cbd0c2957557df22791603e69c2436be836a0e755b5914068afa845d 8934b97c32a2e73c3ea35c55e4a67ad910436b154650733af6bde719b12ef02c
CLIENT_HANDSHAKE_TRAFFIC_SECRET 5a5e138944fcb29ca3a46834894fe6287206376b8715f9e2d974e9ad7bf398c9 f281072878a185bd685584787365d1e85f8535cf289d443115aa96b271ffe3a4
SERVER_HANDSHAKE_TRAFFIC_SECRET 5a5e138944fcb29ca3a46834894fe6287206376b8715f9e2d974e9ad7bf398c9 20420c84f171f2a983aaf0393e2228a20c9a3a3d9127421fe7e72557755f0e01
CLIENT_TRAFFIC_SECRET_0 5a5e138944fcb29ca3a46834894fe6287206376b8715f9e2d974e9ad7bf398c9 efb31459ad8b4e4c67a94f2e4d37407a69f9a8892562cb9012dc33fba2916576
SERVER_TRAFFIC_SECRET_0 5a5e138944fcb29ca3a46834894fe6287206376b8715f9e2d974e9ad7bf398c9 d7ae4e30d2a43126d87e8b56a04320e238c18cdcb8306a131a305d445edfb5b7
CLIENT_HANDSHAKE_TRAFFIC_SECRET 3b4492d17b23a1f405417ee726289c18744de2705a8c0ea735d9ced7c5dea884 e6bfa708017b277fd1aa6c927f6c3db6c88a74c5cb9b6ac6f085d1db2a011d10
SERVER_HANDSHAKE_TRAFFIC_SECRET 3b4492d17b23a1f405417ee726289c18744de2705a8c0ea735d9ced7c5dea884 690e2632bffe5844c060257e841ed717fb9367232d7cad5647c36d5e772fb0ba
CLIENT_TRAFFIC_SECRET_0 3b4492d17b23a1f405417ee726289c18744de2705a8c0ea735d9ced7c5dea884 036c4c566f91d6cc8514833e74519902acdbcde5b38d458146de9d8311138b31
SERVER_TRAFFIC_SECRET_0 3b4492d17b23a1f405417ee726289c18744de2705a8c0ea735d9ced7c5dea884 6a17472989b665a0e54ea7a021126d0a20257fa8f906ec5fb75a9c219a513cc9
CLIENT_HANDSHAKE_TRAFFIC_SECRET af037a0fd3e2d6b6e9f8d881217138204f1f222f9bee6e156b3cb004379f694e 2673fac58c9870432088cb7259bd8583d7f3b4c3696e9caa12f9ec992554b30e
SERVER_HANDSHAKE_TRAFFIC_SECRET af037a0fd3e2d6b6e9f8d881217138204f1f222f9bee6e156b3cb004379f694e 1cf1ae7601a714d02df4204aa06e94c6627d45ec63527c5e520a0ade06ae8219
CLIENT_TRAFFIC_SECRET_0 af037a0fd3e2d6b6e9f8d881217138204f1f222f9bee6e156b3cb004379f694e 4c5cef4df89f36d0b8e6f01d2d9b5ea0dbccb2869d7ef119cd5a65aef56786cd
SERVER_TRAFFIC_SECRET_0 af037a0fd3e2d6b6e9f8d881217138204f1f222f9bee6e156b3cb004379f694e 7def439ab5b0752d4792db805a25b4ed31ca2c6f90d45450852f0df728e9bde1
CLIENT_HANDSHAKE_TRAFFIC_SECRET 820215e86f0741c35dcfaa41157bc943b8fe71516ce892cd4013859407e0d3d5 6ce5d9e95257c22624d105d44aedb1f01f87ebd72c000702a63cea807904001f
SERVER_HANDSHAKE_TRAFFIC_SECRET 820215e86f0741c35dcfaa41157bc943b8fe71516ce892cd4013859407e0d3d5 2852bcf5cd06ebe8bbe9f1cc472fef0cc46b7467877dc4d30e5f7185bd8849e7
CLIENT_TRAFFIC_SECRET_0 820215e86f0741c35dcfaa41157bc943b8fe71516ce892cd4013859407e0d3d5 d47eaa74cadace858efaac4e022aa14e5c3116efbf4828603cb816b7048fd83a
SERVER_TRAFFIC_SECRET_0 820215e86f0741c35dcfaa41157bc943b8fe71516ce892cd4013859407e0d3d5 b04c87b8a03c2573a6d43b6158025ca3e9259ba6614640905eb653a23751f7b7
CLIENT_HANDSHAKE_TRAFFIC_SECRET bdc621b834aebc5b5e225488e0f30050f0a5c2533e56ea24eacec4ec51686126 582fd05133e07856e566a835d699ce998d9772c70b44dd344c4d1c6deceb4649
SERVER_HANDSHAKE_TRAFFIC_SECRET bdc621b834aebc5b5e225488e0f30050f0a5c2533e56ea24eacec4ec51686126 cb5d0c6a338959730d537e6ff586f81780cfa97d68919e93c7e0e09ab725f4d6
CLIENT_TRAFFIC_SECRET_0 bdc621b834aebc5b5e225488e0f30050f0a5c2533e56ea24eacec4ec51686126 ad2960254e668bd93b4814593d3aff3ec813d38980b9d6aeb21befa8f56a7f9a
SERVER_TRAFFIC_SECRET_0 bdc621b834aebc5b5e225488e0f30050f0a5c2533e56ea24eacec4ec51686126 80e975a4e9e97fc8583629dac904c959715efb397866aedfb680da8d3a9c2786
CLIENT_HANDSHAKE_TRAFFIC_SECRET fadab7121c5f83fc7ebe8abfcfbdf904dbb17c72292b646ac25af0f5f4a40947 55e359ffeccde3e59572cdbbb21f35be65e832be52eb70cb0f4aab2f35f3c894
SERVER_HANDSHAKE_TRAFFIC_SECRET fadab7121c5f83fc7ebe8abfcfbdf904dbb17c72292b646ac25af0f5f4a40947 3fbe4d8e91efe83aebc0fce7843a9262e0973cf83229e10c008af8b3f44192e1
CLIENT_TRAFFIC_SECRET_0 fadab7121c5f83fc7ebe8abfcfbdf904dbb17c72292b646ac25af0f5f4a40947 c73f1fcc90e7a88fbf217248069147b17ed6209789b2e58ef9300f1460bd8f4a
SERVER_TRAFFIC_SECRET_0 fadab7121c5f83fc7ebe8abfcfbdf904dbb17c72292b646ac25af0f5f4a40947 80b6283ad866c458e5a3522f8e095259f4c79789c99b47a339da712a81576995
CLIENT_HANDSHAKE_TRAFFIC_SECRET 70b834227ecf35e80db4168e922bcafda0ce09cdf994540d47ae2d8ae4433e10 752bc65939ed38f98def22ea81279c2ae095bf0072a98190967bf4f7d5fb3d74
SERVER_HANDSHAKE_TRAFFIC_SECRET 70b834227ecf35e80db4168e922bcafda0ce09cdf994540d47ae2d8ae4433e10 8052c29cc99160e388f10e78d72eaf350c90f030a68ec68dedfba233829fc5c7
CLIENT_TRAFFIC_SECRET_0 70b834227ecf35e80db4168e922bcafda0ce09cdf994540d47ae2d8ae4433e10 2e1b4a878d992e4af2ec55b962557bd08eaab23f7872f64a7a2e7a6469a04617
SERVER_TRAFFIC_SECRET_0 70b834227ecf35e80db4168e922bcafda0ce09cdf994540d47ae2d8ae4433e10 8aa75e7c4828f323ce11d38dac08ac64e3c919133af7ececdf0e10b8b24b664f
CLIENT_HANDSHAKE_TRAFFIC_SECRET 228fd7189eedce8b826250837d6ab790af1f3946086f559eba6a33370a936389 18b978a4a330e40800c26deb3e56084aa58e42bbbdde7632422acaa1e60e9956
SERVER_HANDSHAKE_TRAFFIC_SECRET 228fd7189eedce8b826250837d6ab790af1f3946086f559eba6a33370a936389 3e04a4b204efc37bd8a572a2942a782af5985a0d27d52df7fe191c694362999f
CLIENT_TRAFFIC_SECRET_0 228fd7189eedce8b826250837d6ab790af1f3946086f559eba6a33370a936389 29c92801de9d3ade2fa2e8eefb31554eb33b2c7ba227ca72849f21028c107a46
SERVER_TRAFFIC_SECRET_0 228fd7189eedce8b826250837d6ab790af1f3946086f559eba6a33370a936389 2f2c4b9c7c8129090d88447f760be68f5df48712f9c9c1e55c108bdd31703712
CLIENT_HANDSHAKE_TRAFFIC_SECRET 2b01189846dad5be77c1b0c0b0575127ce8a60eed0d81ea18a488fd1541a43b0 e69f61e947b499e178b58ad137073d9081e77d88d87c2e33fb793eb5da0396b1
SERVER_HANDSHAKE_TRAFFIC_SECRET 2b01189846dad5be77c1b0c0b0575127ce8a60eed0d81ea18a488fd1541a43b0 5c411d0676f4ad14334a8af9cdf6391dc1248323e9585302cd08c3421eb8cd0d
CLIENT_TRAFFIC_SECRET_0 2b01189846dad5be77c1b0c0b0575127ce8a60eed0d81ea18a488fd1541a43b0 92dfa48452b06c4cb4d53443f64566c58d5d9e98608677a5869f523799d353e2
SERVER_TRAFFIC_SECRET_0 2b01189846dad5be77c1b0c0b0575127ce8a60eed0d81ea18a488fd1541a43b0 79d83434e005ddd64505e2c97fc30778cf64532148ba3dc46d57c9d3225d0df2
CLIENT_HANDSHAKE_TRAFFIC_SECRET 6bbc3cd08ed98adf806b90803e2bde6fcc9d807a2ac2c292971eecdf1a443de9 7d57344cb09d404a7cfac5f7f08e96ec14e4a81e9e09bf228bd159ddcff91c62
SERVER_HANDSHAKE_TRAFFIC_SECRET 6bbc3cd08ed98adf806b90803e2bde6fcc9d807a2ac2c292971eecdf1a443de9 a492ef00bf7c6568ad57fc78a6ea555cab860fc7231528f202bf5b240f05fc53
CLIENT_TRAFFIC_SECRET_0 6bbc3cd08ed98adf806b90803e2bde6fcc9d807a2ac2c292971eecdf1a443de9 0cbac4f126107fb3b74fefc347da0f66efd7d70abe36759615dee93d25c7d898
SERVER_TRAFFIC_SECRET_0 6bbc3cd08ed98adf806b90803e2bde6fcc9d807a2ac2c292971eecdf1a443de9 6bd4c67519c0b4ffc85faf3eae5e2f7bfa9b996aef39bf0367e152efb262f415
CLIENT_HANDSHAKE_TRAFFIC_SECRET 616c192384d57611143eb4fab306812320a396cfe0f8398e33ed0ab52ac0c23b d37a62d346fcdc04b3c546df18d60c6f67373559321fc7048a63e0d16029e417
SERVER_HANDSHAKE_TRAFFIC_SECRET 616c192384d57611143eb4fab306812320a396cfe0f8398e33ed0ab52ac0c23b d03e0b46963592c94e518341ae7c2f6e64bcc9b50415841469610538ea204b7a
CLIENT_TRAFFIC_SECRET_0 616c192384d57611143eb4fab306812320a396cfe0f8398e33ed0ab52ac0c23b d3591ac83b4a604b7776dec8893b361cd4cf7c8c0a82657419d2be486cb352e2
SERVER_TRAFFIC_SECRET_0 616c192384d57611143eb4fab306812320a396cfe0f8398e33ed0ab52ac0c23b c19331d4f87edd37428df9cbfec94c0c512676e355f0d9994bc96b92a6d31b6d
CLIENT_HANDSHAKE_TRAFFIC_SECRET a47aaf3bcac41c5cf6bd526e45f069d50010286e3dce1eff53543b0f20f27fc0 370234f40e06f7fa0253ca2766554066ecd1af31434bf0729d8586ccf72338c7
SERVER_HANDSHAKE_TRAFFIC_SECRET a47aaf3bcac41c5cf6bd526e45f069d50010286e3dce1eff53543b0f20f27fc0 4b71bb0ef780e8b3ed46fe6905d94df5c3418e0754d3e967787da07b243db4ad
CLIENT_TRAFFIC_SECRET_0 a47aaf3bcac41c5cf6bd526e45f069d50010286e3dce1eff53543b0f20f27fc0 28c89276c8de1ddb63ce9862c70879deff770e88489fa48e74050d9cc8d20b79
SERVER_TRAFFIC_SECRET_0 a47aaf3bcac41c5cf6bd526e45f069d50010286e3dce1eff53543b0f20f27fc0 b21612a40efde35c8aa81bd98f66749bfeb748daf34128d74fc5e84c1ca96286
CLIENT_HANDSHAKE_TRAFFIC_SECRET 62886dc2929f314466fd62dcdd339cd1ca2378a8d57bb727f0bf25c1d408583d 0d88f619a1a3cf3cfd349e33dbb3063082c9084bb9b50ff64c211e53397955e4
SERVER_HANDSHAKE_TRAFFIC_SECRET 62886dc2929f314466fd62dcdd339cd1ca2378a8d57bb727f0bf25c1d408583d f8b53b83f739f41018a170253b27fb8b44611d4be9b2331da6eef8a1127d34ec
CLIENT_TRAFFIC_SECRET_0 62886dc2929f314466fd62dcdd339cd1ca2378a8d57bb727f0bf25c1d408583d ae9734fef431571fcd0df95e3c156bc381012cccd34bc3c9090b07cc7465332b
SERVER_TRAFFIC_SECRET_0 62886dc2929f314466fd62dcdd339cd1ca2378a8d57bb727f0bf25c1d408583d 1ab2c033ec37164f7d57c390ab018f027c997d1cf1f7de0167038f89731834f1
CLIENT_HANDSHAKE_TRAFFIC_SECRET 0724eafb0294a935f05972faf15b2bf5b354f431526cb539c39e227c8b85ae58 410995af4bc1371cf0b50d74b2e61447f4f6504d7b5d9352505fa18d6b5d786e
SERVER_HANDSHAKE_TRAFFIC_SECRET 0724eafb0294a935f05972faf15b2bf5b354f431526cb539c39e227c8b85ae58 5425a44264e08b88ace615d35b65ea8dbd23b66d0692631b42c5b57bb32368ca
CLIENT_TRAFFIC_SECRET_0 0724eafb0294a935f05972faf15b2bf5b354f431526cb539c39e227c8b85ae58 7eb9cde1bf9992f09fc76d8a4ac13e49d501734bb1227f71fdda3cffc1c48800
SERVER_TRAFFIC_SECRET_0 0724eafb0294a935f05972faf15b2bf5b354f431526cb539c39e227c8b85ae58 5f3601016719cadebf388b9988961ae4f2aa74b1f304d6caa90c5ea04a4389eb
CLIENT_HANDSHAKE_TRAFFIC_SECRET becbf257df0ec9fa6b8b64282f5da26cf4d88c7af0377eb9a61a5365664dc132 5805200fe4a7a5c92949758972d55904804ea0dba9854012863895df125e0dfc
SERVER_HANDSHAKE_TRAFFIC_SECRET becbf257df0ec9fa6b8b64282f5da26cf4d88c7af0377eb9a61a5365664dc132 e689a6e85c368115fb28bc54c0fef6f45ebf80b07d266512ce0e14ba01c8cc5c
CLIENT_TRAFFIC_SECRET_0 becbf257df0ec9fa6b8b64282f5da26cf4d88c7af0377eb9a61a5365664dc132 f734ccce235445e81c1df3a6227cace80dde80891303a2b37af60fd15d1c2b0a
SERVER_TRAFFIC_SECRET_0 becbf257df0ec9fa6b8b64282f5da26cf4d88c7af0377eb9a61a5365664dc132 2fa2e04f5a6485b0fb166de47d67bdd5ef4b3a4d09d2808a62d6997deb25e317
CLIENT_HANDSHAKE_TRAFFIC_SECRET f5ed38c1205300c73a94b3b19fc24049d9a4f6c81bbe081bfb679efce143494b b2aca2e9bedf298a146dfed5a2298c8d3320b0d4fe5ab1718f8be41b3d524475
SERVER_HANDSHAKE_TRAFFIC_SECRET f5ed38c1205300c73a94b3b19fc24049d9a4f6c81bbe081bfb679efce143494b 3eeb13a7c7bd3012cd0ce9fd6483ce6b8a8e48c36ed603957770aa3a9f41c427
CLIENT_TRAFFIC_SECRET_0 f5ed38c1205300c73a94b3b19fc24049d9a4f6c81bbe081bfb679efce143494b cd0f3a39fa2f3ba52e5435b8173d81546ff2c922e27bf9824312b589a471892b
SERVER_TRAFFIC_SECRET_0 f5ed38c1205300c73a94b3b19fc24049d9a4f6c81bbe081bfb679efce143494b 40db76fc5e2abacc4d5e3b25a38fab81e57c8e27b24e8efdfe017634656bf12b
CLIENT_HANDSHAKE_TRAFFIC_SECRET 81d144b22ab1657620207c5d65933d70a0cdafe57c5c66486923deb00617a0be 4565d56ee6596b41a397c8d8a05e17255e262b5294d44b664996f999a27c92f2
SERVER_HANDSHAKE_TRAFFIC_SECRET 81d144b22ab1657620207c5d65933d70a0cdafe57c5c66486923deb00617a0be 915f81132a33333a25d113f0bf2de73f7377e09c424e116c044597e015cc8fb2
CLIENT_TRAFFIC_SECRET_0 81d144b22ab1657620207c5d65933d70a0cdafe57c5c66486923deb00617a0be 146db600362085c3e43effc75c8a4257c8a1562adbcf4a9fb50c60db1aa61b60
SERVER_TRAFFIC_SECRET_0 81d144b22ab1657620207c5d65933d70a0cdafe57c5c66486923deb00617a0be 4d0b901f40fe9c469b11ce9bef1c3be61e86e8af4f7330b6c7218fcac8fc1d34
CLIENT_HANDSHAKE_TRAFFIC_SECRET 6b203457177085519029c8943d6c26dc411e40c42b3f5fd09881452f3d9b4d87 74cb85bad68f4fa58add4c4bcd8ad773a11d3033d8fcd50d6ec8dfff053e153f
SERVER_HANDSHAKE_TRAFFIC_SECRET 6b203457177085519029c8943d6c26dc411e40c42b3f5fd09881452f3d9b4d87 501cea814072b5484cc3f5bda24fbfb1780ed5a9e3c42e3cae8255ece29c3930
CLIENT_TRAFFIC_SECRET_0 6b203457177085519029c8943d6c26dc411e40c42b3f5fd09881452f3d9b4d87 87b19ebd3672acb61edf98749983abe001a21b2b2a26d803402f56b8409dac6f
SERVER_TRAFFIC_SECRET_0 6b203457177085519029c8943d6c26dc411e40c42b3f5fd09881452f3d9b4d87 832a1b7b0397bdfb493d7777cb6c1e941a12e081d0ee4941da32145448ee0870
CLIENT_HANDSHAKE_TRAFFIC_SECRET 6d505d646f332c177acacfe087046b7c08c73929bfe9adfe42ab1f23bdbd2ccc d0eb51f8a162b862d873ae7d5b320bb099870bbd851f761be74fd26f9d953cf7
SERVER_HANDSHAKE_TRAFFIC_SECRET 6d505d646f332c177acacfe087046b7c08c73929bfe9adfe42ab1f23bdbd2ccc abc87f0dad097f1f913a210a1b8aef375696b91e2681905a73ba8ea254a451ff
CLIENT_TRAFFIC_SECRET_0 6d505d646f332c177acacfe087046b7c08c73929bfe9adfe42ab1f23bdbd2ccc 893394e5382c46cceb3a1630b5c31899770b5f4158ad42e241a9aeada8ffe5aa
SERVER_TRAFFIC_SECRET_0 6d505d646f332c177acacfe087046b7c08c73929bfe9adfe42ab1f23bdbd2ccc 9b8fb791d8b91319930f89d58a042bdd5c320554cf4c898661fde8e5c5cb6168
CLIENT_HANDSHAKE_TRAFFIC_SECRET ff6015d4ea5676bfb548fb41ddbf28f1ab651662e32f0d2239d3057b02941c23 835124abce091b54f782e2df53a987707955a5f2cafcefba66193f1d47043c8b
SERVER_HANDSHAKE_TRAFFIC_SECRET ff6015d4ea5676bfb548fb41ddbf28f1ab651662e32f0d2239d3057b02941c23 28f65236568449caafca78b72f84d5736cbcc124896f600f757ce2757e0a3d5c
CLIENT_TRAFFIC_SECRET_0 ff6015d4ea5676bfb548fb41ddbf28f1ab651662e32f0d2239d3057b02941c23 925587ad033d698f69a5fdf8770321e863bc97a81e95187e883c7728472c582c
SERVER_TRAFFIC_SECRET_0 ff6015d4ea5676bfb548fb41ddbf28f1ab651662e32f0d2239d3057b02941c23 0f174f5a834f53e98d7f4d99f2cee910042a45ba2dc6e4acdfd45ab9bf0bd4af
CLIENT_HANDSHAKE_TRAFFIC_SECRET 44d5b9b3beb1309cf075870a1bf1b0b96240167f1c8fed178abe6a0b4f637d86 f4a696d459c687e5638f0e6c9f400b48213bf27dd091888ccd41666ee00b4fd8
SERVER_HANDSHAKE_TRAFFIC_SECRET 44d5b9b3beb1309cf075870a1bf1b0b96240167f1c8fed178abe6a0b4f637d86 ed95de2cf33829fe8de89dde9c4c0ab78749c6d009542228c5b3205ce72ddbc9
CLIENT_TRAFFIC_SECRET_0 44d5b9b3beb1309cf075870a1bf1b0b96240167f1c8fed178abe6a0b4f637d86 d469569dd8e672669d4f899893b64bc8fb20686896e8cad66fa6a211bd942583
SERVER_TRAFFIC_SECRET_0 44d5b9b3beb1309cf075870a1bf1b0b96240167f1c8fed178abe6a0b4f637d86 b23dab59d539bc5826698269695167a151e8146e147548c8715a34f99a23ecfc
CLIENT_HANDSHAKE_TRAFFIC_SECRET e08e42cb9021fdba1d2ed4c19ac131629bfd958ad49cc65aeb9b77e4861ba045 dcb9a8cde10f78f36ad915b6c2752995be234aeab4a4d2564dc193e20433690a
SERVER_HANDSHAKE_TRAFFIC_SECRET e08e42cb9021fdba1d2ed4c19ac131629bfd958ad49cc65aeb9b77e4861ba045 7ad2a0be085b503586e4742e65abcb5c640737ed45c4d006796b3fe4efb7c085
CLIENT_TRAFFIC_SECRET_0 e08e42cb9021fdba1d2ed4c19ac131629bfd958ad49cc65aeb9b77e4861ba045 438370083517d376bd2dcd67010101dd7b96f4db6c68a1157494af721d670963
SERVER_TRAFFIC_SECRET_0 e08e42cb9021fdba1d2ed4c19ac131629bfd958ad49cc65aeb9b77e4861ba045 552b7b152799e313a90e04205d1cea4718ac7eea256f587ce7034d957fe66c6a
CLIENT_HANDSHAKE_TRAFFIC_SECRET 2f48bbb10b7663892884f39fdd5e474883829d0b7975e626ffefef47a1e07ea8 b309a21523ef4e8aae234bcd77eb6d6bb974f31eae8f991e22f6416c37d2568a
SERVER_HANDSHAKE_TRAFFIC_SECRET 2f48bbb10b7663892884f39fdd5e474883829d0b7975e626ffefef47a1e07ea8 afa0be6f0db5184136d87b883c7cd9f09220b8c30ce7dec70c9a4a5672e3ffb6
CLIENT_TRAFFIC_SECRET_0 2f48bbb10b7663892884f39fdd5e474883829d0b7975e626ffefef47a1e07ea8 f5ebe1c8becdbcdd0b4a38933b6bc870958e5e522641fb3ceca267dfb942ae3e
SERVER_TRAFFIC_SECRET_0 2f48bbb10b7663892884f39fdd5e474883829d0b7975e626ffefef47a1e07ea8 6e292211758620657ccd3087ffd21d6f1d5512525ce10f29449f1e5efc36ea96
CLIENT_HANDSHAKE_TRAFFIC_SECRET 23b5bf8d1074dcc62482dbe6039f17a10a16a0643e6e728e54dfa12338e2d394 f6ad938e63f594e3b8fd1f5942881dc667e1a0b07f73950a6874c15f5c535508
SERVER_HANDSHAKE_TRAFFIC_SECRET 23b5bf8d1074dcc62482dbe6039f17a10a16a0643e6e728e54dfa12338e2d394 3a03607649d1864a61bd3265703f2f26ee1c9322006ebfbdb620fe5763075055
CLIENT_TRAFFIC_SECRET_0 23b5bf8d1074dcc62482dbe6039f17a10a16a0643e6e728e54dfa12338e2d394 4863d55fbb2afa47c817d74ed3177b2bbb1f1018ab90d3844f33ae1cf9a88745
SERVER_TRAFFIC_SECRET_0 23b5bf8d1074dcc62482dbe6039f17a10a16a0643e6e728e54dfa12338e2d394 83ffbb87a704900b924f6dd9093086395696f9b5f1016c6ef597d31c9f5ad4ab
CLIENT_HANDSHAKE_TRAFFIC_SECRET 03d64b46abc2d49062f62ce2d66e82ffa3f559239488bcfa1171eaee02d9454e 2f5394d6213de05f1b36b80b7605718e2a3a37468bc4b1d18b46c9966f610013
SERVER_HANDSHAKE_TRAFFIC_SECRET 03d64b46abc2d49062f62ce2d66e82ffa3f559239488bcfa1171eaee02d9454e 283c6b322032c5daa0594e6631b1fe6fe322b52665cc434c3223cb7f8117e9ae
CLIENT_TRAFFIC_SECRET_0 03d64b46abc2d49062f62ce2d66e82ffa3f559239488bcfa1171eaee02d9454e 44f13ccaf9b2ffefe0176178b735319437d656e13aca3e188c52abcfdc35dafa
SERVER_TRAFFIC_SECRET_0 03d64b46abc2d49062f62ce2d66e82ffa3f559239488bcfa1171eaee02d9454e 7b95334b89d200075f6738819116bc377e978d40223c035587d86de15cea68c4
CLIENT_HANDSHAKE_TRAFFIC_SECRET 8d005789b4361c1a05432d41fff2aa23b54880912881df1ee0e5ffb605c8ebb4 54b8c69d9f51fc2f3e34509f798477f9ad19b032a54c56788ccfb64661764440
SERVER_HANDSHAKE_TRAFFIC_SECRET 8d005789b4361c1a05432d41fff2aa23b54880912881df1ee0e5ffb605c8ebb4 5bdaaef30d3c53a7ff8d6c82fa53e16591b0772d34d7dbc78e11b2e41a360e27
CLIENT_TRAFFIC_SECRET_0 8d005789b4361c1a05432d41fff2aa23b54880912881df1ee0e5ffb605c8ebb4 809e571beab3ca01b6fb1a50d5374a13d6894f7ea7ac6a930e351a24a45cff5a
SERVER_TRAFFIC_SECRET_0 8d005789b4361c1a05432d41fff2aa23b54880912881df1ee0e5ffb605c8ebb4 ba198c3e623465e5d5a9a89d59a754130efb9f6cc1b0a65ade97337793c531a6
CLIENT_HANDSHAKE_TRAFFIC_SECRET 16efa0c3fda6d7260df085720da1cf0116911361b908f4b24b7c0e745fda0be2 d7f95c67a8612131a47e7ed4b0a3003d1106ce3c0c5bbfce54826f2fdf5f111a
SERVER_HANDSHAKE_TRAFFIC_SECRET 16efa0c3fda6d7260df085720da1cf0116911361b908f4b24b7c0e745fda0be2 f7b6ac7c113e5cb95b2e57b1801b0018a4235e35ecb199f344c1ca98fbd25806
CLIENT_TRAFFIC_SECRET_0 16efa0c3fda6d7260df085720da1cf0116911361b908f4b24b7c0e745fda0be2 d989fc12a911e85e4114dc65d2eddaa05893e6ac6bb16356234199344f641132
SERVER_TRAFFIC_SECRET_0 16efa0c3fda6d7260df085720da1cf0116911361b908f4b24b7c0e745fda0be2 a0ac6cad8996b5ae41992f29a6a61035f9cc58fc1da17e93ef1f56f752342cb6
CLIENT_HANDSHAKE_TRAFFIC_SECRET b3d9644198c157c3879a5b024bfd730a91aae072d90b9309c8e48977dbf5c429 825f90794bfe6f4ff05a239f8bca79cce7d6473a8b073d9813830e78274b9006
SERVER_HANDSHAKE_TRAFFIC_SECRET b3d9644198c157c3879a5b024bfd730a91aae072d90b9309c8e48977dbf5c429 5aec97f3f1bf1db26174220eedf39ab96c3a5a5a2269d244b4223414ed763f57
CLIENT_TRAFFIC_SECRET_0 b3d9644198c157c3879a5b024bfd730a91aae072d90b9309c8e48977dbf5c429 b39f3c18e4407139ced637db2abaa92711a728de447c02a80f11bf837cdb72de
SERVER_TRAFFIC_SECRET_0 b3d9644198c157c3879a5b024bfd730a91aae072d90b9309c8e48977dbf5c429 02c89d1b5c607e53cd2145323ca2cc26602745dd34df525497af1599c0fd628d
CLIENT_HANDSHAKE_TRAFFIC_SECRET 711c392a21f40369b1fed2e53cbfe28bcbc20aa210fb262a10bc15f30f73e5e8 710d8dc4b82df9e9f831a97b8f4b6fad9f953a46343d40983971c9f708325aa1
SERVER_HANDSHAKE_TRAFFIC_SECRET 711c392a21f40369b1fed2e53cbfe28bcbc20aa210fb262a10bc15f30f73e5e8 96cdc3bbf5bfd4132172fed0bc1749e39735f7717c480ba5d91daf4d86566816
CLIENT_TRAFFIC_SECRET_0 711c392a21f40369b1fed2e53cbfe28bcbc20aa210fb262a10bc15f30f73e5e8 e5f15392cb0b621e12080284129460441b539ce7edba657a65a1ac7d561e6ae5
SERVER_TRAFFIC_SECRET_0 711c392a21f40369b1fed2e53cbfe28bcbc20aa210fb262a10bc15f30f73e5e8 e7a4752e2a133008eace8144a4572d171c24fd31bfa0b9c889e12f4312e40777
CLIENT_HANDSHAKE_TRAFFIC_SECRET e6fd6916874f3b89e6ff435d27211aed96fd6e3d3611327046fb520d6c2aa2d4 9c4b3d82f9ad6df27220e2d4511e3ef0bc75d177b44806aeae645aea88e11c27
SERVER_HANDSHAKE_TRAFFIC_SECRET e6fd6916874f3b89e6ff435d27211aed96fd6e3d3611327046fb520d6c2aa2d4 d9ca8bc78cc97dd1c67845f97b820c23a9d967f59bbf16e29bfdffdcbcbcb8bf
CLIENT_TRAFFIC_SECRET_0 e6fd6916874f3b89e6ff435d27211aed96fd6e3d3611327046fb520d6c2aa2d4 4010f43f1f9407f9c54a1f4c97dea39a965188d9d6effa9566c0306d519caf26
SERVER_TRAFFIC_SECRET_0 e6fd6916874f3b89e6ff435d27211aed96fd6e3d3611327046fb520d6c2aa2d4 f7121147fe3a91ef120b3e1379f87e2813b25a7e2b70181558b01f07f8a65c4d
CLIENT_HANDSHAKE_TRAFFIC_SECRET 770b6b98c9cf7bc285c289f2efb38956bd0c59000be5f10d0d04f8c3d339f6ba ace0cb98472f62ae7c64242203cb0267f218c18351df3ef736a9b51796c40775
SERVER_HANDSHAKE_TRAFFIC_SECRET 770b6b98c9cf7bc285c289f2efb38956bd0c59000be5f10d0d04f8c3d339f6ba 2465669ce3a44f60019e70ab2d8a19606edd4c7cd79fa014e566b91958774224
CLIENT_TRAFFIC_SECRET_0 770b6b98c9cf7bc285c289f2efb38956bd0c59000be5f10d0d04f8c3d339f6ba f3c89651b9eb9f3c7ed12cc84e337e00b7fb3b3d251fbd743f6a3bb56b88591c
SERVER_TRAFFIC_SECRET_0 770b6b98c9cf7bc285c289f2efb38956bd0c59000be5f10d0d04f8c3d339f6ba c7a61598cbf6ce468a1ae3f61a65eaf4d610d54cc9676c736bc9640c73a9c663
CLIENT_HANDSHAKE_TRAFFIC_SECRET 1215596838ebde626ce727fff8dad1c1f67205043b14cf3079d087704482d376 748f95c43fae80fc6da6f88192af235c161313e7e1d565aba0ee3e858b82f303
SERVER_HANDSHAKE_TRAFFIC_SECRET 1215596838ebde626ce727fff8dad1c1f67205043b14cf3079d087704482d376 c10a36fc430f40c4489b0c200b4a9422d49ecd9b743a339d45d42a2b79b71d44
CLIENT_TRAFFIC_SECRET_0 1215596838ebde626ce727fff8dad1c1f67205043b14cf3079d087704482d376 d829706da6676b3fb38b42bb0dee2079cd097eed488c7e1949f7d35d3fb9386b
SERVER_TRAFFIC_SECRET_0 1215596838ebde626ce727fff8dad1c1f67205043b14cf3079d087704482d376 83f3d5394b5eb1bf6d414072ea1107ca2a0a042573ccfbcfc146183d5a53ab5b
CLIENT_HANDSHAKE_TRAFFIC_SECRET ec05521db86f8c79e72a879ae98544bba4412cb85813bf92d2e8283773546e90 806104c23fa46199f1fce0b1508ff493db413eeeb23a0d58f23a2e689c5764fb
SERVER_HANDSHAKE_TRAFFIC_SECRET ec05521db86f8c79e72a879ae98544bba4412cb85813bf92d2e8283773546e90 a57fe2e32d5b1dee4dbbea10f7e8417c936c3a4dce7289822de6c08faeed9361
CLIENT_TRAFFIC_SECRET_0 ec05521db86f8c79e72a879ae98544bba4412cb85813bf92d2e8283773546e90 206c4882895dba206814ac89e2a3c70c5d5c68386b38c1b0ac6b9d8eab397d5c
SERVER_TRAFFIC_SECRET_0 ec05521db86f8c79e72a879ae98544bba4412cb85813bf92d2e8283773546e90 0b3123302ed9a828d35f134857cd809d84e6ae710a2cadaa49319c3eb8637824
CLIENT_HANDSHAKE_TRAFFIC_SECRET 458731c047e3035b769e87d7be0cc18f854070fc8ae495b199a1efed1ccda30f 41f515c44a3fe82257be431749b4c8e3927eb44aa828f4438b7387f3ee55db61
SERVER_HANDSHAKE_TRAFFIC_SECRET 458731c047e3035b769e87d7be0cc18f854070fc8ae495b199a1efed1ccda30f 7595b9b49195a6221d8d1f6bb961fa87ff2f84ef35fee282357e57d83a885180
CLIENT_TRAFFIC_SECRET_0 458731c047e3035b769e87d7be0cc18f854070fc8ae495b199a1efed1ccda30f ca2249b177084011613596829b04874842e450c5822743f1f85e63c277295f4c
SERVER_TRAFFIC_SECRET_0 458731c047e3035b769e87d7be0cc18f854070fc8ae495b199a1efed1ccda30f 2c8516334d3a107d590f81a543abec63922358f0d625a9ccd307b353d8eb48ab
CLIENT_HANDSHAKE_TRAFFIC_SECRET ec6d864317bf4e408b05e941131cb42e07e9550e9a9c0b4a108f20f25e4fb4ca c4ab330108eb4bee61a2dde703bba6081647f747f6e38e660ea8bc598df7ea0b
SERVER_HANDSHAKE_TRAFFIC_SECRET ec6d864317bf4e408b05e941131cb42e07e9550e9a9c0b4a108f20f25e4fb4ca 88766e5447bf73a75ab53bc72319360ec5c9c09309021adc3c78f35ac3a18552
CLIENT_TRAFFIC_SECRET_0 ec6d864317bf4e408b05e941131cb42e07e9550e9a9c0b4a108f20f25e4fb4ca 3c056c84cbd0bfd6b34c819ebfec0cf5ed7a3246f16836915f6aa3b3baad0e5e
SERVER_TRAFFIC_SECRET_0 ec6d864317bf4e408b05e941131cb42e07e9550e9a9c0b4a108f20f25e4fb4ca dbc11a486243366f005cf5946d419ff1cf13d9322da3f5f59971b180765f734c
CLIENT_HANDSHAKE_TRAFFIC_SECRET 4858dc789bcddc1e91ae37884e23390bcb45acb086ce7d07c90b49299b56ba65 0b6c28c4051b18da179217cc4e3d178d438e0fe8732a58c73a14b9abc3d9d08d
SERVER_HANDSHAKE_TRAFFIC_SECRET 4858dc789bcddc1e91ae37884e23390bcb45acb086ce7d07c90b49299b56ba65 51b9e5c2d17ae993709dab7f7c2864c70dddd99988a75901f17d259a4f221671
CLIENT_TRAFFIC_SECRET_0 4858dc789bcddc1e91ae37884e23390bcb45acb086ce7d07c90b49299b56ba65 391dd8ac1f9a86cb67b95c68a8b78f448aec584b0cedf48b643fd756fcc21b93
SERVER_TRAFFIC_SECRET_0 4858dc789bcddc1e91ae37884e23390bcb45acb086ce7d07c90b49299b56ba65 3208302615a695c8b4bd8f140f1caf87ed699f23c86d9fbe96aa63cfe932008a
CLIENT_HANDSHAKE_TRAFFIC_SECRET 27e4f09fe36205927360b4b17f297a4566d0de1e60b28c4f4ba63e95390763e5 cc0f7cd360e85dcabf25d64587089237eb54b81b132996224f27a9e81d6d585f
SERVER_HANDSHAKE_TRAFFIC_SECRET 27e4f09fe36205927360b4b17f297a4566d0de1e60b28c4f4ba63e95390763e5 7685808f42b3c19b259cb6b04a94debeb4953c28246a6c3df1460841ed21f3f2
CLIENT_TRAFFIC_SECRET_0 27e4f09fe36205927360b4b17f297a4566d0de1e60b28c4f4ba63e95390763e5 9587a39cc3500ec4f5339dcac66c9cd3f049fa9c6cbde588557c83e55eff47ea
SERVER_TRAFFIC_SECRET_0 27e4f09fe36205927360b4b17f297a4566d0de1e60b28c4f4ba63e95390763e5 f4fe35b676c18691d2c577ad78ce038742e85ea9ab6453cb84c1c0e1da055324
CLIENT_HANDSHAKE_TRAFFIC_SECRET 5173c86d1414f4627ad4a22cb74b37e0027b2ab5d56f0ce957acf50a93694ef1 a97d0fbc7a6e3b55023b8b1b29d3404b1bd52f02bbbd0ac0216107dab5f1cacc
SERVER_HANDSHAKE_TRAFFIC_SECRET 5173c86d1414f4627ad4a22cb74b37e0027b2ab5d56f0ce957acf50a93694ef1 f975a92ddd2bc8fcf4f8f8e228646b435cfadc7ef1ce25d162adb41d9119119f
CLIENT_TRAFFIC_SECRET_0 5173c86d1414f4627ad4a22cb74b37e0027b2ab5d56f0ce957acf50a93694ef1 5f68adff143a6889c34bdd479d00a3f870237c0d2be8f9966a6732b729ef5e6f
SERVER_TRAFFIC_SECRET_0 5173c86d1414f4627ad4a22cb74b37e0027b2ab5d56f0ce957acf50a93694ef1 4b804d1caf20b8861bbbd78a707a46945114ae7f1ae80df669e87be3b900f670
CLIENT_HANDSHAKE_TRAFFIC_SECRET d77d2666fe2e26d801e60c48bbd5538129a18e6dd9456d93cdf15915bb15c31d 34ca240972ad154ea10f690156ac95b8f5e46d9fd47a7f29c6fc7abcefe4c180
SERVER_HANDSHAKE_TRAFFIC_SECRET d77d2666fe2e26d801e60c48bbd5538129a18e6dd9456d93cdf15915bb15c31d 4fc65a871bfe7e29a071b5d6b51193e3638cb0a7b12190e62f183acd53e0f5bf
CLIENT_TRAFFIC_SECRET_0 d77d2666fe2e26d801e60c48bbd5538129a18e6dd9456d93cdf15915bb15c31d 6754deff772182b9f8c6b7d77fd14b667bdcc6c3351d0353cae1d3360f38daf3
SERVER_TRAFFIC_SECRET_0 d77d2666fe2e26d801e60c48bbd5538129a18e6dd9456d93cdf15915bb15c31d f5e565c0cfa2a70ea068f6e37fc812e671c04c88f64056eb91db476d1899f313
CLIENT_HANDSHAKE_TRAFFIC_SECRET 7e423c470b13b44645d016fd21503399b9cb7cc06437ea50cbca37d719fdb2a1 8990063c539d42720f3b134475f80d3fbad04d36d25d1d406f13e17e82e4b519
SERVER_HANDSHAKE_TRAFFIC_SECRET 7e423c470b13b44645d016fd21503399b9cb7cc06437ea50cbca37d719fdb2a1 7ae5c2a415bb96dec8050cc905d55a62a3bdceca65385d60bcd43a88ccef1aa4
CLIENT_TRAFFIC_SECRET_0 7e423c470b13b44645d016fd21503399b9cb7cc06437ea50cbca37d719fdb2a1 7f7efae7e063e7e039286f0dc1d54158e4a63dfa8fc61bd4cf8688471a23202f
SERVER_TRAFFIC_SECRET_0 7e423c470b13b44645d016fd21503399b9cb7cc06437ea50cbca37d719fdb2a1 0b24eba0e2f693f8207ef245786cc4174b567f438aed7441d6b0d21dce08bc11
CLIENT_HANDSHAKE_TRAFFIC_SECRET 87778fba5c7eaa4f7d60a2840a0bb7b40f352a3ce046daa65527a4c39966fc63 c34d831f1b0564b11c896432ce3ebc7797049044e0a870dd12ddf6190fafe314
SERVER_HANDSHAKE_TRAFFIC_SECRET 87778fba5c7eaa4f7d60a2840a0bb7b40f352a3ce046daa65527a4c39966fc63 ddcabe49bd2e13b33b2295fcf0c31ecb3e6a3186e8eff011c6fc8099009c2a4b
CLIENT_TRAFFIC_SECRET_0 87778fba5c7eaa4f7d60a2840a0bb7b40f352a3ce046daa65527a4c39966fc63 87f74fdfae48cf2e04d9be32f8b3487cf41bcb63b02837d4a27684c6bc271c42
SERVER_TRAFFIC_SECRET_0 87778fba5c7eaa4f7d60a2840a0bb7b40f352a3ce046daa65527a4c39966fc63 cea10f4deb2994932023336cb3f14c361057f5f9f3bfdb3b8e15c0851efa3005
CLIENT_HANDSHAKE_TRAFFIC_SECRET aa66abe0c7f69f9ba64f68905d2e72d2303f2506a4d84ee68bf1a946237980a7 577cb4d7891ede0dff37824e9b861f4145306ff0c63c270d51cd06fc67cc934d
SERVER_HANDSHAKE_TRAFFIC_SECRET aa66abe0c7f69f9ba64f68905d2e72d2303f2506a4d84ee68bf1a946237980a7 47108cc34bba9c2f889b17ec0e50d90a810ffe62f28463cb0cbfa17d30f5f3f1
CLIENT_TRAFFIC_SECRET_0 aa66abe0c7f69f9ba64f68905d2e72d2303f2506a4d84ee68bf1a946237980a7 45f7785ec90f679d7e16ffcf1fa7da509b9e5c0de3f4f74a431c57fe1130f0cf
SERVER_TRAFFIC_SECRET_0 aa66abe0c7f69f9ba64f68905d2e72d2303f2506a4d84ee68bf1a946237980a7 eb21e9c5c294cdd5921821d8c052e55a92f489f359c6e46de516df564bff2e89
CLIENT_HANDSHAKE_TRAFFIC_SECRET 1380f062e27283738630aad4d97d90d9fb4c852afe6b998f1ecd8be798cf2dd4 d8e8b68b172f707bb2ac95413e03d7d2bc4ce6b62d71d9ebc5e08e590d706075
SERVER_HANDSHAKE_TRAFFIC_SECRET 1380f062e27283738630aad4d97d90d9fb4c852afe6b998f1ecd8be798cf2dd4 977829bb10f7055f03990d603248d45fc88b2906c24f124a72cf36b408b1a6c9
CLIENT_TRAFFIC_SECRET_0 1380f062e27283738630aad4d97d90d9fb4c852afe6b998f1ecd8be798cf2dd4 7c3cc156f9d4354b4cd58c66317a2da9a13d6e6f8df22aa7e9df6e6475563584
SERVER_TRAFFIC_SECRET_0 1380f062e27283738630aad4d97d90d9fb4c852afe6b998f1ecd8be798cf2dd4 7b4c14503868ac333f2aab08657f954b2a15b6551140fed22a18ac3910d648da
CLIENT_HANDSHAKE_TRAFFIC_SECRET 6028ea34c786eb5eeb7a8935f8f7e440ca667d7ca535d4dd20eece00716cbbc4 15a3be650c6a65dc02612c1f14f2f3c5de5e899f958cb5bb49c1597275163097
SERVER_HANDSHAKE_TRAFFIC_SECRET 6028ea34c786eb5eeb7a8935f8f7e440ca667d7ca535d4dd20eece00716cbbc4 a5ee78ad1d33753da8444f2f08f8af6294dd15b4d3ef751c8b291a2ac1eb67ab
CLIENT_TRAFFIC_SECRET_0 6028ea34c786eb5eeb7a8935f8f7e440ca667d7ca535d4dd20eece00716cbbc4 13c228b3b9015aef94bfaa8a0429b106482623072a3de0601970b1239a76d530
SERVER_TRAFFIC_SECRET_0 6028ea34c786eb5eeb7a8935f8f7e440ca667d7ca535d4dd20eece00716cbbc4 8a93b9e6b4ef2d97950aadf0aa1fc40d5b100b3192bdd3bee41ef6bb9e2dd24b
CLIENT_HANDSHAKE_TRAFFIC_SECRET 41b5a55615cf2f0e52077895ffd1544042bbe0f2c0e638b0f3621e3dec6cd808 be3edb22ed0cab11a599f3bff0febbee4dccb3c52b64486a4086287da8a103bc
SERVER_HANDSHAKE_TRAFFIC_SECRET 41b5a55615cf2f0e52077895ffd1544042bbe0f2c0e638b0f3621e3dec6cd808 e012a61cd047f120a9c068ef1780ef7d20f340fd63c44415c042837e67f92d54
CLIENT_TRAFFIC_SECRET_0 41b5a55615cf2f0e52077895ffd1544042bbe0f2c0e638b0f3621e3dec6cd808 80619179ccc026312f63cbfdaff61de61021b89342b1aff081888f6fd9a209fe
SERVER_TRAFFIC_SECRET_0 41b5a55615cf2f0e52077895ffd1544042bbe0f2c0e638b0f3621e3dec6cd808 c470b4857edd63ff1a6f373d4fc75bcde254f6d2c65718b21e24fba29c8d606b
CLIENT_HANDSHAKE_TRAFFIC_SECRET fae129b781df1a9468458c01b94aa0ba46ff4126f11f7b4d387fbe553b555e14 be4d3aa3d408c5e0c14a677f61c50293b15d6972d1df57fa1318f8aea34314ac
SERVER_HANDSHAKE_TRAFFIC_SECRET fae129b781df1a9468458c01b94aa0ba46ff4126f11f7b4d387fbe553b555e14 2207ee10f06a073dedb8cdcc71bf118909e19733dc240c6f2e4d80ade9c4868a
CLIENT_TRAFFIC_SECRET_0 fae129b781df1a9468458c01b94aa0ba46ff4126f11f7b4d387fbe553b555e14 8b7cd9ccf635826faca012d6f23a921ac2383303eccc81e3af0a368b285af85b
SERVER_TRAFFIC_SECRET_0 fae129b781df1a9468458c01b94aa0ba46ff4126f11f7b4d387fbe553b555e14 cb215b0823ae5b26b7eb9ec73fcf68b7e622aba452bb4a2be03d8089d4f83e46
CLIENT_HANDSHAKE_TRAFFIC_SECRET 5dddc071463957520b7de12b8535c4ec3794fe8fa4b60077031ea5d93fd1c27d 9fd7cc7005f7a0d4c341bf330ef906558bda9dd1b87813b8a7ca2be2a46ddf84
SERVER_HANDSHAKE_TRAFFIC_SECRET 5dddc071463957520b7de12b8535c4ec3794fe8fa4b60077031ea5d93fd1c27d c2e7bdb11fbfe808acf9ba7de7703ae5510c3277ade6395631899d4bd7c83c04
CLIENT_TRAFFIC_SECRET_0 5dddc071463957520b7de12b8535c4ec3794fe8fa4b60077031ea5d93fd1c27d e9b17d148c78e5de40cf4f11eec5a112d68decb32dac7fc31d128cde09ee7dda
SERVER_TRAFFIC_SECRET_0 5dddc071463957520b7de12b8535c4ec3794fe8fa4b60077031ea5d93fd1c27d dd76dd8b82dc14c35d07d05eabb07dbeff68d9f88cc61abce2e8cb7aa0b73ad1
CLIENT_HANDSHAKE_TRAFFIC_SECRET e9232aa8bf7b19f5c8216798868fc91bcf119b4af943b2b6e814c6fa0cd415be 1d127aac2af1519d4a4e11badd7d250d4bd1782d1ec37cee33906b73ddce933f
SERVER_HANDSHAKE_TRAFFIC_SECRET e9232aa8bf7b19f5c8216798868fc91bcf119b4af943b2b6e814c6fa0cd415be d78d14f708ceec68a263b8e3fb5b18007fbdfd44019fd67720777d74b7a317bc
CLIENT_TRAFFIC_SECRET_0 e9232aa8bf7b19f5c8216798868fc91bcf119b4af943b2b6e814c6fa0cd415be d114a8e589a29498fcea39c64950b9f44d688bedadbb86f5538ed16e6d75c464
SERVER_TRAFFIC_SECRET_0 e9232aa8bf7b19f5c8216798868fc91bcf119b4af943b2b6e814c6fa0cd415be 79aa2894af57f9c8b6d631eeaa797eb63fe2101cd17d9910d365a3ce46ad7314
CLIENT_HANDSHAKE_TRAFFIC_SECRET 2420b1b07f40beb4a46ed7c92f0010edcaebc44d61b8fdf9814af90234439f3e f78b1ca6cc48180d3124f399cceb0d2305b457e15bf0f6247641b8c095a12ce6
SERVER_HANDSHAKE_TRAFFIC_SECRET 2420b1b07f40beb4a46ed7c92f0010edcaebc44d61b8fdf9814af90234439f3e 3d5ac64f35f5ce0d0f2450920f85a6b523be67a2c459d521cd70bc867b53fca5
CLIENT_TRAFFIC_SECRET_0 2420b1b07f40beb4a46ed7c92f0010edcaebc44d61b8fdf9814af90234439f3e 2fc4fa82e64dbf1b6328314e40481e308b62f6c94035f15c436be413428ea31f
SERVER_TRAFFIC_SECRET_0 2420b1b07f40beb4a46ed7c92f0010edcaebc44d61b8fdf9814af90234439f3e 001c6128bd96121f64a2b0dfde8ac720348ceae87af6cf48c1db25a30dec34e7
CLIENT_HANDSHAKE_TRAFFIC_SECRET 7dd893639a67f092a02ad10707cbb04254ca406ee85f77c2fe879eb079559e2a 6eafb87b6da83d34241bd89d500d1d90159aacb7bfee468734140805953605db
SERVER_HANDSHAKE_TRAFFIC_SECRET 7dd893639a67f092a02ad10707cbb04254ca406ee85f77c2fe879eb079559e2a 76e8e7cbd957680d73dc3a3f708cdf0b46c1d5b03c55cf645811a64b97fc732f
CLIENT_TRAFFIC_SECRET_0 7dd893639a67f092a02ad10707cbb04254ca406ee85f77c2fe879eb079559e2a 3c2a1b85ef9328e44e7f07474168ae00c95dfabc8e50d176fa7e581c5b13e960
SERVER_TRAFFIC_SECRET_0 7dd893639a67f092a02ad10707cbb04254ca406ee85f77c2fe879eb079559e2a 5cc53a6c1d63e31d9c52c31574b9e2c08f49d3eea3e98c3cad62432357be0091
CLIENT_HANDSHAKE_TRAFFIC_SECRET 48931c5c175b6c3e086cf17d7ce0b8ead5c1ba0323e7673a265e93e978e8c1c7 43d288c555f752268da8918d2578fff3ecf1de0583369f69acf2734b83c32b16
SERVER_HANDSHAKE_TRAFFIC_SECRET 48931c5c175b6c3e086cf17d7ce0b8ead5c1ba0323e7673a265e93e978e8c1c7 3bb8b288e7c582274bb75a35cf0d500e3118cdcb058ebb4e4ef7f1bf854e0ce3
CLIENT_TRAFFIC_SECRET_0 48931c5c175b6c3e086cf17d7ce0b8ead5c1ba0323e7673a265e93e978e8c1c7 11935ec64a967b61495395a4d7443293e299298ce70a8384f792c35daf1ddffa
SERVER_TRAFFIC_SECRET_0 48931c5c175b6c3e086cf17d7ce0b8ead5c1ba0323e7673a265e93e978e8c1c7 599cf4ca4daadf6fefd54321f6971e7de7631e67c6d9b3b5464d5a7b61d12a30
CLIENT_HANDSHAKE_TRAFFIC_SECRET f251aafe71b16e3b3ee9b383439a35287a2538ba2ff785e136e66bde6866d148 af603fc8817b2afc71d7b4981cec17abd68fd2e21b7c3db9fd6246683f322b83
SERVER_HANDSHAKE_TRAFFIC_SECRET f251aafe71b16e3b3ee9b383439a35287a2538ba2ff785e136e66bde6866d148 7d9eac4cdc4ac7f6d03656f0d24385e23911215db7ddf82d53f6db773f54e1ab
CLIENT_TRAFFIC_SECRET_0 f251aafe71b16e3b3ee9b383439a35287a2538ba2ff785e136e66bde6866d148 eda04f260c52871bb709da559f1c3e9f7fd0c68e8adfcf2680f9c62a4e46a6cd
SERVER_TRAFFIC_SECRET_0 f251aafe71b16e3b3ee9b383439a35287a2538ba2ff785e136e66bde6866d148 0f0b1d29067987eba6d5545c5624173afafea62faeffc36b595bf084f5eb4383
CLIENT_HANDSHAKE_TRAFFIC_SECRET b38cac9d52f72b91534d922a8b9cb0cd7bd27175db428c95af84bbae0a7ae66b 15c87c0f5e9cce01439029244e13a01468b9495da80c23053c66a4dbc25c2d56
SERVER_HANDSHAKE_TRAFFIC_SECRET b38cac9d52f72b91534d922a8b9cb0cd7bd27175db428c95af84bbae0a7ae66b 9a46c770c82b7b77ae6a6762aac67ebbed0c097b385d3fc2a89bed0819b18990
CLIENT_TRAFFIC_SECRET_0 b38cac9d52f72b91534d922a8b9cb0cd7bd27175db428c95af84bbae0a7ae66b 2194481a7ce39c3dc17f0dab6d66d73957a1a29da471535ee51cee0ba97a8e51
SERVER_TRAFFIC_SECRET_0 b38cac9d52f72b91534d922a8b9cb0cd7bd27175db428c95af84bbae0a7ae66b ae8b838d5a48ced21dd4fe50b3ff8c58ec1af30c5ef2b88e40bae99ab1fc2894
CLIENT_HANDSHAKE_TRAFFIC_SECRET b81e05646534a0a7dd180211babccd168e6d4ec8078412c929dc611dfb878798 32b7b68f7ddfacd367e6882914beadf0395fd9deadfb97bade26e98abd064149
SERVER_HANDSHAKE_TRAFFIC_SECRET b81e05646534a0a7dd180211babccd168e6d4ec8078412c929dc611dfb878798 7d70ea6973eb78d1fffc80c826b9bde22eedc5927b7fd4e43e3b83419b21055b
CLIENT_TRAFFIC_SECRET_0 b81e05646534a0a7dd180211babccd168e6d4ec8078412c929dc611dfb878798 64ad8c8f069b52f19b4fc8842d74a776382272a9fedab7563c93ba0619f61e62
SERVER_TRAFFIC_SECRET_0 b81e05646534a0a7dd180211babccd168e6d4ec8078412c929dc611dfb878798 83032598df328eed8faacb148c30c17f7b8bf7e80b3b1cc9894e7f48fd4aa5de
CLIENT_HANDSHAKE_TRAFFIC_SECRET ea883486e5f93306305e4e7d8a83200cb684e31a9518a4445719f4c9f666a985 3c5e4ce1c888a69fab6d3bb215e740851695a8d820c19d18125be8291b96b7f7
SERVER_HANDSHAKE_TRAFFIC_SECRET ea883486e5f93306305e4e7d8a83200cb684e31a9518a4445719f4c9f666a985 67ca7383fe7b59a88a8ce6c578596337de7095daef2397025e920c5619c036c9
CLIENT_TRAFFIC_SECRET_0 ea883486e5f93306305e4e7d8a83200cb684e31a9518a4445719f4c9f666a985 a26945aac723384ac9ed4aeb416edba82c2b29c50e4f256314f4a9acd736a5a8
SERVER_TRAFFIC_SECRET_0 ea883486e5f93306305e4e7d8a83200cb684e31a9518a4445719f4c9f666a985 02a46db8b2719dd927863688439b397dd78e2be3cc0e0497a118e03d9e115bde
CLIENT_HANDSHAKE_TRAFFIC_SECRET fe0931492ce10eacd9075d0714c2400fbfdc2e5d907135aea9fc050e3720c670 81a4c44f396a5b5328bbd1c0099aebbd8f03c5d9293f32f9a411f7a76daa94d6
SERVER_HANDSHAKE_TRAFFIC_SECRET fe0931492ce10eacd9075d0714c2400fbfdc2e5d907135aea9fc050e3720c670 dc5d1c0e12d2452fcb7b6e601b47d8c681a7712388465d43ffdf67b1bca17cd3
CLIENT_TRAFFIC_SECRET_0 fe0931492ce10eacd9075d0714c2400fbfdc2e5d907135aea9fc050e3720c670 56dfac25b82b37178eb42d5ad61fb2cb8048169cf648ab33b80a0346f7b8d5eb
SERVER_TRAFFIC_SECRET_0 fe0931492ce10eacd9075d0714c2400fbfdc2e5d907135aea9fc050e3720c670 8f5ca7a59ab509159f452056882bae40f7124f7401f5c4f93aba6120593df673
CLIENT_HANDSHAKE_TRAFFIC_SECRET 90d4348ab1dd10128218386c2f4e3fb12fb57de2e9a4197e3a288ab3e98d5b3d 412831c8ea75fc3b0ffbf06e1acfcac9160286bf67ab74b6d6b64d9e67778ef9
SERVER_HANDSHAKE_TRAFFIC_SECRET 90d4348ab1dd10128218386c2f4e3fb12fb57de2e9a4197e3a288ab3e98d5b3d be35ad37c29233da59028c1c6b76dee0665c6c6cb93e7a10b098ae3fa4421c44
CLIENT_TRAFFIC_SECRET_0 90d4348ab1dd10128218386c2f4e3fb12fb57de2e9a4197e3a288ab3e98d5b3d acd27e19836fe8dd0d41f11885df05d4df37fd152b785ac1f6d84f63fc2499f8
SERVER_TRAFFIC_SECRET_0 90d4348ab1dd10128218386c2f4e3fb12fb57de2e9a4197e3a288ab3e98d5b3d 4cf96b915e7aad54d4d87139179aebac9f9a1695dfdde65ab7f18c6305541a8f
CLIENT_HANDSHAKE_TRAFFIC_SECRET dcb352b40c0579d9c90ac89fe19942d6282e0da199fa5a8dfbe43f56e1421322 3eaa663eed13ca66038ae996c02b4d2b7ce20d7692718149eb8af83bd822d5e1
SERVER_HANDSHAKE_TRAFFIC_SECRET dcb352b40c0579d9c90ac89fe19942d6282e0da199fa5a8dfbe43f56e1421322 d51544b40004a4b2c88fecb5b983f6e33fb6de27e957a421efd49074d3837166
CLIENT_TRAFFIC_SECRET_0 dcb352b40c0579d9c90ac89fe19942d6282e0da199fa5a8dfbe43f56e1421322 faff0b179e83cafa2870ec2ccb08db52662624c9158f7cbd751477b6e508a3f5
SERVER_TRAFFIC_SECRET_0 dcb352b40c0579d9c90ac89fe19942d6282e0da199fa5a8dfbe43f56e1421322 afef1d539b9725ee8817d47a84cc7f54f7cf214fd106e57e2a61dca5bd7becaf
CLIENT_HANDSHAKE_TRAFFIC_SECRET 07dd049698ada921f39c4e168142c9edd18ac9b7f575055d9d776265f6e16216 5dc2f760927e60259bd5bba36e7085786a8bab6a0bb2a5306213e7e278ea7a0a
SERVER_HANDSHAKE_TRAFFIC_SECRET 07dd049698ada921f39c4e168142c9edd18ac9b7f575055d9d776265f6e16216 4805499f3708ca6266752d47f7fcfef3e6c971ebe83dee24db781f99009c4fb5
CLIENT_TRAFFIC_SECRET_0 07dd049698ada921f39c4e168142c9edd18ac9b7f575055d9d776265f6e16216 3722af35f2060126e2c8f2b8736d9e28cf38d44601541996bc2b06594e57d755
SERVER_TRAFFIC_SECRET_0 07dd049698ada921f39c4e168142c9edd18ac9b7f575055d9d776265f6e16216 056c016d48c5258aec479e23ab86d3db838ba905f4043a63e4849d7170cd8615
CLIENT_HANDSHAKE_TRAFFIC_SECRET 513ae1a8409cb19b153f2205af784a94b59387b95a1227ce01d125113a5d05a8 68df9b0bc8aa81a33560851ae28f0d447c9d19331cea1c4ca0cd1b5ed4c723d6
SERVER_HANDSHAKE_TRAFFIC_SECRET 513ae1a8409cb19b153f2205af784a94b59387b95a1227ce01d125113a5d05a8 4e3df6acc65f7461a9d59053640647245000668556e89ea4b9c8ca81aced6ff4
CLIENT_TRAFFIC_SECRET_0 513ae1a8409cb19b153f2205af784a94b59387b95a1227ce01d125113a5d05a8 031a328cf7ea5460d95b57443f3538c6b9d2bb590231db05d8d8131b53a78ad7
SERVER_TRAFFIC_SECRET_0 513ae1a8409cb19b153f2205af784a94b59387b95a1227ce01d125113a5d05a8 8082e1a0f1e6e6b4c34e24299d8b0628f2b4d5cb2895828cd453e034c7da0ad2
CLIENT_HANDSHAKE_TRAFFIC_SECRET 0af19eabbfc7a548a221ec3906ce322fab5dc2e2953e50eb284414583ad41f96 24e3b4aa361b182c1c94f2970c54d2e73434abb4c95f854b87ddb0cb7eb65ea3
SERVER_HANDSHAKE_TRAFFIC_SECRET 0af19eabbfc7a548a221ec3906ce322fab5dc2e2953e50eb284414583ad41f96 d33bbc542332fac996f0bed5fde08a8980a5497c4897aef81ff960049abf87b9
CLIENT_TRAFFIC_SECRET_0 0af19eabbfc7a548a221ec3906ce322fab5dc2e2953e50eb284414583ad41f96 08ce5fa09a2816ceac2721a79cac0c2e7578d9ca696c1fb6302a700448f296fa
SERVER_TRAFFIC_SECRET_0 0af19eabbfc7a548a221ec3906ce322fab5dc2e2953e50eb284414583ad41f96 b4a3a051f5f0ec2b2639071bdfee3dabc149ebc700ff1b64e5110f4df569fee6
CLIENT_HANDSHAKE_TRAFFIC_SECRET 3c9ab1e3c97c0d58d869a8a583be7e3ae81102b47e75e123105ccca835f12aed 1f765c47c2d3bcae282de6b0aff1e1dc95c7b59f1313de37b5763dbbfab335b9
SERVER_HANDSHAKE_TRAFFIC_SECRET 3c9ab1e3c97c0d58d869a8a583be7e3ae81102b47e75e123105ccca835f12aed 8645cfae64ffaf9e150b4cc49beedc06f50ffc26c901eec70c876f91a4103c61
CLIENT_TRAFFIC_SECRET_0 3c9ab1e3c97c0d58d869a8a583be7e3ae81102b47e75e123105ccca835f12aed 99ea5bf2b7904a37b13489adcbd43a736511c549333917b515f985bc91c4fc2c
SERVER_TRAFFIC_SECRET_0 3c9ab1e3c97c0d58d869a8a583be7e3ae81102b47e75e123105ccca835f12aed fee7c06587aa75eee917d3a8ecd3d0dbe04b29e07884db31093aca4dce3e42d6
CLIENT_HANDSHAKE_TRAFFIC_SECRET 669e41ad0960d4f3aa6850cd4c325188613e21002326bab0390cfbbc2d0ed29c 4248f2d828dfd622e1ec4afd3ab70d1517b96c4c52833909b575e7be47d25d9e
SERVER_HANDSHAKE_TRAFFIC_SECRET 669e41ad0960d4f3aa6850cd4c325188613e21002326bab0390cfbbc2d0ed29c 39a28d87a14770edae4dfdf020ebcdce6ba5dddb154b6ac99c876d8f864ac17c
CLIENT_TRAFFIC_SECRET_0 669e41ad0960d4f3aa6850cd4c325188613e21002326bab0390cfbbc2d0ed29c 0ab4b98a107d682cfa7c592d1ea5687675314e67c82c8cf3c318b3b2d500494a
SERVER_TRAFFIC_SECRET_0 669e41ad0960d4f3aa6850cd4c325188613e21002326bab0390cfbbc2d0ed29c 70b703cf6a2be9f78767120ef3744ab54bd0fed4280a5e2a150334c7d9dd99b1
CLIENT_HANDSHAKE_TRAFFIC_SECRET 2c4ac80a9df3360171b653d83001be270d9aba3ef6268518bf7545a819f46233 2571924128f3dfacde775a1c4f3d77f13b94a93678e5dfb118d0fae0d7412d4b
SERVER_HANDSHAKE_TRAFFIC_SECRET 2c4ac80a9df3360171b653d83001be270d9aba3ef6268518bf7545a819f46233 f44fe77e118c0bb16ae7a3cd780684efd87ceb6dcb6bb3117ab5bc8131d8138a
CLIENT_TRAFFIC_SECRET_0 2c4ac80a9df3360171b653d83001be270d9aba3ef6268518bf7545a819f46233 0e34cfca25fc441c842aa7da2b5e85627abe7b55a72e270988d4c2fdf4453ed4
SERVER_TRAFFIC_SECRET_0 2c4ac80a9df3360171b653d83001be270d9aba3ef6268518bf7545a819f46233 dd93c2aa656b0127b305b06a47c9ef7e2a81a9ca402b811af413d18fc795ca3d
CLIENT_HANDSHAKE_TRAFFIC_SECRET dc66fa8939e500cd70827acb1199bd6cd8206755a6774dd949a20238708605b7 b5bb8c0b6216e0b68f5ef3a8c393471ff156e3af6d84376ada36686028f786d0
SERVER_HANDSHAKE_TRAFFIC_SECRET dc66fa8939e500cd70827acb1199bd6cd8206755a6774dd949a20238708605b7 4d3f2353456fb3110655f742deca57baa5aa7809e811e84c2ec576ce8935758e
CLIENT_TRAFFIC_SECRET_0 dc66fa8939e500cd70827acb1199bd6cd8206755a6774dd949a20238708605b7 7efa2559eceeb2fc85a7df29e9dc615acbb383844d781fefee7c6f90cbb67513
SERVER_TRAFFIC_SECRET_0 dc66fa8939e500cd70827acb1199bd6cd8206755a6774dd949a20238708605b7 4c4a2a2490a611575ae3491eadb049fd3fd6fbafee4feefa3a1e6c9057b31398
CLIENT_HANDSHAKE_TRAFFIC_SECRET d7c127b830a5f40284930449bc78e4b2f77248af63d2fa1e2e7d4902ed4d7b79 2be31ddcbcf68d7a3f5696c3914ada876649abfeb279ab865761009674eacec3
SERVER_HANDSHAKE_TRAFFIC_SECRET d7c127b830a5f40284930449bc78e4b2f77248af63d2fa1e2e7d4902ed4d7b79 2f3b30e57d70e09086f40e1d3aa94261d7b832229f38a507fa6cd2ad52313c25
CLIENT_TRAFFIC_SECRET_0 d7c127b830a5f40284930449bc78e4b2f77248af63d2fa1e2e7d4902ed4d7b79 75f9fa1483b065c94f0022795ce9d285bb7c5c38bc3cbb0c4fc820ff77f5459d
SERVER_TRAFFIC_SECRET_0 d7c127b830a5f40284930449bc78e4b2f77248af63d2fa1e2e7d4902ed4d7b79 7b7657f6906f4803c032772df6a023e0c0f5f2e8265f2b3be469ddc2eea3e7c9
CLIENT_HANDSHAKE_TRAFFIC_SECRET b5da3124436147eb593c6658fc85fc0a5824cc779e4fef04a6e4572d5e0e70fc 6d9a225a0b4f099cb93a3f5e9321454c4efb30e48b6df8a22ef2148da39bb4e7
SERVER_HANDSHAKE_TRAFFIC_SECRET b5da3124436147eb593c6658fc85fc0a5824cc779e4fef04a6e4572d5e0e70fc 0811867f07bbce1204227b0ba306fc6fcf07065758cf04f5bb7b29ac4b138499
CLIENT_TRAFFIC_SECRET_0 b5da3124436147eb593c6658fc85fc0a5824cc779e4fef04a6e4572d5e0e70fc 3341c4978800a5263394dd02149342e1480c60eacd75c4a59132b6b73c235999
SERVER_TRAFFIC_SECRET_0 b5da3124436147eb593c6658fc85fc0a5824cc779e4fef04a6e4572d5e0e70fc 8754ccec17c3bd5a635a2e0aaa65c8eac076d2116c92b266a2786a13f69e8e8e
CLIENT_HANDSHAKE_TRAFFIC_SECRET 7ddd1960dd484a2d46c805e8f5f7462b1538265cc562964d11ef4fa4e6768086 756b4915dce825e6fa7baebed0fd4a68ea1305e1d88c440f333a0511b50c3ead
SERVER_HANDSHAKE_TRAFFIC_SECRET 7ddd1960dd484a2d46c805e8f5f7462b1538265cc562964d11ef4fa4e6768086 84b98450b8cd4bb6718c461220fcc17d4b5f1a2074ca84f0e5b3347654e46c6b
CLIENT_TRAFFIC_SECRET_0 7ddd1960dd484a2d46c805e8f5f7462b1538265cc562964d11ef4fa4e6768086 1264ad240c9ec64282b3edb8d20065c4fcc74143d35a299d2b6958c784ec3aad
SERVER_TRAFFIC_SECRET_0 7ddd1960dd484a2d46c805e8f5f7462b1538265cc562964d11ef4fa4e6768086 aa0d630dc1aa8bb6c6a279c82c234aa1fad3f2be089fa3c765a58a84cd6cb719
CLIENT_HANDSHAKE_TRAFFIC_SECRET 46cd8fb6556368ddce3e8cf4769a9c99e2e82eb9834825205599d4dedac0d0ea 4f861caf191b58ed5e70562482ba1c88ddb9302673d721c6cf0adec123874e78
SERVER_HANDSHAKE_TRAFFIC_SECRET 46cd8fb6556368ddce3e8cf4769a9c99e2e82eb9834825205599d4dedac0d0ea d1078eb4e71bc784378f01d183466c88a0009e8839f47ccc964da32ef005d580
CLIENT_TRAFFIC_SECRET_0 46cd8fb6556368ddce3e8cf4769a9c99e2e82eb9834825205599d4dedac0d0ea f010338677a67cf13c90a23714684c5f568d4eb53d84853e8ab93034451d349a
SERVER_TRAFFIC_SECRET_0 46cd8fb6556368ddce3e8cf4769a9c99e2e82eb9834825205599d4dedac0d0ea afca4a9739775da5679bf5e17e82f4b3f206a4d166bd818f03b67d7af800517e
CLIENT_HANDSHAKE_TRAFFIC_SECRET 0e2334aef551213f3f711534531d40500d03e8986f76fa615384e0c76c717576 619597c1d408744db017466ca8fca55330ba3e8b92fc0587e29e89a6b28bfd88
SERVER_HANDSHAKE_TRAFFIC_SECRET 0e2334aef551213f3f711534531d40500d03e8986f76fa615384e0c76c717576 21ab86d246508435fa2ca53f6e0fa4298b21a8f152766c2638687fb6b4b89df4
CLIENT_TRAFFIC_SECRET_0 0e2334aef551213f3f711534531d40500d03e8986f76fa615384e0c76c717576 650c28497158871db5ba6f20b17fc30459add2cfac0f5dcf676e7c78bcb240ac
SERVER_TRAFFIC_SECRET_0 0e2334aef551213f3f711534531d40500d03e8986f76fa615384e0c76c717576 e1ca98abaa24510104dbf6cf47c1fd2f6f51e6c5cc08ebada0d692ff3f8f01b5
CLIENT_HANDSHAKE_TRAFFIC_SECRET 9ac8299ecab84b6bc66e849b2012e9bbdc6bec161fa820c0c2af5dbdc990f570 191c20ec46d0bf4da5fd0839d98e89335d7e5f904d1c93d89d7747c0cbe6d95e
SERVER_HANDSHAKE_TRAFFIC_SECRET 9ac8299ecab84b6bc66e849b2012e9bbdc6bec161fa820c0c2af5dbdc990f570 9a3c662a05a5a068bc0ef7e8928382d1724479b7fe0a31b8df806b20b604f325
CLIENT_TRAFFIC_SECRET_0 9ac8299ecab84b6bc66e849b2012e9bbdc6bec161fa820c0c2af5dbdc990f570 c12fe134bb85a2b943120de4fe425c15d3ecfb4a6794567b45cc3204dd463a9f
SERVER_TRAFFIC_SECRET_0 9ac8299ecab84b6bc66e849b2012e9bbdc6bec161fa820c0c2af5dbdc990f570 84843c35741df5dfd49cd3b5fed5d8a55d1cd8328ff37d659898da5ebdf8aec9
CLIENT_HANDSHAKE_TRAFFIC_SECRET 6d0996539a36b78c295850824aee31a61fb6f69c8909e176f2ad26883a13ec15 e931b5c9f7461827849ca6f575fa6d572ca7bc7cbfb752143528c03f156d68fe
SERVER_HANDSHAKE_TRAFFIC_SECRET 6d0996539a36b78c295850824aee31a61fb6f69c8909e176f2ad26883a13ec15 33be135861dbb9583205c5313cf44cdfc9cc04d4bfbea4293f7c06020444a5c8
CLIENT_TRAFFIC_SECRET_0 6d0996539a36b78c295850824aee31a61fb6f69c8909e176f2ad26883a13ec15 05d1703fdefbad183a10979b5b4c02e6112feefc08b97f20aed0fd5be98ce7f5
SERVER_TRAFFIC_SECRET_0 6d0996539a36b78c295850824aee31a61fb6f69c8909e176f2ad26883a13ec15 1f06e3e337aacfc69a3438eb041136e7c7da2203fba38a966dd7c556b2430b5f
CLIENT_HANDSHAKE_TRAFFIC_SECRET 012d779e288832fd19d657641bab6f1adebdea43639eb9e4b39d53fbb9924526 a147628bcd4a1fd6babbc71d5143666b8599755a674c664e3cd916d61b32e90d
SERVER_HANDSHAKE_TRAFFIC_SECRET 012d779e288832fd19d657641bab6f1adebdea43639eb9e4b39d53fbb9924526 18f82e9e9dc9c1cd415e95545bd28259cdba27a248b869373d33e4472aa27122
CLIENT_TRAFFIC_SECRET_0 012d779e288832fd19d657641bab6f1adebdea43639eb9e4b39d53fbb9924526 0bfd196e5ba02acc14fe488d2c2b61deae07dc68fd60e78fd533affe66eb3fbb
SERVER_TRAFFIC_SECRET_0 012d779e288832fd19d657641bab6f1adebdea43639eb9e4b39d53fbb9924526 a849749ce3b6473aa93c0f94f25cad6e20c09f1ca96ef61409b49a9ebedb3c08
CLIENT_HANDSHAKE_TRAFFIC_SECRET b6989eab967cf0be1984e919b08284433b3c0d765b601d413f4d1b34e7c7e9e8 53ee6d4f28f1b855ffa2753c5f1344c07082e5a54ffee85883bdd2b73dec55cd
SERVER_HANDSHAKE_TRAFFIC_SECRET b6989eab967cf0be1984e919b08284433b3c0d765b601d413f4d1b34e7c7e9e8 35e9a32ab809acfc088bd88c1d58a45f35d1e31476e25b39fc48fad3c7fd1c37
CLIENT_TRAFFIC_SECRET_0 b6989eab967cf0be1984e919b08284433b3c0d765b601d413f4d1b34e7c7e9e8 7c31a54941a0d7163dbca48e0455350a12660ae8d51ca5bf0845701589a0ba48
SERVER_TRAFFIC_SECRET_0 b6989eab967cf0be1984e919b08284433b3c0d765b601d413f4d1b34e7c7e9e8 3b9d9b01b1d6a52715c49fc5f3ebd4efa9764dda0b07c257f5f90baa7d181ebd
CLIENT_HANDSHAKE_TRAFFIC_SECRET 5e7ec1fac8993641a09ddbeb0a9bbd9a24021f1a0c4591519513b555477c1b91 e723eeb5cb4a95bfda98f02d85583448550743588cbb516698abb80e5424de9d
SERVER_HANDSHAKE_TRAFFIC_SECRET 5e7ec1fac8993641a09ddbeb0a9bbd9a24021f1a0c4591519513b555477c1b91 06258aba094a79a2cf12e6de5b9ceaabec212742961a462e5b846696ed1f3ce7
CLIENT_TRAFFIC_SECRET_0 5e7ec1fac8993641a09ddbeb0a9bbd9a24021f1a0c4591519513b555477c1b91 82f01919dfdd7e4a465eda0ef21a256137c258df75d3ddfeba0bbe31dedd1d4c
SERVER_TRAFFIC_SECRET_0 5e7ec1fac8993641a09ddbeb0a9bbd9a24021f1a0c4591519513b555477c1b91 b079003b190c557f8c52ae46c44c146c13c1e718835578948b4b7cb79dddc9fc
CLIENT_HANDSHAKE_TRAFFIC_SECRET b494502af028a88dc0b26ad8be02506ae7004e2365bda922c4778bfb3bec8a12 ab0a7f5d1c73de1f94a5b468aa3a1d6b02a7cd1fe2b09c6690a3e6e97e0ea9bd
SERVER_HANDSHAKE_TRAFFIC_SECRET b494502af028a88dc0b26ad8be02506ae7004e2365bda922c4778bfb3bec8a12 b08fd02e651e4572d06fd16494ac237e0c2e1cb9202f316ab1589cf47d8b55ca
CLIENT_TRAFFIC_SECRET_0 b494502af028a88dc0b26ad8be02506ae7004e2365bda922c4778bfb3bec8a12 06b57728fd8ac45b41f3263f3f9a511de6f63d0958a5d5bc1dae95402031d64a
SERVER_TRAFFIC_SECRET_0 b494502af028a88dc0b26ad8be02506ae7004e2365bda922c4778bfb3bec8a12 21e53ffbe1ce7763b4a19ad0d704ee1dfc6579e2e12d80dd646e5931e28ad28b
CLIENT_HANDSHAKE_TRAFFIC_SECRET 8847f1cd38812cb0c7e1e18abcfb86d1be8e5d63ee51fc9e74d844e4a71e59f3 72d2aa81574c57df728c6d5a3dcc9550b85fb49f9a608a7e691a47da065d6578
SERVER_HANDSHAKE_TRAFFIC_SECRET 8847f1cd38812cb0c7e1e18abcfb86d1be8e5d63ee51fc9e74d844e4a71e59f3 fb17c1e4de9bd84697075a21438245b0c4330b26b76291744ff1ff4066a31ae1
CLIENT_TRAFFIC_SECRET_0 8847f1cd38812cb0c7e1e18abcfb86d1be8e5d63ee51fc9e74d844e4a71e59f3 cf435b1bbf56b1352398181a783294ecd8c39eec116692509fb976fb0a649d00
SERVER_TRAFFIC_SECRET_0 8847f1cd38812cb0c7e1e18abcfb86d1be8e5d63ee51fc9e74d844e4a71e59f3 fc1b9e65987affe9c91a5ca7b5b719765b80d380ecf3ba4bd4858d1ffa6881e2
CLIENT_HANDSHAKE_TRAFFIC_SECRET 39f47ca29f601309a62c607f3c4f045361a202a8ab14c0a3adaf5b948dac934d 74898cf686741561d6117d5e66d9098f1e6ee094ade0ee73b368363818cb7990
SERVER_HANDSHAKE_TRAFFIC_SECRET 39f47ca29f601309a62c607f3c4f045361a202a8ab14c0a3adaf5b948dac934d 90a0b3ae5f19af1351136feb694f93c79291575692134ad8a554e42e186f22be
CLIENT_TRAFFIC_SECRET_0 39f47ca29f601309a62c607f3c4f045361a202a8ab14c0a3adaf5b948dac934d 80c745524293a72abecfe2d04b0747bc5b23cdc25b97401e118ec41d8dfff7f7
SERVER_TRAFFIC_SECRET_0 39f47ca29f601309a62c607f3c4f045361a202a8ab14c0a3adaf5b948dac934d aae30ef1ae29546b8181a4f111e02583cf6f24d0e950d20448d113bc0a0e9bee
CLIENT_HANDSHAKE_TRAFFIC_SECRET d6eef7a84e5ca84d157ac55ba06d881a323307291267c75497689e0500d3ad69 4962536fc072e7a83a0d924bc5e3ecf280a8ae99ff6f2769330e3488fbf77b52
SERVER_HANDSHAKE_TRAFFIC_SECRET d6eef7a84e5ca84d157ac55ba06d881a323307291267c75497689e0500d3ad69 92d961502cb87f73c99df5839530234e0dde4d3b1c0c154dfd02a8faed71a135
CLIENT_TRAFFIC_SECRET_0 d6eef7a84e5ca84d157ac55ba06d881a323307291267c75497689e0500d3ad69 a575d9b8c02f225b5f1ce4baf47b8e8760b169b07c5f0b2cddac58ce1f89d37d
SERVER_TRAFFIC_SECRET_0 d6eef7a84e5ca84d157ac55ba06d881a323307291267c75497689e0500d3ad69 435c8dfc6776103774c80ac58b7153ac9e2bb04180da4774c734882fe25162a0
CLIENT_HANDSHAKE_TRAFFIC_SECRET 079030eed05613bf9285266e6a8754d59cfcfb75f364c9068e34c6db3cfe795a 91dd49a2c4087ee21a52ff0e6c1243160b4d5994de62816f9d330d81dcf59f10
SERVER_HANDSHAKE_TRAFFIC_SECRET 079030eed05613bf9285266e6a8754d59cfcfb75f364c9068e34c6db3cfe795a d62c1fbf10ffab221d4e5157b16235f1aa87fc6e2a464788131d1410b6a0f8b7
CLIENT_TRAFFIC_SECRET_0 079030eed05613bf9285266e6a8754d59cfcfb75f364c9068e34c6db3cfe795a 4aae6000e3dfb04c79dd174888feff55a40ff5c0d85fd78257a2dbd990a71135
SERVER_TRAFFIC_SECRET_0 079030eed05613bf9285266e6a8754d59cfcfb75f364c9068e34c6db3cfe795a 50bb22dbfeb83bcb7f0b9bb816d4539a4ba4889a4f3d24662ffbbbd77cc3e1f5
CLIENT_HANDSHAKE_TRAFFIC_SECRET fa890a6bfe6629ba47873e3aac83e294e85a6a19a69d70d4aec962dc7307943c 7007b79c5496f24fcc209664b0d80cf6c046d664876daadf2799041c9fb1d3b9
SERVER_HANDSHAKE_TRAFFIC_SECRET fa890a6bfe6629ba47873e3aac83e294e85a6a19a69d70d4aec962dc7307943c bf1c857723712ae4bb282fd5e7091b606b51e849036b1b2589666318b30592e3
CLIENT_TRAFFIC_SECRET_0 fa890a6bfe6629ba47873e3aac83e294e85a6a19a69d70d4aec962dc7307943c a8af85ab879b98b5956841472f6864471ce6765b4b3a072b56a350ca31a33723
SERVER_TRAFFIC_SECRET_0 fa890a6bfe6629ba47873e3aac83e294e85a6a19a69d70d4aec962dc7307943c d4268d19696b2570b9f2683c55464f7de70b352cd294fa9fcb555fd0a3b94e37
CLIENT_HANDSHAKE_TRAFFIC_SECRET bf6806ace923904c2da17051f5c43c5a193dee1be335caa5671f14513399324b a6e0a3121a6569d17b0dc4fc498f22a17ec701287d7b86f186446078a166f653
SERVER_HANDSHAKE_TRAFFIC_SECRET bf6806ace923904c2da17051f5c43c5a193dee1be335caa5671f14513399324b c548295d4631a72a74ee0a64f91e31200dff238f7bba9f9b27670e5979d460e4
CLIENT_TRAFFIC_SECRET_0 bf6806ace923904c2da17051f5c43c5a193dee1be335caa5671f14513399324b 3abddb16e6680ecdd2e22b4f411836d734d22c0c26ef9f5850a515d15ec83edc
SERVER_TRAFFIC_SECRET_0 bf6806ace923904c2da17051f5c43c5a193dee1be335caa5671f14513399324b df4c289e0aa30f130d486a760865536a3e5ea381e6bc5f355a05e0759dba100f
CLIENT_HANDSHAKE_TRAFFIC_SECRET 10f5073eab9a5f9a7ed7dd3c737973a71ba17d5ca0da8fe6d6531d5133dd0645 caba813e6eddda83ed2840a70008b91430e8551ab838bd4674e1241c762eef35
SERVER_HANDSHAKE_TRAFFIC_SECRET 10f5073eab9a5f9a7ed7dd3c737973a71ba17d5ca0da8fe6d6531d5133dd0645 d32025ae1898ef85525af6ae001f494c1baf444950b8ed35a6a5fff48fb19007
CLIENT_TRAFFIC_SECRET_0 10f5073eab9a5f9a7ed7dd3c737973a71ba17d5ca0da8fe6d6531d5133dd0645 f81978698c04f32f31e9e1b1df6b40e2a869b3e0716a43a94e947f128ae47e8a
SERVER_TRAFFIC_SECRET_0 10f5073eab9a5f9a7ed7dd3c737973a71ba17d5ca0da8fe6d6531d5133dd0645 f08e0c736d14dab4ba15a9e391a85a48370ee9b6a9b4a07bd6848dfab071b962
CLIENT_HANDSHAKE_TRAFFIC_SECRET 67ae5bea0aeca4ab4ee5cdf92a7a7aafcedfe1966b17d9f236937f4978cfabd5 4edd5608a1d9429dde978689c48005389e548a229544e79a07ee9c2209bbe6f1
SERVER_HANDSHAKE_TRAFFIC_SECRET 67ae5bea0aeca4ab4ee5cdf92a7a7aafcedfe1966b17d9f236937f4978cfabd5 89843572a9abbd6e935ca00238079d4229cb0311849040162993ec2122db36d8
CLIENT_TRAFFIC_SECRET_0 67ae5bea0aeca4ab4ee5cdf92a7a7aafcedfe1966b17d9f236937f4978cfabd5 61d11f29190447850616dcd07ff67e6f49aecc832eb5b250abe88c95e88436e8
SERVER_TRAFFIC_SECRET_0 67ae5bea0aeca4ab4ee5cdf92a7a7aafcedfe1966b17d9f236937f4978cfabd5 f8919811e17368dc8937bbb34aa0e1873b2a74ee5be67ae8e8d67b24d66507c0
CLIENT_HANDSHAKE_TRAFFIC_SECRET 9dfcf665f6cba873bd8ed3e245dffd7ef435c7a0bd91ab9dae9a04773a114545 c2ade07d968b4fae5a689042e96b314a6755130b4272a0d906ca7d98dd0d7ea9
SERVER_HANDSHAKE_TRAFFIC_SECRET 9dfcf665f6cba873bd8ed3e245dffd7ef435c7a0bd91ab9dae9a04773a114545 b31e72a128cf9d1e6bebf30c56a7517a204ca08d4bdbf869c740b05e31ef3b28
CLIENT_TRAFFIC_SECRET_0 9dfcf665f6cba873bd8ed3e245dffd7ef435c7a0bd91ab9dae9a04773a114545 b6ad8703914968ef8550a3cc086b10609e7535bdf2b88ae53d95330324da0f27
SERVER_TRAFFIC_SECRET_0 9dfcf665f6cba873bd8ed3e245dffd7ef435c7a0bd91ab9dae9a04773a114545 144e7e22fbd6c1f1bdcadb718c69e6f130a34c8ffdfb6a58a6403e48099d077a
CLIENT_HANDSHAKE_TRAFFIC_SECRET d956d90debcaadab92188223086c40080a34556964dfd57e30804e1787ebd8d9 7a8cbd8746f6a89466504204a28d9dcc88da0f230d4fe621f275c295e93df48e
SERVER_HANDSHAKE_TRAFFIC_SECRET d956d90debcaadab92188223086c40080a34556964dfd57e30804e1787ebd8d9 344fc1a243623a2b4806152b90fbf1e38f1e1f3dd1f5fe365ce54c956ba38dab
CLIENT_TRAFFIC_SECRET_0 d956d90debcaadab92188223086c40080a34556964dfd57e30804e1787ebd8d9 b0e6663c13b1fa2a05c45c410a33c4ac5991fd923029e7e291a0b49f143d0925
SERVER_TRAFFIC_SECRET_0 d956d90debcaadab92188223086c40080a34556964dfd57e30804e1787ebd8d9 14163ff72d466bc9ea9e1aea00c119c9f4623075308a566cb8d6229de03665bb
CLIENT_HANDSHAKE_TRAFFIC_SECRET 538748d962df4276aa4da670fde242b1da452bb9f8dfe30467b0b335de778213 a9df84f0373508ca276243ec00efc393f7a36f2ee9ba4b0f2206c388be683ed7
SERVER_HANDSHAKE_TRAFFIC_SECRET 538748d962df4276aa4da670fde242b1da452bb9f8dfe30467b0b335de778213 206f782c97edf7081318705e32d68957247529f8ce8c54da7ced5e6f7db0019c
CLIENT_TRAFFIC_SECRET_0 538748d962df4276aa4da670fde242b1da452bb9f8dfe30467b0b335de778213 c0a95e70988828ac173d46c4ed21d9e8bf7e197e44f6d3a8b317d323b7b28b7e
SERVER_TRAFFIC_SECRET_0 538748d962df4276aa4da670fde242b1da452bb9f8dfe30467b0b335de778213 a4bb29a3ae46a297f7d98da3cb34165e62f08a35dcf9c4c2979e17c1befb439b
CLIENT_HANDSHAKE_TRAFFIC_SECRET a1d73afafe3fd6339558ced53a60917dd13c33601af69c9429ade8700eebece1 061751c9d237296239fd9784e04bc1ec2959ab48b5971666cb4c91a132c0ce28
SERVER_HANDSHAKE_TRAFFIC_SECRET a1d73afafe3fd6339558ced53a60917dd13c33601af69c9429ade8700eebece1 b2400782ac01e9bc0baf4bc4eeeb1e326d816bf033282f9ba8f9c4dd1fd79f05
CLIENT_TRAFFIC_SECRET_0 a1d73afafe3fd6339558ced53a60917dd13c33601af69c9429ade8700eebece1 4518aba5ea5da069e5285741e88384a63a937c849f4e3d3d9afa3c5165a5f969
SERVER_TRAFFIC_SECRET_0 a1d73afafe3fd6339558ced53a60917dd13c33601af69c9429ade8700eebece1 6c393feb56e0275d031a4535e35c84de170e8ce29a197e50a87a835e4bd33d01
CLIENT_HANDSHAKE_TRAFFIC_SECRET e524a7a40ff05a23c3f1f711338626685668e28dc73ca95ec6a32428b92d5720 ce81d2cebc9ec4aed1c5704f73b802d9e1bc43cd1ac7595e70e62641e4e24fdf
SERVER_HANDSHAKE_TRAFFIC_SECRET e524a7a40ff05a23c3f1f711338626685668e28dc73ca95ec6a32428b92d5720 57998bdc50e11679288db361b2512b81f508207c423bc82c6abfaac2a4db5060
CLIENT_TRAFFIC_SECRET_0 e524a7a40ff05a23c3f1f711338626685668e28dc73ca95ec6a32428b92d5720 11624e1c92fa17311b7a4b5ebab52c05efbd2a1881f69c196ae441d38a6dae18
SERVER_TRAFFIC_SECRET_0 e524a7a40ff05a23c3f1f711338626685668e28dc73ca95ec6a32428b92d5720 8f8d6840e23989022cd37a7518d994900d45cb5faed5633babfbba7845a85d76
CLIENT_HANDSHAKE_TRAFFIC_SECRET 6dacdfa95077f736be2bd01c88c719cbcd8cf8707f92869d062913f83c2a31e2 31feb87314c73ed02698fccb6137580ed3d2c321e397bab810f7f56a34f5850b
SERVER_HANDSHAKE_TRAFFIC_SECRET 6dacdfa95077f736be2bd01c88c719cbcd8cf8707f92869d062913f83c2a31e2 81432659d6f30d27eeac38f83fd71dcb7a11c03adc2985fc403bdd3cd20b78a3
CLIENT_TRAFFIC_SECRET_0 6dacdfa95077f736be2bd01c88c719cbcd8cf8707f92869d062913f83c2a31e2 d2024d760a1631256ca653792271d3e1a438204fa882ad6eb4da7210b5d9b742
SERVER_TRAFFIC_SECRET_0 6dacdfa95077f736be2bd01c88c719cbcd8cf8707f92869d062913f83c2a31e2 813eddc1b0fed6bf43c48b34357e2782e55b8510aa207b10602ba36f394872dd
CLIENT_HANDSHAKE_TRAFFIC_SECRET 16b5787bc1292eac956b0c22ec04e9dd0ea00a54576a5d7d6d4618e6aa74f13f a1390eee8f1e1179fc6de554a119f43d6e856a41ffb45d6cd74b2bf8c98a1540
SERVER_HANDSHAKE_TRAFFIC_SECRET 16b5787bc1292eac956b0c22ec04e9dd0ea00a54576a5d7d6d4618e6aa74f13f 428780861a994b8decd4d09a532addf2ef15efc47271eb10a8e6aa96f6a41a0c
CLIENT_TRAFFIC_SECRET_0 16b5787bc1292eac956b0c22ec04e9dd0ea00a54576a5d7d6d4618e6aa74f13f 0373a5a9d153b8299933195f96dcdb3b120802b5e1ee7a09818395e055679c33
SERVER_TRAFFIC_SECRET_0 16b5787bc1292eac956b0c22ec04e9dd0ea00a54576a5d7d6d4618e6aa74f13f 1bbe0c5236a2688ff994b06d33a084f0683e4132495edc42ce1d840aeee9193a
CLIENT_HANDSHAKE_TRAFFIC_SECRET 79f8f3f4104d0fb57974c59fdc0b8d818ccd6ae8327031d613caee0fe00b6eb1 417d4a6e73144a66ddb4a1e47a0a773ef6d7178b8193f3f72fd96850e6ac5adf
SERVER_HANDSHAKE_TRAFFIC_SECRET 79f8f3f4104d0fb57974c59fdc0b8d818ccd6ae8327031d613caee0fe00b6eb1 71434fcd018088411dc8060b52c3b94af9e1c9589fd6c5a5557a90a7dc050747
CLIENT_TRAFFIC_SECRET_0 79f8f3f4104d0fb57974c59fdc0b8d818ccd6ae8327031d613caee0fe00b6eb1 30be9ef9e5b5b9a65008b27a9700f26ab97c3fa31fabe2ae5328e844206575ee
SERVER_TRAFFIC_SECRET_0 79f8f3f4104d0fb57974c59fdc0b8d818ccd6ae8327031d613caee0fe00b6eb1 224dcca35191f16ea38ad46c85cdb8156cc3a66fdc0521247c55f6c38e8b6665
CLIENT_HANDSHAKE_TRAFFIC_SECRET 7e54548afb2ddf974c654e6659701a617d0a2fd436ea48b3125b4bec9fed24d8 a9439341db2f549c286d8cf757271cdb612149ae8123eeffd755acb5b7dbf1ea
SERVER_HANDSHAKE_TRAFFIC_SECRET 7e54548afb2ddf974c654e6659701a617d0a2fd436ea48b3125b4bec9fed24d8 892d5efad4861fde3a6934e12efd510dc22a6c37d0432268f122875d02b69143
CLIENT_TRAFFIC_SECRET_0 7e54548afb2ddf974c654e6659701a617d0a2fd436ea48b3125b4bec9fed24d8 1503f8a767a20681a3291d1612fb2a64512b94798109c163942683f77a4fc68b
SERVER_TRAFFIC_SECRET_0 7e54548afb2ddf974c654e6659701a617d0a2fd436ea48b3125b4bec9fed24d8 4de1e5120daa3ac2f24d6945be3f72f192f1903d52d08f64073746f23e87201a
CLIENT_HANDSHAKE_TRAFFIC_SECRET 56238c512e34e4f4e9b73234301b88e802d75ff48d0425dd633ad371a840b528 bd23feed24a188a6043c5f2aa6eba9c92a4d86905d660b091bf433a00877ada9
SERVER_HANDSHAKE_TRAFFIC_SECRET 56238c512e34e4f4e9b73234301b88e802d75ff48d0425dd633ad371a840b528 ff3e21908dc1cbf78947ebc18c1d3b93a26f0c50bd8e5b2c1c74b3beebaa6c8d
CLIENT_TRAFFIC_SECRET_0 56238c512e34e4f4e9b73234301b88e802d75ff48d0425dd633ad371a840b528 fb816fe8463d941c2fcf1971ce984b7e0e28d43bf00067dcaff7aa04fbe80a58
SERVER_TRAFFIC_SECRET_0 56238c512e34e4f4e9b73234301b88e802d75ff48d0425dd633ad371a840b528 8453e3fdca0f7b431945f8e55da58b1cceb260fc0b370f2c181ac9714da16f65
CLIENT_HANDSHAKE_TRAFFIC_SECRET 53332f6833bb182143c39b77cebe44f0a8a141de7edf7c5c43d01a22be103519 154253c9618b9a79d6ec0db9eba7f6f65469679233bdf3ced38cf709e4befbb0
SERVER_HANDSHAKE_TRAFFIC_SECRET 53332f6833bb182143c39b77cebe44f0a8a141de7edf7c5c43d01a22be103519 ad43e7e3fe4e0acbe9d476c8c6cefa17a1787feb0d6ad7421e3817ba3e5bacbc
CLIENT_TRAFFIC_SECRET_0 53332f6833bb182143c39b77cebe44f0a8a141de7edf7c5c43d01a22be103519 308e0fdc70744686c998334efa86a0264a386c56769d2b9d8aa651f8b4255381
SERVER_TRAFFIC_SECRET_0 53332f6833bb182143c39b77cebe44f0a8a141de7edf7c5c43d01a22be103519 de4adddce0c51ccec98b8728268d698cb9e5850661b00bbbcc4864099332bb99
CLIENT_HANDSHAKE_TRAFFIC_SECRET b1f85d746e70606922bea89aed66608f3455f47119662eaf68fd5b777954a132 a074bee361bfd123deb174a6d75682113a02f5fd805a845fe25b50321cdda320
SERVER_HANDSHAKE_TRAFFIC_SECRET b1f85d746e70606922bea89aed66608f3455f47119662eaf68fd5b777954a132 85759fda799736a5bb6d5063301928e6f65179e1a058eefe083e827f034ee8aa
CLIENT_TRAFFIC_SECRET_0 b1f85d746e70606922bea89aed66608f3455f47119662eaf68fd5b777954a132 a3b86f3c2594ca70c876488e971ce5c2fb5013498886ab0382844c4734f61b09
SERVER_TRAFFIC_SECRET_0 b1f85d746e70606922bea89aed66608f3455f47119662eaf68fd5b777954a132 1db0b1fa948b0002feb393caa019b8d915fb5726d8d3e0ea2fe170e30b3c451d
CLIENT_HANDSHAKE_TRAFFIC_SECRET 3abf5b2e670305f1f2001f6286ae687d1b247e1016daec4f3a20d8e77fe260f5 3112df68d039a908342ee823a37c69d8199c33bf003e11d297b1a225ed59db9e
SERVER_HANDSHAKE_TRAFFIC_SECRET 3abf5b2e670305f1f2001f6286ae687d1b247e1016daec4f3a20d8e77fe260f5 17a71fe50c69b777a5920d162497286dadf20caae8f31c6bc577a1189924fbef
CLIENT_TRAFFIC_SECRET_0 3abf5b2e670305f1f2001f6286ae687d1b247e1016daec4f3a20d8e77fe260f5 19f26893959a4b89317fafe3d4942487bdcf98c7d0610e746d49d8c06b920c11
SERVER_TRAFFIC_SECRET_0 3abf5b2e670305f1f2001f6286ae687d1b247e1016daec4f3a20d8e77fe260f5 880e45ef4ed1833025aa7733ac4cd8ff05a7656aa12cba1e1fd63c52e948569f
CLIENT_HANDSHAKE_TRAFFIC_SECRET a8a9228c3b563fb5517b025f1bfb87ee935b213c6d1c7e4773b80abca0250d9e 7a55c19eb68a8c4a40bc9e6f77ce655b7f0a91657f56cc555a8b6e660d172a30
SERVER_HANDSHAKE_TRAFFIC_SECRET a8a9228c3b563fb5517b025f1bfb87ee935b213c6d1c7e4773b80abca0250d9e ed8c050040bfb6d976046c1fbf13ab7a1b2d9c5915119919e2ca766a6d5e09b8
CLIENT_TRAFFIC_SECRET_0 a8a9228c3b563fb5517b025f1bfb87ee935b213c6d1c7e4773b80abca0250d9e 8825867ee5d6bcc108671b8ea8760349368c3a054c67f8813987eb5195259f36
SERVER_TRAFFIC_SECRET_0 a8a9228c3b563fb5517b025f1bfb87ee935b213c6d1c7e4773b80abca0250d9e 157f1bd21b6018824ccc5abad06cfc4d07706df108a189a1a1be577cfe5dc7e5
CLIENT_HANDSHAKE_TRAFFIC_SECRET 99ff02e6cb39ea47e71021ad5e8bc4c18ad4f457e9c8578f0d785cd2d10b62d2 3f2093ce2608b9a2c60054e5f9fde938806616c2c75053f95261b5286c5b4a4f
SERVER_HANDSHAKE_TRAFFIC_SECRET 99ff02e6cb39ea47e71021ad5e8bc4c18ad4f457e9c8578f0d785cd2d10b62d2 9d2627feaff64fb43009619f7c77a8bcb38585a45322929cc8aa8d169c75ae41
CLIENT_TRAFFIC_SECRET_0 99ff02e6cb39ea47e71021ad5e8bc4c18ad4f457e9c8578f0d785cd2d10b62d2 50ec0c52bf485e9494ec5563b3b14626f1b315989eb196aba695b7a8b88d5442
SERVER_TRAFFIC_SECRET_0 99ff02e6cb39ea47e71021ad5e8bc4c18ad4f457e9c8578f0d785cd2d10b62d2 32ef024fab1f68b338f9c7508d960a96b9e2dde99afcc1f02c09d4fec98effa0
CLIENT_HANDSHAKE_TRAFFIC_SECRET 11b01dadc79a75e6a001690e973194f17b4acc7f34061b576278e827094b4855 327392365b558280608faa02582571407a1cd5731e9b48915368a998124abe62
SERVER_HANDSHAKE_TRAFFIC_SECRET 11b01dadc79a75e6a001690e973194f17b4acc7f34061b576278e827094b4855 475fa780a7a3a7640b40a43bc165fc0817bddf7f1830cc1002d4923c829c5845
CLIENT_TRAFFIC_SECRET_0 11b01dadc79a75e6a001690e973194f17b4acc7f34061b576278e827094b4855 41b4358e04308dfea5fb12c4840bde30801289a2ac581e8f45c0065bf58f9306
SERVER_TRAFFIC_SECRET_0 11b01dadc79a75e6a001690e973194f17b4acc7f34061b576278e827094b4855 0e1ffbefeef715e2e2c0c2913612f87e1152664c2982f765063febba22938d80
CLIENT_HANDSHAKE_TRAFFIC_SECRET 0cf75cfc976598bb4bdd6629151a987ec5c3aa644f8cae4c0a7e05dc65cd4ee0 9e7f40c9057449c2bb827b04781a6ee78759bbabca121ae6056df129d02835b0
SERVER_HANDSHAKE_TRAFFIC_SECRET 0cf75cfc976598bb4bdd6629151a987ec5c3aa644f8cae4c0a7e05dc65cd4ee0 c8ef6effb9841a90a0f529069e691f8829e703718ddc77cd678912489bd91018
CLIENT_TRAFFIC_SECRET_0 0cf75cfc976598bb4bdd6629151a987ec5c3aa644f8cae4c0a7e05dc65cd4ee0 9df3433adfbe0053333036a1c1663a9c0629c66b3f23f74568284f1419045d40
SERVER_TRAFFIC_SECRET_0 0cf75cfc976598bb4bdd6629151a987ec5c3aa644f8cae4c0a7e05dc65cd4ee0 85a0a95c34d6904c0760fba1dbd0c9be331e3dd77e567731cbeff860247c7207
CLIENT_HANDSHAKE_TRAFFIC_SECRET 81194b707f9c80d7eafa0b075ee10b94b4fcb154de0b05f465d0a21ee39c7a80 ba025fbe013213f36ec9b87c4703b1f7c89d0133b7393f51b8560fc1f1ec0c1d
SERVER_HANDSHAKE_TRAFFIC_SECRET 81194b707f9c80d7eafa0b075ee10b94b4fcb154de0b05f465d0a21ee39c7a80 40e52d69acd940f1a90270a38c775db51f0f2930e3798bd939d07b27e3043b1e
CLIENT_TRAFFIC_SECRET_0 81194b707f9c80d7eafa0b075ee10b94b4fcb154de0b05f465d0a21ee39c7a80 832504d124d1848a75d0999fccc035126601b668189b940686fde270b645fedc
SERVER_TRAFFIC_SECRET_0 81194b707f9c80d7eafa0b075ee10b94b4fcb154de0b05f465d0a21ee39c7a80 4c27e4668b744c898458c541da7ab273724b2ff019e9e53dec5d0e0ded2003f7
CLIENT_HANDSHAKE_TRAFFIC_SECRET ff5cd7015296c8e7f0645e85f61260207cf58b4710ccf6a0270d9c1710c837e3 ae9bdb878296c081386c21ac42ab675398c130845362b58cc319e79cf6305e98
SERVER_HANDSHAKE_TRAFFIC_SECRET ff5cd7015296c8e7f0645e85f61260207cf58b4710ccf6a0270d9c1710c837e3 a905c9c1d046d917fc8ba750c9424c32aec2a665bd34b3b1f466972deb1a9a18
CLIENT_TRAFFIC_SECRET_0 ff5cd7015296c8e7f0645e85f61260207cf58b4710ccf6a0270d9c1710c837e3 d10671ef54f4d2663f4fc31d32db4a45c9da72f72bf5db6ebc15a13f045bd109
SERVER_TRAFFIC_SECRET_0 ff5cd7015296c8e7f0645e85f61260207cf58b4710ccf6a0270d9c1710c837e3 8ac765d271d84644d79970c7d612715f58253a59153e84fe42f3659d95d9b8bb
CLIENT_HANDSHAKE_TRAFFIC_SECRET a5b404898f882caf7c95d3a24f5607ac7a203a2bc9007ccc7a70b355b4cf2fcc 19d24b60e576e6f093e89a3e8dc8e74a5c07dc76d6d1509f88ba062c47e269a1
SERVER_HANDSHAKE_TRAFFIC_SECRET a5b404898f882caf7c95d3a24f5607ac7a203a2bc9007ccc7a70b355b4cf2fcc e79cc1970f2a03b457db39029973524c02ce6bedd0ad61717046cde7cfe5b337
CLIENT_TRAFFIC_SECRET_0 a5b404898f882caf7c95d3a24f5607ac7a203a2bc9007ccc7a70b355b4cf2fcc 748ac90afac17e458e4fea7576add11db1d127fd148850306757b6128d7e0bc4
SERVER_TRAFFIC_SECRET_0 a5b404898f882caf7c95d3a24f5607ac7a203a2bc9007ccc7a70b355b4cf2fcc 07a8873604f159c47c79efc4f3291aa70aec01d740fba275a6fdd85739a552d2
CLIENT_HANDSHAKE_TRAFFIC_SECRET 3e91684962ea5bb0dc2621417dad99b5d73a60ba194e63cad94ace1483bd2eae db26a55fc2bf8957c1435ccc3aa93585e19673c7bd75ce878c8ee82ec2aa74f5
SERVER_HANDSHAKE_TRAFFIC_SECRET 3e91684962ea5bb0dc2621417dad99b5d73a60ba194e63cad94ace1483bd2eae a4a8c31b5b1fc2aade2e7ab8177301d207988418d669bc892ffd3ce8b77f7551
CLIENT_TRAFFIC_SECRET_0 3e91684962ea5bb0dc2621417dad99b5d73a60ba194e63cad94ace1483bd2eae ad4e2d51ef5b88c08418bc6f8a3a826cb5020c6e2ad6390250f8e0f7a85342cc
SERVER_TRAFFIC_SECRET_0 3e91684962ea5bb0dc2621417dad99b5d73a60ba194e63cad94ace1483bd2eae e7a5c7126d4832fd6a66b1879c2757c89f6198393e186077f6dd0f26fcd54282
CLIENT_HANDSHAKE_TRAFFIC_SECRET 4e929511bf85498e78110704fcd0fe4e9a6c6de4040cb2d9616c24165d5360b1 e85282eaf34b412c943614cb747ecd55b1a4f507ce1f2ec6e1242347c4e5131c
SERVER_HANDSHAKE_TRAFFIC_SECRET 4e929511bf85498e78110704fcd0fe4e9a6c6de4040cb2d9616c24165d5360b1 8999ae755af8fcf4c6ca335fad55781f7e6be074b3efb5d9f71544f375086e36
CLIENT_TRAFFIC_SECRET_0 4e929511bf85498e78110704fcd0fe4e9a6c6de4040cb2d9616c24165d5360b1 3f27a7c4bae7fe1b24f709d95b7707791830b6aa8e247a7258cb20f29f2e537f
SERVER_TRAFFIC_SECRET_0 4e929511bf85498e78110704fcd0fe4e9a6c6de4040cb2d9616c24165d5360b1 a90889d81ae1fc90ea559c3079690ff7ac09452962c9031d9fdfe9591b6659e7
CLIENT_HANDSHAKE_TRAFFIC_SECRET d20fa20db29fdfe8723cdf12947a26b1c6953338c406d4c27bb79d15a482abe3 282264d588e2963c3f49fdbbe8943dce9052e2c3c47a231811bea65337bf769b
SERVER_HANDSHAKE_TRAFFIC_SECRET d20fa20db29fdfe8723cdf12947a26b1c6953338c406d4c27bb79d15a482abe3 12259bc8a32ff72f1e82b7247655695297dec0d1640902a7310c87bb6b9ba0a0
CLIENT_TRAFFIC_SECRET_0 d20fa20db29fdfe8723cdf12947a26b1c6953338c406d4c27bb79d15a482abe3 37dff89ab7d5940add53702d28364618c3d5a9fc88541b5ab7ae76bd4e066b28
SERVER_TRAFFIC_SECRET_0 d20fa20db29fdfe8723cdf12947a26b1c6953338c406d4c27bb79d15a482abe3 dd8f9f7ce867dc6b9fdafe205adcf4a6ff73ae19a1496fdc6b844f595914a0c5
CLIENT_HANDSHAKE_TRAFFIC_SECRET a2b90137673d559cc8f51d575c6e5daf8f0b2f3af9f1599b96b64e7e03e045d7 9b3667175cb34f91b1199fe341e81ce7a1edf0c6c1e1ede467bbd5caee504532
SERVER_HANDSHAKE_TRAFFIC_SECRET a2b90137673d559cc8f51d575c6e5daf8f0b2f3af9f1599b96b64e7e03e045d7 d5dd969ac0d4c5d6e7a32838d7ba7bc775ef89be62c0e259c11ff4ef683ddae7
CLIENT_TRAFFIC_SECRET_0 a2b90137673d559cc8f51d575c6e5daf8f0b2f3af9f1599b96b64e7e03e045d7 573a9330ea0fceb2d13e18200d99f25136bfa1028edc19adc686f79c36ca5205
SERVER_TRAFFIC_SECRET_0 a2b90137673d559cc8f51d575c6e5daf8f0b2f3af9f1599b96b64e7e03e045d7 9bca84c73fc1000c15f77ed98ac321ddc2450903d3c009d068d9bd9affed248d
CLIENT_HANDSHAKE_TRAFFIC_SECRET e730dc957647a7c57b349bb0b6c60ba3371ad0302a041c249af0ed236edb2447 1b792c7fb85734efd8bc619e63e6d447f1fef544d41f38feb2669800293d899d
SERVER_HANDSHAKE_TRAFFIC_SECRET e730dc957647a7c57b349bb0b6c60ba3371ad0302a041c249af0ed236edb2447 1f0c999d032305640cbb313af07fb220d551218b04a1c2354c99fa936b34a2af
CLIENT_TRAFFIC_SECRET_0 e730dc957647a7c57b349bb0b6c60ba3371ad0302a041c249af0ed236edb2447 c6128ea0b57fe73ffb2482667d77b0bf08d74afdb729c1551f785c47fd4a4626
SERVER_TRAFFIC_SECRET_0 e730dc957647a7c57b349bb0b6c60ba3371ad0302a041c249af0ed236edb2447 68105c21c0f1722be9aff478985f4242c1c8bef5f6c437461fd2815534b6289f
CLIENT_HANDSHAKE_TRAFFIC_SECRET c27ba75b8b125d4580c105180afcde422dd8b9d5529033292db65ec4cd28da3b cb367c0f8efa2e6477f6ec1e090754999d73bffb414aef65b38805b042a57673
SERVER_HANDSHAKE_TRAFFIC_SECRET c27ba75b8b125d4580c105180afcde422dd8b9d5529033292db65ec4cd28da3b 61a43a5822853999cf46f70d4939a6af22b69a5918d6624f9f1076e22ce80ade
CLIENT_TRAFFIC_SECRET_0 c27ba75b8b125d4580c105180afcde422dd8b9d5529033292db65ec4cd28da3b fb4c16a01b78bb188bf29671d52767f281216017dc2d54635a9ef45e55847601
SERVER_TRAFFIC_SECRET_0 c27ba75b8b125d4580c105180afcde422dd8b9d5529033292db65ec4cd28da3b 114a96089bf7fddae2f7fcc34f06c73cf35631ae22a00eeac26f1d9985defdd2
CLIENT_HANDSHAKE_TRAFFIC_SECRET 16047a8b5a06b89873c9c4fe1a74c97628d092417be407b0e18993db63fd61a0 97960b002f18f97315ee6a2e8412437308a293afe5ee439cf6fc37759e6fd107
SERVER_HANDSHAKE_TRAFFIC_SECRET 16047a8b5a06b89873c9c4fe1a74c97628d092417be407b0e18993db63fd61a0 812fdfe42ca1d45ed1b3064fb285a14882af5a36efe91c5b5faa1c4357f3aad9
CLIENT_TRAFFIC_SECRET_0 16047a8b5a06b89873c9c4fe1a74c97628d092417be407b0e18993db63fd61a0 9116bf955d23cf24df5dd52acd2a099867dbcd21b067e4568579860dab42f303
SERVER_TRAFFIC_SECRET_0 16047a8b5a06b89873c9c4fe1a74c97628d092417be407b0e18993db63fd61a0 b6ed99884554e47e4d9aedf7768d7fc587c4cbae8311bdd1be696df909896e8f
CLIENT_HANDSHAKE_TRAFFIC_SECRET 9ac5a0e77a61694440b59dc854742aee9fcf5cc2ada22d97f4c69bc318a4fee1 483a7220725a7be533b01b2ba6658867b53b984ae103ebb3e10a81f7aad9b59d
SERVER_HANDSHAKE_TRAFFIC_SECRET 9ac5a0e77a61694440b59dc854742aee9fcf5cc2ada22d97f4c69bc318a4fee1 bd4e20e625d27ed30b7bccf314d92b8e254ca7a7c19a30828462c16e3ed5e8ca
CLIENT_TRAFFIC_SECRET_0 9ac5a0e77a61694440b59dc854742aee9fcf5cc2ada22d97f4c69bc318a4fee1 a616e5524c3fb561475602b6f0e05438b657b5182052e90a79e240b9f16df8c3
SERVER_TRAFFIC_SECRET_0 9ac5a0e77a61694440b59dc854742aee9fcf5cc2ada22d97f4c69bc318a4fee1 ab0c1eb392afe1f9b915e20ac47148c895354e492b8a1eef49c93c1d3e4b8814
CLIENT_HANDSHAKE_TRAFFIC_SECRET a398404b1c2468117a8a457176eaee5cd5713cf151883c869a0b71400e9f1300 2599b1490aeafa29d03e5fa07d16b8b8d0f2a2fc5fbfc49dfbcf6b7d91fe68b5
SERVER_HANDSHAKE_TRAFFIC_SECRET a398404b1c2468117a8a457176eaee5cd5713cf151883c869a0b71400e9f1300 ddff3f21cac81e6d2f8a3d275e4881327ad35e5f1e7107074046ab87bdebccff
CLIENT_TRAFFIC_SECRET_0 a398404b1c2468117a8a457176eaee5cd5713cf151883c869a0b71400e9f1300 6dc3cafc100b5653a7eed22a1ca8066bb959adb9308f78b774d2fe83f618bbe9
SERVER_TRAFFIC_SECRET_0 a398404b1c2468117a8a457176eaee5cd5713cf151883c869a0b71400e9f1300 a834e38b5e324db73bb1d05598bb569dfd244e869806e9e7c59c7327a4f8d288
CLIENT_HANDSHAKE_TRAFFIC_SECRET e3478195864c970d504f7d51f171af9a757c79b7728402838a70451238482871 0efb1c19a331e4ccd7406259a648fa6beb431bbd31d71efb5811851524ecd70e
SERVER_HANDSHAKE_TRAFFIC_SECRET e3478195864c970d504f7d51f171af9a757c79b7728402838a70451238482871 7a6c8051247ca40aadab686200d4727d8e9f6f035e09e6ebb0fda00162d26b97
CLIENT_TRAFFIC_SECRET_0 e3478195864c970d504f7d51f171af9a757c79b7728402838a70451238482871 2c511832af08ce5408e1707edc21a49765a4af4f2fe3678e04453476300f4744
SERVER_TRAFFIC_SECRET_0 e3478195864c970d504f7d51f171af9a757c79b7728402838a70451238482871 098c75383c64d10a67cc449b8cbbd37a262dc7c015ec77aa6f5be7c992922540
CLIENT_HANDSHAKE_TRAFFIC_SECRET d5c866c31f36e966eafef577e219264245b5713835f26588171cac29663a681d 6b91533dcfaa8dbad45f5b869ff5a7be5c7d0618d9508554f4a4295e8a12c8f7
SERVER_HANDSHAKE_TRAFFIC_SECRET d5c866c31f36e966eafef577e219264245b5713835f26588171cac29663a681d 24ebc8fd457d7466be6327b35f2673e4c716e9729fe27850e9ce6461fe8e03f6
CLIENT_TRAFFIC_SECRET_0 d5c866c31f36e966eafef577e219264245b5713835f26588171cac29663a681d d6ea62abc258e7ec35b3d4a5b5109d41b6b5a07aee78ed54886bab5f0a1fd2be
SERVER_TRAFFIC_SECRET_0 d5c866c31f36e966eafef577e219264245b5713835f26588171cac29663a681d 7e8be2eca2bd75b85f329f91341fa9b83e8d6d9366ca22cd1d4f50b0f438be11
CLIENT_HANDSHAKE_TRAFFIC_SECRET 7376e9e534dc2569a489caebe1ab33673aa3aefacc7c436f885f6c10b85c7d08 d26aa843950fc172cd5cdeec313f7e810e35c25c538deb540a71f94356bb594a
SERVER_HANDSHAKE_TRAFFIC_SECRET 7376e9e534dc2569a489caebe1ab33673aa3aefacc7c436f885f6c10b85c7d08 ae1fd736a7e92a8bd0f5d790141c8de707e74d84b106222de5dd2eca9622b61b
CLIENT_TRAFFIC_SECRET_0 7376e9e534dc2569a489caebe1ab33673aa3aefacc7c436f885f6c10b85c7d08 8403eb46de1fabdd5ca2004174e5681334f4c978a281f86dd742005e5082edcf
SERVER_TRAFFIC_SECRET_0 7376e9e534dc2569a489caebe1ab33673aa3aefacc7c436f885f6c10b85c7d08 240a9d737c2f979024ecae0f2cd928b20a2c3d89ab51596c21070d30f6ae3e7c
CLIENT_HANDSHAKE_TRAFFIC_SECRET 9659926af4fa5949bf0fb82560631f367323f5badfbc5b49047fbcc7ed900974 202cc2962f66a971a66d66dd8f42a66a7ce039e1f8d38cd8a5333d3f0439ea06
SERVER_HANDSHAKE_TRAFFIC_SECRET 9659926af4fa5949bf0fb82560631f367323f5badfbc5b49047fbcc7ed900974 d8017e24cc4fd836ec5b2ead0151f447b4c8779b9ff25aaa99c89c1997dc3d12
CLIENT_TRAFFIC_SECRET_0 9659926af4fa5949bf0fb82560631f367323f5badfbc5b49047fbcc7ed900974 d8bc735bd10bc8b303f1136a763a49ea22c905fd40d2f3c404fffd9220779b79
SERVER_TRAFFIC_SECRET_0 9659926af4fa5949bf0fb82560631f367323f5badfbc5b49047fbcc7ed900974 7d315c9e096ac3066ce8b2fc55aea807de208390fba007d0470d580e97a95661
CLIENT_HANDSHAKE_TRAFFIC_SECRET 66282c91ee9a2164215220d90be08b469f448574a417a4f8949399c65d096408 56014cc13ef8e1023376e7418e66589087beb849fa3b088dcb36d0966d533acb
SERVER_HANDSHAKE_TRAFFIC_SECRET 66282c91ee9a2164215220d90be08b469f448574a417a4f8949399c65d096408 f12120e904dad1b5bdee357a012afc8c699508c221a8a0a89aa6d36b45e0e30b
CLIENT_TRAFFIC_SECRET_0 66282c91ee9a2164215220d90be08b469f448574a417a4f8949399c65d096408 4ca1b2200b3e735023bbca119c84c4c3105c752a6c0b09a35ea5d24341785477
SERVER_TRAFFIC_SECRET_0 66282c91ee9a2164215220d90be08b469f448574a417a4f8949399c65d096408 1191269934d31bd391201cbe2f0d3065a823b5cc4067101f61105184c78b6be3
CLIENT_HANDSHAKE_TRAFFIC_SECRET 358403040079629f23a982475cd7ca7bf00479a7f1327d39192aaa1a054eee94 f209dd3493d44b1145e038d5e622aad72ded3bd3bc6bd495db253e44e61d1b3e
SERVER_HANDSHAKE_TRAFFIC_SECRET 358403040079629f23a982475cd7ca7bf00479a7f1327d39192aaa1a054eee94 bf4e12159a562a6f558378515a2d45b8f86ec112439ecd2f42c9e0317d131885
CLIENT_TRAFFIC_SECRET_0 358403040079629f23a982475cd7ca7bf00479a7f1327d39192aaa1a054eee94 2045c7eb84494f3d997a1a41691ce8567644672bb8012c3709ef82e84f4355ba
SERVER_TRAFFIC_SECRET_0 358403040079629f23a982475cd7ca7bf00479a7f1327d39192aaa1a054eee94 8068a1aedc577b912f8cba5058b4f9a20907076ef63813b7aca0adca59f9df37
CLIENT_HANDSHAKE_TRAFFIC_SECRET b5c78837df79f9ce205dced47ba0039269e73da90cdeb2c6dd4ba0c16fe1c2d6 310f165228163a840754c14c96a15d409dcd6d6d3a0ce94de90af4d688db843f
SERVER_HANDSHAKE_TRAFFIC_SECRET b5c78837df79f9ce205dced47ba0039269e73da90cdeb2c6dd4ba0c16fe1c2d6 11a1016dc4724a8cf1c41e102e14aba122f730354e15311ad698ab2a109b64b7
CLIENT_TRAFFIC_SECRET_0 b5c78837df79f9ce205dced47ba0039269e73da90cdeb2c6dd4ba0c16fe1c2d6 d227f53f2f63ea2c619be1f1af6cf868e34b860d2bd47ff4b6b4e1c8b4714aee
SERVER_TRAFFIC_SECRET_0 b5c78837df79f9ce205dced47ba0039269e73da90cdeb2c6dd4ba0c16fe1c2d6 fb886324f208dc2e50723a026a420fe5afa44e17383d31750488afcc456173a9
CLIENT_HANDSHAKE_TRAFFIC_SECRET 50c5f28a94b7f64815b5535b97978e5af5433135f197f76d3565f61d7512812e da46ef6e8c75c20b21730dfd8a254db884b86df4012f1987bdf59846adcaf362
SERVER_HANDSHAKE_TRAFFIC_SECRET 50c5f28a94b7f64815b5535b97978e5af5433135f197f76d3565f61d7512812e 655c59d4bab7f2a0e80bf0ee4e5ab705862065fa947d24623312e344333e74b3
CLIENT_TRAFFIC_SECRET_0 50c5f28a94b7f64815b5535b97978e5af5433135f197f76d3565f61d7512812e 6f1eead26c5a2ced512431ccb1512bab294ea3e1571db76528d2b282a6a244e3
SERVER_TRAFFIC_SECRET_0 50c5f28a94b7f64815b5535b97978e5af5433135f197f76d3565f61d7512812e 5d34f9be0b6d8fefdd5c24e6cedc11d7b7e7ab7c8460f79cea57d4a202cc80e6
CLIENT_HANDSHAKE_TRAFFIC_SECRET ebad1d5fa2ead28d4c5fc3106a998c3ce8cfc566ffcac52f18e774355d6f9c87 fdc08cd6e97bf1e84ea18797a65d9bdbf85f818ffa7e2737ca96ff2ffc9b575a
SERVER_HANDSHAKE_TRAFFIC_SECRET ebad1d5fa2ead28d4c5fc3106a998c3ce8cfc566ffcac52f18e774355d6f9c87 cda58338f2412c6781d318276b3a4e17970a3d5d740d00cc4065d830d7088abd
CLIENT_TRAFFIC_SECRET_0 ebad1d5fa2ead28d4c5fc3106a998c3ce8cfc566ffcac52f18e774355d6f9c87 84ffaac7d8295ced3a598b99ebee45f9f5b3a2be0e41b7884fa9170859a98e3f
SERVER_TRAFFIC_SECRET_0 ebad1d5fa2ead28d4c5fc3106a998c3ce8cfc566ffcac52f18e774355d6f9c87 8d0a19e3adbe01dae19682fabb029c7632b150b99c5039ab7530b9ae2b640ac3
CLIENT_HANDSHAKE_TRAFFIC_SECRET bb494a8367d91149a640b04665bc1a7aae6c37a2525e20b0af88032310a3523a 39b9719220600b4f42c15b0bb2f9e5f6f6ff679aae8301cedba1ab01aff01bee
SERVER_HANDSHAKE_TRAFFIC_SECRET bb494a8367d91149a640b04665bc1a7aae6c37a2525e20b0af88032310a3523a d65ef49174718aa549b0ec349cb86ba32638f932180292e9ed1fa6ec97dce866
CLIENT_TRAFFIC_SECRET_0 bb494a8367d91149a640b04665bc1a7aae6c37a2525e20b0af88032310a3523a 0b195bb33a6094b5fb97f0efb33d3bba963f40b49d49104643209b2b795e3c96
SERVER_TRAFFIC_SECRET_0 bb494a8367d91149a640b04665bc1a7aae6c37a2525e20b0af88032310a3523a 9b7e20d5c8f207e119b5baf762e9b0f93bf150693958ade58c1ab923fda4557e
CLIENT_HANDSHAKE_TRAFFIC_SECRET b9f8b2cab51cba5b3b927a6a5d471593ec844777bf9acb81578ed4f260534d91 c57a4c43e271a96b57816982041bdc3678cc68b77b07e03f9bfe39df51d993a3
SERVER_HANDSHAKE_TRAFFIC_SECRET b9f8b2cab51cba5b3b927a6a5d471593ec844777bf9acb81578ed4f260534d91 dc0dfce284fb55d045361412daf88e57388547a11050c4d9bdbfb28adb73bc3a
CLIENT_TRAFFIC_SECRET_0 b9f8b2cab51cba5b3b927a6a5d471593ec844777bf9acb81578ed4f260534d91 9b7d8a45056d3139d4af3d753dc6b51d5b99d72d2ccfad28355a6f40b964a6a4
SERVER_TRAFFIC_SECRET_0 b9f8b2cab51cba5b3b927a6a5d471593ec844777bf9acb81578ed4f260534d91 3d482a419667d551284308aa7158a7344fe3a9acc3aee0ee939ee297fb7739f7
CLIENT_HANDSHAKE_TRAFFIC_SECRET bae15169d8ea08cb5d1398663886e402563c4e85da4a81280aad9abc8119668b 47df4a6af863d92f1f3cfcd2fbfb3381f595f693a12d234f152c91c5a1e712ac
SERVER_HANDSHAKE_TRAFFIC_SECRET bae15169d8ea08cb5d1398663886e402563c4e85da4a81280aad9abc8119668b e002c82ac5f688608930cc75d49ce41ba68445f64eb53d98c37f179a1fe814d0
CLIENT_TRAFFIC_SECRET_0 bae15169d8ea08cb5d1398663886e402563c4e85da4a81280aad9abc8119668b 8842d966eca0efa5f0b3e368999459c6933dab44ddc9feee28496648d7810bbd
SERVER_TRAFFIC_SECRET_0 bae15169d8ea08cb5d1398663886e402563c4e85da4a81280aad9abc8119668b 4069fff7fba94b7ec9c9402ce9d5dbe919c49b1d5af26e0b74d3ae8c9994d101
CLIENT_HANDSHAKE_TRAFFIC_SECRET 94d15e85a58e98663b54b9f862368b6161119b0a58dbb978c65074d96a6ec65a ab794f726af7bd524b5da5a8a1e5fa604143b06bc1fb3cd6ac66c04a501a9cc2
SERVER_HANDSHAKE_TRAFFIC_SECRET 94d15e85a58e98663b54b9f862368b6161119b0a58dbb978c65074d96a6ec65a deebcb13fbc63bd4c9951764358ce16feca1ae3b27c02ac41a0baccb019a8392
CLIENT_TRAFFIC_SECRET_0 94d15e85a58e98663b54b9f862368b6161119b0a58dbb978c65074d96a6ec65a 79c1c94c11946ed8f1895db05462975fb63884cc8369c2202f2385c1b9354e42
SERVER_TRAFFIC_SECRET_0 94d15e85a58e98663b54b9f862368b6161119b0a58dbb978c65074d96a6ec65a 4b8f1ecdce83cc70a6a22e5dc8c14bd8f5131ea92047a0bc3f610764e4816abf
